time,seconds_elapsed,z,y,x
1788957422478848500,0.0408486328125,-0.46617621183395386,0.7884983420372009,0.9727155566215515
1788957422488898600,0.050898681640625,-0.5420121550559998,0.7165599465370178,0.8459440469741821
1788957422498948600,0.060948486328125,-0.5912558436393738,0.4819900691509247,0.7709020376205444
1788957422508999700,0.070999755859375,-0.5781536102294922,0.1505596786737442,0.7418938279151917
1788957422519049700,0.0810498046875,-0.47643497586250305,-0.1344270557165146,0.7696908116340637
1788957422529099500,0.091099609375,-0.28657904267311096,-0.39738330245018005,0.8794229030609131
1788957422539149600,0.101149658203125,-0.02455035038292408,-0.28117334842681885,0.9892676472663879
1788957422549200600,0.11120068359375,0.20608259737491608,0.1870708167552948,1.089524745941162
1788957422559250700,0.121250732421875,0.3247658312320709,0.7707270979881287,1.151403546333313
1788957422569300700,0.13130078125,0.3398928642272949,1.340501308441162,1.3540406227111816
1788957422579350500,0.1413505859375,0.4880557060241699,1.4668978452682495,1.6459107398986816
1788957422589401600,0.151401611328125,0.7229915261268616,1.5053563117980957,2.0041439533233643
1788957422599451600,0.16145166015625,1.0048726797103882,1.5151830911636353,2.3778693675994873
1788957422609501700,0.171501708984375,1.3149006366729736,1.306892991065979,2.690047264099121
1788957422619551700,0.1815517578125,1.5866814851760864,1.0561007261276245,2.835176944732666
1788957422629602600,0.1916025390625,1.7080117464065552,1.2086268663406372,2.52276349067688
1788957422639652600,0.201652587890625,1.6527047157287598,1.5217195749282837,1.7513490915298462
1788957422649702700,0.21170263671875,1.6150809526443481,1.5873452425003052,0.9124333262443542
1788957422659752700,0.221752685546875,1.6704459190368652,1.2935519218444824,0.14745895564556122
1788957422669803500,0.231803466796875,1.840808629989624,0.5590752959251404,-0.6505932211875916
1788957422679853300,0.241853271484375,1.9662882089614868,0.009170861914753914,-1.3200641870498657
1788957422689903600,0.251903564453125,2.0685389041900635,-0.4268501102924347,-1.9759446382522583
1788957422699953700,0.26195361328125,2.141467332839966,-0.8750728964805603,-2.568638324737549
1788957422710004500,0.27200439453125,2.0645594596862793,-1.3129546642303467,-3.055285930633545
1788957422720054500,0.282054443359375,1.6306191682815552,-1.6105064153671265,-3.410665273666382
1788957422730104300,0.292104248046875,0.7085755467414856,-1.528275728225708,-3.595323324203491
1788957422740154600,0.302154541015625,-0.6109033226966858,-0.83488929271698,-3.5429575443267822
1788957422750205400,0.312205322265625,-1.7805184125900269,0.19166263937950134,-3.345870018005371
1788957422760255500,0.32225537109375,-2.379343271255493,1.219007134437561,-2.9605040550231934
1788957422770305500,0.332305419921875,-2.432629108428955,2.308213710784912,-2.28926157951355
1788957422780355300,0.342355224609375,-2.148707389831543,3.564121723175049,-1.3797658681869507
1788957422790406400,0.352406494140625,-1.822292685508728,4.573051452636719,-0.3237631618976593
1788957422800456400,0.36245654296875,-1.5985877513885498,4.938185691833496,0.8808666467666626
1788957422810506500,0.372506591796875,-1.4416548013687134,4.514397621154785,2.204101324081421
1788957422820556500,0.382556640625,-1.2614696025848389,3.3542909622192383,3.5083765983581543
1788957422830607600,0.392607666015625,-1.1849894523620605,2.193728446960449,4.403792858123779
1788957422840657400,0.402657470703125,-1.2993264198303223,1.2658874988555908,4.740724086761475
1788957422850707500,0.41270751953125,-1.5587241649627686,0.697483241558075,4.5826592445373535
1788957422860757500,0.422757568359375,-1.8813389539718628,0.4388367533683777,3.9626047611236572
1788957422870808600,0.43280859375,-2.3067147731781006,0.3336717188358307,3.0072667598724365
1788957422880858600,0.442858642578125,-2.874911069869995,0.05290369316935539,1.8927911520004272
1788957422890908400,0.452908447265625,-3.5547428131103516,-0.4702782928943634,0.9231895804405212
1788957422900958500,0.46295849609375,-3.952735662460327,-0.5030397176742554,-0.11121067404747009
1788957422911009500,0.473009521484375,-4.007105827331543,-0.5628383159637451,-0.9983160495758057
1788957422921059600,0.4830595703125,-3.6543149948120117,-0.47632792592048645,-1.7355296611785889
1788957422931109600,0.493109619140625,-3.0302321910858154,-0.9202619791030884,-2.2723398208618164
1788957422941159400,0.503159423828125,-2.304898738861084,-1.8131858110427856,-2.6673102378845215
1788957422951210500,0.51321044921875,-1.7169684171676636,-2.8268120288848877,-2.899691104888916
1788957422961260500,0.523260498046875,-1.4409656524658203,-3.6493148803710938,-2.9082419872283936
1788957422971310600,0.533310546875,-1.4365042448043823,-4.109419822692871,-2.7324025630950928
1788957422981360600,0.543360595703125,-1.5336968898773193,-4.032848834991455,-2.435669422149658
1788957422991411500,0.553411376953125,-1.749815583229065,-3.2590208053588867,-1.8022575378417969
1788957423001461500,0.56346142578125,-1.9465763568878174,0.2460651695728302,0.056162603199481964
1788957423011511600,0.573511474609375,-0.8611443042755127,5.196568489074707,2.3818793296813965
1788957423021561600,0.5835615234375,1.0628933906555176,4.33807373046875,2.865694284439087
1788957423031612700,0.59361279296875,1.9697998762130737,2.7936525344848633,1.1793107986450195
1788957423041662500,0.603662353515625,1.8580888509750366,1.5988348722457886,-0.5384264588356018
1788957423051712500,0.61371240234375,1.3196316957473755,0.7291356921195984,-1.1282169818878174
1788957423061762600,0.623762451171875,0.8669241666793823,0.8887200355529785,-1.0859545469284058
1788957423071812600,0.6338125,0.6607992649078369,0.9635798931121826,-0.783108115196228
1788957423081863700,0.64386376953125,0.6359508633613586,1.2132424116134644,-0.3656908869743347
1788957423091913500,0.65391357421875,0.2922382652759552,1.4745419025421143,0.31836360692977905
1788957423101963500,0.663963623046875,-0.29393547773361206,1.8298577070236206,1.454240083694458
1788957423112014600,0.6740146484375,-0.7927029132843018,2.147716522216797,3.094409227371216
1788957423122064600,0.684064697265625,-1.245009422302246,2.3401761054992676,4.789724826812744
1788957423132114700,0.69411474609375,-1.3477458953857422,2.3815932273864746,6.171646595001221
1788957423142164500,0.70416455078125,-1.33376145362854,2.224705457687378,6.926817893981934
1788957423152215600,0.714215576171875,-1.3486460447311401,1.9855210781097412,6.978059768676758
1788957423162265600,0.724265625,-1.288361668586731,2.0978543758392334,6.367733001708984
1788957423172315600,0.734315673828125,-1.3805930614471436,2.283203601837158,5.352408409118652
1788957423182365700,0.74436572265625,-1.370078444480896,2.4733352661132812,4.4491286277771
1788957423192416800,0.754416748046875,-1.4530305862426758,2.44100022315979,3.7263593673706055
1788957423202466600,0.764466552734375,-1.6056009531021118,2.343143939971924,3.069596767425537
1788957423212516600,0.7745166015625,-2.2334251403808594,2.085435628890991,2.5911595821380615
1788957423222566700,0.784566650390625,-2.8204293251037598,2.0002875328063965,2.306391716003418
1788957423232616700,0.79461669921875,-3.5334794521331787,1.3133368492126465,2.156095266342163
1788957423242667000,0.8046669921875,-3.980464458465576,0.5650148987770081,2.106764554977417
1788957423252717000,0.814717041015625,-3.8464934825897217,-0.12144946306943893,2.1072487831115723
1788957423262767000,0.82476708984375,-3.2805018424987793,-0.32567769289016724,1.8897788524627686
1788957423272818200,0.834818115234375,-2.926973819732666,0.2951863706111908,1.4361090660095215
1788957423282868200,0.8448681640625,-2.8854970932006836,1.1325289011001587,1.1017974615097046
1788957423292918000,0.85491796875,-2.785381555557251,1.088565707206726,0.9092718958854675
1788957423302968000,0.864968017578125,-2.5988266468048096,0.7926571369171143,0.5525550842285156
1788957423313019100,0.87501904296875,-2.2049508094787598,0.6726306080818176,0.3892521560192108
1788957423323069200,0.885069091796875,-1.65754234790802,0.440532922744751,0.47710877656936646
1788957423333119200,0.895119140625,-0.9158815741539001,0.48156583309173584,0.7270309925079346
1788957423343169000,0.9051689453125,-0.2877074182033539,0.939872682094574,0.8846291303634644
1788957423353219000,0.915218994140625,-0.008943960070610046,1.5273936986923218,0.6594447493553162
1788957423363270100,0.925270263671875,-0.03045297972857952,1.8293468952178955,0.12862002849578857
1788957423373320200,0.9353203125,-0.04350433498620987,1.5554125308990479,-0.7582496404647827
1788957423383370200,0.945370361328125,-0.09596674144268036,1.0428121089935303,-1.80726158618927
1788957423393421000,0.955421142578125,-0.14132250845432281,0.4384934604167938,-2.4983596801757812
1788957423403471000,0.96547119140625,-0.14025670289993286,0.47461044788360596,-2.7061655521392822
1788957423413521200,0.975521240234375,-0.5596542358398438,0.4924725294113159,-2.822350025177002
1788957423423571200,0.9855712890625,-1.0484100580215454,0.8444846272468567,-2.7917098999023438
1788957423433622000,0.9956220703125,-1.4854925870895386,0.9655681848526001,-2.3982300758361816
1788957423443672000,1.005672119140625,-1.9367316961288452,0.9536635875701904,-1.753545880317688
1788957423453722000,1.01572216796875,-2.3761355876922607,0.9700228571891785,-1.0944316387176514
1788957423463772200,1.025772216796875,-2.652113676071167,0.8870624899864197,-0.8133560419082642
1788957423473823000,1.035822998046875,-2.3807318210601807,0.9643676280975342,-1.040967583656311
1788957423483873000,1.045873046875,-0.7192423343658447,1.033713459968567,-1.4806687831878662
1788957423493923000,1.055923095703125,0.8373234272003174,-0.32201558351516724,-2.139392137527466
1788957423503973000,1.06597314453125,1.068094253540039,-1.2874267101287842,-2.6060941219329834
1788957423514024000,1.07602392578125,0.9873818755149841,-1.6021605730056763,-3.12423038482666
1788957423524074000,1.086073974609375,1.3113937377929688,-0.7671760320663452,-3.538862943649292
1788957423534124000,1.0961240234375,1.5344316959381104,0.3227021396160126,-4.209932327270508
1788957423544174000,1.106174072265625,1.469757080078125,0.8312279582023621,-4.55794095993042
1788957423554224000,1.11622412109375,1.492705225944519,1.3312503099441528,-3.238064765930176
1788957423564275000,1.12627490234375,1.8372665643692017,1.7154967784881592,-1.6578166484832764
1788957423574325000,1.136324951171875,2.249037027359009,1.446096420288086,-0.5900217294692993
1788957423584375000,1.146375,2.471785068511963,0.5104241371154785,-0.1656440943479538
1788957423594426000,1.156426025390625,2.5133931636810303,-0.7681427597999573,-0.1558372676372528
1788957423604476000,1.166475830078125,2.533262014389038,-2.054507255554199,-0.1062886193394661
1788957423614526000,1.17652587890625,2.7530720233917236,-2.638925790786743,0.2437620609998703
1788957423624576000,1.186575927734375,3.0182862281799316,-2.3732597827911377,0.7035275101661682
1788957423634627000,1.196626953125,3.5119388103485107,-1.498382568359375,1.0463104248046875
1788957423644677000,1.206677001953125,4.360596656799316,-0.6601587533950806,1.1428511142730713
1788957423654727000,1.216726806640625,5.103741645812988,0.5627834796905518,1.2548441886901855
1788957423664777000,1.22677685546875,6.056247711181641,2.0228381156921387,1.4553676843643188
1788957423674828000,1.236828125,7.0972113609313965,2.9482007026672363,1.7898184061050415
1788957423684878000,1.246878173828125,7.585685729980469,2.8843631744384766,2.6287059783935547
1788957423694928100,1.25692822265625,7.583917140960693,1.539692759513855,4.209289073944092
1788957423704978000,1.26697802734375,7.0729146003723145,1.3124909400939941,4.467970371246338
1788957423715029000,1.277029052734375,7.041842937469482,0.5398664474487305,3.45426344871521
1788957423725079000,1.2870791015625,7.253485679626465,-0.3594993054866791,2.1917471885681152
1788957423735129000,1.297129150390625,7.517734527587891,-0.2888123691082001,0.87352055311203
1788957423745179000,1.307178955078125,7.467685699462891,-0.11236968636512756,0.23512063920497894
1788957423755230000,1.31722998046875,7.350039958953857,0.3055916130542755,0.1311122179031372
1788957423765280000,1.327280029296875,6.530458927154541,-0.13601508736610413,0.11381658166646957
1788957423775330000,1.337330078125,5.69068717956543,-0.8527649641036987,0.20646661520004272
1788957423785380000,1.347380126953125,4.457993507385254,-0.7442280650138855,0.15244732797145844
1788957423795431200,1.35743115234375,3.8413944244384766,-0.5884445905685425,0.3020173907279968
1788957423805481000,1.36748095703125,3.822089672088623,-0.3521191477775574,0.8432055115699768
1788957423815531000,1.377531005859375,4.196328639984131,-0.5559665560722351,1.3350749015808105
1788957423825581000,1.3875810546875,3.9332103729248047,-1.4569629430770874,1.357461929321289
1788957423835632000,1.397632080078125,2.7515437602996826,-2.5812759399414062,1.1245777606964111
1788957423845682200,1.40768212890625,1.2574543952941895,-3.357847213745117,1.255111575126648
1788957423855732000,1.41773193359375,0.8683449625968933,-4.748513221740723,1.697426438331604
1788957423865782000,1.427781982421875,0.8957411646842957,-5.109912395477295,2.0332388877868652
1788957423875833000,1.4378330078125,1.142959713935852,-2.9744255542755127,2.518507242202759
1788957423885883100,1.447883056640625,1.2253142595291138,-0.6978323459625244,3.4122235774993896
1788957423895933200,1.45793310546875,1.1255847215652466,0.5787331461906433,2.903947353363037
1788957423905983000,1.46798291015625,0.526677131652832,-0.35269787907600403,-2.701946496963501
1788957423916034000,1.478033935546875,0.5393697619438171,-1.1144953966140747,-3.2446420192718506
1788957423926084000,1.488083984375,0.8465408682823181,0.6539596915245056,0.06749249249696732
1788957423936134100,1.498134033203125,0.05914188176393509,2.957832098007202,0.5706472396850586
1788957423946184200,1.50818408203125,0.12422128021717072,1.4906295537948608,0.1838129758834839
1788957423956235300,1.5182353515625,0.10630433261394501,-0.7829073071479797,-0.8501430749893188
1788957423966285000,1.52828515625,-0.10146404057741165,-0.8294995427131653,-1.2639133930206299
1788957423976335000,1.538335205078125,-0.12561865150928497,-0.7416101694107056,-0.7495706677436829
1788957423986385200,1.54838525390625,-0.10095750540494919,-0.3213079869747162,-0.3113562762737274
1788957423996436200,1.558436279296875,-0.15248221158981323,0.04397065192461014,-0.1036587506532669
1788957424006486000,1.568486083984375,-0.2345035821199417,0.21605665981769562,-0.13109703361988068
1788957424016536000,1.5785361328125,-0.24790248274803162,0.273951917886734,-0.1638733595609665
1788957424026586000,1.588586181640625,-0.23691107332706451,-0.3604024052619934,-0.1338464766740799
1788957424036637200,1.59863720703125,-0.3295496702194214,-1.1237053871154785,-0.2353280931711197
1788957424046687200,1.608687255859375,-0.5982668995857239,-1.1699762344360352,-0.42669832706451416
1788957424056737000,1.618737060546875,-0.7727119326591492,-0.732227087020874,-0.48430168628692627
1788957424066787000,1.628787109375,-0.7051637768745422,-0.13756558299064636,-0.3927813768386841
1788957424076838100,1.638838134765625,-0.4874972403049469,0.1672193557024002,-0.25121358036994934
1788957424086888200,1.64888818359375,-0.22055740654468536,0.16628111898899078,-0.12488547712564468
1788957424096938200,1.658938232421875,-0.16482117772102356,-0.24163685739040375,-0.19551730155944824
1788957424106988000,1.668988037109375,-0.19084371626377106,-0.5168636441230774,-0.38799434900283813
1788957424117038800,1.679038818359375,-0.23654383420944214,-0.3781837821006775,-0.4850199520587921
1788957424127089000,1.6890888671875,-0.16300968825817108,-0.28448018431663513,-0.4947817623615265
1788957424137139200,1.69913916015625,-0.057790063321590424,-0.13178572058677673,-0.42778703570365906
1788957424147189200,1.709189208984375,0.010029997676610947,-0.1064785048365593,-0.33847978711128235
1788957424157240000,1.719239990234375,-0.009956493973731995,-0.1765902191400528,-0.17236857116222382
1788957424167289900,1.729289794921875,-0.0881410464644432,-0.02321797050535679,0.10994114726781845
1788957424177340000,1.73933984375,-0.14029692113399506,1.2031338214874268,0.47261229157447815
1788957424187390200,1.74939013671875,-0.364883691072464,3.179595470428467,0.6906764507293701
1788957424197441000,1.75944091796875,-0.3226659297943115,1.8753048181533813,0.48677897453308105
1788957424207491000,1.769490966796875,-0.09318932890892029,-0.6235131025314331,0.052544966340065
1788957424217540900,1.779540771484375,0.03633243963122368,-1.619804859161377,-0.2873731851577759
1788957424227591000,1.7895908203125,0.011885154992341995,-1.2123245000839233,-0.478156179189682
1788957424237642000,1.79964208984375,0.010044378228485584,-0.6695056557655334,-0.5181233286857605
1788957424247692000,1.809692138671875,-0.047215450555086136,-0.5559817552566528,-0.46777865290641785
1788957424257742000,1.8197421875,0.008374842815101147,-0.5806924104690552,-0.2723604142665863
1788957424267792100,1.829792236328125,0.1113094836473465,-0.5285730361938477,-0.0964873880147934
1788957424277843200,1.83984326171875,0.1665373146533966,-0.5961821675300598,-0.028114458546042442
1788957424287893200,1.849893310546875,0.103950634598732,-0.7702152132987976,-0.05600281432271004
1788957424297943000,1.859943115234375,-0.008549545891582966,-0.7719904780387878,-0.05420438200235367
1788957424307993000,1.8699931640625,-0.17827333509922028,-0.6175750494003296,-0.025006815791130066
1788957424318044200,1.880044189453125,-0.3223053514957428,-0.5765453577041626,-0.01477495115250349
1788957424328094200,1.89009423828125,-0.26501569151878357,-0.39041009545326233,-0.005826730281114578
1788957424338144300,1.900144287109375,-0.12704209983348846,-0.3127579092979431,-0.08422992378473282
1788957424348194000,1.910194091796875,0.06789223104715347,-0.32653072476387024,-0.1951495260000229
1788957424358245000,1.9202451171875,0.09384127706289291,-0.4647168219089508,-0.23521411418914795
1788957424368295200,1.930295166015625,0.10048799216747284,-0.6714364290237427,-0.3472413122653961
1788957424378345200,1.94034521484375,-0.04322203993797302,-0.5669947266578674,-0.3562185764312744
1788957424388395300,1.950395263671875,-0.3821846544742584,-0.2783980667591095,-0.20425832271575928
1788957424398446300,1.9604462890625,-0.5922926068305969,-0.2363574057817459,-0.03409858047962189
1788957424408496000,1.97049609375,-0.5310729146003723,-0.529370129108429,0.12456616014242172
1788957424418546200,1.980546142578125,-0.2960393726825714,-0.8514608144760132,0.18231122195720673
1788957424428596200,1.99059619140625,-0.06278881430625916,-0.936503529548645,0.19495537877082825
1788957424438647300,2.000647216796875,-0.028900889679789543,-1.005096673965454,0.19180458784103394
1788957424448697300,2.010697265625,-0.025079254060983658,-1.0831414461135864,0.20686262845993042
1788957424458747100,2.0207470703125,0.032406941056251526,-1.5846301317214966,-0.393017053604126
1788957424468798200,2.030798095703125,0.06839024275541306,-1.77306067943573,-0.28330761194229126
1788957424478848300,2.04084814453125,-0.0963723435997963,-1.3225737810134888,-0.4356750547885895
1788957424488898300,2.050898193359375,-0.378479927778244,-0.5086973309516907,-0.9972243905067444
1788957424498948400,2.0609482421875,-0.7232407927513123,0.5829710364341736,-1.5126912593841553
1788957424508999200,2.070999267578125,-1.0309150218963623,0.7832761406898499,-1.1255027055740356
1788957424519049200,2.08104931640625,-1.1878401041030884,0.8678815960884094,-0.2283540815114975
1788957424529099300,2.091099365234375,-1.2700138092041016,1.324607014656067,0.19561903178691864
1788957424539149300,2.1011494140625,-1.3230475187301636,1.6141488552093506,0.02841140143573284
1788957424549200400,2.111200439453125,-1.397812008857727,1.4585320949554443,-0.4078593850135803
1788957424559250200,2.121250244140625,-1.4521609544754028,0.9759734272956848,-0.7892264723777771
1788957424569300200,2.13130029296875,-1.3218014240264893,0.35777756571769714,-0.8828392028808594
1788957424579350300,2.141350341796875,-0.9211477041244507,-0.41923242807388306,-0.7291093468666077
1788957424589401300,2.1514013671875,-0.37769615650177,-1.0290675163269043,-0.5124310851097107
1788957424599451400,2.161451416015625,-0.016415990889072418,-1.370932698249817,-0.36170947551727295
1788957424609501200,2.171501220703125,0.04168619215488434,-1.347965121269226,-0.16316495835781097
1788957424619551200,2.18155126953125,-0.03169534355401993,-1.037956953048706,0.1502121388912201
1788957424629602300,2.191602294921875,-0.06187615171074867,-0.9483476877212524,0.47171586751937866
1788957424639652400,2.20165234375,-0.08564645797014236,-1.2426050901412964,0.6230763792991638
1788957424649702400,2.211702392578125,-0.1279555708169937,-1.5416165590286255,0.516901433467865
1788957424659752200,2.221752197265625,-0.23166385293006897,-1.6533180475234985,0.2882123589515686
1788957424669803300,2.23180322265625,-0.438218355178833,-1.5274195671081543,0.11781425029039383
1788957424679853300,2.241853271484375,-0.5696501731872559,-1.293599009513855,0.06172328442335129
1788957424689903400,2.2519033203125,-0.5869916081428528,-1.0491418838500977,0.03466476872563362
1788957424699953400,2.261953369140625,-0.4984353482723236,-0.9295798540115356,-0.028148546814918518
1788957424710004200,2.272004150390625,-0.33405280113220215,-0.593935489654541,-0.10931344330310822
1788957424720054300,2.28205419921875,-0.18285450339317322,-0.035711124539375305,-0.14095179736614227
1788957424730104300,2.292104248046875,0.002242914168164134,0.20417630672454834,-0.19699935615062714
1788957424740154400,2.302154296875,0.20569004118442535,0.019595539197325706,-0.2793903648853302
1788957424750205200,2.312205078125,0.223836287856102,-0.26050934195518494,-0.2970939874649048
1788957424760255200,2.322255126953125,0.13229838013648987,-0.2637357711791992,-0.27104267477989197
1788957424770305300,2.33230517578125,-0.004000866785645485,-0.0847788006067276,-0.2655419111251831
1788957424780355300,2.342355224609375,-0.09028195589780807,0.08912774175405502,-0.28242263197898865
1788957424790406100,2.35240625,-0.11793302744626999,0.16182778775691986,-0.30488693714141846
1788957424800456200,2.362456298828125,-0.11848563700914383,0.24539750814437866,-0.3408111035823822
1788957424810506000,2.372506103515625,-0.1509716659784317,0.2954106032848358,-0.4006296992301941
1788957424820556300,2.382556396484375,-0.18087977170944214,0.34113869071006775,-0.41956236958503723
1788957424830607000,2.392607177734375,-0.21134980022907257,0.4135202169418335,-0.34591880440711975
1788957424840657200,2.4026572265625,-0.21285341680049896,0.4423521161079407,-0.19182083010673523
1788957424850707200,2.412707275390625,-0.20103085041046143,0.4483652710914612,-0.007536213379353285
1788957424860757000,2.422757080078125,-0.17102953791618347,0.5280185341835022,0.1697022169828415
1788957424870808000,2.43280810546875,-0.11867444962263107,0.6541133522987366,0.3218592703342438
1788957424880858000,2.442858154296875,-0.08035502582788467,0.7417612075805664,0.4215472340583801
1788957424890908200,2.452908203125,-0.0430380143225193,0.6800522804260254,0.42354726791381836
1788957424900959200,2.462959228515625,0.0318886898458004,0.5585111975669861,0.3377988040447235
1788957424911009300,2.47300927734375,0.10743751376867294,0.46100249886512756,0.17398057878017426
1788957424921059000,2.48305908203125,0.16511279344558716,0.4009079933166504,0.024758609011769295
1788957424931109000,2.493109130859375,0.1830260157585144,0.37006300687789917,-0.049788862466812134
1788957424941160200,2.50316015625,0.17692923545837402,0.35783058404922485,-0.09108916670084
1788957424951210200,2.513210205078125,0.12805411219596863,0.3379516899585724,-0.07387741655111313
1788957424961260300,2.52326025390625,0.0963132232427597,0.31376218795776367,-0.016681775450706482
1788957424971310000,2.53331005859375,0.0898585170507431,0.27298998832702637,0.05910087004303932
1788957424981361200,2.543361083984375,0.10260094702243805,0.2799951732158661,0.12233683466911316
1788957424991411200,2.5534111328125,0.14864300191402435,0.31678062677383423,0.17022685706615448
1788957425001461200,2.563461181640625,0.2108757495880127,0.31544557213783264,0.1774357706308365
1788957425011511300,2.57351123046875,0.2684623599052429,0.3322538435459137,0.1783745288848877
1788957425021562400,2.583562255859375,0.3303067982196808,0.3891032934188843,0.21595174074172974
1788957425031612200,2.593612060546875,0.39450711011886597,0.4324938952922821,0.269016295671463
1788957425041662200,2.603662109375,0.493137001991272,0.42448684573173523,0.3023039400577545
1788957425051712300,2.613712158203125,0.6009737253189087,0.4037264287471771,0.29797524213790894
1788957425061763300,2.623763427734375,0.6849895119667053,0.37060976028442383,0.27280089259147644
1788957425071813000,2.633813232421875,0.7653163075447083,0.37214186787605286,0.26568999886512756
1788957425081863200,2.64386328125,0.8069644570350647,0.38214895129203796,0.2970673739910126
1788957425091913200,2.653913330078125,0.8510499000549316,0.37625911831855774,0.2825597822666168
1788957425101964300,2.66396435546875,0.8570520877838135,0.34100180864334106,0.20504076778888702
1788957425112014300,2.674014404296875,0.8363678455352783,0.27851417660713196,0.08830216526985168
1788957425122064100,2.684064208984375,0.81187504529953,0.22039015591144562,-0.06574652343988419
1788957425132114200,2.6941142578125,0.8137328624725342,0.20471665263175964,-0.252916157245636
1788957425142165200,2.704165283203125,0.8378999829292297,0.17762352526187897,-0.4319668412208557
1788957425152215300,2.71421533203125,0.8309866786003113,0.12163588404655457,-0.5435450673103333
1788957425162265300,2.724265380859375,0.7717318534851074,0.0754723846912384,-0.5826764702796936
1788957425172315100,2.734315185546875,0.662744402885437,0.11730238795280457,-0.6156770586967468
1788957425182366200,2.7443662109375,0.5318098068237305,0.21370349824428558,-0.6810842752456665
1788957425192416300,2.754416259765625,0.4118506610393524,0.2886784076690674,-0.7378591299057007
1788957425202466300,2.76446630859375,0.29879230260849,0.31276777386665344,-0.7387832403182983
1788957425212516400,2.774516357421875,0.22886887192726135,0.3801763653755188,-0.6097450852394104
1788957425222567400,2.7845673828125,0.22904276847839355,0.4441886246204376,-0.33921775221824646
1788957425232617200,2.7946171875,0.23251713812351227,0.5201547741889954,-0.05608910322189331
1788957425242666500,2.80466650390625,0.18119508028030396,0.6435419321060181,0.16774985194206238
1788957425252716500,2.814716552734375,0.14549115300178528,0.7202298045158386,0.34897610545158386
1788957425262767600,2.824767578125,0.11171374469995499,0.6923938989639282,0.3977106213569641
1788957425272817700,2.834817626953125,0.07346782833337784,0.5951456427574158,0.3120407164096832
1788957425282867700,2.84486767578125,0.05903642252087593,0.39840516448020935,0.19586510956287384
1788957425292918500,2.85491845703125,0.07540340721607208,0.18019001185894012,0.12088274210691452
1788957425302968600,2.864968505859375,0.07321615517139435,0.06187455356121063,0.059727512300014496
1788957425313018600,2.8750185546875,0.03906324505805969,-0.003995540551841259,0.004160123877227306
1788957425323068700,2.885068603515625,-0.05549708008766174,-0.0731346607208252,-0.05510133504867554
1788957425333119700,2.89511962890625,-0.15922586619853973,-0.10981118679046631,-0.11299286782741547
1788957425343169500,2.90516943359375,-0.2665320932865143,-0.06746666133403778,-0.20980170369148254
1788957425353219600,2.915219482421875,-0.3647659718990326,-0.024216655641794205,-0.3187321722507477
1788957425363269600,2.92526953125,-0.43924421072006226,-0.03885845094919205,-0.40918776392936707
1788957425373320700,2.93532080078125,-0.47953730821609497,-0.04794488847255707,-0.4874005615711212
1788957425383370800,2.945370849609375,-0.4784057140350342,-0.02069356106221676,-0.5206456184387207
1788957425393420500,2.955420654296875,-0.44569331407546997,-0.022358035668730736,-0.5042258501052856
1788957425403470600,2.965470703125,-0.40653181076049805,-0.041845716536045074,-0.4408610165119171
1788957425413521400,2.975521484375,-0.376615971326828,-0.07772595435380936,-0.3095133900642395
1788957425423571700,2.98557177734375,-0.33025968074798584,-0.12981659173965454,-0.14376595616340637
1788957425433621800,2.995621826171875,-0.2967666983604431,-0.18504734337329865,0.018023209646344185
1788957425443671600,3.005671630859375,-0.2771245539188385,-0.2250424325466156,0.18194183707237244
1788957425453722400,3.015722412109375,-0.2604725956916809,-0.2582443356513977,0.3300436735153198
1788957425463772400,3.0257724609375,-0.2678050696849823,-0.3044818639755249,0.403064101934433
1788957425473822700,3.03582275390625,-0.2698277533054352,-0.3490749001502991,0.43407633900642395
1788957425483872800,3.045872802734375,-0.22300192713737488,-0.38480493426322937,0.45304736495018005
1788957425493923600,3.055923583984375,-0.1728825569152832,-0.46530643105506897,0.45273685455322266
1788957425503973400,3.065973388671875,-0.1743752658367157,-0.48999208211898804,0.4914211332798004
1788957425514023400,3.0760234375,-0.16278278827667236,-0.47882145643234253,0.6817460656166077
1788957425524073700,3.08607373046875,-0.15032584965229034,-0.4145207405090332,0.8625773787498474
1788957425534124500,3.09612451171875,-0.20925015211105347,-0.3269328474998474,0.8749522566795349
1788957425544174600,3.106174560546875,-0.2393297702074051,-0.2765919268131256,0.8302305936813354
1788957425554224400,3.116224365234375,-0.151884064078331,-0.27603158354759216,0.7721894383430481
1788957425564274400,3.1262744140625,-0.014882010407745838,-0.32082727551460266,0.6723917126655579
1788957425574325500,3.136325439453125,0.09418988227844238,-0.41214627027511597,0.534534215927124
1788957425584375600,3.14637548828125,0.10606464743614197,-0.49364006519317627,0.32971158623695374
1788957425594425300,3.15642529296875,0.02839941717684269,-0.5306596159934998,0.12703411281108856
1788957425604475400,3.166475341796875,-0.06185058504343033,-0.532364547252655,-0.006386792752891779
1788957425614526500,3.1765263671875,-0.10098360478878021,-0.501650333404541,-0.03543096035718918
1788957425624576500,3.186576416015625,-0.08631624281406403,-0.404971182346344,0.026491528376936913
1788957425634626600,3.19662646484375,-0.07095193862915039,-0.2609778046607971,0.15606071054935455
1788957425644677600,3.206677734375,-0.06391266733407974,-0.10229974240064621,0.3107389509677887
1788957425654727400,3.2167275390625,-0.04448597505688667,0.020847491919994354,0.4646800756454468
1788957425664777500,3.226777587890625,-0.018040252849459648,0.12642692029476166,0.5814157128334045
1788957425674827500,3.23682763671875,-0.0205761156976223,0.14960813522338867,0.5956642031669617
1788957425684878600,3.246878662109375,0.0109855392947793,0.1460360288619995,0.6273685693740845
1788957425694928600,3.2569287109375,0.056104280054569244,0.09661895036697388,0.6802770495414734
1788957425704978400,3.266978515625,0.07544335722923279,0.04396878927946091,0.7369970679283142
1788957425715028500,3.277028564453125,0.05010711029171944,-0.027300596237182617,0.8253287672996521
1788957425725079600,3.28707958984375,0.00920122116804123,-0.051411524415016174,0.9398931860923767
1788957425735129600,3.297129638671875,-0.053885601460933685,-0.02948332391679287,1.009506344795227
1788957425745179600,3.3071796875,-0.12828846275806427,0.006848584860563278,0.9970430135726929
1788957425755229400,3.3172294921875,-0.1993626356124878,0.03428260609507561,0.9485812187194824
1788957425765280500,3.327280517578125,-0.23459812998771667,0.030762173235416412,0.9081627130508423
1788957425775330600,3.33733056640625,-0.22404694557189941,0.024815866723656654,0.8316609859466553
1788957425785380600,3.347380615234375,-0.20790712535381317,0.04932919889688492,0.6643202304840088
1788957425795430700,3.3574306640625,-0.19097527861595154,0.03759025037288666,0.4615039825439453
1788957425805481700,3.367481689453125,-0.1713927835226059,-0.03787148371338844,0.3094412088394165
1788957425815531500,3.377531494140625,-0.14826031029224396,-0.05073508247733116,0.21204806864261627
1788957425825581600,3.38758154296875,-0.14054618775844574,-0.005255215801298618,0.13860075175762177
1788957425835631600,3.397631591796875,-0.13892699778079987,-0.028717931360006332,0.03494147211313248
1788957425845682700,3.4076826171875,-0.14192837476730347,0.019725235179066658,-0.06569459289312363
1788957425855732500,3.417732421875,-0.13745160400867462,-0.037279460579156876,-0.10084778070449829
1788957425865782500,3.427782470703125,-0.1085355281829834,-0.09565675258636475,-0.08381234109401703
1788957425875832600,3.43783251953125,-0.08778870850801468,-0.10414265096187592,-0.008411860093474388
1788957425885883600,3.447883544921875,-0.10314343124628067,-0.06904671341180801,0.06767118722200394
1788957425895933700,3.45793359375,-0.1432652771472931,-0.038176413625478745,0.09627354145050049
1788957425905983500,3.4679833984375,-0.1648765653371811,0.004849882796406746,0.06937214732170105
1788957425916033500,3.478033447265625,-0.14569887518882751,0.05734478309750557,0.01369264256209135
1788957425926084600,3.488084716796875,-0.11071319878101349,0.09750685095787048,-0.015147527679800987
1788957425936134700,3.498134765625,-0.08340780436992645,0.14317579567432404,-0.005005411338061094
1788957425946184700,3.508184814453125,-0.05275269225239754,0.20977719128131866,0.025920281186699867
1788957425956235500,3.518235595703125,-0.02117133140563965,0.2844522297382355,0.007131945341825485
1788957425966285600,3.52828564453125,0.016206134110689163,0.2566421627998352,-0.07210348546504974
1788957425976335600,3.538335693359375,0.06685119867324829,0.15342630445957184,-0.1600344032049179
1788957425986385700,3.5483857421875,0.14815591275691986,0.03260641172528267,-0.19686086475849152
1788957425996436500,3.5584365234375,0.2253311276435852,0.02226855419576168,-0.18135806918144226
1788957426006486500,3.568486572265625,0.25851091742515564,0.11473537236452103,-0.14612232148647308
1788957426016536600,3.57853662109375,0.24950623512268066,0.2089042067527771,-0.12606339156627655
1788957426026586600,3.588586669921875,0.21389737725257874,0.2505491375923157,-0.14693325757980347
1788957426036637400,3.598637451171875,0.1389126181602478,0.2674524784088135,-0.1975327879190445
1788957426046687500,3.6086875,0.04331311956048012,0.2929282784461975,-0.2402631938457489
1788957426056737500,3.618737548828125,-0.038952991366386414,0.32085445523262024,-0.2674540877342224
1788957426066787600,3.62878759765625,-0.11086020618677139,0.32015112042427063,-0.29218870401382446
1788957426076838400,3.63883837890625,-0.18856565654277802,0.27401238679885864,-0.30603528022766113
1788957426086888400,3.648888427734375,-0.27343714237213135,0.20511560142040253,-0.3159283995628357
1788957426096938500,3.6589384765625,-0.34079328179359436,0.11663393676280975,-0.3120098114013672
1788957426106988500,3.668988525390625,-0.40248724818229675,0.021859759464859962,-0.2779994010925293
1788957426117039400,3.679039306640625,-0.4416050910949707,0.0178770013153553,-0.2290171980857849
1788957426127089400,3.68908935546875,-0.4543174207210541,0.07143663614988327,-0.14971280097961426
1788957426137139500,3.699139404296875,-0.43575066328048706,0.12169340997934341,-0.03377607464790344
1788957426147189500,3.709189453125,-0.36345091462135315,0.15199752151966095,0.09266974776983261
1788957426157240600,3.719240478515625,-0.26871562004089355,0.1787620186805725,0.1762131154537201
1788957426167290400,3.729290283203125,-0.21431255340576172,0.21153222024440765,0.19695380330085754
1788957426177340400,3.73934033203125,-0.15870308876037598,0.19342033565044403,0.16894960403442383
1788957426187390500,3.749390380859375,-0.08266372233629227,0.10771874338388443,0.13244032859802246
1788957426197441500,3.759441650390625,0.031321704387664795,-0.04934118315577507,0.0872877687215805
1788957426207491600,3.76949169921875,0.17007772624492645,-0.21483400464057922,-0.02552187070250511
1788957426217541400,3.779541259765625,0.261208176612854,-0.3325454592704773,-0.15659014880657196
1788957426227591400,3.78959130859375,0.3312687277793884,-0.4145955741405487,-0.1993759572505951
1788957426237642500,3.799642578125,0.4044891595840454,-0.43225687742233276,-0.1561909317970276
1788957426247692800,3.80969287109375,0.4274629056453705,-0.33239471912384033,-0.10308030992746353
1788957426257742800,3.819742919921875,0.4166068136692047,-0.1625974327325821,-0.08067087829113007
1788957426267794000,3.8297939453125,0.39878201484680176,-0.027644410729408264,-0.07402682304382324
1788957426277844000,3.839843994140625,0.39706987142562866,0.02263154275715351,-0.08368850499391556
1788957426287893800,3.849893798828125,0.38153696060180664,0.016219716519117355,-0.13494662940502167
1788957426297943800,3.85994384765625,0.3337060809135437,-0.0038717035204172134,-0.1730668544769287
1788957426307995000,3.869994873046875,0.2781466543674469,-0.0208288487046957,-0.15659679472446442
1788957426318045000,3.880044921875,0.24857066571712494,-0.013636982999742031,-0.08138593286275864
1788957426328095000,3.890094970703125,0.23449186980724335,0.008790295571088791,0.011008442379534245
1788957426338144800,3.900144775390625,0.20608605444431305,0.034618962556123734,0.08332657814025879
1788957426348195800,3.91019580078125,0.22109855711460114,0.061586134135723114,0.12858088314533234
1788957426358246000,3.920245849609375,0.22024208307266235,0.0586681067943573,0.13423609733581543
1788957426368296000,3.9302958984375,0.2365717887878418,0.04724367707967758,0.0936596468091011
1788957426378345700,3.940345703125,0.25820305943489075,0.02052658051252365,0.07122597843408585
1788957426388396800,3.950396728515625,0.24479590356349945,-0.004057059530168772,0.0622793547809124
1788957426398446800,3.96044677734375,0.2360985428094864,-0.01124919205904007,0.03375130519270897
1788957426408497000,3.970496826171875,0.24093031883239746,-0.046417299658060074,-0.040521327406167984
1788957426418547000,3.980546875,0.238332137465477,-0.11754394322633743,-0.15482020378112793
1788957426428598000,3.990597900390625,0.2514612674713135,-0.20146706700325012,-0.23340024054050446
1788957426438647800,4.000647705078125,0.30944040417671204,-0.2729708254337311,-0.23873400688171387
1788957426448697900,4.01069775390625,0.3639689087867737,-0.2975344657897949,-0.20935402810573578
1788957426458748000,4.020747802734375,0.38293805718421936,-0.270552396774292,-0.17442719638347626
1788957426468799000,4.030799072265625,0.3627561032772064,-0.21688197553157806,-0.16415511071681976
1788957426478849000,4.04084912109375,0.340602844953537,-0.16644197702407837,-0.2325914353132248
1788957426488898800,4.05089892578125,0.2989637851715088,-0.13375486433506012,-0.3869871199131012
1788957426498948900,4.060948974609375,0.2505744397640228,-0.08861402422189713,-0.5658178925514221
1788957426509000000,4.071,0.2266128957271576,-0.046422626823186874,-0.6382835507392883
1788957426519050000,4.081050048828125,0.25857269763946533,-0.06836920231580734,-0.613797128200531
1788957426529100000,4.09110009765625,0.2646723985671997,-0.08925478160381317,-0.6121755242347717
1788957426539149800,4.10114990234375,0.20329825580120087,-0.054013967514038086,-0.640182614326477
1788957426549201000,4.111200927734375,0.10016229003667831,-0.008139153011143208,-0.6578066349029541
1788957426559251000,4.1212509765625,-0.019177954643964767,-0.01296533364802599,-0.6894053220748901
1788957426569301000,4.131301025390625,-0.11654259264469147,-0.07764845341444016,-0.7653224468231201
1788957426579351000,4.14135107421875,-0.17649993300437927,-0.149155393242836,-0.8803765773773193
1788957426589401900,4.15140185546875,-0.20434355735778809,-0.22287249565124512,-0.9877262115478516
1788957426599452000,4.161451904296875,-0.20984484255313873,-0.31219545006752014,-1.0885941982269287
1788957426609502000,4.171501953125,-0.2070826143026352,-0.39916282892227173,-1.1533674001693726
1788957426619552000,4.181552001953125,-0.21092768013477325,-0.47110307216644287,-1.1798911094665527
1788957426629602800,4.191602783203125,-0.24475409090518951,-0.5711636543273926,-1.140844464302063
1788957426639652600,4.201652587890625,-0.2886959910392761,-0.626136064529419,-1.034780502319336
1788957426649703000,4.211702880859375,-0.31920889019966125,-0.5979531407356262,-0.8693220615386963
1788957426659753700,4.221753662109375,-0.3089786171913147,-0.5219532251358032,-0.6660211682319641
1788957426669803800,4.2318037109375,-0.2607053518295288,-0.4374319314956665,-0.4284459054470062
1788957426679853800,4.241853759765625,-0.21910838782787323,-0.31858569383621216,-0.12866316735744476
1788957426689903600,4.251903564453125,-0.16760018467903137,-0.12614648044109344,0.1924954056739807
1788957426699954700,4.26195458984375,-0.12197677046060562,0.0924774706363678,0.45857158303260803
1788957426710004700,4.272004638671875,-0.0650266706943512,0.24868544936180115,0.5951789617538452
1788957426720054800,4.2820546875,0.006883206311613321,0.30763477087020874,0.5454167127609253
1788957426730104800,4.292104736328125,0.06707597523927689,0.27662548422813416,0.3349990248680115
1788957426740156000,4.302156005859375,0.1514853984117508,0.2160385549068451,0.17636597156524658
1788957426750205700,4.312205810546875,0.2686559557914734,0.1219267025589943,0.08600278943777084
1788957426760255700,4.322255859375,0.32200974225997925,0.017282584682106972,-0.003695135936141014
1788957426770305800,4.332305908203125,0.27772510051727295,-0.018794460222125053,0.0021899172570556402
1788957426780356900,4.34235693359375,0.18646734952926636,-0.011159444227814674,0.07767908275127411
1788957426790407000,4.352406982421875,0.06058957800269127,0.0676107332110405,0.102634496986866
1788957426800456700,4.362456787109375,-0.08057287335395813,0.16124828159809113,0.07007735222578049
1788957426810506800,4.3725068359375,-0.1786794662475586,0.21735522150993347,0.013367736712098122
1788957426820557800,4.382557861328125,-0.2161453515291214,0.2160758376121521,-0.020384101197123528
1788957426830608000,4.39260791015625,-0.2205459624528885,0.13852645456790924,-0.011803129687905312
1788957426840658000,4.402657958984375,-0.1976555585861206,-0.003793406533077359,0.04560903087258339
1788957426850707700,4.412707763671875,-0.14136885106563568,-0.12588202953338623,0.1379123330116272
1788957426860758800,4.4227587890625,-0.09953031688928604,-0.19475243985652924,0.25477102398872375
1788957426870808800,4.432808837890625,-0.0669310986995697,-0.285307377576828,0.35577860474586487
1788957426880859000,4.44285888671875,-0.04345346614718437,-0.37430328130722046,0.44256678223609924
1788957426890909000,4.452908935546875,-0.018791263923048973,-0.44310712814331055,0.5083830952644348
1788957426900959700,4.462959716796875,0.006643521599471569,-0.4809945821762085,0.492240846157074
1788957426911009800,4.473009765625,0.0007643272401764989,-0.5062775611877441,0.3774887025356293
1788957426921059800,4.483059814453125,-0.025971146300435066,-0.5562635064125061,0.2326233983039856
1788957426931111000,4.49311083984375,-0.06287190318107605,-0.6149092316627502,0.11996182054281235
1788957426941161000,4.503160888671875,-0.1225149929523468,-0.5892699360847473,0.05121871083974838
1788957426951210800,4.513210693359375,-0.2028990536928177,-0.4897119104862213,0.09184523671865463
1788957426961260800,4.5232607421875,-0.31205642223358154,-0.3774554133415222,0.2467202991247177
1788957426971311900,4.533311767578125,-0.391924113035202,-0.2489887773990631,0.40988391637802124
1788957426981362000,4.54336181640625,-0.42874762415885925,-0.1385197937488556,0.5211396217346191
1788957426991412000,4.553411865234375,-0.43225395679473877,-0.04765806719660759,0.5433905720710754
1788957427001461800,4.563461669921875,-0.4292059540748596,-0.01762985996901989,0.4937378168106079
1788957427011512800,4.573512939453125,-0.40719571709632874,-0.04972361400723457,0.424212783575058
1788957427021563000,4.58356298828125,-0.40006670355796814,-0.10682418197393417,0.3841428756713867
1788957427031613000,4.593613037109375,-0.40871453285217285,-0.15342363715171814,0.3560158908367157
1788957427041663000,4.6036630859375,-0.4234143793582916,-0.14740516245365143,0.2988649904727936
1788957427051714000,4.613714111328125,-0.46286484599113464,-0.17666904628276825,0.24899864196777344
1788957427061763800,4.623763916015625,-0.49362942576408386,-0.19918979704380035,0.24315619468688965
1788957427071814000,4.63381396484375,-0.5172553658485413,-0.17426474392414093,0.2743500769138336
1788957427081864000,4.643864013671875,-0.5330545902252197,-0.11163518577814102,0.3366493880748749
1788957427091915000,4.6539150390625,-0.5101191997528076,-0.028966937214136124,0.4001234471797943
1788957427101965000,4.663965087890625,-0.43284597992897034,0.021286379545927048,0.4435899555683136
1788957427112014800,4.674014892578125,-0.30599188804626465,0.027483023703098297,0.4477359652519226
1788957427122065000,4.68406494140625,-0.17749249935150146,0.0353982038795948,0.3946085572242737
1788957427132116000,4.694115966796875,-0.08962762355804443,0.07085153460502625,0.31869035959243774
1788957427142166000,4.704166015625,-0.048660214990377426,0.13405980169773102,0.2684474289417267
1788957427152216000,4.714216064453125,-0.04295465722680092,0.20255737006664276,0.19773678481578827
1788957427162265900,4.724265869140625,-0.044745367020368576,0.21724629402160645,0.11378835141658783
1788957427172316700,4.734316650390625,-0.046541936695575714,0.1629742681980133,0.03796122968196869
1788957427182366700,4.74436669921875,-0.06301677972078323,0.12144387513399124,-0.007229949813336134
1788957427192417000,4.7544169921875,-0.08142934739589691,0.10241185873746872,-0.029932865872979164
1788957427202467000,4.764467041015625,-0.08722145110368729,0.09833109378814697,-0.061469219624996185
1788957427212517600,4.774517578125,-0.05667872726917267,0.11562593281269073,-0.11254359036684036
1788957427222567700,4.784567626953125,-0.00475374236702919,0.18317195773124695,-0.15016846358776093
1788957427232617700,4.79461767578125,0.07167072594165802,0.2985110580921173,-0.12706394493579865
1788957427242668000,4.80466796875,0.14156538248062134,0.4244210422039032,-0.04616829380393028
1788957427252719000,4.814718994140625,0.19603635370731354,0.5411109328269958,0.028014324605464935
1788957427262769200,4.82476904296875,0.20965415239334106,0.6259192824363708,0.0520368367433548
1788957427272819200,4.834819091796875,0.20814308524131775,0.6386241316795349,0.06572228670120239
1788957427282870300,4.844870361328125,0.22918231785297394,0.627923846244812,0.09492997080087662
1788957427292920000,4.854920166015625,0.27747902274131775,0.6202433109283447,0.11908164620399475
1788957427302970000,4.86497021484375,0.3146444857120514,0.5951136946678162,0.11023862659931183
1788957427313020200,4.875020263671875,0.3464373052120209,0.5483837723731995,0.06473558396100998
1788957427323071200,4.8850712890625,0.3638133704662323,0.5309999585151672,0.03692632541060448
1788957427333121300,4.895121337890625,0.33561769127845764,0.5568174719810486,0.060751497745513916
1788957427343171000,4.905171142578125,0.2693406641483307,0.6329990029335022,0.09499042481184006
1788957427353221000,4.91522119140625,0.18120494484901428,0.6874918341636658,0.07508169859647751
1788957427363272200,4.925272216796875,0.13476607203483582,0.6831154823303223,0.03248763456940651
1788957427373322200,4.935322265625,0.14181971549987793,0.6342592239379883,0.013814348727464676
1788957427383372300,4.945372314453125,0.16003280878067017,0.5839579701423645,-0.02744467370212078
1788957427393422000,4.955422119140625,0.17641524970531464,0.5574342608451843,-0.13669553399085999
1788957427403473200,4.96547314453125,0.12605006992816925,0.5025997757911682,-0.2418523132801056
1788957427413523200,4.975523193359375,0.14559873938560486,0.43909189105033875,-0.2676311731338501
1788957427423573200,4.9855732421875,0.16921699047088623,0.383078932762146,-0.2497911900281906
1788957427433623300,4.995623291015625,0.21650247275829315,0.3197958469390869,-0.23011629283428192
1788957427443674400,5.00567431640625,0.27470746636390686,0.2539995312690735,-0.21298550069332123
1788957427453724200,5.01572412109375,0.32706013321876526,0.2272549867630005,-0.20234698057174683
1788957427463774200,5.025774169921875,0.35615065693855286,0.23592890799045563,-0.24796798825263977
1788957427473824300,5.03582421875,0.3748955726623535,0.23407082259655,-0.2965549826622009
1788957427483875300,5.045875244140625,0.4420977830886841,0.2014111429452896,-0.28355422616004944
1788957427493925400,5.05592529296875,0.5270960330963135,0.19425496459007263,-0.22782623767852783
1788957427503975200,5.06597509765625,0.5865162014961243,0.22226502001285553,-0.1622898429632187
1788957427514025200,5.076025146484375,0.580842912197113,0.2522338330745697,-0.13403183221817017
1788957427524076300,5.086076171875,0.5105961561203003,0.24547207355499268,-0.14102423191070557
1788957427534126300,5.096126220703125,0.4641921818256378,0.19949473440647125,-0.1722380816936493
1788957427544176400,5.10617626953125,0.44703128933906555,0.08479584753513336,-0.20915108919143677
1788957427554226200,5.11622607421875,0.4602445662021637,-0.030957650393247604,-0.26547083258628845
1788957427564277200,5.12627734375,0.4663147032260895,-0.12040284276008606,-0.33843156695365906
1788957427574327300,5.136327392578125,0.4379115700721741,-0.18320231139659882,-0.4145641624927521
1788957427584377300,5.14637744140625,0.33636122941970825,-0.24730832874774933,-0.4890085756778717
1788957427594427100,5.15642724609375,0.1766946166753769,-0.2695736885070801,-0.5550307035446167
1788957427604478200,5.166478271484375,-0.0019177423091605306,-0.2944689095020294,-0.5827526450157166
1788957427614528300,5.1765283203125,-0.11692901700735092,-0.305629700422287,-0.5474185943603516
1788957427624578300,5.186578369140625,-0.12610013782978058,-0.28623709082603455,-0.45827221870422363
1788957427634629400,5.19662939453125,-0.10594987124204636,-0.1905507743358612,-0.37094584107398987
1788957427644679400,5.206679443359375,-0.11053769290447235,-0.1347106695175171,-0.3008301556110382
1788957427654729200,5.216729248046875,-0.08854185044765472,-0.06393983215093613,-0.22826433181762695
1788957427664779300,5.226779296875,-0.00024234765442088246,-0.01321034412831068,-0.1291734278202057
1788957427674830000,5.236830078125,0.122648686170578,-0.057674214243888855,-0.05886251851916313
1788957427684880400,5.24688037109375,0.20522744953632355,-0.10854751616716385,-0.07820691913366318
1788957427694930400,5.256930419921875,0.24517354369163513,-0.14019624888896942,-0.06253581494092941
1788957427704980200,5.266980224609375,0.26344361901283264,-0.13525688648223877,-0.015165637247264385
1788957427715031000,5.277031005859375,0.25851383805274963,-0.1461108773946762,0.03766695037484169
1788957427725081000,5.2870810546875,0.26718562841415405,-0.17756599187850952,0.11334147304296494
1788957427735131100,5.297131103515625,0.26553288102149963,-0.21208083629608154,0.14149534702301025
1788957427745181400,5.307181396484375,0.21031782031059265,-0.19797086715698242,0.0973888710141182
1788957427755232300,5.317232177734375,0.11452364921569824,-0.1708202064037323,0.05319610983133316
1788957427765282000,5.327281982421875,0.029585056006908417,-0.15615923702716827,0.025287246331572533
1788957427775332000,5.33733203125,-0.01642504520714283,-0.10218922048807144,0.0003938815207220614
1788957427785382100,5.347382080078125,-0.037396106868982315,-0.019749470055103302,-0.0570819266140461
1788957427795433200,5.35743310546875,-0.04760932922363281,0.0636141300201416,-0.11042850464582443
1788957427805483300,5.367483154296875,-0.052862681448459625,0.10547928512096405,-0.15825700759887695
1788957427815533000,5.377532958984375,-0.06065269559621811,0.14429539442062378,-0.20090274512767792
1788957427825583000,5.3875830078125,-0.05531598627567291,0.15066887438297272,-0.20721469819545746
1788957427835634200,5.39763427734375,-0.03471244126558304,0.13024935126304626,-0.17189666628837585
1788957427845684200,5.407684326171875,-0.013462811708450317,0.08176117390394211,-0.0956607460975647
1788957427855734000,5.417734130859375,-0.03020956739783287,0.05956479161977768,-0.04536028951406479
1788957427865784000,5.4277841796875,-0.06882433593273163,0.09410572797060013,-0.014993064105510712
1788957427875835100,5.437835205078125,-0.08309754729270935,0.1289750337600708,0.01050617080181837
1788957427885885200,5.44788525390625,-0.06440562009811401,0.1256095916032791,0.031801871955394745
1788957427895935200,5.457935302734375,-0.028366927057504654,0.09687621146440506,0.08802653104066849
1788957427905985000,5.467985107421875,-0.010090717114508152,0.06333956122398376,0.1540268510580063
1788957427916036000,5.4780361328125,-0.051179565489292145,0.08154705911874771,0.21100038290023804
1788957427926086100,5.488086181640625,-0.11288447678089142,0.1522878110408783,0.22368688881397247
1788957427936136200,5.49813623046875,-0.15924398601055145,0.18397755920886993,0.20314885675907135
1788957427946186200,5.508186279296875,-0.1538470834493637,0.1395304650068283,0.1912250816822052
1788957427956237300,5.5182373046875,-0.08169806003570557,0.09098103642463684,0.22747842967510223
1788957427966287000,5.528287109375,-0.032103341072797775,0.07106272131204605,0.2878831923007965
1788957427976337200,5.538337158203125,-0.07426517456769943,0.10660367459058762,0.3009566366672516
1788957427986388200,5.54838818359375,-0.16377562284469604,0.1715853363275528,0.28503334522247314
1788957427996438300,5.558438232421875,-0.21153753995895386,0.21407100558280945,0.2661808133125305
1788957428006488300,5.56848828125,-0.18149442970752716,0.15679600834846497,0.2761700749397278
1788957428016538000,5.5785380859375,-0.12078234553337097,0.038180939853191376,0.2786500155925751
1788957428026588200,5.588588134765625,-0.10025576502084732,-0.08256492018699646,0.2541063129901886
1788957428036639200,5.59863916015625,-0.1370004564523697,-0.18194210529327393,0.24062299728393555
1788957428046689300,5.608689208984375,-0.21678690612316132,-0.22477185726165771,0.27350878715515137
1788957428056739300,5.6187392578125,-0.2889742851257324,-0.20799793303012848,0.353000670671463
1788957428066790100,5.6287900390625,-0.33662542700767517,-0.17078664898872375,0.420207679271698
1788957428076840200,5.638840087890625,-0.36183249950408936,-0.12290754914283752,0.447066992521286
1788957428086890200,5.64889013671875,-0.36098989844322205,-0.06890369951725006,0.439895361661911
1788957428096940300,5.658940185546875,-0.3567695617675781,-0.050806719809770584,0.4201323091983795
1788957428106991400,5.668991455078125,-0.359991192817688,-0.03780490159988403,0.40881332755088806
1788957428117041200,5.679041259765625,-0.3874252140522003,-0.019775835797190666,0.4015306532382965
1788957428127091200,5.68909130859375,-0.430033415555954,-0.030951524153351784,0.37753263115882874
1788957428137141200,5.699141357421875,-0.4740743637084961,-0.061882276087999344,0.3469691276550293
1788957428147192300,5.7091923828125,-0.5390909314155579,-0.09180156141519547,0.341312050819397
1788957428157242400,5.719242431640625,-0.5330609679222107,-0.057795923203229904,0.34151366353034973
1788957428167292200,5.729292236328125,-0.5095359683036804,-0.03549594059586525,0.3708893954753876
1788957428177342200,5.73934228515625,-0.5121719241142273,-0.03952743485569954,0.3743909001350403
1788957428187393300,5.749393310546875,-0.559118926525116,-0.040764741599559784,0.2969275414943695
1788957428197443300,5.759443359375,-0.606044352054596,-0.005074120592325926,0.17677263915538788
1788957428207493400,5.769493408203125,-0.628672182559967,-0.018814699724316597,0.09979237616062164
1788957428217543200,5.779543212890625,-0.5471757650375366,-0.10429205000400543,0.09006144851446152
1788957428227594200,5.78959423828125,-0.37725967168807983,-0.21462441980838776,0.1140647828578949
1788957428237644300,5.799644287109375,-0.2601783275604248,-0.29480502009391785,0.13884922862052917
1788957428247694300,5.8096943359375,-0.21999281644821167,-0.3361298143863678,0.16793040931224823
1788957428257744400,5.819744384765625,-0.20527832210063934,-0.28103113174438477,0.19378864765167236
1788957428267795200,5.829795166015625,-0.1839703619480133,-0.16960714757442474,0.17363516986370087
1788957428277845500,5.839845458984375,-0.11573965102434158,-0.08272098004817963,0.14841903746128082
1788957428287895300,5.849895263671875,-0.03507649526000023,-0.04488837718963623,0.12469266355037689
1788957428297945300,5.8599453125,0.003304982790723443,-0.0252225324511528,0.05793680250644684
1788957428307996200,5.86999609375,-0.012142150662839413,0.03669915720820427,-0.04685725271701813
1788957428318046200,5.880046142578125,-0.03195633366703987,0.1043170839548111,-0.11710718274116516
1788957428328096500,5.890096435546875,-0.03521178290247917,0.13488511741161346,-0.1255427449941635
1788957428338146300,5.900146240234375,-0.019205918535590172,0.1207921952009201,-0.14237472414970398
1788957428348197000,5.910197021484375,0.013001818209886551,0.06688608974218369,-0.19285626709461212
1788957428358247200,5.9202470703125,0.047498542815446854,0.0139608234167099,-0.2348732352256775
1788957428368297200,5.930297119140625,0.06602002680301666,0.0251570176333189,-0.24198493361473083
1788957428378347500,5.940347412109375,0.05172444507479668,0.08930990844964981,-0.19374071061611176
1788957428388398300,5.9503984375,0.01607457362115383,0.17171423137187958,-0.14207005500793457
1788957428398448000,5.9604482421875,-0.011856659315526485,0.24217748641967773,-0.08308742940425873
1788957428408498200,5.970498291015625,-0.020364128053188324,0.24151568114757538,-0.011975702829658985
1788957428418549200,5.98054931640625,0.025048095732927322,0.20212247967720032,0.061406370252370834
1788957428428599300,5.990599365234375,0.1194068193435669,0.14531297981739044,0.1438397318124771
1788957428438649300,6.0006494140625,0.2404347062110901,0.15606842935085297,0.31160131096839905
1788957428448699100,6.01069921875,0.3699705898761749,0.1987013816833496,0.5108696818351746
1788957428458750200,6.020750244140625,0.46501508355140686,0.29311656951904297,0.6192930936813354
1788957428468800300,6.03080029296875,0.48230618238449097,0.36994636058807373,0.5871884226799011
1788957428478850300,6.040850341796875,0.4503469169139862,0.43380096554756165,0.4199589192867279
1788957428488900400,6.050900390625,0.3978770673274994,0.50980144739151,0.18066538870334625
1788957428498951200,6.060951171875,0.34915345907211304,0.5493350028991699,-0.02503477968275547
1788957428509001200,6.071001220703125,0.33551356196403503,0.5060732960700989,-0.11305331438779831
1788957428519051300,6.08105126953125,0.37493473291397095,0.3792296051979065,-0.11186474561691284
1788957428529101300,6.091101318359375,0.4400396943092346,0.2343408614397049,-0.07669797539710999
1788957428539152400,6.10115234375,0.4844875931739807,0.13106293976306915,-0.024155670776963234
1788957428549202200,6.1112021484375,0.4877643287181854,0.11959883570671082,0.08010788261890411
1788957428559252200,6.121252197265625,0.4760059416294098,0.22386504709720612,0.25971147418022156
1788957428569302300,6.13130224609375,0.4943218529224396,0.4107404053211212,0.5112521052360535
1788957428579353300,6.141353271484375,0.5463690757751465,0.5704496502876282,0.7147793769836426
1788957428589403400,6.1514033203125,0.5661659240722656,0.6256971955299377,0.7597907781600952
1788957428599453200,6.161453125,0.5791016817092896,0.5903477072715759,0.6333950161933899
1788957428609503200,6.171503173828125,0.6405823826789856,0.5096856355667114,0.4763955771923065
1788957428619554300,6.18155419921875,0.7754771113395691,0.3287792205810547,0.40047791600227356
1788957428629604400,6.191604248046875,0.8277978301048279,0.1203618273139,0.3830088973045349
1788957428639654400,6.201654296875,0.8312292695045471,-0.09499522298574448,0.4193671643733978
1788957428649704200,6.2117041015625,0.7610792517662048,-0.29774966835975647,0.41924598813056946
1788957428659755300,6.22175537109375,0.5714547038078308,-0.3628985583782196,0.2585165202617645
1788957428669805300,6.231805419921875,0.347434937953949,-0.3795803487300873,0.05633171647787094
1788957428679855400,6.24185546875,0.1896655410528183,-0.42230677604675293,-0.08036914467811584
1788957428689905400,6.251905517578125,0.16100220382213593,-0.48135918378829956,-0.2567811906337738
1788957428699956500,6.26195654296875,0.17891381680965424,-0.5773746371269226,-0.5090781450271606
1788957428710006300,6.27200634765625,0.1769542694091797,-0.6968232989311218,-0.7426618933677673
1788957428720056300,6.282056396484375,0.15289047360420227,-0.775492787361145,-0.857542097568512
1788957428730106400,6.2921064453125,0.10392399877309799,-0.7912182211875916,-0.8079338073730469
1788957428740157400,6.302157470703125,0.09007316827774048,-0.7708327770233154,-0.6662781834602356
1788957428750207500,6.31220751953125,0.08961856365203857,-0.6985213160514832,-0.5161824226379395
1788957428760257300,6.32225732421875,0.03496038168668747,-0.583095908164978,-0.39636147022247314
1788957428770307300,6.332307373046875,-0.045513421297073364,-0.5085817575454712,-0.27602121233940125
1788957428780358400,6.3423583984375,-0.11314040422439575,-0.4626472592353821,-0.17399603128433228
1788957428790408400,6.352408447265625,-0.1650049388408661,-0.40870386362075806,-0.11100215464830399
1788957428800458200,6.362458251953125,-0.19125358760356903,-0.36511459946632385,-0.1102045327425003
1788957428810508300,6.37250830078125,-0.17210784554481506,-0.3319214880466461,-0.13496793806552887
1788957428820559400,6.382559326171875,-0.11545389145612717,-0.2937173843383789,-0.08147647976875305
1788957428830609400,6.392609375,-0.058284346014261246,-0.2444845736026764,0.015563779510557652
1788957428840659500,6.402659423828125,-0.03863527625799179,-0.20073843002319336,0.11793755739927292
1788957428850709200,6.412709228515625,-0.037521541118621826,-0.11354786902666092,0.21582284569740295
1788957428860760300,6.42276025390625,-0.06095096841454506,-0.03717000409960747,0.2283945530653
1788957428870810400,6.432810302734375,-0.10671339929103851,0.0012343751732259989,0.10531231015920639
1788957428880860400,6.4428603515625,-0.12110378593206406,-0.021694909781217575,-0.07383933663368225
1788957428890911200,6.4529111328125,-0.10817387700080872,-0.11704060435295105,-0.2426944077014923
1788957428900961300,6.462961181640625,-0.09663146734237671,-0.23584474623203278,-0.34630894660949707
1788957428911011300,6.47301123046875,-0.0954279825091362,-0.3280753493309021,-0.3773355782032013
1788957428921061400,6.483061279296875,-0.10044191777706146,-0.31981420516967773,-0.3644927442073822
1788957428931112200,6.4931123046875,-0.1398116946220398,-0.237938791513443,-0.35723909735679626
1788957428941162200,6.503162353515625,-0.20455233752727509,-0.13080701231956482,-0.35746118426322937
1788957428951212300,6.51321240234375,-0.25592711567878723,-0.017964087426662445,-0.35596317052841187
1788957428961262300,6.523262451171875,-0.2343275547027588,0.08000055700540543,-0.36363786458969116
1788957428971313200,6.533313232421875,-0.16692426800727844,0.13542307913303375,-0.35404330492019653
1788957428981363200,6.54336328125,-0.08474870771169662,0.15877526998519897,-0.25192996859550476
1788957428991413200,6.553413330078125,0.008038751780986786,0.18627852201461792,-0.05687073990702629
1788957429001463300,6.56346337890625,0.06363756209611893,0.2555614709854126,0.13738635182380676
1788957429011514000,6.57351416015625,0.033843450248241425,0.3342379033565521,0.2520146667957306
1788957429021564200,6.583564208984375,-0.04300685599446297,0.3763611316680908,0.29784339666366577
1788957429031614200,6.5936142578125,-0.09244763851165771,0.3877703547477722,0.2882999777793884
1788957429041664300,6.603664306640625,-0.07689078897237778,0.3582513630390167,0.2876608073711395
1788957429051715300,6.61371533203125,-0.02570483088493347,0.2724650800228119,0.3376568555831909
1788957429061765000,6.62376513671875,0.0038029940333217382,0.21647025644779205,0.46074870228767395
1788957429071815200,6.633815185546875,-0.05793999880552292,0.24387125670909882,0.6025623083114624
1788957429081865200,6.643865234375,-0.1892426311969757,0.30594688653945923,0.6520483493804932
1788957429091916300,6.653916259765625,-0.3305952250957489,0.3723301589488983,0.5565308928489685
1788957429101966300,6.66396630859375,-0.4080817699432373,0.38084161281585693,0.42704692482948303
1788957429112016100,6.67401611328125,-0.3940280079841614,0.2802082300186157,0.3687780201435089
1788957429122066200,6.684066162109375,-0.3731594681739807,0.11103810369968414,0.33042824268341064
1788957429132117200,6.6941171875,-0.4042886197566986,-0.016152869910001755,0.30343523621559143
1788957429142167300,6.704167236328125,-0.5518866181373596,-0.08083253353834152,0.292260080575943
1788957429152217300,6.71421728515625,-0.8123594522476196,-0.07800425589084625,0.30271831154823303
1788957429162267100,6.72426708984375,-0.9762415885925293,-0.03575453534722328,0.3371809720993042
1788957429172318200,6.734318115234375,-1.0636476278305054,-0.03531591221690178,0.3795238733291626
1788957429182368300,6.7443681640625,-1.0379390716552734,-0.04024036228656769,0.4170907139778137
1788957429192418300,6.754418212890625,-0.9022549986839294,0.010804710909724236,0.39212995767593384
1788957429202468400,6.76446826171875,-0.7204045057296753,0.07904715090990067,0.3143443465232849
1788957429212519400,6.77451953125,-0.4956691265106201,0.1395469754934311,0.22381284832954407
1788957429222569200,6.7845693359375,-0.27861538529396057,0.15573686361312866,0.05764758214354515
1788957429232619300,6.794619384765625,-0.09486179798841476,0.1941649466753006,-0.1592293381690979
1788957429242669300,6.80466943359375,0.027185548096895218,0.2987385094165802,-0.3101695775985718
1788957429252720000,6.81472021484375,0.08570851385593414,0.41368186473846436,-0.3906894624233246
1788957429262770200,6.824770263671875,0.10488380491733551,0.5582947134971619,-0.39085084199905396
1788957429272820000,6.834820068359375,0.1452336311340332,0.6707195043563843,-0.26949697732925415
1788957429282870000,6.8448701171875,0.15691106021404266,0.760699450969696,-0.10847880691289902
1788957429292921000,6.854921142578125,0.10668011009693146,0.7598230242729187,-0.0038573225028812885
1788957429302971100,6.86497119140625,0.04176289215683937,0.6437550187110901,0.0348525233566761
1788957429313021200,6.875021240234375,-0.00033156355493701994,0.48244014382362366,-0.011723235249519348
1788957429323071000,6.885071044921875,0.027066238224506378,0.3852424919605255,-0.07813741266727448
1788957429333122000,6.8951220703125,0.07485559582710266,0.3536970913410187,-0.06310413777828217
1788957429343172000,6.905172119140625,0.10418632626533508,0.3473009765148163,-0.015962721779942513
1788957429353222100,6.91522216796875,0.12860271334648132,0.34513741731643677,-0.010903513990342617
1788957429363272200,6.925272216796875,0.15329474210739136,0.2947179079055786,0.019093533977866173
1788957429373323300,6.9353232421875,0.15833744406700134,0.2770792841911316,0.1404455304145813
1788957429383373000,6.945373046875,0.11474335938692093,0.3079240024089813,0.2770819365978241
1788957429393423000,6.955423095703125,0.031799476593732834,0.3456961512565613,0.3449978828430176
1788957429403473200,6.96547314453125,-0.025497104972600937,0.3326927423477173,0.27648699283599854
1788957429413524200,6.975524169921875,-0.020058130845427513,0.2799842357635498,0.11709466576576233
1788957429423574300,6.98557421875,0.023607058450579643,0.1948174238204956,-0.04888045787811279
1788957429433624000,6.9956240234375,0.07644763588905334,0.1700124740600586,-0.17653881013393402
1788957429443674000,7.005674072265625,0.08994746953248978,0.20536699891090393,-0.2091393768787384
1788957429453725200,7.01572509765625,0.04433311149477959,0.26616963744163513,-0.20000046491622925
1788957429463775200,7.025775146484375,-0.007155381143093109,0.34320396184921265,-0.1709997057914734
1788957429473825000,7.035824951171875,-0.04114716872572899,0.38208213448524475,-0.18647560477256775
1788957429483875000,7.045875,-0.057252369821071625,0.4244444966316223,-0.2887345850467682
1788957429493926100,7.055926025390625,-0.08032652735710144,0.4356609284877777,-0.41662517189979553
1788957429503976200,7.06597607421875,-0.11323068290948868,0.36038321256637573,-0.5082523226737976
1788957429514026200,7.076026123046875,-0.1505413055419922,0.2605314552783966,-0.5398674607276917
1788957429524076000,7.086075927734375,-0.18861065804958344,0.15681996941566467,-0.5465530753135681
1788957429534127000,7.096127197265625,-0.1955529898405075,0.06911515444517136,-0.475459486246109
1788957429544177200,7.10617724609375,-0.17381121218204498,0.035111915320158005,-0.32334718108177185
1788957429554227200,7.116227294921875,-0.11301283538341522,0.10996697843074799,-0.05337054654955864
1788957429564277200,7.12627734375,-0.043119240552186966,0.21080917119979858,0.3493422865867615
1788957429574328000,7.136328125,0.004187820944935083,0.3185763955116272,0.8203063607215881
1788957429584378000,7.146378173828125,-0.0590987391769886,0.3818938434123993,1.1553058624267578
1788957429594428200,7.15642822265625,-0.24267388880252838,0.4096274673938751,1.1681325435638428
1788957429604478200,7.166478271484375,-0.32953208684921265,0.5473901033401489,0.8985604047775269
1788957429614529000,7.176529052734375,-0.1485002636909485,0.51838219165802,0.5368669033050537
1788957429624579000,7.1865791015625,0.26408037543296814,0.31252142786979675,0.2088775783777237
1788957429634629000,7.196629150390625,0.6912692785263062,0.035167306661605835,0.03988536447286606
1788957429644680000,7.206679931640625,0.9406529664993286,-0.23420824110507965,0.07916246354579926
1788957429654730000,7.21672998046875,0.9948680400848389,-0.24799089133739471,0.22732582688331604
1788957429664780000,7.226780029296875,0.8913544416427612,-0.1599060446023941,0.2958071529865265
1788957429674830000,7.236830078125,0.761974036693573,-0.12381967902183533,0.290202796459198
1788957429684880100,7.246880126953125,0.6722798347473145,-0.09998279064893723,0.2184590995311737
1788957429694931000,7.256930908203125,0.6062816381454468,-0.05594635754823685,0.09335844218730927
1788957429704981000,7.26698095703125,0.5795491337776184,-0.039147935807704926,0.009402023628354073
1788957429715031000,7.277031005859375,0.5813507437705994,-0.011544004082679749,-0.05915014073252678
1788957429725082000,7.28708203125,0.5704078078269958,0.02123471535742283,-0.1558188945055008
1788957429735132000,7.2971318359375,0.5086403489112854,-0.05591439828276634,-0.21330109238624573
1788957429745182000,7.307181884765625,0.4149300754070282,-0.1849384307861328,-0.1875419318675995
1788957429755232000,7.31723193359375,0.2960263192653656,-0.2614577114582062,-0.12333791702985764
1788957429765283000,7.327282958984375,0.1840342879295349,-0.2988910973072052,-0.023132216185331345
1788957429775333000,7.3373330078125,0.12877315282821655,-0.3566476106643677,0.04695099592208862
1788957429785383000,7.3473828125,0.10862288624048233,-0.33525896072387695,-0.04066194221377373
1788957429795433000,7.357432861328125,0.10294422507286072,-0.3473814129829407,-0.19936157763004303
1788957429805484000,7.367484130859375,0.13220331072807312,-0.4147647023200989,-0.340411901473999
1788957429815534000,7.3775341796875,0.1774754524230957,-0.5116068124771118,-0.3790692985057831
1788957429825584000,7.387584228515625,0.23342899978160858,-0.5917440056800842,-0.34529879689216614
1788957429835634000,7.397634033203125,0.3012104332447052,-0.586161196231842,-0.25997379422187805
1788957429845685000,7.40768505859375,0.3485278785228729,-0.4958062767982483,-0.14436890184879303
1788957429855735000,7.417735107421875,0.3500994145870209,-0.30462461709976196,-0.04652249440550804
1788957429865785000,7.42778515625,0.2923402488231659,-0.081927090883255,0.005102883093059063
1788957429875835100,7.437835205078125,0.200969859957695,0.07871318608522415,0.014713965356349945
1788957429885886200,7.44788623046875,0.16273298859596252,0.17216856777668,-0.005141232628375292
1788957429895936000,7.45793603515625,0.18062223494052887,0.2094203382730484,-0.06584452837705612
1788957429905986000,7.467986083984375,0.21580898761749268,0.18859414756298065,-0.12542849779129028
1788957429916036000,7.4780361328125,0.2512143850326538,0.14851491153240204,-0.10846549272537231
1788957429926087200,7.488087158203125,0.2604808509349823,0.1326483190059662,-0.07559675723314285
1788957429936137200,7.49813720703125,0.19390769302845,0.15721385180950165,-0.09947705268859863
1788957429946187000,7.50818701171875,0.10948628187179565,0.12321300804615021,-0.1014041155576706
1788957429956237000,7.518237060546875,0.05234336480498314,0.03668850660324097,-0.14405064284801483
1788957429966288100,7.5282880859375,-0.0015877765836194158,0.026862772181630135,-0.22870267927646637
1788957429976338200,7.538338134765625,-0.044798895716667175,0.011842810548841953,-0.28364184498786926
1788957429986388200,7.54838818359375,-0.05783826485276222,-0.01635740138590336,-0.32447075843811035
1788957429996438000,7.55843798828125,-0.09053122997283936,0.005543902516365051,-0.35153087973594666
1788957430006489000,7.568489013671875,-0.15229180455207825,0.04110615700483322,-0.30796554684638977
1788957430016539100,7.5785390625,-0.21115991473197937,0.06582774966955185,-0.18614590167999268
1788957430026589200,7.588589111328125,-0.24696610867977142,0.11799907684326172,-0.07666015625
1788957430036639200,7.59863916015625,-0.31234192848205566,0.1709030419588089,-0.09022017568349838
1788957430046690000,7.60868994140625,-0.3908958435058594,0.21904580295085907,-0.16426457464694977
1788957430056740000,7.618739990234375,-0.44926726818084717,0.26201722025871277,-0.21532109379768372
1788957430066790100,7.6287900390625,-0.5090067982673645,0.2859465479850769,-0.25158724188804626
1788957430076840200,7.638840087890625,-0.4496992528438568,0.22388742864131927,-0.27839115262031555
1788957430086891300,7.648891357421875,-0.36238938570022583,0.11839881539344788,-0.2999070882797241
1788957430096941000,7.658941162109375,-0.2926909923553467,0.02636183239519596,-0.28746986389160156
1788957430106991000,7.6689912109375,-0.23586872220039368,-0.03921185061335564,-0.24465422332286835
1788957430117041200,7.679041259765625,-0.19274495542049408,-0.08087034523487091,-0.15006087720394135
1788957430127092200,7.68909228515625,-0.14946165680885315,-0.059542689472436905,-0.02754960209131241
1788957430137142300,7.699142333984375,-0.08111802488565445,0.007701063062995672,0.09818142652511597
1788957430147192000,7.709192138671875,-0.018546519801020622,0.09442530572414398,0.21163448691368103
1788957430157242000,7.7192421875,-0.0030543794855475426,0.19964386522769928,0.35961011052131653
1788957430167293200,7.729293212890625,-0.05927717313170433,0.32284408807754517,0.4991975724697113
1788957430177343200,7.73934326171875,-0.1556532382965088,0.4462275505065918,0.5881173014640808
1788957430187393300,7.749393310546875,-0.22989630699157715,0.5547990202903748,0.5934417843818665
1788957430197443000,7.759443115234375,-0.26486629247665405,0.6128961443901062,0.5164356827735901
1788957430207494100,7.769494140625,-0.27797436714172363,0.5925091505050659,0.42301836609840393
1788957430217544200,7.779544189453125,-0.29380738735198975,0.5168977379798889,0.34264764189720154
1788957430227594200,7.78959423828125,-0.33393242955207825,0.4551595151424408,0.25031450390815735
1788957430237644300,7.799644287109375,-0.398320734500885,0.35444676876068115,0.12395656853914261
1788957430247694800,7.80969482421875,-0.41663265228271484,0.25054433941841125,0.007229150738567114
1788957430257745000,7.819744873046875,-0.4959178864955902,0.09671056270599365,-0.14710450172424316
1788957430267795000,7.829794921875,-0.5792178511619568,-0.08733464032411575,-0.29591235518455505
1788957430277845000,7.839844970703125,-0.6250391006469727,-0.23084279894828796,-0.2778435945510864
1788957430287895800,7.849895751953125,-0.6204731464385986,-0.29230377078056335,-0.07404519617557526
1788957430297945900,7.85994580078125,-0.4113318920135498,-0.2782827615737915,0.15810547769069672
1788957430307996000,7.869995849609375,-0.13509869575500488,-0.27209118008613586,0.3331761062145233
1788957430318046000,7.8800458984375,0.029202893376350403,-0.31604132056236267,0.4206710457801819
1788957430328096800,7.8900966796875,0.08258356153964996,-0.3034498989582062,0.42762163281440735
1788957430338146600,7.900146484375,0.09698140621185303,-0.21825377643108368,0.3043455183506012
1788957430348196900,7.91019677734375,0.0619877353310585,-0.027710989117622375,0.10050397366285324
1788957430358247000,7.920246826171875,0.053409695625305176,0.22737349569797516,-0.12435257434844971
1788957430368297700,7.930297607421875,0.06749382615089417,0.41152018308639526,-0.3655044734477997
1788957430378347800,7.94034765625,0.09569723159074783,0.4252852499485016,-0.6037066578865051
1788957430388397600,7.9503974609375,0.13354554772377014,0.2716221809387207,-0.8269098997116089
1788957430398447900,7.96044775390625,0.12735022604465485,0.089521624147892,-1.015413761138916
1788957430408498700,7.970498779296875,0.07212958484888077,0.054013434797525406,-1.1501199007034302
1788957430418548700,7.980548828125,0.03123088926076889,0.17300693690776825,-1.1655042171478271
1788957430428598800,7.990598876953125,-0.015076154842972755,0.33375027775764465,-1.0686242580413818
1788957430438648600,8.000648681640625,-0.06593693792819977,0.48675981163978577,-0.8868044018745422
1788957430448699600,8.01069970703125,-0.02009008824825287,0.6528443694114685,-0.6322765350341797
1788957430458749700,8.020749755859375,0.0949890986084938,0.7397915124893188,-0.3463837802410126
1788957430468799700,8.0307998046875,0.19564247131347656,0.7738386988639832,-0.005368666257709265
1788957430478849800,8.040849853515626,0.13461560010910034,0.7826982736587524,0.37345242500305176
1788957430488900900,8.05090087890625,0.02063683420419693,0.74163419008255,0.8031531572341919
1788957430498950700,8.06095068359375,-0.06912554055452347,0.6563999652862549,1.2790392637252808
1788957430509000700,8.071000732421876,-0.21226219832897186,0.507323682308197,1.543121576309204
1788957430519050800,8.08105078125,-0.37948155403137207,0.4033716917037964,1.4955321550369263
1788957430529101800,8.091101806640625,-0.5447285771369934,0.385429710149765,1.261366844177246
1788957430539152000,8.10115185546875,-0.6125877499580383,0.36968910694122314,0.8531860113143921
1788957430549201700,8.11120166015625,-0.5754260420799255,0.2049877643585205,0.3342999517917633
1788957430559251700,8.121251708984374,-0.3238355815410614,-0.08968434482812881,-0.120500847697258
1788957430569302800,8.131302734375,-0.04922453686594963,-0.44974690675735474,-0.4930882751941681
1788957430579352800,8.141352783203125,0.22663180530071259,-0.6388188600540161,-0.8613741397857666
1788957430589403000,8.15140283203125,0.628517210483551,-0.5920955538749695,-1.1636223793029785
1788957430599452700,8.16145263671875,0.7454025149345398,-0.310674786567688,-1.334395170211792
1788957430609502700,8.171502685546875,0.6022112965583801,0.07171573489904404,-1.2984710931777954
1788957430619553800,8.1815537109375,0.3669532239437103,0.28041887283325195,-1.0103518962860107
1788957430629603800,8.191603759765625,0.13836106657981873,0.32906123995780945,-0.5855987668037415
1788957430639654000,8.20165380859375,0.15561462938785553,0.3810139298439026,-0.18687693774700165
1788957430649703700,8.21170361328125,0.13573333621025085,0.5013118386268616,0.12219754606485367
1788957430659754800,8.221754638671875,0.10284356027841568,0.5936383008956909,0.30595487356185913
1788957430669804800,8.2318046875,0.12507270276546478,0.6082388162612915,0.36366182565689087
1788957430679854800,8.241854736328126,0.19240300357341766,0.5381628274917603,0.3218717873096466
1788957430689904600,8.251904541015625,0.28304582834243774,0.3967079222202301,0.2611128091812134
1788957430699955700,8.261955810546874,0.37614646553993225,0.2550402879714966,0.22877831757068634
1788957430710005800,8.272005859375,0.40242335200309753,0.13975070416927338,0.2399846315383911
1788957430720055800,8.282055908203125,0.4249345064163208,0.0879966989159584,0.25384506583213806
1788957430730105900,8.29210595703125,0.46005335450172424,0.06012672185897827,0.18193171918392181
1788957430740157000,8.302156982421875,0.4119870364665985,0.03207297995686531,0.04874570295214653
1788957430750206700,8.312206787109375,0.27001363039016724,-0.02913231961429119,-0.051538024097681046
1788957430760256800,8.3222568359375,0.1385088711977005,-0.10793711990118027,-0.10057960450649261
1788957430770306800,8.332306884765625,0.030776288360357285,-0.23420211672782898,-0.12160419672727585
1788957430780358000,8.34235791015625,-0.04132826626300812,-0.385873943567276,-0.20167826116085052
1788957430790408000,8.352407958984376,-0.114139623939991,-0.460710346698761,-0.31795719265937805
1788957430800457700,8.362457763671875,-0.14443974196910858,-0.5048783421516418,-0.3311009705066681
1788957430810507800,8.3725078125,-0.09994630515575409,-0.5355142951011658,-0.1930197924375534
1788957430820558800,8.382558837890626,-0.08958527445793152,-0.5291956663131714,-0.03304237127304077
1788957430830609000,8.39260888671875,-0.1375322937965393,-0.47387969493865967,0.11358275264501572
1788957430840659000,8.402658935546874,-0.12743625044822693,-0.4484821856021881,0.24273088574409485
1788957430850708700,8.412708740234375,-0.07089920341968536,-0.4017583429813385,0.30504459142684937
1788957430860759800,8.422759765625,-0.005033374298363924,-0.3626892566680908,0.30014756321907043
1788957430870809900,8.432809814453124,0.05745450407266617,-0.3565048575401306,0.29079774022102356
1788957430880860000,8.44285986328125,0.13480016589164734,-0.3222118616104126,0.29949191212654114
1788957430890910000,8.452909912109375,0.17827413976192474,-0.22761239111423492,0.17619074881076813
1788957430900961000,8.4629609375,0.1652400940656662,-0.11797191202640533,-0.023329824209213257
1788957430911010800,8.4730107421875,0.1305321753025055,0.0054453653283417225,-0.1975564807653427
1788957430921060900,8.483060791015625,0.10972543060779572,0.14645494520664215,-0.33801692724227905
1788957430931111000,8.49311083984375,0.12558428943157196,0.24341319501399994,-0.42289772629737854
1788957430941162000,8.503161865234375,0.16985854506492615,0.2646239399909973,-0.4219818711280823
1788957430951211800,8.513211669921875,0.22845740616321564,0.2683395743370056,-0.33652210235595703
1788957430961261800,8.52326171875,0.23581118881702423,0.3046669661998749,-0.22323495149612427
1788957430971311900,8.533311767578125,0.1870758831501007,0.38661882281303406,-0.10460630059242249
1788957430981363000,8.543363037109375,0.12312912195920944,0.4781695008277893,-0.01727699115872383
1788957430991413000,8.5534130859375,0.062068697065114975,0.5521595478057861,0.04206862300634384
1788957431001462800,8.563462890625,0.03702300041913986,0.5259607434272766,0.10552429407835007
1788957431011512800,8.573512939453124,0.030858313664793968,0.4331892430782318,0.19557055830955505
1788957431021563600,8.583563720703125,0.008866994641721249,0.3557879328727722,0.31564557552337646
1788957431031614000,8.593614013671875,-0.0441908985376358,0.2972596287727356,0.3879773020744324
1788957431041664000,8.6036640625,-0.08815915137529373,0.27355217933654785,0.42606157064437866
1788957431051713800,8.6137138671875,-0.07290643453598022,0.21006934344768524,0.4882085621356964
1788957431061764600,8.6237646484375,-0.04489849880337715,0.11784887313842773,0.5054022073745728
1788957431071814700,8.633814697265626,-0.035954538732767105,-0.011487012729048729,0.4820116460323334
1788957431081865000,8.643864990234375,-0.004634965676814318,-0.13713522255420685,0.4821280241012573
1788957431091915000,8.6539150390625,0.019710320979356766,-0.1505652666091919,0.43460577726364136
1788957431101965800,8.6639658203125,0.031206920742988586,-0.09338746964931488,0.3248388171195984
1788957431112015600,8.674015625,0.043353598564863205,-0.02545023337006569,0.2609066963195801
1788957431122065700,8.684065673828124,0.06791273504495621,0.05536685138940811,0.25416383147239685
1788957431132116000,8.694115966796875,0.07736722379922867,0.14483921229839325,0.19727446138858795
1788957431142166800,8.704166748046875,0.046971503645181656,0.26217809319496155,0.08905956894159317
1788957431152216800,8.714216796875,-0.032469525933265686,0.4269886016845703,-0.03038293868303299
1788957431162266600,8.7242666015625,-0.1150490939617157,0.6317103505134583,-0.10776428133249283
1788957431172316700,8.734316650390625,-0.13370640575885773,0.787598729133606,-0.06358350068330765
1788957431182367700,8.74436767578125,-0.08411407470703125,0.8214030265808105,0.05122217535972595
1788957431192417800,8.754417724609375,0.004827778320759535,0.8311256766319275,0.15358422696590424
1788957431202467800,8.7644677734375,0.10940292477607727,0.8298348784446716,0.2645232677459717
1788957431212517600,8.774517578125,0.1533282995223999,0.7672644257545471,0.3421405553817749
1788957431222568700,8.784568603515625,0.11525522172451019,0.7323551774024963,0.3964703679084778
1788957431232618800,8.79461865234375,0.021083980798721313,0.6759669780731201,0.4381307363510132
1788957431242668800,8.804668701171876,-0.08086049556732178,0.5986359715461731,0.4799503684043884
1788957431252718600,8.814718505859375,-0.14834952354431152,0.5666636824607849,0.5118374824523926
1788957431262769700,8.824769775390624,-0.2148105651140213,0.5674527883529663,0.5082736015319824
1788957431272819700,8.83481982421875,-0.27032148838043213,0.4913465678691864,0.491791307926178
1788957431282869800,8.844869873046875,-0.2560184597969055,0.419242799282074,0.4579526484012604
1788957431292919800,8.854919921875,-0.1483820080757141,0.3743094205856323,0.3694339692592621
1788957431302971000,8.864970947265626,-0.08012545853853226,0.2757202684879303,0.26493605971336365
1788957431313020700,8.875020751953125,-0.09110487252473831,0.1484355479478836,0.2205432951450348
1788957431323070700,8.88507080078125,-0.1326128989458084,0.1357642263174057,0.24608300626277924
1788957431333120800,8.895120849609375,-0.21656213700771332,0.18679997324943542,0.25514549016952515
1788957431343171800,8.905171875,-0.2886411249637604,0.2300446480512619,0.17350547015666962
1788957431353222000,8.915221923828126,-0.21102462708950043,0.28634628653526306,0.043404463678598404
1788957431363271700,8.925271728515625,-0.11838523298501968,0.28575530648231506,-0.09824534505605698
1788957431373321700,8.93532177734375,-0.03741821274161339,0.2829126715660095,-0.18906313180923462
1788957431383372800,8.945372802734376,0.05512290820479393,0.35641270875930786,-0.18169443309307098
1788957431393422800,8.9554228515625,0.09997879713773727,0.4822569191455841,-0.04807192087173462
1788957431403473000,8.965472900390624,0.09611987322568893,0.5931416153907776,0.18279032409191132
1788957431413522700,8.975522705078125,0.046539805829524994,0.6832401156425476,0.3698049485683441
1788957431423572700,8.98557275390625,-0.01275734044611454,0.7454653978347778,0.3852246403694153
1788957431433623800,8.995623779296874,0.022762037813663483,0.7234365344047546,0.3071857690811157
1788957431443673900,9.005673828125,0.08971071243286133,0.5728504657745361,0.18955475091934204
1788957431453724000,9.015723876953125,0.12695609033107758,0.4298190176486969,0.14056244492530823
1788957431463773700,9.025773681640626,0.1218918189406395,0.408745676279068,0.23468734323978424
1788957431473824800,9.03582470703125,0.08610585331916809,0.4687517583370209,0.4469066560268402
1788957431483874800,9.045874755859375,0.01864958368241787,0.49651041626930237,0.6103525757789612
1788957431493924900,9.0559248046875,-0.07683379203081131,0.44276171922683716,0.6137137413024902
1788957431503975000,9.065974853515625,-0.15755313634872437,0.4401853680610657,0.4671781063079834
1788957431514025700,9.076025634765625,-0.2220514416694641,0.3913741707801819,0.29144835472106934
1788957431524075800,9.08607568359375,-0.22116540372371674,0.29045259952545166,0.13955336809158325
1788957431534125800,9.096125732421875,-0.15663647651672363,0.1908373236656189,0.013893178664147854
1788957431544175900,9.10617578125,-0.020080767571926117,0.12491849809885025,0.003355582943186164
1788957431554227000,9.11622705078125,0.08615992218255997,0.09459015727043152,0.018007762730121613
1788957431564276700,9.12627685546875,0.10631152242422104,0.12438134104013443,-0.08838019520044327
1788957431574326800,9.136326904296874,0.0587242990732193,0.13634532690048218,-0.2675595283508301
1788957431584376800,9.146376953125,0.011210842989385128,0.16712960600852966,-0.39928001165390015
1788957431594428000,9.156427978515625,-0.07205741852521896,0.29447051882743835,-0.4483277201652527
1788957431604478000,9.16647802734375,0.004072239622473717,0.3498735725879669,-0.4802206754684448
1788957431614527700,9.17652783203125,0.21029545366764069,0.35248586535453796,-0.46843379735946655
1788957431624577800,9.186577880859375,0.407324880361557,0.4367690682411194,-0.39980998635292053
1788957431634628900,9.19662890625,0.5181187987327576,0.6104596257209778,-0.23363752663135529
1788957431644679000,9.206678955078125,0.5873308777809143,0.7656031250953674,0.016145680099725723
1788957431654729000,9.21672900390625,0.6352353096008301,0.8571460843086243,0.2744922637939453
1788957431664778800,9.22677880859375,0.6254489421844482,0.8935999870300293,0.4740400016307831
1788957431674829800,9.236829833984375,0.609613835811615,0.8498924374580383,0.6082137823104858
1788957431684880000,9.2468798828125,0.555296778678894,0.763908863067627,0.6127430200576782
1788957431694930000,9.256929931640625,0.4947356879711151,0.653479814529419,0.5240749716758728
1788957431704980000,9.26697998046875,0.44846540689468384,0.5482151508331299,0.4083174467086792
1788957431715030800,9.27703076171875,0.39826908707618713,0.46637916564941406,0.26137620210647583
1788957431725080800,9.287080810546875,0.3557477295398712,0.4228460490703583,0.11980096995830536
1788957431735131000,9.297130859375,0.3365902602672577,0.36609676480293274,0.08218462020158768
1788957431745181000,9.307180908203126,0.3228837847709656,0.3392864465713501,0.15725833177566528
1788957431755231700,9.317231689453125,0.262403666973114,0.3788873851299286,0.2678479552268982
1788957431765281800,9.32728173828125,0.14281441271305084,0.44831785559654236,0.4055347144603729
1788957431775331800,9.337331787109376,-0.025351695716381073,0.5757213830947876,0.5143133997917175
1788957431785382000,9.3473818359375,-0.22478170692920685,0.7400565147399902,0.39396169781684875
1788957431795432700,9.3574326171875,-0.3265458941459656,0.8313571214675903,0.09152698516845703
1788957431805482800,9.367482666015626,-0.282847136259079,0.729011595249176,-0.16067570447921753
1788957431815532800,9.37753271484375,-0.1584508866071701,0.5856035351753235,-0.40745165944099426
1788957431825582800,9.387582763671874,-0.03881024569272995,0.42912739515304565,-0.542294442653656
1788957431835633700,9.397633544921876,0.024114657193422318,0.27591681480407715,-0.5156673192977905
1788957431845683700,9.40768359375,0.0005467469454742968,0.23265402019023895,-0.43467554450035095
1788957431855733800,9.417733642578124,-0.0636327713727951,0.26595285534858704,-0.3229908347129822
1788957431865783800,9.42778369140625,-0.11049401760101318,0.31963977217674255,-0.1657269150018692
1788957431875833900,9.437833740234375,-0.12626738846302032,0.4220127463340759,0.009121326729655266
1788957431885884700,9.447884765625,-0.13142088055610657,0.513678789138794,0.08673835545778275
1788957431895934700,9.457934814453125,-0.1371767669916153,0.5764699578285217,0.09770604968070984
1788957431905984800,9.46798486328125,-0.16060538589954376,0.6062899231910706,0.07409393787384033
1788957431916034800,9.478034912109376,-0.19950272142887115,0.6249855756759644,0.01619654707610607
1788957431926085600,9.488085693359375,-0.19612503051757812,0.6059263944625854,-0.021324729546904564
1788957431936135700,9.4981357421875,-0.11663366854190826,0.5271807312965393,-0.014208230189979076
1788957431946185700,9.508185791015626,0.024864602833986282,0.4228718876838684,0.0725860521197319
1788957431956235800,9.51823583984375,0.19043545424938202,0.34802696108818054,0.19341740012168884
1788957431966286800,9.528286865234374,0.2481277883052826,0.36301520466804504,0.24548299610614777
1788957431976336600,9.538336669921875,0.18133702874183655,0.39201703667640686,0.2576693594455719
1788957431986386700,9.54838671875,0.07747934758663177,0.4325713813304901,0.2799166142940521
1788957431996436700,9.558436767578126,0.043103527277708054,0.48558029532432556,0.34790071845054626
1788957432006487800,9.56848779296875,0.04090269282460213,0.4746221601963043,0.5228344202041626
1788957432016537900,9.578537841796875,0.0709756389260292,0.41378065943717957,0.7693232893943787
1788957432026587600,9.588587646484376,0.02485315129160881,0.4553739130496979,0.8591424226760864
1788957432036637700,9.5986376953125,-0.12710203230381012,0.5494077205657959,0.7569204568862915
1788957432046688800,9.608688720703125,-0.241954043507576,0.5736656785011292,0.6903238296508789
1788957432056738800,9.61873876953125,-0.3441818654537201,0.6467140316963196,0.5428076386451721
1788957432066788900,9.628788818359375,-0.4869763255119324,0.6517112255096436,0.2813485860824585
1788957432076838700,9.638838623046874,-0.549989640712738,0.5425729751586914,0.21068933606147766
1788957432086889700,9.6488896484375,-0.5503158569335938,0.48952680826187134,0.2930622398853302
1788957432096939800,9.658939697265625,-0.4863283634185791,0.40634164214134216,0.3926572799682617
1788957432106989800,9.66898974609375,-0.31686583161354065,0.331036239862442,0.39166978001594543
1788957432117039900,9.679039794921875,-0.25377634167671204,0.28909599781036377,0.2603391706943512
1788957432127090700,9.689090576171875,-0.31285005807876587,0.3393426537513733,0.07780877500772476
1788957432137140700,9.699140625,-0.36825233697891235,0.41786861419677734,-0.04440155252814293
1788957432147190800,9.709190673828125,-0.4044542610645294,0.49304699897766113,0.013975203968584538
1788957432157240800,9.71924072265625,-0.3132455348968506,0.6001207232475281,0.1192406415939331
1788957432167292000,9.7292919921875,-0.19295240938663483,0.6814408898353577,0.21908894181251526
1788957432177341700,9.739341796875,-0.09649218618869781,0.7536634206771851,0.23197411000728607
1788957432187391700,9.749391845703125,-0.03309749811887741,0.8286015391349792,0.1440269500017166
1788957432197441800,9.75944189453125,-0.029337914660573006,0.8811966180801392,0.0800788551568985
1788957432207492900,9.769492919921875,-0.01895558089017868,0.8025784492492676,0.06839743256568909
1788957432217543000,9.77954296875,-0.0560358390212059,0.6994227766990662,0.08140590786933899
1788957432227592700,9.7895927734375,-0.1061599925160408,0.598707377910614,0.15671610832214355
1788957432237642800,9.799642822265625,-0.14801369607448578,0.5569881796836853,0.29252374172210693
1788957432247693800,9.80969384765625,-0.17499977350234985,0.5620058178901672,0.4506087303161621
1788957432257744100,9.819744140625,-0.18625962734222412,0.5596747398376465,0.541696310043335
1788957432267794000,9.8297939453125,-0.15854676067829132,0.5509126782417297,0.5701694488525391
1788957432277844000,9.839843994140624,-0.10992277413606644,0.46627742052078247,0.4376026391983032
1788957432287894000,9.84989404296875,-0.14141757786273956,0.3742489516735077,0.1262865662574768
1788957432297945000,9.859945068359375,-0.22743262350559235,0.2991273105144501,-0.15991643071174622
1788957432307995100,9.8699951171875,-0.11039814352989197,0.28255152702331543,-0.22241495549678802
1788957432318045000,9.880044921875,0.02159024588763714,0.21616052091121674,-0.17443598806858063
1788957432328095000,9.890094970703124,0.11414441466331482,0.23238636553287506,-0.10473839938640594
1788957432338146000,9.90014599609375,0.13965563476085663,0.25097283720970154,-0.025736255571246147
1788957432348196000,9.910196044921875,0.10510777682065964,0.26730307936668396,0.09226974099874496
1788957432358246100,9.92024609375,0.010129866190254688,0.301560640335083,0.15648601949214935
1788957432368296000,9.9302958984375,-0.0376720130443573,0.39275234937667847,0.15544845163822174
1788957432378347000,9.940346923828125,-0.025599369779229164,0.49385419487953186,0.1700843721628189
1788957432388397000,9.95039697265625,0.07704444974660873,0.5851303339004517,0.27969688177108765
1788957432398447000,9.960447021484375,0.18523509800434113,0.591543972492218,0.4068564474582672
1788957432408497000,9.970496826171875,0.2003629207611084,0.5603415966033936,0.46881595253944397
1788957432418548000,9.9805478515625,0.10031488537788391,0.534379243850708,0.46758610010147095
1788957432428598000,9.990597900390625,-0.062366969883441925,0.5672644972801208,0.37274160981178284
1788957432438648000,10.00064794921875,-0.15594112873077393,0.585331380367279,0.27408427000045776
1788957432448698000,10.010697998046876,-0.1260221153497696,0.5082003474235535,0.21882209181785583
1788957432458749000,10.0207490234375,-0.015354721806943417,0.42255470156669617,0.1626128852367401
1788957432468799000,10.030799072265625,0.11296383291482925,0.3908340632915497,0.08204879611730576
1788957432478849000,10.04084912109375,0.20422211289405823,0.3371657729148865,0.06400348246097565
1788957432488899000,10.050899169921875,0.2628268301486969,0.24254313111305237,0.18391071259975433
1788957432498950000,10.060949951171875,0.23011602461338043,0.20154376327991486,0.37684181332588196
1788957432509000000,10.071,0.12203216552734375,0.22091268002986908,0.5017299652099609
1788957432519050000,10.081050048828125,-0.012236958369612694,0.2711561322212219,0.5008487105369568
1788957432529100000,10.09110009765625,-0.08222589641809464,0.33215558528900146,0.4902823567390442
1788957432539150800,10.10115087890625,-0.04700426012277603,0.36903661489486694,0.5070602893829346
1788957432549201000,10.111200927734375,0.06743922829627991,0.3834339380264282,0.5245740413665771
1788957432559251000,10.1212509765625,0.21195779740810394,0.3246172368526459,0.5682163238525391
1788957432569301000,10.131301025390625,0.2952873110771179,0.2365771234035492,0.516075611114502
1788957432579351800,10.141351806640625,0.28499656915664673,0.18984264135360718,0.30074626207351685
1788957432589401900,10.15140185546875,0.2160332351922989,0.1939937025308609,0.062430087476968765
1788957432599452000,10.161451904296875,0.19191165268421173,0.158456489443779,-0.1510414481163025
1788957432609502000,10.171501953125,0.2703971266746521,0.087437704205513,-0.3941084146499634
1788957432619552000,10.181552001953126,0.3726542592048645,-0.060437776148319244,-0.6665695309638977
1788957432629602800,10.191602783203125,0.429324746131897,-0.21254049241542816,-0.9170613884925842
1788957432639652900,10.20165283203125,0.4413507580757141,-0.27193644642829895,-0.9971202611923218
1788957432649703000,10.211702880859375,0.4394785761833191,-0.2342790812253952,-0.7912350296974182
1788957432659753000,10.2217529296875,0.41496363282203674,-0.16486218571662903,-0.3370371460914612
1788957432669803800,10.2318037109375,0.24101048707962036,-0.007178284227848053,0.12826289236545563
1788957432679853800,10.241853759765625,-0.06621896475553513,0.29494720697402954,0.38294631242752075
1788957432689903900,10.25190380859375,-0.37170857191085815,0.5598057508468628,0.41334763169288635
1788957432699954000,10.261953857421876,-0.5813630223274231,0.5669851303100586,0.27688857913017273
1788957432710005000,10.2720048828125,-0.6257496476173401,0.40312376618385315,0.07499407976865768
1788957432720054800,10.2820546875,-0.5456582903862,0.03766189143061638,-0.08842866867780685
1788957432730104800,10.292104736328126,-0.43100014328956604,-0.16799911856651306,-0.13423344492912292
1788957432740155000,10.30215478515625,-0.33323147892951965,-0.15162786841392517,-0.09365511685609818
1788957432750206000,10.3122060546875,-0.2791235148906708,-0.022968165576457977,-0.04368303343653679
1788957432760256000,10.322256103515626,-0.2568562924861908,0.05161259323358536,-0.016880713403224945
1788957432770305800,10.332305908203125,-0.27443447709083557,0.10527608543634415,-0.050029877573251724
1788957432780355800,10.34235595703125,-0.30660146474838257,0.15004968643188477,-0.11903584003448486
1788957432790407000,10.352406982421876,-0.3323848843574524,0.14953570067882538,-0.1914122998714447
1788957432800457000,10.36245703125,-0.32863035798072815,0.13352850079536438,-0.23029951751232147
1788957432810507000,10.372507080078124,-0.3013515770435333,0.15430648624897003,-0.2538282871246338
1788957432820556800,10.382556884765625,-0.23877635598182678,0.17083299160003662,-0.2813757359981537
1788957432830608000,10.39260791015625,-0.19806328415870667,0.17403970658779144,-0.328423410654068
1788957432840658000,10.402657958984374,-0.21117322146892548,0.22111640870571136,-0.3481103181838989
1788957432850708000,10.4127080078125,-0.22252361476421356,0.32242944836616516,-0.25850293040275574
1788957432860758000,10.422758056640625,-0.15775340795516968,0.40605297684669495,-0.08138007670640945
1788957432870809000,10.43280908203125,-0.061887070536613464,0.43555307388305664,0.1369599848985672
1788957432880859000,10.44285888671875,-0.020554808899760246,0.4068489968776703,0.4067760109901428
1788957432890909000,10.452908935546875,-0.06747704744338989,0.3348703980445862,0.6579741835594177
1788957432900959000,10.462958984375,-0.19661372900009155,0.3456743061542511,0.7570077776908875
1788957432911009000,10.473009033203125,-0.2899508476257324,0.35399001836776733,0.7510274052619934
1788957432921060000,10.48306005859375,-0.3111751973628998,0.29548731446266174,0.692028820514679
1788957432931110000,10.49310986328125,-0.30132895708084106,0.269097238779068,0.5798569917678833
1788957432941160000,10.503159912109375,-0.31350651383399963,0.25302746891975403,0.42699339985847473
1788957432951210000,10.5132099609375,-0.3499518930912018,0.24562548100948334,0.26821067929267883
1788957432961261000,10.523260986328125,-0.38557565212249756,0.26670387387275696,0.11429621279239655
1788957432971310800,10.533310791015625,-0.4278107285499573,0.32710328698158264,0.02694985829293728
1788957432981361000,10.54336083984375,-0.477070152759552,0.31541708111763,0.12287025898694992
1788957432991411000,10.553410888671875,-0.5566923022270203,0.2065635621547699,0.2618872821331024
1788957433001462000,10.5634619140625,-0.650640606880188,0.11363708227872849,0.2759817838668823
1788957433011512000,10.573511962890626,-0.6609355807304382,0.03172091022133827,0.17723417282104492
1788957433021561900,10.583561767578125,-0.57233065366745,-0.021080251783132553,0.017556356266140938
1788957433031612000,10.59361181640625,-0.4130285978317261,-0.015796273946762085,-0.1609334945678711
1788957433041663000,10.6036630859375,-0.25595802068710327,-0.03056243620812893,-0.24615225195884705
1788957433051713000,10.613713134765625,-0.21231839060783386,-0.003151052165776491,-0.09929462522268295
1788957433061763000,10.62376318359375,-0.27894827723503113,0.044557083398103714,0.2756875157356262
1788957433071812900,10.633812744140625,-0.3832451105117798,0.11585842818021774,0.6010493636131287
1788957433081864000,10.643864013671875,-0.44898390769958496,0.2580869495868683,0.6826342344284058
1788957433091914000,10.6539140625,-0.4139998257160187,0.46353915333747864,0.5225129723548889
1788957433101964000,10.663964111328125,-0.3251432180404663,0.675223171710968,0.2216828614473343
1788957433112014000,10.67401416015625,-0.22603872418403625,0.8252502083778381,-0.018822956830263138
1788957433122064000,10.68406396484375,-0.17001460492610931,0.9088301062583923,-0.11419767886400223
1788957433132115000,10.694114990234375,-0.14051716029644012,0.8942873477935791,-0.1031053438782692
1788957433142165000,10.7041650390625,-0.17065882682800293,0.847894549369812,-0.07480420172214508
1788957433152215000,10.714215087890626,-0.2218855321407318,0.8717226386070251,-0.06455954909324646
1788957433162265000,10.72426513671875,-0.23047421872615814,0.9467252492904663,-0.08744116872549057
1788957433172316200,10.734316162109375,-0.14890852570533752,1.0297378301620483,-0.009922938421368599
1788957433182366000,10.744365966796876,-0.048044756054878235,1.03566312789917,0.20080341398715973
1788957433192416000,10.754416015625,0.029653498902916908,0.946591854095459,0.5409660339355469
1788957433202466000,10.764466064453124,0.11833436787128448,0.8397535681724548,0.9999216198921204
1788957433212517000,10.77451708984375,0.17501015961170197,0.7423028945922852,1.4380015134811401
1788957433222567200,10.784567138671875,0.1839836835861206,0.6633287072181702,1.6972790956497192
1788957433232617000,10.794616943359374,0.11763608455657959,0.44881799817085266,1.6616737842559814
1788957433242667000,10.8046669921875,0.013331251218914986,0.2389039248228073,1.2569485902786255
1788957433252718000,10.814718017578125,-0.08144479244947433,0.3346749246120453,0.8052182197570801
1788957433262768000,10.82476806640625,-0.13165496289730072,0.32302147150039673,0.519278347492218
1788957433272818200,10.834818115234375,-0.2544594407081604,0.355283260345459,0.20436619222164154
1788957433282868200,10.8448681640625,-0.47615936398506165,0.43210241198539734,-0.2617975175380707
1788957433292919000,10.8549189453125,-0.722061812877655,0.4341330826282501,-0.7763116955757141
1788957433302969000,10.864968994140625,-0.848572850227356,0.6068544983863831,-1.1959433555603027
1788957433313019100,10.87501904296875,-0.8249372839927673,1.0421260595321655,-1.4206528663635254
1788957433323069200,10.885069091796876,-0.6194246411323547,1.426740050315857,-1.3919485807418823
1788957433333120000,10.8951201171875,-0.3425171375274658,1.4806534051895142,-1.1896787881851196
1788957433343170000,10.905170166015624,-0.11061519384384155,1.4370275735855103,-0.9041152000427246
1788957433353220000,10.91522021484375,0.07194502651691437,1.3912731409072876,-0.5887239575386047
1788957433363270100,10.925270263671875,0.19319182634353638,1.2991362810134888,-0.27798527479171753
1788957433373321000,10.935321044921874,0.273833692073822,1.0896693468093872,-0.009767942130565643
1788957433383371000,10.94537109375,0.31316083669662476,0.7659810781478882,0.2602078914642334
1788957433393421000,10.955421142578125,0.32163795828819275,0.462801456451416,0.5672772526741028
1788957433403471000,10.96547119140625,0.27070605754852295,0.2937581241130829,0.871421217918396
1788957433413521200,10.975521240234375,0.12045903503894806,0.2906810939311981,1.0385057926177979
1788957433423572000,10.985572021484375,-0.06783097982406616,0.45060205459594727,1.0646133422851562
1788957433433622000,10.9956220703125,-0.22411192953586578,0.5991721153259277,0.967749297618866
1788957433443672000,11.005672119140625,-0.27482864260673523,0.6322799921035767,0.7656196355819702
1788957433453722000,11.01572216796875,-0.17616623640060425,0.5176559090614319,0.5500298738479614
1788957433463773000,11.02577294921875,0.0010104032699018717,0.33567601442337036,0.34061378240585327
1788957433473823000,11.035822998046875,0.15002012252807617,0.22856765985488892,0.14533588290214539
1788957433483873000,11.045873046875,0.23631559312343597,0.28307032585144043,-0.03135179728269577
1788957433493923000,11.055923095703125,0.27924948930740356,0.43445611000061035,-0.22283734381198883
1788957433503974000,11.065973876953125,0.3173135221004486,0.49795812368392944,-0.38875308632850647
1788957433514024000,11.07602392578125,0.3928961455821991,0.437955766916275,-0.49162939190864563
1788957433524074000,11.086073974609375,0.4831725060939789,0.3773086667060852,-0.5044645071029663
1788957433534124000,11.0961240234375,0.525417685508728,0.3671817481517792,-0.43587183952331543
1788957433544175000,11.106175048828124,0.4759018123149872,0.44243520498275757,-0.403622567653656
1788957433554225000,11.116224853515625,0.38318467140197754,0.5476503372192383,-0.3825644254684448
1788957433564275000,11.12627490234375,0.3578907549381256,0.5354639291763306,-0.2865598499774933
1788957433574325000,11.136324951171876,0.39248576760292053,0.491569459438324,-0.214438796043396
1788957433584375000,11.146375,0.4183056354522705,0.3816373646259308,-0.08199100941419601
1788957433594426000,11.156426025390624,0.3752564489841461,0.244735985994339,0.1519024521112442
1788957433604476000,11.166475830078125,0.24426965415477753,0.19327865540981293,0.42728209495544434
1788957433614526000,11.17652587890625,0.019655993208289146,0.2530258595943451,0.5882983803749084
1788957433624576000,11.186575927734374,-0.21189866960048676,0.4233158528804779,0.5136952996253967
1788957433634627000,11.196626953125,-0.34459787607192993,0.5766435861587524,0.2544328272342682
1788957433644677000,11.206677001953125,-0.34439361095428467,0.6018765568733215,-0.09483356773853302
1788957433654727000,11.216726806640626,-0.3248017728328705,0.5134089589118958,-0.39595985412597656
1788957433664777000,11.22677685546875,-0.3091205656528473,0.38586968183517456,-0.5133586525917053
1788957433674828000,11.236828125,-0.29851824045181274,0.28695186972618103,-0.3971654772758484
1788957433684878000,11.246878173828126,-0.29046326875686646,0.2809658944606781,-0.18782103061676025
1788957433694928100,11.25692822265625,-0.23881204426288605,0.3418273627758026,0.04038150981068611
1788957433704978000,11.26697802734375,-0.18346409499645233,0.3425360321998596,0.17089824378490448
1788957433715029000,11.277029052734376,-0.2230575829744339,0.37265825271606445,0.1460307091474533
1788957433725079000,11.2870791015625,-0.2973696291446686,0.4309820234775543,0.03157417103648186
1788957433735129000,11.297129150390624,-0.28167402744293213,0.4564703404903412,-0.09228545427322388
1788957433745179000,11.307178955078125,-0.18958218395709991,0.45609936118125916,-0.19684408605098724
1788957433755230000,11.31722998046875,-0.11377982795238495,0.3971231281757355,-0.23981313407421112
1788957433765280000,11.327280029296874,-0.07581993192434311,0.31237733364105225,-0.25098347663879395
1788957433775330000,11.337330078125,-0.11204371601343155,0.25423282384872437,-0.20476698875427246
1788957433785380000,11.347380126953125,-0.23266999423503876,0.22047963738441467,-0.11078084260225296
1788957433795431200,11.35743115234375,-0.3689822852611542,0.24844735860824585,0.033351831138134
1788957433805481000,11.36748095703125,-0.4358537495136261,0.28122368454933167,0.25923076272010803
1788957433815531000,11.377531005859375,-0.4245204031467438,0.2939053773880005,0.47824007272720337
1788957433825581000,11.3875810546875,-0.3922692537307739,0.29647427797317505,0.5810796618461609
1788957433835631000,11.397631103515625,-0.3947931230068207,0.28117096424102783,0.49006664752960205
1788957433845682200,11.40768212890625,-0.38827210664749146,0.23780404031276703,0.3367210328578949
1788957433855732000,11.41773193359375,-0.320870965719223,0.20330065488815308,0.27473968267440796
1788957433865782000,11.427781982421875,-0.20934416353702545,0.19384989142417908,0.3727027475833893
1788957433875832000,11.43783203125,-0.10264594852924347,0.15470649302005768,0.561947762966156
1788957433885883100,11.447883056640626,-0.05530586466193199,0.09179995954036713,0.7551243901252747
1788957433895933200,11.45793310546875,-0.12252085655927658,0.05768886208534241,0.8589253425598145
1788957433905983000,11.46798291015625,-0.2550528049468994,0.03538968041539192,0.814035952091217
1788957433916033000,11.478032958984375,-0.40942826867103577,0.007320763543248177,0.6124128103256226
1788957433926084000,11.488083984375,-0.48568469285964966,-0.011661449447274208,0.48086783289909363
1788957433936134100,11.498134033203126,-0.47493642568588257,-0.09308360517024994,0.5077215433120728
1788957433946184200,11.50818408203125,-0.4403108060359955,-0.1519690304994583,0.5720707178115845
1788957433956234000,11.51823388671875,-0.4158661961555481,-0.19640333950519562,0.55074143409729
1788957433966285000,11.52828515625,-0.4890623688697815,-0.21455597877502441,0.3812999427318573
1788957433976335000,11.538335205078125,-0.4075251519680023,-0.1416463404893875,0.2557294964790344
1788957433986385200,11.54838525390625,-0.4229203760623932,-0.15193387866020203,0.17892740666866302
1788957433996435200,11.558435302734376,-0.48264041543006897,-0.15702156722545624,0.08913999795913696
1788957434006486000,11.568486083984375,-0.48044970631599426,-0.16247093677520752,0.07943916320800781
1788957434016536000,11.5785361328125,-0.32290056347846985,-0.17253288626670837,0.12219994515180588
1788957434026586000,11.588586181640625,-0.18949003517627716,-0.16489867866039276,0.15258155763149261
1788957434036636200,11.59863623046875,-0.09787063300609589,-0.11420140415430069,0.1966872215270996
1788957434046686200,11.608686279296874,-0.0923866555094719,-0.06731512397527695,0.2729750871658325
1788957434056737000,11.618737060546875,-0.14801450073719025,-0.004554538056254387,0.38944947719573975
1788957434066787000,11.628787109375,-0.24573253095149994,0.07574589550495148,0.48014315962791443
1788957434076837000,11.638837158203126,-0.3496325612068176,0.1535533368587494,0.5008180737495422
1788957434086887200,11.64888720703125,-0.4077853560447693,0.15216583013534546,0.4087315797805786
1788957434096938200,11.658938232421875,-0.4061232805252075,0.09587646275758743,0.2632249891757965
1788957434106988000,11.668988037109376,-0.327636182308197,0.04201003536581993,0.18268592655658722
1788957434117038000,11.6790380859375,-0.20047184824943542,0.04543326050043106,0.20048916339874268
1788957434127088000,11.689088134765624,-0.09155281633138657,0.021829131990671158,0.2842322587966919
1788957434137139200,11.69913916015625,-0.068562813103199,-0.10112129151821136,0.36184343695640564
1788957434147189200,11.709189208984375,-0.12454086542129517,-0.20336590707302094,0.3783552944660187
1788957434157239000,11.719239013671874,-0.1773100644350052,-0.23355576395988464,0.2978748381137848
1788957434167289000,11.7292890625,-0.18961280584335327,-0.24353675544261932,0.08936050534248352
1788957434177340000,11.73933984375,-0.09208571910858154,-0.22573591768741608,-0.12857608497142792
1788957434187390200,11.74939013671875,0.09929489344358444,-0.23832468688488007,-0.20358161628246307
1788957434197440300,11.759440185546875,0.2664351463317871,-0.18046458065509796,-0.16294151544570923
1788957434207490000,11.769489990234375,0.33507785201072693,0.058272093534469604,-0.09500321000814438
1788957434217540000,11.7795400390625,0.2505488693714142,0.3595762848854065,-0.07656188309192657
1788957434227591000,11.7895908203125,0.05733146518468857,0.5778343081474304,-0.12523195147514343
1788957434237641200,11.79964111328125,-0.14968669414520264,0.7475980520248413,-0.2058708667755127
1788957434247691300,11.809691162109376,-0.2559915781021118,0.879951000213623,-0.21465663611888885
1788957434257741300,11.8197412109375,-0.2410839945077896,0.888163149356842,-0.24342970550060272
1788957434267792100,11.829792236328124,-0.14840784668922424,0.7862918972969055,-0.292106956243515
1788957434277842200,11.83984228515625,-0.059662263840436935,0.6228910088539124,-0.2902424931526184
1788957434287892200,11.849892333984375,0.02678154595196247,0.5366000533103943,-0.18528224527835846
1788957434297942300,11.8599423828125,0.09046944230794907,0.5826554298400879,-0.005803560372442007
1788957434307993000,11.8699931640625,0.1793346107006073,0.6671852469444275,0.18230083584785461
1788957434318043100,11.880043212890625,0.284635990858078,0.6013108491897583,0.3174552023410797
1788957434328093200,11.89009326171875,0.36430683732032776,0.43911877274513245,0.32048267126083374
1788957434338143200,11.900143310546875,0.3816370964050293,0.27289092540740967,0.19192495942115784
1788957434348194000,11.910194091796875,0.3807116448879242,0.06810315698385239,0.1362217515707016
1788957434358244000,11.920244140625,0.3940511643886566,-0.1151401698589325,0.18545135855674744
1788957434368294100,11.930294189453125,0.43209308385849,-0.19010069966316223,0.2935298979282379
1788957434378344200,11.94034423828125,0.4761465787887573,-0.2713737189769745,0.46860024333000183
1788957434388395000,11.95039501953125,0.48210617899894714,-0.31328681111335754,0.5633277893066406
1788957434398445000,11.960445068359375,0.40659570693969727,-0.26938220858573914,0.5259383320808411
1788957434408495000,11.9704951171875,0.27607765793800354,-0.2551649212837219,0.4644419848918915
1788957434418545200,11.980545166015625,0.15693847835063934,-0.20592227578163147,0.32907694578170776
1788957434428595000,11.990594970703125,0.06563706696033478,-0.1602455973625183,0.11216675490140915
1788957434438646000,12.00064599609375,0.06324554979801178,-0.2865619957447052,0.04553579166531563
1788957434448696000,12.010696044921875,0.1255565881729126,-0.4269081950187683,0.09781098365783691
1788957434458746000,12.02074609375,0.1763119101524353,-0.42385992407798767,-0.008498946204781532
1788957434468796200,12.030796142578126,0.16874800622463226,-0.4171908497810364,-0.2599857747554779
1788957434478847200,12.04084716796875,0.1567280888557434,-0.47748613357543945,-0.46758851408958435
1788957434488897000,12.05089697265625,0.1713014394044876,-0.5056735873222351,-0.6525998711585999
1788957434498947000,12.060947021484376,0.1970728486776352,-0.48849910497665405,-0.7898427248001099
1788957434508997000,12.0709970703125,0.2103194147348404,-0.5032700896263123,-0.8006492853164673
1788957434519048200,12.081048095703125,0.1939292550086975,-0.5252634882926941,-0.7620803117752075
1788957434529098200,12.09109814453125,0.1392308622598648,-0.48901256918907166,-0.7639139294624329
1788957434539148000,12.10114794921875,0.049304164946079254,-0.46465370059013367,-0.7907548546791077
1788957434549198000,12.111197998046874,-0.0391218364238739,-0.46144723892211914,-0.8146593570709229
1788957434559249200,12.121249267578126,-0.10760875046253204,-0.4476369023323059,-0.7400026917457581
1788957434569299200,12.13129931640625,-0.10459937900304794,-0.4543749690055847,-0.5083854794502258
1788957434579349200,12.141349365234374,-0.044983185827732086,-0.4958427846431732,-0.14208602905273438
1788957434589399000,12.15139892578125,-0.011599664576351643,-0.5340564846992493,0.21803832054138184
1788957434599449000,12.161448974609375,-0.03049958497285843,-0.47504109144210815,0.514728844165802
1788957434609500200,12.171500244140624,-0.08396627008914948,-0.3825673460960388,0.7054977416992188
1788957434619550200,12.18155029296875,-0.16228531301021576,-0.2065044343471527,0.7532854676246643
1788957434629600300,12.191600341796875,-0.2217387855052948,-0.06745920330286026,0.6588130593299866
1788957434639650000,12.201650146484376,-0.20852923393249512,-0.03797081857919693,0.4950858950614929
1788957434649701000,12.211701171875,-0.12207770347595215,-0.03928002715110779,0.2919836640357971
1788957434659751200,12.221751220703124,-0.05240808054804802,-0.08397585898637772,0.045277997851371765
1788957434669801200,12.23180126953125,-0.05031243711709976,-0.17288176715373993,-0.13333621621131897
1788957434679851300,12.241851318359375,-0.0736345425248146,-0.28945738077163696,-0.14095579087734222
1788957434689902000,12.251902099609374,-0.08452979475259781,-0.34061723947525024,-0.02534370683133602
1788957434699952000,12.2619521484375,-0.08904625475406647,-0.24651950597763062,0.0531308613717556
1788957434710002200,12.272002197265625,-0.06588047742843628,-0.16818155348300934,0.14895698428153992
1788957434720052200,12.28205224609375,-0.07857497036457062,-0.1264418214559555,0.16402089595794678
1788957434730103300,12.292103271484375,-0.13287602365016937,-0.07315544039011002,0.016992032527923584
1788957434740153000,12.302153076171875,-0.19403605163097382,-0.04611529782414436,-0.22366797924041748
1788957434750203100,12.312203125,-0.1682923436164856,-0.11205383390188217,-0.41966864466667175
1788957434760253200,12.322253173828125,-0.08579932898283005,-0.1516779363155365,-0.504416286945343
1788957434770303200,12.33230322265625,-0.019786221906542778,-0.19619721174240112,-0.5185494422912598
1788957434780354300,12.342354248046876,-0.01071176677942276,-0.21440604329109192,-0.5047001838684082
1788957434790404000,12.352404052734375,-0.04250112175941467,-0.20057490468025208,-0.3848502039909363
1788957434800454100,12.3624541015625,-0.07747694849967957,-0.16778287291526794,-0.18718880414962769
1788957434810504200,12.372504150390625,-0.11593858897686005,-0.15494804084300995,-0.02219212055206299
1788957434820555300,12.38255517578125,-0.1573115885257721,-0.17950184643268585,0.0753975510597229
1788957434830605300,12.392605224609374,-0.19464218616485596,-0.1808299720287323,0.12659256160259247
1788957434840655000,12.402655029296875,-0.2112099826335907,-0.01619308441877365,0.15810681879520416
1788957434850705200,12.412705078125,-0.17244021594524384,0.22975489497184753,0.16752801835536957
1788957434860756200,12.422756103515624,-0.11529409885406494,0.3871530592441559,0.15505562722682953
1788957434870806300,12.43280615234375,-0.02317589335143566,0.4000281095504761,0.18726949393749237
1788957434880856300,12.442856201171875,0.07988045364618301,0.372129887342453,0.31911301612854004
1788957434890906000,12.452906005859376,0.10386621206998825,0.31400665640830994,0.5621752142906189
1788957434900957200,12.462957275390625,-0.02533571608364582,0.30221739411354065,0.772199273109436
1788957434911007200,12.47300732421875,-0.2653861343860626,0.28705519437789917,0.7554394602775574
1788957434921057300,12.483057373046876,-0.5346421003341675,0.30955225229263306,0.5388756990432739
1788957434931107300,12.493107421875,-0.6475446820259094,0.40250298380851746,0.35202568769454956
1788957434941157000,12.5031572265625,-0.5592928528785706,0.4627053141593933,0.39903953671455383
1788957434951208200,12.513208251953126,-0.3840517997741699,0.4164701998233795,0.5371193885803223
1788957434961258200,12.52325830078125,-0.26655977964401245,0.3759046494960785,0.6347620487213135
1788957434971308300,12.533308349609374,-0.27362674474716187,0.4859893321990967,0.6769281625747681
1788957434981358300,12.5433583984375,-0.34853747487068176,0.45910340547561646,0.6103459000587463
1788957434991409200,12.5534091796875,-0.31762829422950745,0.24961116909980774,0.43388831615448
1788957435001459200,12.563459228515624,-0.1634587049484253,0.16806331276893616,0.27623239159584045
1788957435011509200,12.57350927734375,-0.009766610339283943,0.07563217729330063,0.04627082496881485
1788957435021559300,12.583559326171875,0.00042796999332495034,-0.06347537785768509,-0.20970556139945984
1788957435031610400,12.5936103515625,-0.11409541219472885,-0.12189634144306183,-0.30155107378959656
1788957435041660200,12.60366015625,-0.30944839119911194,-0.17424502968788147,-0.2998626232147217
1788957435051710200,12.613710205078124,-0.3951214849948883,-0.09319598972797394,-0.22624485194683075
1788957435061760300,12.62376025390625,-0.2900749742984772,0.11840227991342545,-0.11368608474731445
1788957435071810300,12.633810302734375,-0.06250465661287308,0.3258313536643982,0.0025984463281929493
1788957435081861400,12.643861328125,0.11378009617328644,0.4064362049102783,0.07037163525819778
1788957435091911200,12.6539111328125,0.1291760951280594,0.3684493899345398,-0.02930169552564621
1788957435101961200,12.663961181640625,0.05443980544805527,0.23502209782600403,-0.1485937386751175
1788957435112011300,12.67401123046875,0.02328934334218502,0.13887879252433777,-0.11876606196165085
1788957435122062000,12.68406201171875,0.05049646273255348,0.05819752439856529,0.1378430873155594
1788957435132112400,12.6941123046875,0.06686904281377792,-0.12566737830638885,0.503444492816925
1788957435142162200,12.704162109375,0.045647379010915756,-0.24948546290397644,0.7353179454803467
1788957435152212200,12.714212158203125,0.0026112294290214777,-0.24161715805530548,0.6341862678527832
1788957435162263000,12.724262939453125,-0.031155256554484367,-0.018466891720891,0.4261859357357025
1788957435172313000,12.73431298828125,0.007266967557370663,0.04965623468160629,0.3119666874408722
1788957435182363400,12.74436328125,0.09976813942193985,-0.053225405514240265,0.35313090682029724
1788957435192413200,12.7544130859375,0.2250211387872696,-0.27752214670181274,0.6125920414924622
1788957435202464000,12.764464111328126,0.23310010135173798,-0.434591144323349,0.8035726547241211
1788957435212514000,12.77451416015625,0.05804865434765816,-0.4104839265346527,0.6218262910842896
1788957435222564000,12.784564208984374,-0.16974003612995148,-0.2936987280845642,0.2708224356174469
1788957435232614400,12.794614501953125,-0.25482749938964844,-0.18597039580345154,-0.030911842361092567
1788957435242664200,12.804664306640625,-0.1394260674715042,-0.09202127158641815,-0.20753827691078186
1788957435252715000,12.814715087890624,0.09470227360725403,-0.13612747192382812,-0.3123861253261566
1788957435262764800,12.824764892578125,0.2666226327419281,-0.28910210728645325,-0.28140345215797424
1788957435272814800,12.83481494140625,0.27880313992500305,-0.38422489166259766,-0.24662522971630096
1788957435282865000,12.844864990234376,0.17266738414764404,-0.2706756889820099,-0.32029038667678833
1788957435292915700,12.854915771484375,0.05579349026083946,-0.09525354951620102,-0.49633944034576416
1788957435302965800,12.8649658203125,0.018012290820479393,0.01098527293652296,-0.7084461450576782
1788957435313015800,12.875015869140626,0.08832160383462906,0.07923170179128647,-0.9393861293792725
1788957435323065900,12.88506591796875,0.26936596632003784,0.06739582121372223,-1.084581971168518
1788957435333116700,12.89511669921875,0.5219638347625732,-0.09873749315738678,-0.9859235286712646
1788957435343166700,12.905166748046875,0.7420251369476318,-0.16172924637794495,-0.6294077634811401
1788957435353216800,12.915216796875,0.8594462871551514,-0.14592471718788147,-0.12598083913326263
1788957435363266800,12.925266845703124,0.8772817254066467,-0.07908044010400772,0.35991770029067993
1788957435373317600,12.935317626953125,0.7508974671363831,0.02564331144094467,0.6049990653991699
1788957435383367700,12.94536767578125,0.5353792905807495,0.20001591742038727,0.515101432800293
1788957435393417700,12.955417724609376,0.3441302180290222,0.37320607900619507,0.23869220912456512
1788957435403467800,12.9654677734375,0.279334157705307,0.36764219403266907,-0.009334113448858261
1788957435413517800,12.975517822265624,0.3667287230491638,0.19303390383720398,-0.1761222928762436
1788957435423568600,12.985568603515626,0.537283718585968,-0.0464969277381897,-0.19758498668670654
1788957435433618700,12.99561865234375,0.681504487991333,-0.26905331015586853,-0.06380614638328552
1788957435443668700,13.005668701171874,0.6944328546524048,-0.34023454785346985,0.1782965064048767
1788957435453718800,13.01571875,0.5760174989700317,-0.2497565746307373,0.3249852657318115
1788957435463769900,13.025769775390625,0.3728958070278168,-0.04441140592098236,0.29492485523223877
1788957435473819600,13.035819580078124,0.22167274355888367,0.14561311900615692,0.15376399457454681
1788957435483869700,13.04586962890625,0.1468682736158371,0.2594637870788574,-0.08515430986881256
1788957435493919700,13.055919677734375,0.12539653480052948,0.2366170734167099,-0.342881441116333
1788957435503970800,13.065970703125,0.07691741734743118,0.16231247782707214,-0.4978015422821045
1788957435514020900,13.076020751953125,-0.013771206140518188,0.07369393110275269,-0.5255074501037598
1788957435524070700,13.086070556640625,-0.13031992316246033,0.003924700431525707,-0.49102938175201416
1788957435534120700,13.09612060546875,-0.22164158523082733,-0.04945383593440056,-0.3953779637813568
1788957435544170800,13.106170654296875,-0.2775557041168213,-0.05825585126876831,-0.21759437024593353
1788957435554221800,13.116221923828125,-0.30608803033828735,-0.01227237842977047,-0.08841987699270248
1788957435564271600,13.126271728515626,-0.3038512170314789,0.011421498842537403,-0.04357171058654785
1788957435574321700,13.13632177734375,-0.289156973361969,-0.027147730812430382,-0.0790945515036583
1788957435584371700,13.146371826171874,-0.2861023247241974,-0.02821565978229046,-0.1898690015077591
1788957435594422800,13.1564228515625,-0.2889372706413269,-0.008741825819015503,-0.30854931473731995
1788957435604472800,13.166472900390625,-0.2933586537837982,0.0037441381718963385,-0.39921849966049194
1788957435614522600,13.176522705078124,-0.26272961497306824,0.01498241163790226,-0.4344063103199005
1788957435624572700,13.18657275390625,-0.20269319415092468,0.0021920478902757168,-0.39523547887802124
1788957435634623700,13.196623779296875,-0.13735492527484894,-0.04086247831583023,-0.28622058033943176
1788957435644673800,13.206673828125,-0.09311742335557938,-0.1037578210234642,-0.12314803153276443
1788957435654723800,13.216723876953125,-0.06689008325338364,-0.17623893916606903,0.07722767442464828
1788957435664773600,13.226773681640625,-0.09314592182636261,-0.22441206872463226,0.20695798099040985
1788957435674824700,13.23682470703125,-0.17879292368888855,-0.224601149559021,0.20122285187244415
1788957435684874800,13.246874755859375,-0.2595628499984741,-0.20898491144180298,0.1466941088438034
1788957435694924800,13.2569248046875,-0.29355040192604065,-0.22532100975513458,0.12568283081054688
1788957435704974800,13.266974853515626,-0.2665477991104126,-0.2385137677192688,0.14696228504180908
1788957435715024600,13.277024658203125,-0.22792744636535645,-0.2923083007335663,0.15251630544662476
1788957435725075700,13.28707568359375,-0.23165586590766907,-0.36617451906204224,0.10438286513090134
1788957435735125800,13.297125732421875,-0.2893631160259247,-0.3935997486114502,-0.007908523082733154
1788957435745175800,13.30717578125,-0.379978746175766,-0.37300074100494385,-0.13483451306819916
1788957435755225900,13.317225830078126,-0.43819358944892883,-0.31726983189582825,-0.18593710660934448
1788957435765277000,13.32727685546875,-0.48474031686782837,-0.2957237958908081,-0.20060047507286072
1788957435775326700,13.33732666015625,-0.49103790521621704,-0.2939719557762146,-0.13231037557125092
1788957435785376800,13.347376708984376,-0.4455724060535431,-0.3044035732746124,0.02046825736761093
1788957435795426800,13.3574267578125,-0.3722550570964813,-0.26067447662353516,0.26838457584381104
1788957435805478000,13.367477783203125,-0.28888267278671265,-0.19681692123413086,0.5412571430206299
1788957435815528000,13.37752783203125,-0.22191375494003296,-0.11214091628789902,0.7773804664611816
1788957435825577700,13.38757763671875,-0.1961604505777359,-0.010980213060975075,0.9051346778869629
1788957435835627800,13.397627685546874,-0.16516898572444916,0.10007306933403015,0.9628885388374329
1788957435845677800,13.407677734375,-0.126701220870018,0.14124846458435059,0.8787829875946045
1788957435855729000,13.41772900390625,-0.08076968044042587,0.16999968886375427,0.6039591431617737
1788957435865779000,13.427779052734374,-0.14639316499233246,0.09418748319149017,0.36137497425079346
1788957435875828700,13.437828857421875,-0.23005317151546478,0.02972806803882122,0.20043376088142395
1788957435885878800,13.447878662109375,-0.31166040897369385,-0.05186506360769272,0.01805330254137516
1788957435895929900,13.457929931640624,-0.28762567043304443,-0.12384924292564392,-0.1734788417816162
1788957435905980000,13.46797998046875,-0.2161884903907776,-0.19201365113258362,-0.36545121669769287
1788957435916029700,13.47802978515625,-0.15772251784801483,-0.24303102493286133,-0.526842474937439
1788957435926079700,13.488079833984376,-0.16108156740665436,-0.24439376592636108,-0.6517849564552307
1788957435936130800,13.498130859375,-0.21625374257564545,-0.23166678845882416,-0.7132073044776917
1788957435946180900,13.508180908203125,-0.2952183187007904,-0.20730312168598175,-0.7077332139015198
1788957435956231000,13.51823095703125,-0.2281644642353058,-0.17110969126224518,-0.635988175868988
1788957435966280700,13.52828076171875,-0.10229308158159256,-0.11263413727283478,-0.47631993889808655
1788957435976330800,13.538330810546874,0.07861385494470596,-0.018929217010736465,-0.19111855328083038
1788957435986381800,13.5483818359375,0.18597519397735596,0.054734617471694946,0.1035492941737175
1788957435996432000,13.558431884765625,0.22150416672229767,0.14637638628482819,0.3773885667324066
1788957436006482000,13.56848193359375,0.2349129170179367,0.21436955034732819,0.6029378175735474
1788957436016531700,13.57853173828125,0.22839055955410004,0.24596156179904938,0.6074391007423401
1788957436026582800,13.588582763671875,0.1788128912448883,0.23680855333805084,0.4319884181022644
1788957436036632800,13.5986328125,0.11474335938692093,0.22774821519851685,0.305036336183548
1788957436046683000,13.608682861328125,0.05746648833155632,0.15858352184295654,0.27815890312194824
1788957436056733000,13.61873291015625,-0.004789961501955986,0.015155516564846039,0.22559264302253723
1788957436066784000,13.628783935546876,-0.0682767927646637,-0.05122377350926399,0.15521222352981567
1788957436076833800,13.638833740234375,-0.11450527608394623,-0.06518752872943878,0.1575866937637329
1788957436086883800,13.6488837890625,-0.14100852608680725,-0.09040659666061401,0.2165248543024063
1788957436096934000,13.658933837890626,-0.11932053416967392,-0.14028094708919525,0.28283968567848206
1788957436106985000,13.66898486328125,-0.06627409160137177,-0.21708357334136963,0.2947477400302887
1788957436117035000,13.679034912109374,0.004363056737929583,-0.2664276957511902,0.26824185252189636
1788957436127084800,13.689084716796875,-0.003707386553287506,-0.2654399275779724,0.1428317129611969
1788957436137134800,13.699134765625,-0.04863731190562248,-0.21068745851516724,-0.01967516727745533
1788957436147185000,13.709184814453126,-0.04460528492927551,-0.14279337227344513,-0.04585723578929901
1788957436157236000,13.719236083984375,0.0018761969404295087,-0.14904913306236267,0.024206535890698433
1788957436167286000,13.7292861328125,0.05668671429157257,-0.1308933049440384,0.06604666262865067
1788957436177335800,13.739335693359376,0.06572548300027847,-0.11918365210294724,-0.02263473905622959
1788957436187385900,13.7493857421875,0.02798609435558319,-0.11875780671834946,-0.18081451952457428
1788957436197437000,13.75943701171875,-0.021189972758293152,-0.10290534049272537,-0.33519476652145386
1788957436207487000,13.769487060546876,-0.03367620334029198,-0.07658958435058594,-0.433775395154953
1788957436217536800,13.779536865234375,0.042452383786439896,-0.03929094597697258,-0.4764850437641144
1788957436227586800,13.7895869140625,0.1725746989250183,-0.01483700331300497,-0.45323193073272705
1788957436237637600,13.7996376953125,0.31849169731140137,0.033300966024398804,-0.33054250478744507
1788957436247688000,13.80968798828125,0.39067479968070984,0.08290553838014603,-0.26593634486198425
1788957436257738000,13.819738037109374,0.3914330005645752,0.14500725269317627,-0.27518177032470703
1788957436267788000,13.8297880859375,0.4036113917827606,0.2186814695596695,-0.18165022134780884
1788957436277837800,13.839837890625,0.41584673523902893,0.25948962569236755,-0.032272983342409134
1788957436287888600,13.849888671875,0.40793314576148987,0.3520589768886566,0.07296928018331528
1788957436297939000,13.85993896484375,0.4001263678073883,0.34948742389678955,0.11130735278129578
1788957436307989000,13.869989013671875,0.41580280661582947,0.25960013270378113,0.13855494558811188
1788957436318039000,13.8800390625,0.3984256684780121,0.1525818258523941,0.13669046759605408
1788957436328089900,13.89008984375,0.3721866011619568,0.08925984054803848,0.09675797075033188
1788957436338139600,13.9001396484375,0.3256707787513733,0.005675462540239096,0.02996375784277916
1788957436348190000,13.91018994140625,0.2805408537387848,-0.08468665927648544,0.006339654792100191
1788957436358240000,13.920239990234375,0.27358919382095337,-0.1263992190361023,0.01912788860499859
1788957436368290800,13.930290771484374,0.29800745844841003,-0.12731987237930298,0.015964584425091743
1788957436378340900,13.9403408203125,0.3401658236980438,-0.1726655215024948,0.019573701545596123
1788957436388390700,13.950390625,0.36451563239097595,-0.2553553283214569,0.007996407337486744
1788957436398441000,13.96044091796875,0.3668355345726013,-0.3129930794239044,-0.0803036242723465
1788957436408491000,13.970490966796875,0.3779049515724182,-0.34820565581321716,-0.12849566340446472
1788957436418541800,13.980541748046875,0.3916969299316406,-0.40562179684638977,-0.11146580427885056
1788957436428591600,13.990591552734376,0.39231663942337036,-0.4047432243824005,-0.05686621367931366
1788957436438641700,14.0006416015625,0.3601086437702179,-0.4003426134586334,0.04161908105015755
1788957436448692000,14.01069189453125,0.26990577578544617,-0.3540736436843872,0.08875623345375061
1788957436458742800,14.02074267578125,0.13412398099899292,-0.2962343394756317,0.03795137628912926
1788957436468792800,14.030792724609375,0.02779567800462246,-0.24454210698604584,-0.04784794896841049
1788957436478842600,14.040842529296874,0.028308337554335594,-0.26167741417884827,-0.047269511967897415
1788957436488892700,14.050892578125,0.09898623824119568,-0.32588890194892883,-0.017606424167752266
1788957436498943000,14.06094287109375,0.12524180114269257,-0.3951646387577057,-0.029758960008621216
1788957436508993800,14.070993896484374,0.07438874989748001,-0.4441524147987366,-0.0629161149263382
1788957436519043800,14.0810439453125,-0.00851252768188715,-0.4155609905719757,-0.0894601047039032
1788957436529093600,14.09109375,-0.10603082925081253,-0.30575913190841675,-0.12582556903362274
1788957436539143700,14.101143798828126,-0.17374488711357117,-0.2609002888202667,-0.06639952957630157
1788957436549194800,14.11119482421875,-0.034992605447769165,-0.1466275304555893,0.10474105924367905
1788957436559244800,14.121244873046875,0.10670620948076248,0.03448633849620819,0.30711039900779724
1788957436569294800,14.131294921875,0.12394697964191437,0.12452994287014008,0.5009787082672119
1788957436579344600,14.1413447265625,0.058641742914915085,0.1219184473156929,0.6017425656318665
1788957436589395700,14.151395751953125,-0.07416237890720367,0.08875037729740143,0.5091249942779541
1788957436599445800,14.16144580078125,-0.1501237154006958,0.12343112379312515,0.27022215723991394
1788957436609495800,14.171495849609375,-0.11696017533540726,0.1811860352754593,0.15121908485889435
1788957436619545900,14.1815458984375,0.023456590250134468,0.08167142421007156,0.15426626801490784
1788957436629595600,14.191595703125,0.1308261901140213,-0.10048745572566986,0.15673555433750153
1788957436639646700,14.201646728515625,0.10761647671461105,-0.3624168038368225,0.14914314448833466
1788957436649696800,14.21169677734375,-0.03789358586072922,-0.579062283039093,0.13406112790107727
1788957436659746800,14.221746826171875,-0.20846159756183624,-0.6912538409233093,0.11474122852087021
1788957436669796900,14.231796875,-0.3261842429637909,-0.6722396612167358,0.11524057388305664
1788957436679848000,14.241847900390624,-0.35604918003082275,-0.5593538284301758,0.1531008630990982
1788957436689897700,14.251897705078125,-0.31483304500579834,-0.41778260469436646,0.22062692046165466
1788957436699947800,14.26194775390625,-0.28752046823501587,-0.362082839012146,0.18753208220005035
1788957436709997800,14.271997802734376,-0.2893868088722229,-0.21576504409313202,0.07097670435905457
1788957436720049000,14.282048828125,-0.2167261838912964,0.10046029090881348,0.07802768796682358
1788957436730099000,14.292098876953125,-0.1102314293384552,0.3239106833934784,0.11291350424289703
1788957436740148700,14.302148681640626,0.009119728580117226,0.4834691882133484,0.181303471326828
1788957436750198800,14.31219873046875,0.09068622440099716,0.3972160518169403,0.2607692778110504
1788957436760248800,14.322248779296874,0.06703362613916397,0.2939471900463104,0.21195831894874573
1788957436770300000,14.3322998046875,-0.029832197353243828,0.2786542773246765,0.09742801636457443
1788957436780349700,14.342349609375,-0.12599335610866547,0.29486653208732605,-0.051791027188301086
1788957436790399700,14.352399658203124,-0.16100353002548218,0.37303268909454346,-0.09661335498094559
1788957436800449800,14.36244970703125,-0.14705495536327362,0.47201812267303467,-0.024220917373895645
1788957436810500900,14.3725009765625,-0.10798558592796326,0.5483784079551697,0.03606079891324043
1788957436820551000,14.382551025390624,-0.11388955265283585,0.5658655166625977,0.08020775020122528
1788957436830600700,14.3926005859375,-0.17598195374011993,0.5564491152763367,0.08411993831396103
1788957436840650800,14.402650634765624,-0.27333754301071167,0.5635073184967041,0.07612752169370651
1788957436850701800,14.412701904296876,-0.36016350984573364,0.6075376272201538,0.07472723722457886
1788957436860752000,14.422751953125,-0.38430720567703247,0.6311465501785278,0.08469118177890778
1788957436870802000,14.432802001953124,-0.3186488151550293,0.6588950753211975,0.1277821958065033
1788957436880851700,14.442851806640626,-0.22263360023498535,0.6278902888298035,0.1767508089542389
1788957436890901800,14.45290185546875,-0.1566612422466278,0.6134080290794373,0.1756485253572464
1788957436900952800,14.462952880859374,-0.13115721940994263,0.5812287926673889,0.11948325484991074
1788957436911003000,14.4730029296875,-0.1634131669998169,0.4294128715991974,-0.05386243388056755
1788957436921053000,14.483052978515625,-0.15891455113887787,0.2743077278137207,-0.1664411723613739
1788957436931102700,14.493102783203126,-0.1151508241891861,0.2347659021615982,-0.19465497136116028
1788957436941153800,14.50315380859375,-0.10314635932445526,0.2520413100719452,-0.21726280450820923
1788957436951203800,14.513203857421875,-0.06387192010879517,0.2279767096042633,-0.20956920087337494
1788957436961254000,14.52325390625,-0.03617451712489128,0.21107548475265503,-0.20762190222740173
1788957436971304000,14.533303955078125,-0.007497863844037056,0.17927415668964386,-0.17553001642227173
1788957436981355000,14.54335498046875,0.03482562303543091,0.14074966311454773,-0.11168552190065384
1788957436991404800,14.55340478515625,0.07514242082834244,0.20571401715278625,-0.015591476112604141
1788957437001454800,14.563454833984375,0.0855410024523735,0.23383140563964844,0.09501039981842041
1788957437011505000,14.5735048828125,0.0073021212592720985,0.2924878001213074,0.1402852088212967
1788957437021555000,14.583554931640625,-0.053526606410741806,0.4321916401386261,0.09968637675046921
1788957437031606000,14.59360595703125,-0.11284799128770828,0.5259876251220703,0.014502775855362415
1788957437041655800,14.60365576171875,-0.07335437834262848,0.49637940526008606,-0.10271971672773361
1788957437051705900,14.613705810546875,-0.022119151428341866,0.5103884339332581,-0.23531638085842133
1788957437061756000,14.623755859375,0.006747917737811804,0.517571747303009,-0.33283522725105286
1788957437071807000,14.633806884765624,0.025669144466519356,0.3982168734073639,-0.3507806658744812
1788957437081856800,14.643856689453125,0.034560106694698334,0.2097172737121582,-0.25867974758148193
1788957437091906800,14.65390673828125,-0.0031558459158986807,0.1362989842891693,-0.12687912583351135
1788957437101956900,14.663956787109376,-0.013887586072087288,0.20658433437347412,-0.037272803485393524
1788957437112007000,14.6740068359375,0.06189452484250069,0.31372329592704773,0.03934820368885994
1788957437122058000,14.68405810546875,0.16062909364700317,0.3807784914970398,0.07383587211370468
1788957437132107800,14.694107666015626,0.24908305704593658,0.4151034653186798,0.08899964392185211
1788957437142157800,14.70415771484375,0.2886544466018677,0.4680774509906769,0.09789486974477768
1788957437152208000,14.714207763671874,0.2810378074645996,0.5951811075210571,0.11918365210294724
1788957437162259000,14.724259033203126,0.24691897630691528,0.7344439029693604,0.09140607714653015
1788957437172309000,14.73430908203125,0.2503153085708618,0.6447965502738953,0.02364940382540226
1788957437182358800,14.74435888671875,0.30005943775177,0.39433079957962036,-0.043907538056373596
1788957437192408800,14.754408935546875,0.28034430742263794,0.08955065160989761,-0.15169818699359894
1788957437202460000,14.7644599609375,0.18448488414287567,-0.1527235060930252,-0.19366507232189178
1788957437212510000,14.774510009765624,0.07494507730007172,-0.32347312569618225,-0.10829371958971024
1788957437222560000,14.78456005859375,-0.09629883617162704,-0.2980351448059082,-0.076259084045887
1788957437232609800,14.79460986328125,-0.2903575301170349,-0.29535016417503357,-0.22849203646183014
1788957437242659800,14.804659912109376,-0.3853681981563568,-0.21183182299137115,-0.3606492578983307
1788957437252711000,14.8147109375,-0.33288368582725525,-0.14371562004089355,-0.3134330213069916
1788957437262761500,14.824761474609375,-0.1058417409658432,-0.24107599258422852,-0.0869828388094902
1788957437272811500,14.8348115234375,0.13942474126815796,-0.2945381700992584,0.1967647224664688
1788957437282861600,14.844861572265625,0.2220786064863205,-0.25503841042518616,0.31983497738838196
1788957437292912400,14.854912353515624,0.16537697613239288,-0.02702123112976551,0.25838708877563477
1788957437302962400,14.86496240234375,0.06408071517944336,0.29294291138648987,0.08864118903875351
1788957437313012500,14.875012451171875,-0.042998068034648895,0.47247061133384705,-0.07262919843196869
1788957437323062500,14.8850625,-0.07261108607053757,0.45636993646621704,-0.10101982206106186
1788957437333113300,14.89511328125,-0.016496950760483742,0.31906425952911377,-0.05564488470554352
1788957437343163400,14.905163330078125,0.05001469701528549,0.3233639597892761,-0.02653547003865242
1788957437353213400,14.91521337890625,-0.01835850067436695,0.209995836019516,-0.10199347883462906
1788957437363263500,14.925263427734375,-0.19286400079727173,0.21834725141525269,-0.1576535403728485
1788957437373313500,14.9353134765625,-0.2278001457452774,-0.10749130696058273,-0.1279079020023346
1788957437383364400,14.9453642578125,-0.20222820341587067,-0.2961648106575012,-0.04595097899436951
1788957437393414400,14.955414306640625,-0.07792995125055313,-0.29097431898117065,0.04983599856495857
1788957437403464200,14.965464111328124,0.011603925377130508,-0.23743198812007904,0.002612028270959854
1788957437413514500,14.975514404296876,0.004673847462981939,-0.08379503339529037,-0.18918536603450775
1788957437423565300,14.9855654296875,-0.0223817378282547,0.004606735892593861,-0.4098375737667084
1788957437433615400,14.995615478515624,-0.07203264534473419,-0.04500289633870125,-0.5899495482444763
1788957437443665400,15.00566552734375,-0.051961734890937805,0.04442046210169792,-0.6850736737251282
1788957437453715200,15.015715087890625,0.045468948781490326,0.0029318740125745535,-0.6704604029655457
1788957437463766300,15.025766357421874,0.15252909064292908,-0.005909288302063942,-0.5761165618896484
1788957437473816300,15.03581640625,0.20846106112003326,0.006892260629683733,-0.43991291522979736
1788957437483866400,15.045866455078125,0.19121628999710083,0.049805641174316406,-0.3395719528198242
1788957437493916400,15.05591650390625,0.05817462131381035,0.17636118829250336,-0.33422619104385376
1788957437503966200,15.06596630859375,-0.09220476448535919,0.18667641282081604,-0.3411666452884674
1788957437514017300,15.076017333984375,-0.1716013103723526,0.23255415260791779,-0.33919456601142883
1788957437524067300,15.0860673828125,-0.13611122965812683,0.20451132953166962,-0.2578411400318146
1788957437534117400,15.096117431640625,-0.07260283082723618,0.12052055448293686,-0.1880660504102707
1788957437544167400,15.10616748046875,-0.06621310859918594,0.0935259535908699,-0.1278117597103119
1788957437554218500,15.116218505859376,-0.09623918682336807,0.0966021716594696,-0.08657190948724747
1788957437564268300,15.126268310546875,-0.1311902403831482,0.09795958548784256,-0.055274173617362976
1788957437574318300,15.136318359375,-0.14976899325847626,0.14584508538246155,-0.03293904289603233
1788957437584368400,15.146368408203125,-0.1530529260635376,0.22202986478805542,-0.05150020867586136
1788957437594418400,15.15641845703125,-0.13368456065654755,0.3547447621822357,-0.03371135890483856
1788957437604469500,15.166469482421874,-0.0919155403971672,0.38480040431022644,0.003319896524772048
1788957437614519300,15.176519287109375,-0.06826826930046082,0.318892240524292,-0.023734357208013535
1788957437624569300,15.1865693359375,-0.034805119037628174,0.1643362194299698,0.0016293219523504376
1788957437634619400,15.196619384765626,-0.0014620753936469555,0.07926872372627258,0.052256811410188675
1788957437644670500,15.20667041015625,0.008470715954899788,0.049668751657009125,0.06969359517097473
1788957437654720500,15.216720458984375,-0.039516251534223557,0.06172088906168938,-0.03379764407873154
1788957437664770300,15.226770263671876,-0.09990262985229492,0.1564820110797882,-0.20399467647075653
1788957437674820400,15.2368203125,-0.120249442756176,0.19114519655704498,-0.35022857785224915
1788957437684870400,15.246870361328124,-0.11441339552402496,0.2523936331272125,-0.3662743866443634
1788957437694921500,15.25692138671875,-0.0909767746925354,0.31400108337402344,-0.2495504468679428
1788957437704971300,15.26697119140625,-0.140785351395607,0.3181862235069275,-0.1550644189119339
1788957437715021300,15.277021240234374,-0.16677141189575195,0.3086811304092407,-0.0073418025858700275
1788957437725071400,15.2870712890625,-0.14962996542453766,0.2932949960231781,0.14469780027866364
1788957437735122400,15.297122314453125,-0.13926681876182556,0.30311620235443115,0.2016705423593521
1788957437745172500,15.30717236328125,-0.11340618878602982,0.217966690659523,0.1991668939590454
1788957437755222300,15.31722216796875,-0.07010345160961151,0.12120871245861053,0.20390306413173676
1788957437765272300,15.327272216796874,-0.011498996987938881,0.028321653604507446,0.24733681976795197
1788957437775323400,15.337323486328126,0.0250848475843668,-0.033315613865852356,0.285238653421402
1788957437785373400,15.34737353515625,0.023935692384839058,-0.08356253802776337,0.2339472472667694
1788957437795423500,15.357423583984374,0.00926460511982441,-0.10330028831958771,0.20380239188671112
1788957437805473300,15.367473388671876,0.01576405018568039,-0.14697639644145966,0.2725452482700348
1788957437815523300,15.3775234375,0.05332979932427406,-0.17031846940517426,0.41343045234680176
1788957437825574400,15.387574462890624,0.049305230379104614,-0.16152417659759521,0.4500694274902344
1788957437835624400,15.39762451171875,-0.01757952570915222,-0.14690423011779785,0.3496549427509308
1788957437845674500,15.407674560546875,-0.08601770550012589,-0.09321649372577667,0.15924344956874847
1788957437855724300,15.417724365234376,-0.03219149261713028,-0.025712819769978523,-0.0016652746126055717
1788957437865775400,15.427775390625,0.045640189200639725,-0.0038045919500291348,0.01924773119390011
1788957437875825400,15.437825439453125,0.07240655273199081,0.013803429901599884,0.21988283097743988
1788957437885875500,15.44787548828125,0.02497006393969059,0.027638552710413933,0.44693756103515625
1788957437895925500,15.457925537109375,-0.09114348888397217,0.06111901253461838,0.4575888514518738
1788957437905976600,15.4679765625,-0.28550949692726135,0.16107650101184845,0.24205657839775085
1788957437916026400,15.4780263671875,-0.47902625799179077,0.20991913974285126,0.06924644857645035
1788957437926076400,15.488076416015625,-0.49252259731292725,0.24922794103622437,0.1460442841053009
1788957437936126500,15.49812646484375,-0.3086462616920471,0.31933191418647766,0.3622753918170929
1788957437946176500,15.508176513671875,-0.03570526838302612,0.31269240379333496,0.529524028301239
1788957437956227600,15.5182275390625,0.18029414117336273,0.20288147032260895,0.5880454182624817
1788957437966277400,15.52827734375,0.19997888803482056,0.12363965064287186,0.505757749080658
1788957437976327400,15.538327392578125,0.03780490159988403,0.0878630131483078,0.2941592037677765
1788957437986377500,15.54837744140625,-0.1437142938375473,0.08135771006345749,0.08092440664768219
1788957437996428500,15.558428466796874,-0.20607833564281464,0.11552446335554123,0.047036219388246536
1788957438006478600,15.568478515625,-0.13691604137420654,0.17282210290431976,0.13889184594154358
1788957438016528400,15.5785283203125,-0.01744583621621132,0.1521085798740387,0.1626749336719513
1788957438026578400,15.588578369140626,0.11556974053382874,0.10438286513090134,0.15219806134700775
1788957438036628500,15.59862841796875,0.2353280931711197,0.06139438599348068,0.1641463339328766
1788957438046679600,15.608679443359375,0.2841355800628662,0.024992700666189194,0.08223122358322144
1788957438056729300,15.618729248046876,0.2526695430278778,0.06679368019104004,-0.10702631622552872
1788957438066779400,15.628779296875,0.1410876214504242,0.06866455078125,-0.25916364789009094
1788957438076829400,15.638829345703124,0.07466305047273636,0.08501848578453064,-0.3060656487941742
1788957438086880500,15.648880615234376,0.0820341482758522,0.11558891087770462,-0.24013377726078033
1788957438096930600,15.6589306640625,0.1301065981388092,0.14701049029827118,-0.2135399729013443
1788957438106980400,15.66898046875,0.18055087327957153,0.0680762529373169,-0.24111753702163696
1788957438117030400,15.679030517578125,0.24029888212680817,-0.05799273028969765,-0.2284637987613678
1788957438127080400,15.68908056640625,0.22421260178089142,-0.11488530784845352,-0.15756405889987946
1788957438137131500,15.699131591796874,0.17400935292243958,-0.1449611783027649,-0.01158741395920515
1788957438147181600,15.709181640625,0.10007626563310623,-0.11252867430448532,0.15352964401245117
1788957438157231400,15.7192314453125,0.08379556238651276,-0.04947087913751602,0.26250165700912476
1788957438167281400,15.729281494140626,0.11457131803035736,-0.04140230268239975,0.30332738161087036
1788957438177332500,15.73933251953125,0.17539365589618683,-0.018189122900366783,0.30485790967941284
1788957438187382500,15.749382568359374,0.24385100603103638,0.014216220006346703,0.3400934040546417
1788957438197432600,15.7594326171875,0.28331294655799866,0.09289132803678513,0.3183702528476715
1788957438207482400,15.769482421875,0.2614012360572815,0.058277953416109085,0.2517677843570709
1788957438217533400,15.779533447265624,0.24108345806598663,-0.11914823204278946,0.26889723539352417
1788957438227583500,15.78958349609375,0.2906597852706909,-0.190792053937912,0.4185362756252289
1788957438237633500,15.799633544921875,0.3801206946372986,-0.19755728542804718,0.5611599683761597
1788957438247683600,15.80968359375,0.3777318596839905,-0.10275407880544662,0.515690267086029
1788957438257733400,15.8197333984375,0.2833710014820099,-0.09506472945213318,0.3136495351791382
1788957438267784400,15.829784423828125,0.14157018065452576,-0.13405340909957886,0.0760636106133461
1788957438277834500,15.83983447265625,0.08741959184408188,-0.14415264129638672,-0.05356362462043762
1788957438287884300,15.84988427734375,0.20241808891296387,-0.26329928636550903,-0.008775648660957813
1788957438297934300,15.859934326171874,0.3770364820957184,-0.41766834259033203,0.17695294320583344
1788957438307985400,15.8699853515625,0.5461887717247009,-0.5378288626670837,0.4101438522338867
1788957438318035500,15.880035400390625,0.6114543080329895,-0.5308553576469421,0.45816677808761597
1788957438328085500,15.89008544921875,0.5836165547370911,-0.44760841131210327,0.33719080686569214
1788957438338135300,15.90013525390625,0.5643994808197021,-0.42244020104408264,0.23288464546203613
1788957438348185300,15.910185302734375,0.5668788552284241,-0.30441874265670776,0.1425614058971405
1788957438358236400,15.920236328125,0.5701244473457336,-0.09774280339479446,0.03151611611247063
1788957438368286500,15.930286376953125,0.5857846736907959,-0.01618722639977932,-0.029584523290395737
1788957438378336300,15.940336181640625,0.5669355988502502,-0.10502761602401733,-0.05766009911894798
1788957438388386300,15.95038623046875,0.4876897633075714,-0.16623558104038239,-0.0859612450003624
1788957438398437400,15.960437255859375,0.3730614483356476,-0.27657726407051086,-0.11187886446714401
1788957438408487400,15.9704873046875,0.3588835895061493,-0.3097389340400696,-0.07768654078245163
1788957438418537500,15.980537353515626,0.3646796941757202,-0.2932113707065582,-0.11442484706640244
1788957438428587300,15.990587158203125,0.38015294075012207,-0.2266712188720703,-0.25754737854003906
1788957438438637300,16.00063720703125,0.47233638167381287,-0.1166299432516098,-0.42537474632263184
1788957438448688400,16.0106884765625,0.5517047047615051,-0.37197116017341614,-0.5371049642562866
1788957438458738400,16.020738525390627,0.5962008237838745,-0.27540308237075806,-0.601335883140564
1788957438468788500,16.03078857421875,0.5511462688446045,-0.17943553626537323,-0.622774600982666
1788957438478838300,16.04083837890625,0.42083272337913513,-0.09257813543081284,-0.6734876036643982
1788957438488889300,16.050889404296875,0.30616578459739685,-0.0036011263728141785,-0.7646846175193787
1788957438498939400,16.060939453125,0.39958706498146057,0.015372298657894135,-0.8131904006004333
1788957438508989400,16.070989501953125,0.5490657687187195,-0.1419195830821991,-0.8308252692222595
1788957438519039500,16.08103955078125,0.6502978801727295,-0.4082798957824707,-0.8772354125976562
1788957438529090300,16.09109033203125,0.6554684042930603,-0.45192191004753113,-0.8658410906791687
1788957438539140400,16.101140380859373,0.5649685859680176,-0.5648066401481628,-0.7826577425003052
1788957438549190400,16.1111904296875,0.4234292805194855,-0.5576491355895996,-0.6124279499053955
1788957438559240400,16.121240478515624,0.256430983543396,-0.49779754877090454,-0.38323792815208435
1788957438569290500,16.13129052734375,0.13702043890953064,-0.5511062741279602,-0.14488928020000458
1788957438579341300,16.14134130859375,0.1070108711719513,-0.6255693435668945,0.07373041659593582
1788957438589391000,16.15139111328125,0.21228189766407013,-0.7044969201087952,0.32161691784858704
1788957438599441400,16.16144140625,0.33747363090515137,-0.7138837575912476,0.6216126680374146
1788957438609491500,16.171491455078126,0.4249638020992279,-0.5923392176628113,0.7073531746864319
1788957438619542300,16.181542236328124,0.3700542151927948,-0.6212672591209412,0.6141182780265808
1788957438629592300,16.19159228515625,0.21889665722846985,-0.37922587990760803,0.3857540786266327
1788957438639642000,16.20164208984375,-0.005961752496659756,-0.3446628451347351,0.30795276165008545
1788957438649692400,16.2116923828125,-0.1933782547712326,-0.3641026020050049,0.3985322117805481
1788957438659742500,16.221742431640624,-0.487082839012146,0.08075929433107376,0.4712037444114685
1788957438669793300,16.231793212890626,-0.9458613395690918,0.3258225619792938,0.3063596487045288
1788957438679843000,16.241843017578127,-0.8133943676948547,1.04268479347229,-0.05118435621261597
1788957438689893000,16.25189306640625,-0.18030932545661926,1.5052911043167114,-1.0132094621658325
1788957438699943400,16.261943359375,0.14667946100234985,1.5217489004135132,-1.9032081365585327
1788957438709994200,16.271994140625,0.30552342534065247,2.166527509689331,-2.249368667602539
1788957438720044300,16.282044189453124,0.30401819944381714,2.402665615081787,-2.7551188468933105
1788957438730094000,16.292093994140625,0.26349955797195435,2.4893579483032227,-3.205997943878174
1788957438740144000,16.30214404296875,0.18779972195625305,2.668607711791992,-3.2366831302642822
1788957438750194400,16.3121943359375,-0.23921550810337067,3.330044746398926,-2.7315995693206787
1788957438760245200,16.322245361328125,-1.255117416381836,3.5233702659606934,-2.1958842277526855
1788957438770295300,16.33229541015625,-2.110316038131714,3.7130372524261475,-1.5897502899169922
1788957438780345000,16.342344970703124,-2.510871648788452,3.5248427391052246,-1.0533510446548462
1788957438790395100,16.35239501953125,-2.579408884048462,3.3373770713806152,-0.7206175923347473
1788957438800446200,16.3624462890625,-2.515608310699463,3.4940829277038574,-0.5545470714569092
1788957438810496300,16.372496337890624,-2.4785091876983643,3.316556930541992,-0.6809308528900146
1788957438820546300,16.38254638671875,-2.5679640769958496,3.400193214416504,-1.031237244606018
1788957438830596000,16.39259619140625,-2.807523727416992,3.593855857849121,-1.637734055519104
1788957438840647200,16.402647216796876,-3.1642303466796875,3.898979902267456,-2.2651374340057373
1788957438850697200,16.412697265625,-3.6767959594726562,4.214565277099609,-2.8606085777282715
1788957438860747300,16.422747314453126,-4.111438751220703,4.535165309906006,-3.1135518550872803
1788957438870797300,16.43279736328125,-4.189512729644775,4.357116222381592,-3.159994125366211
1788957438880847000,16.44284716796875,-3.8383474349975586,3.945023775100708,-3.1071557998657227
1788957438890898200,16.452898193359374,-3.196545124053955,3.3672680854797363,-2.9972071647644043
1788957438900948200,16.4629482421875,-2.368976593017578,2.95233154296875,-2.862192153930664
1788957438910998300,16.472998291015625,-1.6312791109085083,2.536396026611328,-2.685985803604126
1788957438921048300,16.48304833984375,-1.1875351667404175,2.0590085983276367,-2.572175979614258
1788957438931099400,16.493099365234375,-0.9613745212554932,1.8762627840042114,-2.4977920055389404
1788957438941149200,16.503149169921876,-0.9590067267417908,1.7332526445388794,-2.49466609954834
1788957438951199200,16.51319921875,-1.087432622909546,1.7159383296966553,-2.4457168579101562
1788957438961249300,16.523249267578127,-1.2536487579345703,1.6624008417129517,-2.345045566558838
1788957438971299300,16.53329931640625,-1.4726321697235107,1.4494483470916748,-2.220123529434204
1788957438981350400,16.543350341796874,-1.7274894714355469,1.320946216583252,-2.042786121368408
1788957438991400200,16.553400146484375,-1.982694387435913,1.088470458984375,-1.7495239973068237
1788957439001450200,16.5634501953125,-2.2401883602142334,0.7264320254325867,-1.4582191705703735
1788957439011500300,16.573500244140625,-2.448158025741577,0.339668869972229,-1.2276216745376587
1788957439021551400,16.58355126953125,-2.4340980052948,0.09281622618436813,-1.095337152481079
1788957439031601200,16.59360107421875,-2.297685384750366,-0.06403357535600662,-1.0810140371322632
1788957439041651200,16.603651123046873,-2.097001791000366,-0.11764807254076004,-1.1516762971878052
1788957439051701200,16.613701171875,-1.9072270393371582,-0.2585793435573578,-1.2453287839889526
1788957439061751300,16.623751220703124,-1.7105039358139038,-0.9647359848022461,-1.3530727624893188
1788957439071802400,16.63380224609375,-1.5189975500106812,-1.6480604410171509,-1.4713661670684814
1788957439081852200,16.64385205078125,-1.3650099039077759,-1.9921715259552002,-1.617493748664856
1788957439091902200,16.653902099609375,-1.2145910263061523,-2.1802377700805664,-1.8119335174560547
1788957439101952300,16.6639521484375,-1.0455658435821533,-2.2504289150238037,-2.0515670776367188
1788957439112003300,16.67400341796875,-0.8591623902320862,-2.3223910331726074,-2.3006536960601807
1788957439122053400,16.684053466796875,-0.6436652541160583,-2.518826723098755,-2.5347447395324707
1788957439132103200,16.694103271484376,-0.5202948451042175,-2.59513783454895,-2.7262651920318604
1788957439142153200,16.7041533203125,-0.6376558542251587,-2.6142425537109375,-2.8928558826446533
1788957439152204300,16.714204345703124,-1.032808542251587,-2.9670233726501465,-3.102656126022339
1788957439162254300,16.72425439453125,-1.6543567180633545,-3.2805004119873047,-3.2690682411193848
1788957439172304400,16.734304443359374,-2.3404126167297363,-3.1212830543518066,-3.2615973949432373
1788957439182354200,16.744354248046875,-2.8992888927459717,-3.0907704830169678,-3.1681201457977295
1788957439192404200,16.754404296875,-3.2605063915252686,-3.2888991832733154,-3.032475233078003
1788957439202455300,16.764455322265626,-3.3909499645233154,-3.4579827785491943,-2.830612897872925
1788957439212505300,16.77450537109375,-3.3354759216308594,-3.304386615753174,-2.536947727203369
1788957439222555400,16.784555419921876,-3.0969581604003906,-3.156620740890503,-2.142981767654419
1788957439232605200,16.794605224609374,-2.6812996864318848,-3.211219072341919,-1.697206735610962
1788957439242656300,16.80465625,-2.1194815635681152,-3.504202365875244,-1.2192156314849854
1788957439252706300,16.814706298828124,-1.5509158372879028,-3.678441047668457,-0.7454675436019897
1788957439262755800,16.824755859375,-1.0462130308151245,-3.4321365356445312,-0.2831054627895355
1788957439272806000,16.834805908203126,-0.5617722272872925,-2.829957962036133,0.11592979729175568
1788957439282857000,16.84485693359375,-0.0557897612452507,-1.9337068796157837,0.4630368947982788
1788957439292907000,16.854906982421873,0.42122524976730347,-0.9298980832099915,0.8048698306083679
1788957439302957000,16.86495703125,0.8151739239692688,0.06625944375991821,1.1677117347717285
1788957439313006800,16.8750068359375,1.1070984601974487,0.8820748925209045,1.5770139694213867
1788957439323057000,16.885056884765625,1.1618328094482422,0.8317065238952637,1.7971091270446777
1788957439333108000,16.89510791015625,0.9826622009277344,0.2793664038181305,1.7692995071411133
1788957439343158000,16.905157958984375,0.5532459020614624,-0.20921820402145386,1.6510664224624634
1788957439353208000,16.9152080078125,-0.017550498247146606,-0.7861108183860779,1.3945258855819702
1788957439363257900,16.9252578125,-0.624720573425293,-1.2643083333969116,1.1027742624282837
1788957439373309000,16.935308837890624,-1.1128817796707153,-1.6302098035812378,0.8077226281166077
1788957439383359000,16.94535888671875,-1.4110287427902222,-1.7772096395492554,0.5749716758728027
1788957439393409000,16.955408935546874,-1.5216004848480225,-1.7018734216690063,0.45030084252357483
1788957439403459000,16.965458984375,-1.460290551185608,-1.5255584716796875,0.4481508731842041
1788957439413510100,16.97551025390625,-1.2652620077133179,-1.3607133626937866,0.5348519682884216
1788957439423560000,16.985559814453126,-0.9990279078483582,-1.2482632398605347,0.6357071995735168
1788957439433610000,16.99560986328125,-0.6748716235160828,-1.2620267868041992,0.6952149868011475
1788957439443660000,17.005659912109376,-0.3202917277812958,-1.342237949371338,0.6741310358047485
1788957439453710000,17.0157099609375,-0.02485048770904541,-1.329911231994629,0.5698578953742981
1788957439463761000,17.025760986328127,0.16146612167358398,-0.9997847676277161,0.41117796301841736
1788957439473811000,17.03581103515625,0.27695196866989136,-0.4100058972835541,0.19836342334747314
1788957439483861000,17.045861083984374,0.3406848907470703,-0.2668338119983673,-0.015586149878799915
1788957439493911000,17.0559111328125,0.22541634738445282,-0.3050456643104553,-0.13825002312660217
1788957439503962000,17.065962158203124,-0.043475572019815445,-0.2900936007499695,-0.15179778635501862
1788957439514012000,17.076011962890625,-0.3764396905899048,-0.14719423651695251,-0.05187970772385597
1788957439524062000,17.08606201171875,-0.6429933309555054,0.0929616317152977,0.11564058065414429
1788957439534112000,17.096112060546876,-0.7960103154182434,0.22490954399108887,0.2668849527835846
1788957439544163000,17.1061630859375,-0.8212890625,0.11055154353380203,0.29753395915031433
1788957439554213000,17.116213134765626,-0.7237979173660278,-0.09915348142385483,0.17657476663589478
1788957439564263000,17.126262939453124,-0.5798037052154541,-0.1449579894542694,-0.06815854460000992
1788957439574313000,17.13631298828125,-0.4193085730075836,0.01004970446228981,-0.4002171754837036
1788957439584363000,17.146363037109374,-0.2793067395687103,0.4023149609565735,-0.7612190246582031
1788957439594414000,17.1564140625,-0.2134326547384262,1.1054118871688843,-1.0244067907333374
1788957439604464000,17.166464111328125,-0.22583365440368652,1.7180334329605103,-1.1198989152908325
1788957439614514000,17.176513916015626,-0.24210397899150848,1.5722131729125977,-1.0525084733963013
1788957439624564000,17.18656396484375,-0.2725715935230255,0.9757462739944458,-0.8134366869926453
1788957439634615000,17.196614990234377,-0.31906479597091675,0.22179630398750305,-0.46002617478370667
1788957439644665000,17.2066650390625,-0.35959863662719727,-0.6204648613929749,-0.0562150701880455
1788957439654715100,17.216715087890623,-0.3381839096546173,-1.2446794509887695,0.304623544216156
1788957439664765000,17.226764892578124,-0.24869076907634735,-1.5266411304473877,0.5365960597991943
1788957439674816000,17.23681591796875,-0.11059042811393738,-1.457736849784851,0.5893418192863464
1788957439684866000,17.246865966796875,0.017135310918092728,-0.9981005787849426,0.530190646648407
1788957439694916000,17.256916015625,0.129673570394516,-0.2573186159133911,0.383822500705719
1788957439704966100,17.266966064453126,0.17234647274017334,0.3890119194984436,0.301376610994339
1788957439715016000,17.277015869140627,0.09269851446151733,0.5033869743347168,0.3932380974292755
1788957439725067000,17.28706689453125,-0.007153517100960016,0.20802856981754303,0.5008543133735657
1788957439735117000,17.297116943359374,-0.0732896625995636,-0.1924930214881897,0.5253463387489319
1788957439745167000,17.3071669921875,-0.10922662168741226,-0.5409058332443237,0.48882588744163513
1788957439755217200,17.317217041015624,-0.12150086462497711,-0.7354779839515686,0.4359626770019531
1788957439765268000,17.32726806640625,-0.11342349648475647,-0.7212303280830383,0.37983494997024536
1788957439775318000,17.337318115234375,-0.10648196935653687,-0.5657970905303955,0.31691455841064453
1788957439785368000,17.3473681640625,-0.05828940495848656,-0.23785650730133057,0.16755810379981995
1788957439795418000,17.357418212890625,-0.02665211632847786,0.2804598808288574,-0.04915236681699753
1788957439805469000,17.367468994140626,-0.04404255747795105,0.7227957844734192,-0.2637315094470978
1788957439815519000,17.37751904296875,-0.0957864448428154,0.7402544021606445,-0.416142076253891
1788957439825569000,17.387569091796873,-0.09189263731241226,0.3655654489994049,-0.39813271164894104
1788957439835619000,17.397619140625,0.013793576508760452,0.018148111179471016,-0.25896206498146057
1788957439845669000,17.407669189453124,0.11878523975610733,-0.2670644521713257,0.0590318962931633
1788957439855720000,17.417719970703125,0.21667692065238953,-0.3499106168746948,0.40639838576316833
1788957439865770000,17.42777001953125,0.30848246812820435,-0.2897671163082123,0.6772346496582031
1788957439875820000,17.437820068359375,0.3730095326900482,-0.20503756403923035,0.7891883850097656
1788957439885870000,17.4478701171875,0.4003695249557495,-0.2910858988761902,0.7312068343162537
1788957439895921000,17.4579208984375,0.34931352734565735,-0.42058396339416504,0.5214767456054688
1788957439905971000,17.467970947265623,0.23945386707782745,-0.5537569522857666,0.3108161985874176
1788957439916021000,17.47802099609375,0.10899679362773895,-0.5822916626930237,0.3967905044555664
1788957439926071000,17.488071044921874,0.046968307346105576,-0.23658165335655212,0.5909171104431152
