time,seconds_elapsed,z,y,x
1789058981179102200,0.043102294921875,-0.21270304918289185,-0.004979996010661125,-0.002159307012334466
1789058981189113000,0.053113037109375,-0.22780877351760864,-0.011962272226810455,-0.004077049437910318
1789058981199123200,0.063123291015625,-0.23985710740089417,-0.02401907742023468,-0.00723390793427825
1789058981209133000,0.073133056640625,-0.2521046996116638,-0.034760404378175735,-0.00802752934396267
1789058981219144400,0.08314453125,-0.2612071931362152,-0.0416940338909626,-0.008425405248999596
1789058981229154300,0.093154296875,-0.26729997992515564,-0.050263021141290665,-0.011572727933526039
1789058981239164400,0.103164306640625,-0.27285605669021606,-0.05653117224574089,-0.011181672103703022
1789058981249175300,0.11317529296875,-0.27448245882987976,-0.06449349224567413,-0.017835047096014023
1789058981259185400,0.123185302734375,-0.27809223532676697,-0.07175146788358688,-0.019586076959967613
1789058981269195300,0.1331953125,-0.2720271646976471,-0.08198945224285126,-0.02016238495707512
1789058981279206400,0.143206298828125,-0.2661329209804535,-0.0936330035328865,-0.022011149674654007
1789058981289216300,0.15321630859375,-0.26361462473869324,-0.10199080407619476,-0.024291081354022026
1789058981299226400,0.163226318359375,-0.2596590220928192,-0.1100224032998085,-0.025804663076996803
1789058981309237200,0.1732373046875,-0.24680982530117035,-0.1214769259095192,-0.027925871312618256
1789058981319247400,0.183247314453125,-0.2344851791858673,-0.1281624138355255,-0.02867358736693859
1789058981329257200,0.19325732421875,-0.2184620052576065,-0.13602538406848907,-0.028221648186445236
1789058981339268000,0.20326806640625,-0.19675825536251068,-0.1449817717075348,-0.03122015669941902
1789058981349278200,0.2132783203125,-0.17585670948028564,-0.15233609080314636,-0.03351340442895889
1789058981359288300,0.223288330078125,-0.1514008641242981,-0.16132710874080658,-0.034676820039749146
1789058981369299200,0.23329931640625,-0.1235055923461914,-0.1689450889825821,-0.03561292216181755
1789058981379309000,0.24330908203125,-0.09780997782945633,-0.17187169194221497,-0.0356917567551136
1789058981389319200,0.253319091796875,-0.06743130087852478,-0.17890377342700958,-0.037581801414489746
1789058981399330000,0.263330078125,-0.040595751255750656,-0.1844501942396164,-0.03813951835036278
1789058981409340200,0.273340087890625,-0.011352380737662315,-0.19015654921531677,-0.04026392102241516
1789058981419350300,0.283350341796875,0.015814131125807762,-0.1939326673746109,-0.03928346186876297
1789058981429361400,0.293361328125,0.0480375811457634,-0.19884459674358368,-0.039365220814943314
1789058981439371300,0.303371337890625,0.03340788185596466,-0.1732487678527832,-0.017426103353500366
1789058981449381400,0.31338134765625,0.09397588670253754,-0.20476354658603668,-0.031326472759246826
1789058981459392300,0.323392333984375,-0.02263467386364937,-0.12693220376968384,-0.02013692446053028
1789058981469402400,0.33340234375,0.1096181720495224,-0.21321649849414825,-0.02765396423637867
1789058981479412200,0.343412109375,0.037181414663791656,-0.20651006698608398,-0.033944614231586456
1789058981489423400,0.35342333984375,0.11409244686365128,-0.19411064684391022,-0.04806762561202049
1789058981499433200,0.36343310546875,0.12310421466827393,-0.2610965371131897,-0.04792913794517517
1789058981509443300,0.373443359375,0.10628874599933624,-0.19585680961608887,-0.052770767360925674
1789058981519454200,0.3834541015625,0.1169985681772232,-0.22054423391819,-0.04381945729255676
1789058981529464300,0.39346435546875,0.1578594446182251,-0.2167268544435501,-0.0465201698243618
1789058981539474200,0.40347412109375,0.08886586129665375,-0.20377084612846375,-0.03752443939447403
1789058981549485300,0.4134853515625,0.15046851336956024,-0.23439693450927734,-0.04746095836162567
1789058981559495200,0.4234951171875,0.12442118674516678,-0.22671344876289368,-0.04534880816936493
1789058981569505300,0.43350537109375,0.13983558118343353,-0.24700434505939484,-0.05707310512661934
1789058981579516200,0.44351611328125,0.18092282116413116,-0.23550641536712646,-0.0474681481719017
1789058981589526300,0.4535263671875,0.14180631935596466,-0.2389858365058899,-0.053974252194166183
1789058981599536000,0.4635361328125,0.12555918097496033,-0.2314448356628418,-0.042862169444561005
1789058981609547300,0.47354736328125,0.13591621816158295,-0.2122546285390854,-0.04361504688858986
1789058981619557000,0.48355712890625,0.11761805415153503,-0.20188523828983307,-0.038686320185661316
1789058981629567200,0.493567138671875,0.1515086442232132,-0.21193866431713104,-0.05428951233625412
1789058981639578400,0.503578369140625,0.18019066751003265,-0.21238012611865997,-0.05653328076004982
1789058981649588200,0.513588134765625,0.22733579576015472,-0.194405660033226,-0.04947537183761597
1789058981659598300,0.523598388671875,0.27896589040756226,-0.18358783423900604,-0.02993464097380638
1789058981669609200,0.533609130859375,0.3336304724216461,-0.1670762449502945,-0.051786407828330994
1789058981679619300,0.543619384765625,0.4041047990322113,-0.1356508433818817,-0.02490164339542389
1789058981689629400,0.55362939453125,0.4667852222919464,-0.1254243105649948,-0.02327871322631836
1789058981699640300,0.563640380859375,0.4735853970050812,-0.1257142424583435,-0.03132440149784088
1789058981709650200,0.573650146484375,0.48532623052597046,-0.10698290169239044,-0.02115698531270027
1789058981719660300,0.583660400390625,0.48105162382125854,-0.10125280171632767,-0.014549044892191887
1789058981729671200,0.593671142578125,0.45536330342292786,-0.09936701506376266,-0.01859411969780922
1789058981739680800,0.6036806640625,0.42255890369415283,-0.10482794791460037,-0.019450154155492783
1789058981749691000,0.61369091796875,0.3735887110233307,-0.10553261637687683,-0.022043272852897644
1789058981759701800,0.62370166015625,0.30991044640541077,-0.09985868632793427,-0.023398566991090775
1789058981769711600,0.633711669921875,0.2414959967136383,-0.10014098137617111,-0.02354823797941208
1789058981779721700,0.6437216796875,0.17422430217266083,-0.09939657896757126,-0.021351024508476257
1789058981789732600,0.653732666015625,0.10760931670665741,-0.10175640881061554,-0.02239019051194191
1789058981799742700,0.66374267578125,0.05285248905420303,-0.10884004086256027,-0.02210836112499237
1789058981809752600,0.673752685546875,-0.0002589314244687557,-0.11280069500207901,-0.024708405137062073
1789058981819763700,0.683763671875,-0.041612520813941956,-0.11341486126184464,-0.02500039152801037
1789058981829773600,0.693773681640625,-0.06882177293300629,-0.10981106758117676,-0.027074461802840233
1789058981839783700,0.70378369140625,-0.07685607671737671,-0.115013986825943,-0.029286375269293785
1789058981849794600,0.713794677734375,-0.07250553369522095,-0.11509308218955994,-0.02642081305384636
1789058981859804700,0.7238046875,-0.054933100938797,-0.11373524367809296,-0.024996619671583176
1789058981869814500,0.733814453125,-0.03008873574435711,-0.10556838661432266,-0.021496428176760674
1789058981879825700,0.74382568359375,0.009150953032076359,-0.09240938723087311,-0.020033327862620354
1789058981889835500,0.75383544921875,0.06425388902425766,-0.08027788251638412,-0.020233863964676857
1789058981899845600,0.763845703125,0.12976224720478058,-0.0669017881155014,-0.0160064734518528
1789058981909856500,0.7738564453125,0.19826647639274597,-0.05743344873189926,-0.008063329383730888
1789058981919866600,0.78386669921875,0.268902450799942,-0.05251559615135193,-0.005035578738898039
1789058981929876500,0.79387646484375,0.3310087025165558,-0.04891606792807579,-0.0018421823624521494
1789058981939887900,0.803887939453125,0.38151660561561584,-0.045454490929841995,-0.003887756261974573
1789058981949897700,0.813897705078125,0.42728009819984436,-0.03969194367527962,0.0007474755402654409
1789058981959907800,0.823907958984375,0.45089274644851685,-0.039133742451667786,-0.0001811687834560871
1789058981969918700,0.833918701171875,0.4720499813556671,-0.03567802533507347,0.0022838532458990812
1789058981979928800,0.8439287109375,0.48067083954811096,-0.03569759055972099,-0.00001317518763244152
1789058981989938700,0.853938720703125,0.480030357837677,-0.04150807484984398,-0.0011878954246640205
1789058981999949600,0.863949462890625,0.4725796580314636,-0.04762451723217964,-0.0010053624864667654
1789058982009959700,0.873959716796875,0.4525364339351654,-0.03748692572116852,0.03680486977100372
1789058982019969800,0.8839697265625,0.43083176016807556,-0.0659695416688919,-0.008262542076408863
1789058982029980700,0.893980712890625,0.41095712780952454,-0.06983592361211777,-0.01407622266560793
1789058982039990800,0.90399072265625,0.37738534808158875,-0.09274354577064514,-0.034659672528505325
1789058982050000600,0.914000732421875,0.3257642090320587,0.017353663221001625,0.07609107345342636
1789058982060011500,0.924011474609375,0.30953606963157654,-0.035798076540231705,-0.0397823229432106
1789058982070021600,0.934021728515625,0.3305164575576782,-0.13886693120002747,-0.033672500401735306
1789058982080031700,0.94403173828125,0.32930225133895874,-0.13802039623260498,-0.01888950541615486
1789058982090042600,0.954042724609375,0.33492738008499146,-0.16269271075725555,-0.017875907942652702
1789058982100052500,0.964052490234375,0.24171584844589233,-0.11149343848228455,-0.0009100318420678377
1789058982110062600,0.9740625,0.14845621585845947,-0.07719964534044266,-0.02126270718872547
1789058982120073500,0.984073486328125,0.09172695130109787,-0.012150434777140617,-0.025887753814458847
1789058982130083600,0.99408349609375,0.08353719860315323,-0.02997363917529583,0.005179352127015591
1789058982140093400,1.004093505859375,0.11270346492528915,-0.018697034567594528,0.03116871416568756
1789058982150104800,1.014104736328125,0.14865854382514954,-0.055324289947748184,-0.02065347135066986
1789058982160114700,1.02411474609375,0.18750835955142975,-0.10172341763973236,-0.011937476694583893
1789058982170124800,1.034124755859375,0.2596808075904846,-0.07501830905675888,-0.025611743330955505
1789058982180135700,1.0441357421875,0.3036496639251709,-0.08679525554180145,0.0014975846279412508
1789058982190145800,1.054145751953125,0.33649787306785583,-0.050339505076408386,-0.006687374785542488
1789058982200155600,1.06415576171875,0.33910420536994934,0.012761451303958893,0.01187986135482788
1789058982210166800,1.074166748046875,0.3404485583305359,0.03965245559811592,0.02023473009467125
1789058982220176600,1.0841767578125,0.3846583962440491,0.0658673644065857,0.025009943172335625
1789058982230186800,1.094186767578125,0.4236193895339966,0.07057076692581177,0.028241420164704323
1789058982240197600,1.10419775390625,0.4797709882259369,0.05541398003697395,0.028263356536626816
1789058982250207700,1.114207763671875,0.5079789161682129,0.06014348939061165,0.03665763884782791
1789058982260217600,1.124217529296875,0.5173680782318115,0.0738571286201477,0.046590760350227356
1789058982270228700,1.134228759765625,0.5335603952407837,0.08268550783395767,0.04763844981789589
1789058982280238600,1.144238525390625,0.5336225032806396,0.1051165983080864,0.046632613986730576
1789058982290248700,1.154248779296875,0.5281582474708557,0.12842059135437012,0.05345030501484871
1789058982300259600,1.164259521484375,0.5270766615867615,0.1472863405942917,0.06683322787284851
1789058982310269700,1.174269775390625,0.53450608253479,0.15937548875808716,0.08078792691230774
1789058982320279600,1.184279541015625,0.5384482741355896,0.1592836230993271,0.07907860726118088
1789058982330290400,1.19429052734375,0.5594545006752014,0.16038937866687775,0.07623062282800674
1789058982340300500,1.204300537109375,0.559326171875,0.1609998196363449,0.08051899820566177
1789058982350310700,1.214310546875,0.5452401638031006,0.1640230417251587,0.09341908246278763
1789058982360321800,1.22432177734375,0.5329462885856628,0.16116741299629211,0.09511706233024597
1789058982370331600,1.23433154296875,0.5292894840240479,0.16811425983905792,0.09843030571937561
1789058982380341800,1.244341796875,0.4983128607273102,0.17816980183124542,0.10295943170785904
1789058982390352600,1.2543525390625,0.45693930983543396,0.19701725244522095,0.10740957409143448
1789058982400362800,1.26436279296875,0.4223972260951996,0.2062789797782898,0.10380285978317261
1789058982410372600,1.27437255859375,0.4006165564060211,0.21278242766857147,0.10644897073507309
1789058982420383700,1.2843837890625,0.3795470893383026,0.2061530351638794,0.10781640559434891
1789058982430393600,1.2943935546875,0.3553219139575958,0.2075972706079483,0.1253701001405716
1789058982440403700,1.30440380859375,0.32214099168777466,0.20925945043563843,0.13621437549591064
1789058982450414600,1.31441455078125,0.2838532626628876,0.21585796773433685,0.1378690004348755
1789058982460424700,1.3244248046875,0.24260419607162476,0.22560320794582367,0.14622972905635834
1789058982470434600,1.3344345703125,0.1954718381166458,0.2395579069852829,0.1648138016462326
1789058982480445700,1.34444580078125,0.13546490669250488,0.26145216822624207,0.1760709285736084
1789058982490455600,1.35445556640625,0.0656685084104538,0.29329824447631836,0.1795213222503662
1789058982500465700,1.364465576171875,-0.006170616485178471,0.3191011846065521,0.1668945848941803
1789058982510476500,1.3744765625,-0.046547599136829376,0.3002105951309204,0.16522318124771118
1789058982520486700,1.384486572265625,-0.08154798299074173,0.26792046427726746,0.17092502117156982
1789058982530496500,1.39449658203125,-0.12660600244998932,0.2381838709115982,0.17040996253490448
1789058982540507600,1.404507568359375,-0.20333850383758545,0.23170270025730133,0.16569077968597412
1789058982550517500,1.414517578125,-0.314702570438385,0.24661241471767426,0.139326810836792
1789058982560527600,1.424527587890625,-0.43769487738609314,0.2593541741371155,0.14259099960327148
1789058982570538800,1.434538818359375,-0.5315553545951843,0.25900742411613464,0.1481655389070511
1789058982580548900,1.444548828125,-0.5968322157859802,0.2488277554512024,0.1554376184940338
1789058982590558700,1.454558837890625,-0.6362307667732239,0.2290082573890686,0.1338050216436386
1789058982600569600,1.464569580078125,-0.7129945158958435,0.24917636811733246,0.12806537747383118
1789058982610579700,1.474579833984375,-0.8054468035697937,0.25777170062065125,0.12396213412284851
1789058982620589800,1.48458984375,-0.8545022010803223,0.24017898738384247,0.10651864856481552
1789058982630600700,1.4946005859375,-0.8943263292312622,0.24277955293655396,0.10924306511878967
1789058982640610800,1.50461083984375,-0.9332229495048523,0.2364814728498459,0.10941850394010544
1789058982650620700,1.51462060546875,-0.9553372859954834,0.22235792875289917,0.10172729939222336
1789058982660631600,1.524631591796875,-1.0056294202804565,0.22103530168533325,0.08510933071374893
1789058982670641700,1.5346416015625,-1.055713176727295,0.2205394208431244,0.060095060616731644
1789058982680651800,1.54465185546875,-1.0664266347885132,0.20920272171497345,0.05165635421872139
1789058982690662700,1.55466259765625,-1.0645195245742798,0.18670541048049927,0.07212700694799423
1789058982700672500,1.564672607421875,-1.1132259368896484,0.17962704598903656,0.07641101628541946
1789058982710682600,1.5746826171875,-1.1740387678146362,0.17013287544250488,0.06492826342582703
1789058982720693500,1.584693603515625,-1.1907120943069458,0.13724015653133392,0.03338850289583206
1789058982730703600,1.59470361328125,-1.2239627838134766,0.09852339327335358,0.00853135995566845
1789058982740713500,1.60471337890625,-1.2638108730316162,0.05939686298370361,0.005262704566121101
1789058982750724600,1.614724609375,-1.307608723640442,0.011338258162140846,0.007983656600117683
1789058982760734500,1.624734375,-1.3920444250106812,-0.01572093367576599,-0.0014502741396427155
1789058982770744600,1.63474462890625,-1.4654659032821655,-0.04063187912106514,-0.024609921500086784
1789058982780755500,1.64475537109375,-1.489417314529419,-0.08326070755720139,-0.02518196403980255
1789058982790765600,1.654765625,-1.5241925716400146,-0.11722373217344284,-0.03147101774811745
1789058982800775400,1.664775390625,-1.5862162113189697,-0.12692324817180634,-0.03081759810447693
1789058982810786800,1.674786865234375,-1.623044490814209,-0.13623206317424774,-0.034524716436862946
1789058982820796700,1.684796630859375,-1.5892494916915894,-0.1512216180562973,-0.04079240560531616
1789058982830806800,1.694806884765625,-1.5762546062469482,-0.14060360193252563,-0.04529660940170288
1789058982840817700,1.704817626953125,-1.5818865299224854,-0.1395409256219864,-0.050623517483472824
1789058982850827800,1.714827880859375,-1.5139631032943726,-0.14818048477172852,-0.045342203229665756
1789058982860837600,1.724837646484375,-1.3746742010116577,-0.188034787774086,-0.015421166084706783
1789058982870848800,1.734848876953125,-1.3067649602890015,-0.1916516274213791,-0.00447743758559227
1789058982880858600,1.744858642578125,-1.2942897081375122,-0.17863082885742188,0.012489831075072289
1789058982890868700,1.75486865234375,-1.1994801759719849,-0.180301696062088,-0.007274019997566938
1789058982900879600,1.764879638671875,-1.051755666732788,-0.17534004151821136,-0.007019916549324989
1789058982910889700,1.7748896484375,-0.9036086797714233,-0.15773893892765045,-0.011014923453330994
1789058982920899600,1.784899658203125,-0.8168030381202698,-0.11457458138465881,-0.015052475035190582
1789058982930910500,1.794910400390625,-0.7269375920295715,-0.07984723150730133,-0.02146962843835354
1789058982940920600,1.804920654296875,-0.5466139912605286,-0.08761675655841827,-0.010096807964146137
1789058982950930700,1.8149306640625,-0.43317559361457825,-0.07669593393802643,0.009990617632865906
1789058982960941600,1.824941650390625,-0.39274102449417114,-0.0642058476805687,0.03353647515177727
1789058982970951700,1.83495166015625,-0.344669908285141,-0.062040701508522034,0.008169866167008877
1789058982980961500,1.84496142578125,-0.3077309727668762,-0.06215877830982208,-0.005117286462336779
1789058982990972400,1.854972412109375,-0.3006160855293274,-0.053039051592350006,0.006108736153692007
1789058983000982500,1.864982421875,-0.3042999804019928,-0.029727483168244362,-0.031547512859106064
1789058983010992600,1.87499267578125,-0.376128613948822,0.06741691380739212,-0.05749601870775223
1789058983021003800,1.885003662109375,-0.3900758922100067,0.061697959899902344,-0.002643683459609747
1789058983031013600,1.895013671875,-0.3952493369579315,0.10727769136428833,0.026708612218499184
1789058983041023700,1.905023681640625,-0.35938987135887146,0.06775113940238953,0.017086558043956757
1789058983051034600,1.91503466796875,-0.29327207803726196,-0.015434562228620052,-0.02002059668302536
1789058983061044700,1.925044677734375,-0.31391066312789917,-0.04132024198770523,-0.038740117102861404
1789058983071054600,1.9350546875,-0.365176260471344,-0.03054136410355568,-0.019562695175409317
1789058983081065700,1.945065673828125,-0.4828328788280487,0.0163099505007267,0.0012249283026903868
1789058983091075600,1.95507568359375,-0.6400195956230164,0.060567691922187805,-0.038497984409332275
1789058983101085700,1.965085693359375,-0.7441712021827698,0.08405649662017822,-0.030941978096961975
1789058983111096600,1.9750966796875,-0.7610148787498474,0.05998338386416435,-0.0032030243892222643
1789058983121106700,1.985106689453125,-0.7872912883758545,0.050291962921619415,-0.010271947830915451
1789058983131116500,1.995116455078125,-0.7749685645103455,-0.010991633869707584,-0.04649679735302925
1789058983141127700,2.005127685546875,-0.7953559160232544,-0.04320690408349037,-0.07210841029882431
1789058983151137500,2.015137451171875,-0.7951934337615967,-0.04134322702884674,-0.018595116212964058
1789058983161147600,2.025147705078125,-0.7907309532165527,-0.04205945506691933,0.018201982602477074
1789058983171158500,2.035158447265625,-0.8243815898895264,-0.03409154340624809,0.0173452440649271
1789058983181168600,2.045168701171875,-0.8440211415290833,-0.039312221109867096,-0.007986249402165413
1789058983191178500,2.055178466796875,-0.7966358065605164,-0.08001277595758438,-0.01410992257297039
1789058983201189600,2.065189697265625,-0.7197105884552002,-0.11248511075973511,-0.009787559509277344
1789058983211199500,2.075199462890625,-0.68049556016922,-0.12168899178504944,0.039785586297512054
1789058983221209600,2.085209716796875,-0.6775599718093872,-0.11956609040498734,0.06516681611537933
1789058983231220700,2.095220703125,-0.6319501399993896,-0.1316174417734146,0.04987175017595291
1789058983241230800,2.10523095703125,-0.5506269335746765,-0.16659970581531525,-0.0008692352566868067
1789058983251240700,2.11524072265625,-0.4820716083049774,-0.18640536069869995,-0.017018111422657967
1789058983261251600,2.12525146484375,-0.4256642460823059,-0.19091032445430756,-0.008548930287361145
1789058983271261700,2.13526171875,-0.36550742387771606,-0.19255056977272034,0.06804624199867249
1789058983281272600,2.1452724609375,-0.3467503786087036,-0.20815983414649963,0.07650924474000931
1789058983291282700,2.15528271484375,-0.30074161291122437,-0.2343893051147461,0.05695364996790886
1789058983301292500,2.16529248046875,-0.26408320665359497,-0.23447851836681366,0.05411152541637421
1789058983311303700,2.1753037109375,-0.2533586323261261,-0.2536058723926544,0.029149450361728668
1789058983321313500,2.1853134765625,-0.23840968310832977,-0.2686788737773895,0.03133159503340721
1789058983331323600,2.19532373046875,-0.21956808865070343,-0.26362019777297974,0.07536642998456955
1789058983341334500,2.20533447265625,-0.1357232928276062,-0.24970586597919464,0.13289204239845276
1789058983351344600,2.2153447265625,-0.03170129656791687,-0.2670225501060486,0.13693125545978546
1789058983361354500,2.2253544921875,0.05692199617624283,-0.23942911624908447,0.08957624435424805
1789058983371365600,2.23536572265625,0.16908341646194458,-0.22512154281139374,0.04446149989962578
1789058983381375500,2.24537548828125,0.32461243867874146,-0.19302114844322205,0.02251102775335312
1789058983391385600,2.255385498046875,0.5028404593467712,-0.18773585557937622,0.04135928303003311
1789058983401396700,2.265396728515625,0.6834837198257446,-0.13971692323684692,0.06515538692474365
1789058983411406600,2.275406494140625,0.8587921261787415,-0.09299015998840332,0.031413931399583817
1789058983421416400,2.28541650390625,1.0807055234909058,-0.10493635386228561,0.015979845076799393
1789058983431427800,2.295427734375,1.2597815990447998,-0.08657039701938629,-0.006202954798936844
1789058983441437700,2.305437744140625,1.4364264011383057,-0.07948482036590576,0.029478933662176132
1789058983451447800,2.31544775390625,1.5574753284454346,-0.05249074473977089,0.05402049422264099
1789058983461458700,2.325458740234375,1.6320164203643799,-0.025855716317892075,0.04403087496757507
1789058983471468800,2.33546875,1.727332592010498,0.007126735523343086,-0.011343436315655708
1789058983481478700,2.345478759765625,1.8119982481002808,0.03489207103848457,-0.01390651986002922
1789058983491489500,2.355489501953125,1.865176796913147,0.04328235983848572,0.0009158351458609104
1789058983501499600,2.365499755859375,1.859065055847168,0.0704425498843193,0.023542270064353943
1789058983511509800,2.375509765625,1.8459279537200928,0.06990831345319748,0.022703109309077263
1789058983521520600,2.385520751953125,1.8421753644943237,0.09510651230812073,0.012671669945120811
1789058983531530500,2.395530517578125,1.840131163597107,0.08175235986709595,0.019776450470089912
1789058983541540600,2.40554052734375,1.8144819736480713,0.08083879202604294,0.018844502046704292
1789058983551551500,2.415551513671875,1.710491418838501,0.09707022458314896,0.040224358439445496
1789058983561561600,2.4255615234375,1.5790340900421143,0.1314581036567688,0.04339049011468887
1789058983571571700,2.43557177734375,1.4624680280685425,0.15788252651691437,0.06148746982216835
1789058983581582600,2.44558251953125,1.324185848236084,0.16602890193462372,0.03532925248146057
1789058983591592400,2.455592529296875,1.1439313888549805,0.17996762692928314,0.04026222601532936
1789058983601602600,2.4656025390625,1.0168139934539795,0.17233024537563324,0.0754021629691124
1789058983611613700,2.47561376953125,0.8732709288597107,0.17569541931152344,0.07555875927209854
1789058983621623600,2.48562353515625,0.7787115573883057,0.15434740483760834,0.04720056802034378
1789058983631633400,2.49563330078125,0.648664116859436,0.17069149017333984,0.05922367423772812
1789058983641644800,2.505644775390625,0.49480491876602173,0.17746956646442413,0.058965932577848434
1789058983651654700,2.515654541015625,0.3643912374973297,0.18200333416461945,0.022812986746430397
1789058983661664800,2.525664794921875,0.25907599925994873,0.18761301040649414,0.05989004671573639
1789058983671675600,2.535675537109375,0.1541232317686081,0.18292585015296936,0.09271164238452911
1789058983681685800,2.545685791015625,0.04712660238146782,0.1866241693496704,0.0948430746793747
1789058983691695600,2.555695556640625,-0.049832701683044434,0.1900644302368164,0.08007850497961044
1789058983701706800,2.565706787109375,-0.12046350538730621,0.19304336607456207,0.04264810308814049
1789058983711716600,2.575716552734375,-0.17648816108703613,0.19770894944667816,-0.01475180871784687
1789058983721726700,2.585726806640625,-0.2078706920146942,0.1819998174905777,0.011825744062662125
1789058983731737600,2.595737548828125,-0.24139030277729034,0.16199442744255066,0.04668865352869034
1789058983741748200,2.605748291015625,-0.292510449886322,0.17277947068214417,0.11377831548452377
1789058983751758300,2.61575830078125,-0.34754201769828796,0.15963223576545715,0.033572956919670105
1789058983761769200,2.625769287109375,-0.3849535882472992,0.1709998995065689,0.03967708349227905
1789058983771779300,2.635779296875,-0.44431573152542114,0.18158037960529327,0.06359333544969559
1789058983781789200,2.6457890625,-0.4486548900604248,0.15175919234752655,0.08911558240652084
1789058983791800300,2.65580029296875,-0.4624876379966736,0.15217144787311554,0.07159038633108139
1789058983801810200,2.66581005859375,-0.4379628896713257,0.1289926916360855,0.09667425602674484
1789058983811820300,2.6758203125,-0.41738200187683105,0.11981863528490067,0.08323994278907776
1789058983821831200,2.6858310546875,-0.4031141996383667,0.12705884873867035,0.047468531876802444
1789058983831841300,2.69584130859375,-0.3671013414859772,0.12951801717281342,0.05014288052916527
1789058983841851100,2.70585107421875,-0.30600491166114807,0.1324557363986969,0.08107340335845947
1789058983851862300,2.7158623046875,-0.26202601194381714,0.12726470828056335,0.0616120882332325
1789058983861872000,2.7258720703125,-0.16856472194194794,0.10741797834634781,0.03929337486624718
1789058983871882200,2.73588232421875,-0.11711137741804123,0.11517257243394852,0.03046260215342045
1789058983881893000,2.74589306640625,-0.08259414881467819,0.12446882575750351,0.04501858353614807
1789058983891903200,2.7559033203125,-0.014155708253383636,0.12813040614128113,0.0504373162984848
1789058983901913000,2.7659130859375,0.046485740691423416,0.12713083624839783,0.04608353599905968
1789058983911924500,2.775924560546875,0.08001840114593506,0.12709835171699524,0.00589084392413497
1789058983921934300,2.785934326171875,0.12678024172782898,0.11951985210180283,0.03173084184527397
1789058983931944400,2.7959443359375,0.17086301743984222,0.09664862602949142,0.04614200443029404
1789058983941955300,2.805955322265625,0.19700777530670166,0.09516093879938126,0.07465237379074097
1789058983951965400,2.81596533203125,0.2032821774482727,0.08267471194267273,-0.006849946454167366
1789058983961975300,2.825975341796875,0.22976699471473694,0.08353239297866821,0.06746737658977509
1789058983971986200,2.835986083984375,0.2282649725675583,0.09611662477254868,0.08482293039560318
1789058983981996300,2.845996337890625,0.23033538460731506,0.10459576547145844,0.03863770514726639
1789058983992006400,2.85600634765625,0.2666853964328766,0.10598646849393845,0.033391278237104416
1789058984002017300,2.866017333984375,0.3026176691055298,0.12357285618782043,0.07160945981740952
1789058984012027100,2.876027099609375,0.3542097508907318,0.12692950665950775,0.040660060942173004
1789058984022037200,2.886037353515625,0.41418352723121643,0.11365299671888351,0.0038833990693092346
1789058984032048000,2.896048095703125,0.4618397355079651,0.10179953277111053,0.03244047611951828
1789058984042058200,2.906058349609375,0.49969470500946045,0.11957866698503494,0.049668990075588226
1789058984052068400,2.916068359375,0.5322848558425903,0.12033206969499588,0.06337548047304153
1789058984062079200,2.926079345703125,0.5340681076049805,0.13250435888767242,0.024360809475183487
1789058984072089000,2.936089111328125,0.5230876207351685,0.1542445421218872,0.02841360867023468
1789058984082099200,2.94609912109375,0.4869379699230194,0.15586550533771515,0.0003187034744769335
1789058984092110000,2.956110107421875,0.45589563250541687,0.15764982998371124,0.028468580916523933
1789058984102120200,2.9661201171875,0.37118932604789734,0.15414948761463165,0.03995192050933838
1789058984112130000,2.976130126953125,0.28178808093070984,0.12943509221076965,0.04953131079673767
1789058984122141400,2.986141357421875,0.16573746502399445,0.13373017311096191,0.0654199942946434
1789058984132151300,2.9961513671875,0.023239176720380783,0.14090660214424133,-0.009720567613840103
1789058984142161400,3.006161376953125,-0.06563644111156464,0.11859823763370514,-0.042035724967718124
1789058984152172300,3.01617236328125,-0.15569522976875305,0.12665429711341858,-0.023987749591469765
1789058984162182400,3.026182373046875,-0.2220129370689392,0.09337817877531052,0.019200988113880157
1789058984172192300,3.036192138671875,-0.29453134536743164,0.08891339600086212,0.04637375473976135
1789058984182203400,3.046203369140625,-0.388068288564682,0.10490905493497849,0.048452671617269516
1789058984192213200,3.056213134765625,-0.4718710482120514,0.10885746031999588,0.05828346312046051
1789058984202223400,3.066223388671875,-0.5362547636032104,0.11677075177431107,0.06362338364124298
1789058984212234200,3.076234130859375,-0.5832813382148743,0.11219783872365952,0.06746233254671097
1789058984222244400,3.086244384765625,-0.6047666072845459,0.09089366346597672,0.03519104793667793
1789058984232254200,3.096254150390625,-0.6088862419128418,0.10790087282657623,0.05088052898645401
1789058984242265300,3.106265380859375,-0.6179342269897461,0.11153210699558258,-0.010244090110063553
1789058984252275200,3.116275146484375,-0.5418288111686707,0.09497842937707901,-0.010305076837539673
1789058984262285300,3.126285400390625,-0.5375442504882812,0.128061443567276,0.01280456967651844
1789058984272296200,3.136296142578125,-0.4914449155330658,0.12446192651987076,0.0425797738134861
1789058984282306300,3.146306396484375,-0.4625173509120941,0.14710339903831482,0.011925186030566692
1789058984292316200,3.156316162109375,-0.4375864267349243,0.15152610838413239,0.012617608532309532
1789058984302327000,3.1663271484375,-0.4001106917858124,0.1435672491788864,-0.000040443381294608116
1789058984312337200,3.176337158203125,-0.34226468205451965,0.12299833446741104,-0.003920669201761484
1789058984322347300,3.18634716796875,-0.3436862826347351,0.11026837676763535,-0.028986889868974686
1789058984332358400,3.1963583984375,-0.3182019591331482,0.10097368061542511,-0.002726790262386203
1789058984342368300,3.2063681640625,-0.3304227888584137,0.11029058694839478,-0.003627138677984476
1789058984352378400,3.21637841796875,-0.3497224748134613,0.11733677983283997,0.03723027929663658
1789058984362389200,3.22638916015625,-0.3701152205467224,0.13475406169891357,0.033399052917957306
1789058984372399400,3.2363994140625,-0.3621846139431,0.0820184051990509,0.028894849121570587
1789058984382409200,3.2464091796875,-0.3389940857887268,0.0500713512301445,0.055641401559114456
1789058984392420400,3.25642041015625,-0.3824837803840637,0.027167901396751404,0.018141962587833405
1789058984402430200,3.26643017578125,-0.4515873193740845,0.026192979887127876,0.04442736506462097
1789058984412440300,3.2764404296875,-0.510932445526123,0.012301666662096977,-0.03132092207670212
1789058984422451200,3.286451171875,-0.5100978016853333,-0.016487721353769302,-0.010248296894133091
1789058984432461300,3.29646142578125,-0.5296765565872192,-0.01184183731675148,-0.037202417850494385
1789058984442471200,3.30647119140625,-0.5347849726676941,0.004047688562422991,0.025779318064451218
1789058984452482300,3.316482421875,-0.5230615139007568,0.009168680757284164,-0.029586467891931534
1789058984462492200,3.3264921875,-0.4516817629337311,0.007688968908041716,-0.04575696587562561
1789058984472502300,3.336502197265625,-0.3705219328403473,0.0001141401007771492,-0.019531752914190292
1789058984482513200,3.34651318359375,-0.2965737581253052,0.001531884539872408,0.0038664641324430704
1789058984492523300,3.356523193359375,-0.1787720024585724,-0.031645774841308594,0.028270073235034943
1789058984502533000,3.366533203125,-0.09310143440961838,-0.030239341780543327,0.029957663267850876
1789058984512544300,3.376544189453125,-0.057873938232660294,0.015667695552110672,-0.002881777472794056
1789058984522554000,3.38655419921875,-0.034100472927093506,0.051108960062265396,-0.02066817693412304
1789058984532564200,3.396564208984375,0.014393824152648449,0.06086518615484238,-0.022069266065955162
1789058984542575400,3.406575439453125,0.11766210198402405,0.03434508293867111,0.030416321009397507
1789058984552585500,3.41658544921875,0.22281861305236816,0.007093485444784164,-0.03340074419975281
1789058984562595300,3.42659521484375,0.21930645406246185,0.0012501999735832214,-0.0325581356883049
1789058984572606200,3.436606201171875,0.21817487478256226,-0.022263647988438606,0.01968296617269516
1789058984582616300,3.4466162109375,0.22583438456058502,0.03326090797781944,0.003832160495221615
1789058984592626400,3.45662646484375,0.24800626933574677,0.015359938144683838,0.015142339281737804
1789058984602637300,3.46663720703125,0.2611503303050995,0.010432331822812557,0.06421465426683426
1789058984612647200,3.476647216796875,0.2389795035123825,-0.0102178193628788,0.041307203471660614
1789058984622657300,3.4866572265625,0.28438878059387207,-0.03709150850772858,0.017357662320137024
1789058984632668200,3.496668212890625,0.26100170612335205,-0.0317649245262146,-0.02287284843623638
1789058984642678300,3.50667822265625,0.26338985562324524,-0.009484534151852131,0.010351511649787426
1789058984652688400,3.5166884765625,0.26089048385620117,0.029875919222831726,0.002228337340056896
1789058984662699300,3.52669921875,0.31422844529151917,-0.014892999082803726,0.012376219034194946
1789058984672709000,3.536709228515625,0.38194170594215393,0.005086835008114576,0.007226464804261923
1789058984682719200,3.54671923828125,0.36655789613723755,0.022946935147047043,0.01654295064508915
1789058984692730000,3.556730224609375,0.34246161580085754,0.05718054249882698,-0.01823021098971367
1789058984702740200,3.566740234375,0.32178640365600586,0.09863756597042084,-0.0145435631275177
1789058984712750000,3.57675,0.3299809694290161,0.08418859541416168,0.011126646772027016
1789058984722761200,3.58676123046875,0.33454057574272156,0.08022536337375641,-0.04960737004876137
1789058984732771000,3.59677099609375,0.29249539971351624,0.07586976140737534,0.003343996126204729
1789058984742781200,3.60678125,0.19221404194831848,0.11609197407960892,-0.03640938177704811
1789058984752792000,3.6167919921875,0.16617392003536224,0.11535001546144485,-0.045755743980407715
1789058984762802200,3.62680224609375,0.11774173378944397,0.0997813493013382,-0.019118476659059525
1789058984772813000,3.63681298828125,0.05152569338679314,0.08218877017498016,-0.07584966719150543
1789058984782823200,3.6468232421875,-0.04401912912726402,0.07969430834054947,-0.021229464560747147
1789058984792833000,3.6568330078125,-0.14394307136535645,0.07255517691373825,-0.01306554488837719
1789058984802844200,3.66684423828125,-0.21349458396434784,0.048489760607481,-0.005692747887223959
1789058984812854000,3.67685400390625,-0.35984301567077637,0.05760150030255318,0.0434122160077095
1789058984822864100,3.686864013671875,-0.4996320307254791,0.052828624844551086,0.017823603004217148
1789058984832875000,3.696875,-0.5980851054191589,0.04557843506336212,0.0007340982556343079
1789058984842885000,3.706885009765625,-0.6470186114311218,-0.002589094452559948,-0.02795214205980301
1789058984852895000,3.71689501953125,-0.6850658655166626,-0.02452874928712845,0.012043477967381477
1789058984862905900,3.72690576171875,-0.7331122756004333,-0.034196145832538605,-0.027753787115216255
1789058984872916000,3.736916015625,-0.783868670463562,-0.051704563200473785,-0.021300680935382843
1789058984882926000,3.746926025390625,-0.793017566204071,-0.048991795629262924,0.013367269188165665
1789058984892937000,3.75693701171875,-0.7808544039726257,-0.08312126994132996,-0.046317897737026215
1789058984902947000,3.766947021484375,-0.7272793054580688,-0.10468346625566483,-0.02556801773607731
1789058984912957000,3.77695703125,-0.7169196009635925,-0.11305803805589676,-0.04833724722266197
1789058984922968000,3.786968017578125,-0.7266178131103516,-0.09214773774147034,0.00429873913526535
1789058984932978200,3.796978271484375,-0.7617949843406677,-0.057284027338027954,0.11401272565126419
1789058984942988000,3.806988037109375,-0.7203287482261658,-0.06005082651972771,0.04863680526614189
1789058984952999200,3.816999267578125,-0.632584273815155,-0.10754245519638062,-0.0016319598071277142
1789058984963009000,3.827009033203125,-0.544869065284729,-0.15901651978492737,-0.0657796785235405
1789058984973019100,3.83701904296875,-0.47991132736206055,-0.16814343631267548,-0.06383397430181503
1789058984983030000,3.847030029296875,-0.4743523895740509,-0.12566252052783966,-0.03646983206272125
1789058984993040100,3.8570400390625,-0.41405150294303894,-0.08394491672515869,0.03732689470052719
1789058985003050000,3.867050048828125,-0.27648353576660156,-0.08584987372159958,0.04918168857693672
1789058985013061000,3.87706103515625,-0.16007860004901886,-0.08576571941375732,0.034701019525527954
1789058985023071000,3.887071044921875,-0.038152098655700684,-0.1311170905828476,0.04092887043952942
1789058985033081000,3.8970810546875,0.08005975931882858,-0.15380695462226868,-0.0022393721155822277
1789058985043092000,3.907092041015625,0.07699748128652573,-0.11915614455938339,-0.015454620122909546
1789058985053102000,3.91710205078125,0.13512097299098969,-0.08549432456493378,-0.007143959403038025
1789058985063112000,3.92711181640625,0.21998322010040283,-0.08182374387979507,-0.0017037009820342064
1789058985073123000,3.937123046875,0.2518972158432007,-0.06543944776058197,0.0971435159444809
1789058985083133000,3.9471328125,0.3070087730884552,-0.09400276094675064,0.07586079835891724
1789058985093143000,3.95714306640625,0.34513723850250244,-0.08577865362167358,0.10505356639623642
1789058985103154000,3.96715380859375,0.349677175283432,-0.06727012991905212,0.09546365588903427
1789058985113164000,3.9771640625,0.38040444254875183,-0.10287792235612869,-0.07435707002878189
1789058985123174000,3.987173828125,0.3278767168521881,-0.0809277817606926,-0.08243140578269958
1789058985133185000,3.99718505859375,0.2780761122703552,-0.05585624650120735,0.03729499876499176
1789058985143195100,4.007195068359375,0.2946019470691681,-0.07971689850091934,0.023327026516199112
1789058985153205200,4.017205322265625,0.25406357645988464,-0.04121957719326019,0.07114221900701523
1789058985163216100,4.027216064453125,0.24328070878982544,-0.026249416172504425,0.11209364980459213
1789058985173226200,4.037226318359375,0.29927170276641846,-0.058236051350831985,0.07522538304328918
1789058985183236000,4.047236083984375,0.24700456857681274,-0.06889602541923523,0.02139974944293499
1789058985193247000,4.0572470703125,0.2004850059747696,-0.09224183112382889,0.013552213087677956
1789058985203257000,4.067257080078125,0.13282230496406555,-0.04468100890517235,-0.0005943377036601305
1789058985213267200,4.07726708984375,0.0650927945971489,-0.06307385861873627,-0.09393201023340225
1789058985223278000,4.087278076171875,0.02786274068057537,-0.0290618147701025,-0.012819414958357811
1789058985233288000,4.097287841796875,-0.02179855667054653,-0.029456762596964836,-0.03158590942621231
1789058985243298000,4.107298095703125,-0.00933125615119934,-0.06629950553178787,-0.08282443135976791
1789058985253309000,4.117308837890625,-0.03868382051587105,-0.05356400087475777,-0.012097537517547607
1789058985263319000,4.127319091796875,-0.0714995339512825,-0.06911175698041916,-0.0005121482536196709
1789058985273329000,4.137328857421875,-0.09374731779098511,-0.07304498553276062,-0.03454867750406265
1789058985283340000,4.147340087890625,-0.1470198631286621,-0.04137418791651726,-0.10243058949708939
1789058985293350000,4.157349853515625,-0.18565966188907623,-0.049231577664613724,-0.07392863929271698
1789058985303360000,4.167360107421875,-0.19557784497737885,-0.016588713973760605,-0.06886878609657288
1789058985313371000,4.177370849609375,-0.2172676920890808,-0.03889481723308563,-0.07730993628501892
1789058985323381000,4.187381103515625,-0.17614538967609406,-0.06299503147602081,-0.027705850079655647
1789058985333390800,4.197390869140625,-0.2004707008600235,-0.05186754837632179,0.04430922120809555
1789058985343402200,4.20740234375,-0.2531901001930237,-0.08564867824316025,-0.06302202492952347
1789058985353412000,4.217412109375,-0.31909745931625366,-0.03730059042572975,0.017261357977986336
1789058985363422200,4.227422119140625,-0.35796475410461426,-0.05092886835336685,-0.10325460880994797
1789058985373433000,4.23743310546875,-0.3807246685028076,-0.07080723345279694,-0.17149226367473602
1789058985383443200,4.247443115234375,-0.3601747453212738,-0.07390043139457703,-0.09922311455011368
1789058985393453000,4.257453125,-0.36244189739227295,-0.09585154056549072,-0.06494024395942688
1789058985403464200,4.267464111328125,-0.31331875920295715,-0.09564045071601868,0.016242915764451027
1789058985413474000,4.27747412109375,-0.25759798288345337,-0.10712320357561111,0.12302927672863007
1789058985423484200,4.287484130859375,-0.2563706934452057,-0.11542598158121109,0.1090310662984848
1789058985433495000,4.2974951171875,-0.27165165543556213,-0.0800062045454979,0.057472798973321915
1789058985443505200,4.307505126953125,-0.3427368104457855,-0.07465922832489014,-0.07022368907928467
1789058985453515000,4.317514892578125,-0.32635465264320374,-0.1117277666926384,-0.16392062604427338
1789058985463526000,4.32752587890625,-0.27038151025772095,-0.13694791495800018,-0.1611601561307907
1789058985473536000,4.337535888671875,-0.20463553071022034,-0.17523857951164246,-0.06198669970035553
1789058985483546000,4.347546142578125,-0.22511224448680878,-0.14809255301952362,-0.010359613224864006
1789058985493557000,4.357556884765625,-0.23910555243492126,-0.12139596045017242,-0.025205139070749283
1789058985503567000,4.367567138671875,-0.22505240142345428,-0.10074038803577423,-0.022954657673835754
1789058985513577000,4.377576904296875,-0.15374760329723358,-0.10945425182580948,-0.03964362293481827
1789058985523587800,4.387587890625,-0.10508086532354355,-0.09931588172912598,-0.004291655030101538
1789058985533598000,4.397597900390625,-0.04179350659251213,-0.09790094196796417,0.029364310204982758
1789058985543608000,4.407608154296875,0.043225422501564026,-0.10435985028743744,-0.014559691771864891
1789058985553619200,4.417619140625,0.13384027779102325,-0.11467347294092178,-0.033834319561719894
1789058985563629000,4.427629150390625,0.18533046543598175,-0.11433855444192886,-0.09699954837560654
1789058985573639200,4.43763916015625,0.17699690163135529,-0.06841101497411728,-0.035448841750621796
1789058985583650000,4.447650146484375,0.21126797795295715,-0.061825357377529144,0.04349787160754204
1789058985593660200,4.45766015625,0.35606005787849426,-0.08477035164833069,0.12199535220861435
1789058985603671000,4.467671142578125,0.4018673896789551,-0.08943188935518265,0.09339015930891037
1789058985613681200,4.47768115234375,0.3766176998615265,-0.024740776047110558,0.004499968606978655
1789058985623691000,4.48769091796875,0.40770694613456726,-0.028432724997401237,-0.046551190316677094
1789058985633702100,4.4977021484375,0.464402437210083,-0.06051395833492279,-0.04767770692706108
1789058985643712000,4.5077119140625,0.5464267134666443,-0.06753085553646088,0.09818118065595627
1789058985653722000,4.51772216796875,0.5947614908218384,-0.07788468897342682,0.11264774203300476
1789058985663733000,4.52773291015625,0.5450109243392944,-0.04381969943642616,0.14402735233306885
1789058985673743000,4.5377431640625,0.5079091191291809,-0.005159921944141388,0.01467522419989109
1789058985683753000,4.5477529296875,0.519245982170105,0.0065961480140686035,-0.008829846046864986
1789058985693764000,4.55776416015625,0.5187638998031616,-0.017185349017381668,-0.06139452010393143
1789058985703774000,4.56777392578125,0.5149670243263245,-0.002175277564674616,-0.012720874510705471
1789058985713784000,4.5777841796875,0.52403724193573,-0.00638067489489913,0.04109868407249451
1789058985723795000,4.587794921875,0.5542973279953003,0.0027897485997527838,-0.03294765576720238
1789058985733805000,4.59780517578125,0.5651385188102722,-0.009451204910874367,0.03315200284123421
1789058985743814400,4.607814453125,0.5881631970405579,-0.015115351416170597,0.05613132193684578
1789058985753825800,4.61782568359375,0.49643808603286743,0.02665046975016594,0.06684015691280365
1789058985763835400,4.62783544921875,0.435775488615036,0.06626459956169128,0.08786607533693314
1789058985773845500,4.637845458984375,0.36974239349365234,0.09119471907615662,-0.07378993183374405
1789058985783856600,4.647856689453125,0.35422876477241516,0.06670071929693222,-0.035224273800849915
1789058985793866800,4.65786669921875,0.37367862462997437,0.046221815049648285,0.014708664268255234
1789058985803876600,4.667876708984375,0.3029136657714844,0.05232205614447594,-0.03201600909233093
1789058985813887500,4.677887451171875,0.23102159798145294,0.08218647539615631,0.024774303659796715
1789058985823897600,4.687897705078125,0.20896963775157928,0.06895148754119873,0.021292803809046745
1789058985833907700,4.69790771484375,0.17149417102336884,0.045809682458639145,0.03667522221803665
1789058985843918600,4.707918701171875,0.06201653182506561,0.05922449007630348,0.029032254591584206
1789058985853928400,4.717928466796875,-0.06124920770525932,0.07108647376298904,0.07150088995695114
1789058985863938600,4.7279384765625,-0.20729653537273407,0.07676728069782257,0.07746098190546036
1789058985873949400,4.737949462890625,-0.2962881922721863,0.05106324702501297,0.048904165625572205
1789058985883959600,4.74795947265625,-0.34459730982780457,0.01816684938967228,0.00560471136122942
1789058985893969400,4.757969482421875,-0.4186326563358307,0.026379236951470375,0.11637437343597412
1789058985903980500,4.76798046875,-0.5152998566627502,0.03156166523694992,-0.0205218642950058
1789058985913990400,4.777990478515625,-0.5821717977523804,0.04504524916410446,-0.011760862544178963
1789058985924000500,4.78800048828125,-0.5640377998352051,0.049283530563116074,-0.013304159045219421
1789058985934011400,4.798011474609375,-0.5368743538856506,0.021686788648366928,-0.015670377761125565
1789058985944021500,4.808021484375,-0.5311158299446106,0.052319176495075226,0.08468670397996902
1789058985954031400,4.81803125,-0.5558427572250366,0.08888464421033859,0.10139111429452896
1789058985964042800,4.828042724609375,-0.5645740032196045,0.0922275111079216,0.029642924666404724
1789058985974052600,4.838052490234375,-0.5348837375640869,0.1050833910703659,-0.01542548555880785
1789058985984062500,4.8480625,-0.4498768448829651,0.037572503089904785,-0.047415051609277725
1789058985994073600,4.858073486328125,-0.4003862738609314,0.004048897884786129,-0.10728663951158524
1789058986004083700,4.868083740234375,-0.3670569658279419,0.01871810108423233,-0.029093291610479355
1789058986014093600,4.878093505859375,-0.3716397285461426,0.056845247745513916,0.030894409865140915
1789058986024104700,4.888104736328125,-0.35920414328575134,0.0541638508439064,0.05330228805541992
1789058986034114600,4.898114501953125,-0.3241955637931824,0.03311076760292053,-0.03811364620923996
1789058986044124700,4.908124755859375,-0.2752913236618042,-0.003545129671692848,-0.0034189957659691572
1789058986054135600,4.918135498046875,-0.25062114000320435,-0.022963035851716995,0.04535600170493126
1789058986064145700,4.928145751953125,-0.2663119435310364,-0.0020164744928479195,0.04266860708594322
1789058986074155500,4.938155517578125,-0.2655835449695587,-0.029215337708592415,-0.017728161066770554
1789058986084166400,4.94816650390625,-0.22706158459186554,-0.03488541021943092,-0.012387452647089958
1789058986094176500,4.958176513671875,-0.2306661754846573,-0.08267876505851746,-0.038487762212753296
1789058986104186600,4.9681865234375,-0.21291425824165344,-0.09882637113332748,-0.0022741472348570824
1789058986114197500,4.978197509765625,-0.24024148285388947,-0.07599269598722458,0.01919492706656456
1789058986124207600,4.98820751953125,-0.29365992546081543,-0.08166971802711487,0.00994032435119152
1789058986134217500,4.998217529296875,-0.31554046273231506,-0.06501989811658859,-0.0006236364133656025
1789058986144228400,5.008228271484375,-0.2815529704093933,-0.11816864460706711,-0.02654779516160488
1789058986154238500,5.018238525390625,-0.2525354325771332,-0.11708474159240723,0.0031698865350335836
1789058986164248600,5.02824853515625,-0.24142318964004517,-0.12594333291053772,0.017209220677614212
1789058986174259700,5.038259765625,-0.248703733086586,-0.12882593274116516,-0.027946006506681442
1789058986184269600,5.04826953125,-0.20400242507457733,-0.10882748663425446,0.04842481389641762
1789058986194279400,5.058279541015625,-0.19530081748962402,-0.12432068586349487,-0.0021747169084846973
1789058986204290600,5.06829052734375,-0.15728679299354553,-0.11581012606620789,0.0064827557653188705
1789058986214300700,5.07830078125,-0.13219235837459564,-0.08227906376123428,0.03606807813048363
1789058986224310500,5.088310546875,-0.06297093629837036,-0.1158444806933403,0.025225596502423286
1789058986234321700,5.09832177734375,-0.0016465962398797274,-0.09516050666570663,0.003994077444076538
1789058986244331500,5.10833154296875,0.05835365504026413,-0.10065053403377533,-0.053737230598926544
1789058986254341600,5.118341552734375,0.106247678399086,-0.09508080035448074,-0.0615413598716259
1789058986264352500,5.1283525390625,0.13344411551952362,-0.05946110561490059,-0.06693868339061737
1789058986274362600,5.138362548828125,0.21689052879810333,-0.10712768882513046,-0.04834289848804474
1789058986284373500,5.14837353515625,0.2770765721797943,-0.07774356007575989,0.02306811884045601
1789058986294383600,5.158383544921875,0.26424920558929443,-0.07929085940122604,0.004554355051368475
1789058986304393500,5.1683935546875,0.2246042937040329,-0.062354251742362976,-0.0361737385392189
1789058986314404600,5.178404541015625,0.1915736347436905,-0.020356206223368645,-0.07510169595479965
1789058986324414500,5.18841455078125,0.21206103265285492,-0.043600089848041534,-0.050678592175245285
1789058986334424600,5.198424560546875,0.2660489082336426,-0.08924879878759384,-0.05263947695493698
1789058986344435500,5.208435546875,0.2801634967327118,-0.07011813670396805,0.04122026637196541
1789058986354445600,5.218445556640625,0.28616225719451904,-0.11048925668001175,0.03215166926383972
1789058986364455400,5.228455322265625,0.24230246245861053,-0.060566496104002,-0.02109695039689541
1789058986374466600,5.238466552734375,0.2152082622051239,-0.06947450339794159,-0.019862309098243713
1789058986384476700,5.2484765625,0.20255105197429657,-0.08169654756784439,-0.07239902019500732
1789058986394486800,5.25848681640625,0.16658319532871246,-0.06654982268810272,-0.06893504410982132
1789058986404497700,5.26849755859375,0.16197845339775085,-0.07492490857839584,-0.031566519290208817
1789058986414507500,5.278507568359375,0.13731253147125244,-0.06693223118782043,-0.02870015799999237
1789058986424517600,5.288517578125,0.14811265468597412,-0.07608643919229507,0.006155822426080704
1789058986434528500,5.298528564453125,0.14123237133026123,-0.06056579574942589,0.020532898604869843
1789058986444538600,5.30853857421875,0.15098698437213898,-0.09444177895784378,-0.03821920230984688
1789058986454548500,5.318548583984375,0.16619549691677094,-0.06996013969182968,0.010380023159086704
1789058986464559600,5.3285595703125,0.1838379055261612,-0.05026203393936157,0.0012868097983300686
1789058986474570500,5.338570556640625,0.22106890380382538,-0.07831284403800964,0.016942467540502548
1789058986484580600,5.34858056640625,0.32104185223579407,-0.06578586995601654,0.03141701593995094
1789058986494590500,5.358590576171875,0.331061989068985,-0.045769549906253815,-0.0069697885774075985
1789058986504601600,5.3686015625,0.3900245428085327,-0.023932281881570816,0.0036580373998731375
1789058986514611500,5.378611572265625,0.4286728799343109,0.004609881900250912,0.03048352710902691
1789058986524621600,5.38862158203125,0.4511876404285431,0.0027855972293764353,-0.019032349810004234
1789058986534632400,5.398632568359375,0.49670398235321045,0.015541872940957546,-0.02334347553551197
1789058986544642600,5.408642578125,0.5278321504592896,0.024765048176050186,-0.00876359362155199
1789058986554652400,5.41865234375,0.6039745807647705,0.016327088698744774,0.038652390241622925
1789058986564663600,5.42866357421875,0.6327040195465088,0.015450811013579369,0.05891374126076698
1789058986574673700,5.438673583984375,0.5913403034210205,0.07909689843654633,0.047371599823236465
1789058986584683800,5.448683837890625,0.5405035018920898,0.11257439106702805,0.029419489204883575
1789058986594694700,5.458694580078125,0.5298263430595398,0.12073458731174469,-0.015558373183012009
1789058986604704500,5.46870458984375,0.5305710434913635,0.12186167389154434,0.02333693392574787
1789058986614714600,5.478714599609375,0.5084407329559326,0.09151735156774521,0.02152491919696331
1789058986624725500,5.4887255859375,0.4980919659137726,0.07415783405303955,0.025687051936984062
1789058986634735600,5.498735595703125,0.46410098671913147,0.07010157406330109,0.026787204667925835
1789058986644745500,5.508745361328125,0.37778714299201965,0.0933564305305481,0.05767158418893814
1789058986654756600,5.518756591796875,0.2816915214061737,0.11638664454221725,0.03204159066081047
1789058986664766500,5.528766357421875,0.17067527770996094,0.14160969853401184,0.0045290859416127205
1789058986674776600,5.538776611328125,0.11392411589622498,0.13128861784934998,0.04458808898925781
1789058986684787500,5.548787353515625,0.039535798132419586,0.12975186109542847,-0.02808571606874466
1789058986694797600,5.558797607421875,0.014616601169109344,0.09140074253082275,-0.051407553255558014
1789058986704807400,5.568807373046875,-0.024284930899739265,0.10684369504451752,0.029195139184594154
1789058986714818600,5.578818603515625,-0.11072129011154175,0.09202240407466888,-0.06491910666227341
1789058986724828400,5.588828369140625,-0.12080448865890503,0.07610113173723221,-0.023042164742946625
1789058986734838500,5.598838623046875,-0.15102684497833252,0.09210033714771271,0.09225832670927048
1789058986744849200,5.60884912109375,-0.21492061018943787,0.0787333995103836,0.05052606016397476
1789058986754859300,5.618859375,-0.3024072051048279,0.1276395469903946,0.046382855623960495
1789058986764869000,5.628869140625,-0.33331599831581116,0.13740107417106628,0.0006116984877735376
1789058986774880300,5.63888037109375,-0.3359149694442749,0.09535561501979828,0.001485215499997139
1789058986784890000,5.64889013671875,-0.3001689016819,0.06951083242893219,0.012242571450769901
1789058986794901200,5.6589013671875,-0.277718186378479,0.02550661936402321,-0.003152895951643586
1789058986804911400,5.668911376953125,-0.2663973867893219,0.022449534386396408,0.013048871420323849
1789058986814921200,5.678921142578125,-0.3023335635662079,0.0374457947909832,0.0013437462039291859
1789058986824930300,5.688930419921875,-0.29529300332069397,0.008883270435035229,-0.07532151788473129
1789058986834940200,5.698940185546875,-0.31084373593330383,0.03593273088335991,0.03457754850387573
1789058986844951000,5.708950927734375,-0.3057887554168701,0.015057891607284546,0.04872740060091019
1789058986854961200,5.718961181640625,-0.3191826045513153,0.017503205686807632,-0.012316244654357433
1789058986864971300,5.72897119140625,-0.31795254349708557,0.040503427386283875,-0.03001493215560913
1789058986874982400,5.738982421875,-0.29380592703819275,0.013404963538050652,-0.042666543275117874
1789058986884992300,5.7489921875,-0.21975280344486237,-0.03498532623052597,-0.04102635383605957
1789058986895002400,5.75900244140625,-0.21110285818576813,-0.04003468155860901,0.04952085763216019
1789058986905013200,5.76901318359375,-0.19343504309654236,-0.053907591849565506,-0.002440178766846657
1789058986915023400,5.7790234375,-0.17160671949386597,-0.03292534500360489,0.000057866331189870834
1789058986925033200,5.789033203125,-0.14244846999645233,-0.05101630464196205,0.012363158166408539
1789058986935044400,5.79904443359375,-0.12575365602970123,-0.0633145198225975,0.01056232862174511
1789058986945054200,5.80905419921875,-0.1557731330394745,-0.02010050229728222,-0.009314635768532753
1789058986955064300,5.819064208984375,-0.1542668491601944,-0.035371333360672,-0.05134677514433861
1789058986965075200,5.8290751953125,-0.10010046511888504,-0.040354255586862564,-0.02035706676542759
1789058986975085300,5.839085205078125,-0.0561324767768383,-0.06408540904521942,-0.0587523952126503
1789058986985096200,5.84909619140625,-0.03043377585709095,-0.06870219856500626,-0.013541016727685928
1789058986995106300,5.859106201171875,0.004083986859768629,-0.08095460385084152,0.014858933165669441
1789058987005116200,5.8691162109375,0.02195395901799202,-0.0766986608505249,0.039204470813274384
1789058987015127300,5.879127197265625,0.03929939121007919,-0.06194660812616348,0.0020680201705545187
1789058987025137200,5.88913720703125,0.06243174150586128,-0.04004395380616188,-0.0029031378217041492
1789058987035147300,5.899147216796875,0.10918034613132477,-0.05585886910557747,0.009314913302659988
1789058987045158100,5.909158203125,0.15801818668842316,-0.05712231993675232,0.04558470472693443
1789058987055168300,5.919168212890625,0.1909356564283371,-0.06974411010742188,0.015094174072146416
1789058987065178000,5.92917822265625,0.23222194612026215,-0.05240748077630997,0.05055422708392143
1789058987075189200,5.939189208984375,0.25481489300727844,-0.054914578795433044,-0.032363295555114746
1789058987085199400,5.949199462890625,0.28806886076927185,-0.04330770671367645,-0.007760275155305862
1789058987095209500,5.95920947265625,0.34197843074798584,-0.05125697702169418,0.03676964342594147
1789058987105220400,5.969220458984375,0.3469652235507965,-0.03767991065979004,0.051727551966905594
1789058987115230200,5.979230224609375,0.3588940501213074,-0.019080663099884987,0.07339076697826385
1789058987125240300,5.989240234375,0.4081907570362091,-0.02482376992702484,0.05022526532411575
1789058987135251200,5.999251220703125,0.4497762620449066,-0.025424310937523842,0.011357493698596954
1789058987145261300,6.00926123046875,0.443937212228775,-0.02124544233083725,0.03662354499101639
1789058987155271200,6.019271240234375,0.45413872599601746,-0.01859026774764061,-0.0022000169847160578
1789058987165282300,6.0292822265625,0.47274839878082275,-0.01907160133123398,-0.028145749121904373
1789058987175292200,6.039292236328125,0.49787694215774536,-0.01026372890919447,-0.01704702526330948
1789058987185302300,6.04930224609375,0.5008731484413147,-0.01768864504992962,-0.015457283705472946
1789058987195313200,6.059313232421875,0.5105268359184265,-0.007208839990198612,0.0645613893866539
1789058987205323300,6.0693232421875,0.47284042835235596,0.014026939868927002,0.08056725561618805
1789058987215333000,6.0793330078125,0.4658767879009247,0.04295898973941803,-0.012616755440831184
1789058987225344300,6.08934423828125,0.46229997277259827,0.0778672993183136,-0.04081078991293907
1789058987235354000,6.09935400390625,0.4888184070587158,0.029381781816482544,-0.09669137001037598
1789058987245364200,6.1093642578125,0.46195685863494873,0.05590670555830002,0.005989314056932926
1789058987255375000,6.119375,0.4404321312904358,0.04823387414216995,-0.005875068716704845
1789058987265385200,6.12938525390625,0.3685273230075836,0.031143303960561752,0.07539262622594833
1789058987275395000,6.13939501953125,0.3129886984825134,0.05997228994965553,0.0711589977145195
1789058987285406500,6.149406494140625,0.24798889458179474,0.056672103703022,0.025511838495731354
1789058987295416300,6.159416259765625,0.20785851776599884,0.06252945959568024,-0.02409113384783268
1789058987305426400,6.169426513671875,0.15537939965724945,0.06140589714050293,-0.0582028403878212
1789058987315437300,6.179437255859375,0.15969957411289215,0.028415989130735397,-0.07928016036748886
1789058987325447400,6.189447509765625,0.1639164239168167,0.04683637246489525,-0.006021535024046898
1789058987335457300,6.199457275390625,0.16168895363807678,0.014360187575221062,-0.00837683491408825
1789058987345468200,6.20946826171875,0.08319558948278427,0.019772954285144806,0.02906660921871662
1789058987355478300,6.219478271484375,0.0035542896948754787,0.07308437675237656,-0.019722767174243927
1789058987365488400,6.22948828125,-0.04084775224328041,0.09368401020765305,-0.022783860564231873
1789058987375499300,6.239499267578125,-0.0003043196047656238,0.08639626950025558,0.011786634102463722
1789058987385509400,6.24950927734375,-0.007355060428380966,0.07855726033449173,-0.04411741718649864
1789058987395519200,6.259519287109375,-0.026670701801776886,0.049529071897268295,-0.03344932943582535
1789058987405530000,6.269530029296875,-0.0506351999938488,0.04275044426321983,-0.018193623051047325
1789058987415540200,6.279540283203125,-0.10079716891050339,0.03128260746598244,-0.030655350536108017
1789058987425550300,6.28955029296875,-0.15218019485473633,0.029039647430181503,-0.039652906358242035
1789058987435561200,6.299561279296875,-0.23297224938869476,0.05904282256960869,-0.0005936531815677881
1789058987445571000,6.309571044921875,-0.283185750246048,0.017858123406767845,0.00023395661264657974
1789058987455582200,6.319582275390625,-0.30042198300361633,0.019667476415634155,-0.002600978361442685
1789058987465592000,6.329592041015625,-0.3408786952495575,0.013540930114686489,-0.04085377976298332
1789058987475602200,6.339602294921875,-0.3372245728969574,0.0016158274374902248,-0.03450693562626839
1789058987485613300,6.34961328125,-0.31823939085006714,0.01702362671494484,-0.058520980179309845
1789058987495623400,6.35962353515625,-0.29062241315841675,-0.013351324945688248,0.00025178934447467327
1789058987505633300,6.36963330078125,-0.21515227854251862,-0.025555720552802086,-0.05278962850570679
1789058987515644400,6.37964453125,-0.20981983840465546,0.0014141099527478218,-0.028778035193681717
1789058987525654300,6.389654296875,-0.20358912646770477,0.015950839966535568,-0.00719281705096364
1789058987535664400,6.399664306640625,-0.15166893601417542,0.013867182657122612,-0.022018633782863617
1789058987545675300,6.40967529296875,-0.1302923709154129,0.02531568519771099,-0.04809726029634476
1789058987555685400,6.419685302734375,-0.09090980887413025,0.023905275389552116,-0.017239481210708618
1789058987565695200,6.4296953125,-0.08553383499383926,0.029871851205825806,-0.027430741116404533
1789058987575706400,6.439706298828125,-0.083470419049263,0.01780240423977375,-0.02331775613129139
1789058987585716200,6.44971630859375,-0.08511657267808914,0.0019902922213077545,-0.02273506298661232
1789058987595726300,6.459726318359375,-0.07572147250175476,0.008936615660786629,0.027888964861631393
1789058987605737200,6.4697373046875,-0.07353010773658752,0.003643564647063613,0.031523171812295914
1789058987615747300,6.479747314453125,-0.0762941986322403,-0.0035704057663679123,0.04932640492916107
1789058987625757200,6.489757080078125,-0.0875757560133934,0.01116217765957117,0.049845825880765915
1789058987635768000,6.49976806640625,-0.08946660161018372,0.018009431660175323,0.027746379375457764
1789058987645778200,6.509778076171875,-0.07438156008720398,0.026765314862132072,-0.012618666514754295
1789058987655788300,6.519788330078125,-0.01509214099496603,-0.002742776647210121,-0.0377354696393013
1789058987665799200,6.529799072265625,0.018833186477422714,-0.029783081263303757,-0.05789786949753761
1789058987675809000,6.53980908203125,0.020468100905418396,-0.0163708683103323,-0.0020263479091227055
1789058987685819100,6.549819091796875,0.016709372401237488,-0.015017760917544365,-0.03654099628329277
1789058987695830300,6.559830322265625,0.025824574753642082,-0.012438489124178886,-0.03015047498047352
1789058987705840400,6.56984033203125,0.028862975537776947,-0.007958520203828812,0.0865258052945137
1789058987715850200,6.579850341796875,0.04700283333659172,-0.022163288667798042,0.0762081891298294
1789058987725861400,6.589861328125,0.044745005667209625,-0.03852122277021408,0.004549714736640453
1789058987735871200,6.599871337890625,0.06262499839067459,-0.03568350523710251,0.008452893234789371
1789058987745881300,6.60988134765625,0.09298036992549896,-0.012538745999336243,-0.023768793791532516
1789058987755892200,6.619892333984375,0.16230326890945435,-0.006351156625896692,0.05448020249605179
1789058987765902300,6.62990234375,0.20519022643566132,-0.01112575363367796,0.02575833350419998
1789058987775912200,6.639912109375,0.2311059832572937,0.007597601041197777,0.0027217245660722256
1789058987785923600,6.649923583984375,0.2871643304824829,-0.0019966410472989082,-0.026557065546512604
1789058987795933400,6.659933349609375,0.3487158417701721,0.011051783338189125,-0.0020522542763501406
1789058987805943600,6.669943603515625,0.3867168724536896,-0.005023874808102846,-0.016916897147893906
1789058987815954400,6.679954345703125,0.3858127295970917,0.030605224892497063,0.03989391773939133
1789058987825964500,6.689964599609375,0.3769911229610443,0.054126158356666565,0.041173506528139114
1789058987835974400,6.699974365234375,0.4341617524623871,0.0516803115606308,0.017952870577573776
1789058987845985500,6.709985595703125,0.47813576459884644,0.03904743492603302,0.021989308297634125
1789058987855995400,6.719995361328125,0.4707857072353363,0.03410594165325165,-0.0068548559211194515
1789058987866005500,6.730005615234375,0.4395998418331146,0.04268265143036842,0.02864774502813816
1789058987876016400,6.740016357421875,0.4220954179763794,0.06807349622249603,0.041668470948934555
1789058987886026500,6.750026611328125,0.4001598656177521,0.08746763318777084,0.0023753875866532326
1789058987896036400,6.760036376953125,0.3812602162361145,0.08223958313465118,-0.057091400027275085
1789058987906047200,6.770047119140625,0.34738579392433167,0.111686572432518,0.04247264936566353
1789058987916057300,6.780057373046875,0.3301529884338379,0.1009974405169487,-0.018013330176472664
1789058987926068200,6.790068115234375,0.3258148431777954,0.07694250345230103,-0.02020377665758133
1789058987936078300,6.800078369140625,0.3434215486049652,0.0734175443649292,0.032644256949424744
1789058987946088200,6.810088134765625,0.32849639654159546,0.04279518499970436,0.03683421015739441
1789058987956099300,6.820099365234375,0.23847784101963043,0.0754183754324913,0.03215476870536804
1789058987966109200,6.830109130859375,0.15074937045574188,0.11709927022457123,0.03923310339450836
1789058987976119300,6.840119384765625,0.14259691536426544,0.07431291788816452,-0.03398784622550011
1789058987986130400,6.85013037109375,0.09229088574647903,0.09694083034992218,-0.010589673183858395
1789058987996140500,6.860140625,0.07276085764169693,0.06416290998458862,-0.004416732117533684
1789058988006150400,6.870150390625,0.04584495723247528,0.05486934259533882,-0.004943009931594133
1789058988016161500,6.88016162109375,-0.007610544096678495,0.07479245215654373,0.013246113434433937
1789058988026171400,6.89017138671875,-0.023030826821923256,0.057111602276563644,0.010931553319096565
1789058988036181500,6.900181396484375,-0.05168164521455765,0.06705477833747864,-0.028239551931619644
1789058988046192400,6.9101923828125,-0.09384264051914215,0.054963842034339905,0.01720990054309368
1789058988056202500,6.920202392578125,-0.13583321869373322,0.04409601539373398,-0.00993250496685505
1789058988066212400,6.93021240234375,-0.16274423897266388,0.03048180416226387,0.037427276372909546
1789058988076223500,6.940223388671875,-0.1661435067653656,0.017987318336963654,-0.03275847062468529
1789058988086233300,6.9502333984375,-0.2610751688480377,0.06097213551402092,-0.059812452644109726
1789058988096243500,6.960243408203125,-0.3133045732975006,0.05941525101661682,-0.04059241712093353
1789058988106254300,6.97025439453125,-0.28303489089012146,0.03673379123210907,-0.016872532665729523
1789058988116264400,6.980264404296875,-0.25601285696029663,-0.024538885802030563,0.0007304283790290356
1789058988126274300,6.9902744140625,-0.22966736555099487,-0.027067720890045166,0.036212898790836334
1789058988136285200,7.00028515625,-0.243929922580719,-0.022121962159872055,-0.04109494015574455
1789058988146295300,7.01029541015625,-0.2986338138580322,-0.017745837569236755,-0.08252131193876266
1789058988156305400,7.020305419921875,-0.2846146523952484,-0.003734148573130369,-0.037211887538433075
1789058988166316300,7.03031640625,-0.23438969254493713,-0.04356471449136734,-0.018437892198562622
1789058988176326400,7.040326416015625,-0.21663068234920502,-0.04440920799970627,-0.013364836573600769
1789058988186336300,7.050336181640625,-0.20456936955451965,-0.03724825009703636,0.0415237694978714
1789058988196347400,7.060347412109375,-0.1788589507341385,-0.030393803492188454,0.0058219656348228455
1789058988206357500,7.070357421875,-0.14945070445537567,-0.02442300319671631,-0.024044279009103775
1789058988216367400,7.080367431640625,-0.11270254850387573,-0.011611334048211575,-0.054788872599601746
1789058988226378500,7.09037841796875,-0.07263528555631638,-0.012268870137631893,-0.019898535683751106
1789058988236388400,7.100388427734375,-0.021244533360004425,-0.03296855464577675,-0.023748934268951416
1789058988246398500,7.1103984375,0.046661101281642914,-0.035604655742645264,0.028132794424891472
1789058988256409300,7.120409423828125,0.09310263395309448,-0.04751777648925781,-0.040681689977645874
1789058988266419500,7.13041943359375,0.10219457745552063,-0.014491011388599873,-0.019294532015919685
1789058988276429300,7.14042919921875,0.13737013936042786,0.003301035612821579,-0.011011035181581974
1789058988286440400,7.1504404296875,0.16416619718074799,0.0022938030306249857,0.012902653776109219
1789058988296450300,7.1604501953125,0.20965886116027832,0.012768015265464783,0.0005229490343481302
1789058988306460400,7.17046044921875,0.25078678131103516,0.029614834114909172,0.02283998765051365
1789058988316471300,7.18047119140625,0.3059094250202179,-0.0118631012737751,-0.03726409748196602
1789058988326481400,7.1904814453125,0.3360407054424286,0.015032246708869934,0.01210122462362051
1789058988336491300,7.2004912109375,0.3547193109989166,0.0031508200336247683,-0.03584925830364227
1789058988346502400,7.21050244140625,0.3915307819843292,0.011194691061973572,-0.02927306480705738
1789058988356512300,7.22051220703125,0.4050289988517761,0.021914180368185043,0.017692845314741135
1789058988366522400,7.2305224609375,0.39059245586395264,0.023620571941137314,-0.0006884494796395302
1789058988376533200,7.240533203125,0.38849470019340515,0.015616973862051964,-0.010183950886130333
1789058988386543400,7.25054345703125,0.3855360746383667,0.01978617161512375,0.015124011784791946
1789058988396554500,7.260554443359375,0.37903714179992676,0.006619236897677183,-0.00006532808765769005
1789058988406564400,7.270564453125,0.3381994962692261,0.02625720202922821,0.004397276323288679
1789058988416574500,7.280574462890625,0.30745944380760193,0.03875381872057915,0.03312798961997032
1789058988426585300,7.29058544921875,0.28984472155570984,0.03967465087771416,0.027804424986243248
1789058988436595500,7.300595458984375,0.26002824306488037,0.03343886137008667,-0.03309567645192146
1789058988446605600,7.31060546875,0.23905467987060547,0.05803082138299942,0.01995609700679779
1789058988456616400,7.320616455078125,0.256134033203125,0.03725443407893181,0.008236856199800968
1789058988466626300,7.330626220703125,0.2772323787212372,-0.009394424967467785,-0.05700074881315231
1789058988476636400,7.340636474609375,0.26311230659484863,0.006144587881863117,0.028078459203243256
1789058988486647300,7.350647216796875,0.252721905708313,-0.020485762506723404,0.022896762937307358
1789058988496657400,7.360657470703125,0.24289484322071075,-0.002779470756649971,0.005091667640954256
1789058988506667300,7.370667236328125,0.2248198688030243,0.024316120892763138,0.07142280042171478
1789058988516678400,7.380678466796875,0.20757244527339935,0.015929559245705605,0.09569751471281052
1789058988526688300,7.390688232421875,0.21100245416164398,0.022269465029239655,0.05375944450497627
1789058988536698400,7.400698486328125,0.23091064393520355,0.0158576387912035,0.04345647245645523
1789058988546709200,7.410709228515625,0.24529291689395905,0.011192820966243744,0.0003772799391299486
1789058988556719400,7.42071923828125,0.25025704503059387,0.01844301074743271,-0.012426134198904037
1789058988566729200,7.430729248046875,0.2826829254627228,-0.002816384192556143,0.0023495208006352186
1789058988576740400,7.440740234375,0.303325355052948,0.0026691954117268324,0.012573394924402237
1789058988586750200,7.450750244140625,0.28440457582473755,0.02966899983584881,-0.004564362578094006
1789058988596760300,7.46076025390625,0.28478753566741943,0.06022211164236069,-0.008928484283387661
1789058988606771500,7.470771484375,0.29168492555618286,0.07019709795713425,0.035036131739616394
1789058988616781600,7.480781494140625,0.33050769567489624,0.03138845041394234,-0.017779143527150154
1789058988626791400,7.49079150390625,0.3358146846294403,0.03169066458940506,-0.02718973346054554
1789058988636802600,7.500802490234375,0.3115663230419159,0.03865829482674599,0.008591167628765106
1789058988646812400,7.5108125,0.2725650668144226,0.032978132367134094,-0.014571793377399445
1789058988656822500,7.520822509765625,0.21273928880691528,0.04630459100008011,0.018654869869351387
1789058988666833400,7.53083349609375,0.15479977428913116,0.03266757354140282,0.011972852982580662
1789058988676843500,7.540843505859375,0.08326727151870728,0.03419170156121254,0.04386793449521065
1789058988686853400,7.550853271484375,0.031158022582530975,0.023200610652565956,0.0015256444457918406
1789058988696864300,7.5608642578125,-0.001709114876575768,0.012100555002689362,-0.01088388729840517
1789058988706874400,7.570874267578125,-0.02972392737865448,0.022554606199264526,-0.014273347333073616
1789058988716884500,7.580884521484375,-0.0604698546230793,0.02100571244955063,0.025099359452724457
1789058988726895400,7.590895263671875,-0.06475883722305298,0.0016645877622067928,0.035785771906375885
1789058988736905200,7.6009052734375,-0.09809654951095581,0.030576130375266075,0.06401287764310837
1789058988746915600,7.61091552734375,-0.09447875618934631,0.023452769964933395,0.06694795191287994
1789058988756926500,7.620926513671875,-0.09460659325122833,0.05285513401031494,-0.006986190564930439
1789058988766936600,7.6309365234375,-0.08708226680755615,0.04397343471646309,-0.03517632931470871
1789058988776946400,7.640946533203125,-0.0312831811606884,0.038364019244909286,-0.0487736314535141
1789058988786957600,7.65095751953125,0.01675163023173809,0.013731434009969234,-0.03664634749293327
1789058988796967400,7.660967529296875,0.06550105661153793,-0.027882855385541916,0.026533951982855797
1789058988806977500,7.6709775390625,0.07168640941381454,-0.011232975870370865,0.04997323453426361
1789058988816988400,7.680988525390625,0.05732105299830437,0.006103936582803726,0.04502641409635544
1789058988826998500,7.69099853515625,0.06828701496124268,0.028474153950810432,-0.0007684675510972738
1789058988837009400,7.701009521484375,0.11157350242137909,0.03326065093278885,-0.004695298615843058
1789058988847019500,7.71101953125,0.19978082180023193,0.027164330706000328,0.010278645902872086
1789058988857029400,7.721029296875,0.30371227860450745,-0.011722348630428314,0.04754985123872757
1789058988867040500,7.73104052734375,0.3996252417564392,-0.047926295548677444,0.12943407893180847
1789058988877050400,7.74105029296875,0.45133131742477417,-0.04590415954589844,0.22663386166095734
1789058988887060500,7.751060546875,0.4460815191268921,0.009837562218308449,0.2023225575685501
1789058988897071600,7.761071533203125,0.4994813799858093,0.06414474546909332,0.1664942502975464
1789058988907081700,7.771081787109375,0.575183629989624,0.13981933891773224,0.14997829496860504
1789058988917091600,7.781091552734375,0.6964298486709595,0.15317402780056,0.07797466963529587
1789058988927102500,7.7911025390625,0.8448637127876282,0.16400600969791412,0.0876476913690567
1789058988937112600,7.801112548828125,0.974884569644928,0.1693515032529831,0.08515603840351105
1789058988947122700,7.811122802734375,1.0622681379318237,0.17307934165000916,0.0730505883693695
1789058988957133600,7.821133544921875,1.0912991762161255,0.21161314845085144,0.15005776286125183
1789058988967143400,7.831143310546875,1.1024106740951538,0.23616093397140503,0.09980864822864532
1789058988977153500,7.841153564453125,1.047000527381897,0.30366644263267517,0.09440615773200989
1789058988987164400,7.851164306640625,1.0487126111984253,0.3305628299713135,0.12073368579149246
1789058988997174500,7.861174560546875,1.0606955289840698,0.31544142961502075,0.10599815100431442
1789058989007184400,7.871184326171875,1.049165964126587,0.3176494240760803,0.12782683968544006
1789058989017195500,7.881195556640625,0.973938524723053,0.33688488602638245,0.11420024931430817
1789058989027205400,7.891205322265625,0.9214736819267273,0.31482815742492676,0.13131453096866608
1789058989037215500,7.901215576171875,0.8092643022537231,0.3127032220363617,0.13026177883148193
1789058989047226400,7.911226318359375,0.6953496336936951,0.2744845747947693,0.11230111122131348
1789058989057236500,7.921236572265625,0.540248692035675,0.26069071888923645,0.13773110508918762
1789058989067246300,7.931246337890625,0.327913373708725,0.28008267283439636,0.07935012876987457
1789058989077257500,7.941257568359375,0.12229496240615845,0.2785162031650543,0.060536228120326996
1789058989087267300,7.951267333984375,-0.032627396285533905,0.2715437114238739,0.08490974456071854
1789058989097277400,7.96127734375,-0.15443265438079834,0.22971531748771667,0.04568776860833168
1789058989107288600,7.97128857421875,-0.22368578612804413,0.20289510488510132,0.11537832766771317
1789058989117298700,7.981298583984375,-0.27915117144584656,0.17193080484867096,0.15059250593185425
1789058989127308500,7.99130859375,-0.3381361961364746,0.15869387984275818,0.12587758898735046
1789058989137319700,8.001319580078125,-0.406063050031662,0.1804274022579193,0.11683189868927002
1789058989147329500,8.01132958984375,-0.4640611410140991,0.18012285232543945,0.1173403412103653
1789058989157339600,8.021339599609375,-0.4724716544151306,0.17912310361862183,0.05808952823281288
1789058989167350500,8.0313505859375,-0.4972784221172333,0.16141322255134583,0.01715998910367489
1789058989177360600,8.041360595703125,-0.5301194787025452,0.13270753622055054,0.059025414288043976
1789058989187370500,8.05137060546875,-0.5318291187286377,0.11400054395198822,-0.002054136712104082
1789058989197381400,8.06138134765625,-0.5929960608482361,0.09042437374591827,0.025616904720664024
1789058989207391500,8.0713916015625,-0.6537224650382996,0.10124212503433228,0.05528431758284569
1789058989217401600,8.081401611328126,-0.6911595463752747,0.09724631905555725,0.02196257747709751
1789058989227412500,8.09141259765625,-0.7347452640533447,0.07320975512266159,0.07713209092617035
1789058989237422600,8.101422607421876,-0.7697418332099915,0.05754610896110535,0.0939057469367981
1789058989247432400,8.111432373046876,-0.7788997888565063,0.03664524853229523,0.0949312224984169
1789058989257443300,8.121443359375,-0.7992804646492004,0.035014063119888306,0.0808689296245575
1789058989267453400,8.131453369140624,-0.8023301362991333,0.01784769631922245,-0.019344642758369446
1789058989277464300,8.14146435546875,-0.7905288934707642,0.020577169954776764,-0.0636868104338646
1789058989287474400,8.151474365234375,-0.7980655431747437,0.021683569997549057,-0.08654813468456268
1789058989297484300,8.161484375,-0.7662231922149658,0.005502735264599323,-0.1354895681142807
1789058989307495700,8.17149560546875,-0.7562893033027649,0.003912511747330427,-0.09424180537462234
1789058989317505500,8.181505615234375,-0.711897611618042,-0.022428281605243683,-0.10221903771162033
1789058989327515600,8.191515625,-0.6545467972755432,-0.013131298124790192,-0.04784350469708443
1789058989337526500,8.201526611328125,-0.6211116313934326,0.003758735489100218,-0.06982896476984024
1789058989347536600,8.21153662109375,-0.5483014583587646,0.0102991983294487,-0.08260230720043182
1789058989357546500,8.22154638671875,-0.43706974387168884,0.023497290909290314,-0.04319843649864197
1789058989367557600,8.2315576171875,-0.3281858265399933,0.03952140361070633,-0.039102260023355484
1789058989377567500,8.2415673828125,-0.21033670008182526,0.018185222521424294,-0.06667662411928177
1789058989387577600,8.25157763671875,-0.07495912909507751,0.011778664775192738,-0.04632291570305824
1789058989397588500,8.26158837890625,0.05762474238872528,0.0026663928292691708,-0.04351700842380524
1789058989407598600,8.2715986328125,0.14430230855941772,0.0030163091141730547,-0.026767509058117867
1789058989417608400,8.2816083984375,0.16538681089878082,0.023397747427225113,-0.007193008437752724
1789058989427619600,8.29161962890625,0.2004268765449524,0.028770174831151962,-0.01387073751538992
1789058989437629400,8.30162939453125,0.24847136437892914,0.03176836296916008,0.005643841810524464
1789058989447639600,8.3116396484375,0.2982892096042633,0.014357907697558403,0.019552893936634064
1789058989457650400,8.321650390625,0.3379040062427521,0.014083068817853928,0.03547193855047226
1789058989467660500,8.33166064453125,0.36224889755249023,-0.008852849714457989,0.01304748933762312
1789058989477670400,8.34167041015625,0.3667350113391876,-0.018865536898374557,0.018706172704696655
1789058989487681300,8.351681396484375,0.3704345226287842,-0.02507556974887848,0.06095699220895767
1789058989497691400,8.36169140625,0.35248294472694397,-0.033476512879133224,0.06528196483850479
1789058989507701500,8.371701416015625,0.3064780533313751,-0.025281937792897224,0.03488774225115776
1789058989517712600,8.381712646484376,0.22683675587177277,-0.016801901161670685,0.007939481176435947
1789058989527722500,8.391722412109376,0.1808515340089798,-0.04768499732017517,-0.007708925753831863
1789058989537732600,8.401732666015626,0.1465635895729065,-0.06746935844421387,-0.001835856819525361
1789058989547743500,8.411743408203124,0.0752905085682869,-0.06698723882436752,-0.017231687903404236
1789058989557753600,8.421753662109374,0.02170717529952526,-0.08269988745450974,0.045410655438899994
1789058989567763500,8.431763427734374,0.012463923543691635,-0.08605894446372986,0.002672590082511306
1789058989577774600,8.441774658203125,-0.004600014537572861,-0.09227556735277176,-0.03131573647260666
1789058989587784400,8.451784423828125,-0.018344683572649956,-0.08538766950368881,0.005347914062440395
1789058989597794600,8.461794677734375,-0.015696968883275986,-0.07031337916851044,-0.038432586938142776
1789058989607805400,8.471805419921875,0.009353500790894032,-0.078485868871212,-0.06021282449364662
1789058989617815600,8.481815673828125,0.08031795173883438,-0.07761208713054657,-0.031992107629776
1789058989627825400,8.491825439453125,0.1520112305879593,-0.12254136800765991,-0.021682899445295334
1789058989637836500,8.50183642578125,0.18591992557048798,-0.10600314289331436,-0.013550670817494392
1789058989647846400,8.511846435546875,0.18684031069278717,-0.06736445426940918,0.04480231925845146
1789058989657857500,8.521857421875,0.17398416996002197,-0.022299770265817642,0.04498660936951637
1789058989667867400,8.531867431640626,0.16429449617862701,0.017606377601623535,0.0034494667779654264
1789058989677877500,8.54187744140625,0.2152269184589386,0.02534019574522972,0.0017945787403732538
1789058989687888600,8.551888671875,0.2380496859550476,0.02435801923274994,-0.045370493084192276
1789058989697898800,8.561898681640624,0.27239352464675903,0.02917328104376793,-0.021341055631637573
1789058989707908400,8.571908447265624,0.3535866439342499,0.013922955840826035,-0.03129222244024277
1789058989717919500,8.58191943359375,0.4118507504463196,0.013829478994011879,-0.022973572835326195
1789058989727929600,8.5919296875,0.43628859519958496,0.03423197567462921,-0.013077901676297188
1789058989737939700,8.601939697265625,0.47431108355522156,0.03948346525430679,0.0207290630787611
1789058989747950300,8.611950439453125,0.49189841747283936,0.06724096089601517,0.04260176420211792
1789058989757960200,8.621960205078125,0.5131616592407227,0.08967169374227524,0.029739493504166603
1789058989767970300,8.63197021484375,0.5247845649719238,0.108806312084198,0.01277807168662548
1789058989777981400,8.6419814453125,0.53403240442276,0.14136585593223572,0.012270741164684296
1789058989787991600,8.651991455078125,0.5686309337615967,0.12046269327402115,0.013999192044138908
1789058989798001400,8.66200146484375,0.5973371267318726,0.11306975781917572,0.017597390338778496
1789058989808012500,8.672012451171875,0.5579120516777039,0.1338619738817215,0.01661073789000511
1789058989818022400,8.6820224609375,0.5220254063606262,0.1424349546432495,0.002337260637432337
1789058989828032500,8.692032470703126,0.48779380321502686,0.13785238564014435,-0.03450118750333786
1789058989838043400,8.70204345703125,0.43394678831100464,0.13785451650619507,0.01309722475707531
1789058989848053500,8.712053466796876,0.3643128573894501,0.12873217463493347,0.002527204342186451
1789058989858063400,8.7220634765625,0.27956709265708923,0.12672920525074005,0.005328050814568996
1789058989868074500,8.732074462890624,0.17102059721946716,0.1426938772201538,0.010650831274688244
1789058989878084400,8.74208447265625,0.06252314150333405,0.1534852683544159,-0.010730091482400894
1789058989888094500,8.752094482421874,-0.056519411504268646,0.15732580423355103,-0.02074664644896984
1789058989898105300,8.762105224609375,-0.13151802122592926,0.15074539184570312,-0.026891890913248062
1789058989908115500,8.772115478515625,-0.1543014496564865,0.11511985957622528,0.005149242468178272
1789058989918125300,8.782125244140625,-0.18486228585243225,0.07786436378955841,-0.01613074541091919
1789058989928136400,8.792136474609375,-0.246916726231575,0.08944611251354218,-0.00964964646846056
1789058989938146300,8.802146240234375,-0.31525158882141113,0.0984308123588562,-0.01870439387857914
1789058989948156400,8.812156494140625,-0.3907453119754791,0.13448114693164825,-0.03360392525792122
1789058989958167300,8.822167236328125,-0.45719650387763977,0.1537049114704132,-0.03161907196044922
1789058989968177400,8.832177490234375,-0.4796304404735565,0.14907483756542206,-0.0539277046918869
1789058989978187300,8.842187255859375,-0.4861690402030945,0.12550640106201172,-0.05819648504257202
1789058989988198400,8.852198486328126,-0.4938221573829651,0.09367810934782028,-0.05099403113126755
1789058989998208500,8.86220849609375,-0.5021485686302185,0.0741821676492691,-0.07567540556192398
1789058990008218600,8.872218505859376,-0.526050865650177,0.06514254957437515,-0.06265765428543091
1789058990018229500,8.8822294921875,-0.5767865180969238,0.08329838514328003,-0.03342893347144127
1789058990028239600,8.892239501953124,-0.6404666304588318,0.0842536985874176,-0.04506523907184601
1789058990038249500,8.90224951171875,-0.6890221834182739,0.09000851958990097,0.015470271930098534
1789058990048260400,8.91226025390625,-0.7216086983680725,0.08914047479629517,0.016093933954834938
1789058990058270500,8.9222705078125,-0.7201839089393616,0.041066691279411316,-0.0057509103789925575
1789058990068281300,8.93228125,-0.7111489176750183,-0.001734202727675438,-0.030864102765917778
1789058990078291500,8.94229150390625,-0.723495364189148,-0.018680430948734283,-0.019277753308415413
1789058990088301300,8.95230126953125,-0.7262659668922424,-0.047992490231990814,0.009338079020380974
1789058990098312400,8.9623125,-0.7418728470802307,-0.03802001476287842,0.03193739801645279
1789058990108322300,8.972322265625,-0.7628260254859924,-0.06306342035531998,-0.012707679532468319
1789058990118332400,8.98233251953125,-0.7443253397941589,-0.07567428797483444,0.005718732252717018
1789058990128343300,8.99234326171875,-0.7572260499000549,-0.04842929542064667,0.021649805828928947
1789058990138353400,9.002353515625,-0.7272074222564697,-0.08018935471773148,-0.07286151498556137
1789058990148363300,9.01236328125,-0.6683540344238281,-0.08395987749099731,-0.050546832382678986
1789058990158374400,9.02237451171875,-0.643174409866333,-0.08256411552429199,-0.02330322563648224
1789058990168384300,9.03238427734375,-0.5961210131645203,-0.09661820530891418,-0.03385654091835022
1789058990178394400,9.042394287109374,-0.5610660910606384,-0.09555533528327942,-0.034057874232530594
1789058990188405500,9.052405517578125,-0.5356602668762207,-0.07688770443201065,0.013714662753045559
1789058990198415600,9.06241552734375,-0.48819664120674133,-0.0943753570318222,0.022880729287862778
1789058990208425500,9.072425537109375,-0.445211797952652,-0.09623349457979202,0.02614705078303814
1789058990218436400,9.082436279296875,-0.3961917757987976,-0.11000789701938629,0.01300594862550497
1789058990228446500,9.092446533203125,-0.3370511829853058,-0.12363170832395554,-0.019006527960300446
1789058990238456600,9.10245654296875,-0.295492023229599,-0.13443295657634735,-0.05983598530292511
1789058990248467500,9.112467529296875,-0.23680664598941803,-0.11882087588310242,-0.01213036198168993
1789058990258477600,9.1224775390625,-0.20272085070610046,-0.1091352254152298,-0.026038721203804016
1789058990268487400,9.1324873046875,-0.1438259482383728,-0.10521206259727478,-0.013633443973958492
1789058990278498300,9.142498291015626,-0.10216639190912247,-0.08834280073642731,-0.02772795781493187
1789058990288508400,9.15250830078125,-0.02756991796195507,-0.05500534921884537,0.047452546656131744
1789058990298518500,9.1625185546875,0.04347410053014755,-0.09877984970808029,-0.0027020180132240057
1789058990308529400,9.172529296875,0.1300256848335266,-0.0960003063082695,0.026228677481412888
1789058990318539300,9.182539306640624,0.1820603907108307,-0.10026269406080246,0.023918919265270233
1789058990328549400,9.19254931640625,0.22824425995349884,-0.10415589064359665,-0.020747918635606766
1789058990338560300,9.202560302734375,0.24780356884002686,-0.07984789460897446,-0.032423749566078186
1789058990348570400,9.2125703125,0.29554086923599243,-0.05308070033788681,0.006924353539943695
1789058990358580200,9.222580322265625,0.34838196635246277,-0.05435901880264282,-0.026360098272562027
1789058990368591400,9.23259130859375,0.4170192778110504,-0.034619659185409546,-0.030324500054121017
1789058990378601200,9.242601318359375,0.48565053939819336,-0.024279404431581497,-0.03646441921591759
1789058990388611300,9.252611328125,0.5687139630317688,-0.032177262008190155,-0.03814304992556572
1789058990398622500,9.26262255859375,0.6303059458732605,-0.009939603507518768,0.002268289914354682
1789058990408632600,9.272632568359375,0.6773982644081116,-0.01852641999721527,0.04331526532769203
1789058990418642400,9.282642333984375,0.6927087903022766,-0.006602114997804165,0.047291629016399384
1789058990428653600,9.292653564453126,0.6528685688972473,-0.005906431935727596,0.024764755740761757
1789058990438663400,9.302663330078126,0.5803557634353638,0.01894884929060936,0.02768091671168804
1789058990448674600,9.312674560546874,0.49415484070777893,0.04180170223116875,-0.0016423509223386645
1789058990458684400,9.322684326171874,0.4367339015007019,0.04505182057619095,0.012857761234045029
1789058990468694500,9.332694580078124,0.37588515877723694,0.025146517902612686,0.027063757181167603
1789058990479957200,9.343957275390625,0.27743473649024963,0.016514945775270462,-0.021828949451446533
1789058990489968600,9.35396875,0.21691787242889404,-0.002810015808790922,-0.00499297957867384
1789058990499978500,9.363978515625,0.12448380887508392,0.01747075468301773,0.04450586438179016
1789058990509988400,9.37398828125,0.01933996193110943,0.01288045383989811,-0.000757190166041255
1789058990519999500,9.38399951171875,-0.06588971614837646,0.015090079046785831,-0.019656313583254814
1789058990530009600,9.394009521484374,-0.1516338437795639,-0.024151377379894257,0.0029538427479565144
1789058990540019500,9.40401953125,-0.21975404024124146,-0.047008756548166275,0.04137792810797691
1789058990550030600,9.414030517578125,-0.3032248616218567,-0.0722188875079155,0.02041585184633732
1789058990560040400,9.42404052734375,-0.432245671749115,-0.07550176233053207,-0.007060780189931393
1789058990570050600,9.434050537109375,-0.5714288949966431,-0.037488870322704315,-0.01417514868080616
1789058990580061400,9.4440615234375,-0.6548041701316833,-0.02073039673268795,-0.00731431320309639
1789058990590071600,9.454071533203125,-0.7008809447288513,-0.003570930100977421,-0.037829820066690445
1789058990600081400,9.464081298828125,-0.6955860257148743,-0.03342576324939728,-0.083977609872818
1789058990610092300,9.47409228515625,-0.6413476467132568,-0.07836747914552689,-0.06580684334039688
1789058990620102400,9.484102294921875,-0.5759316086769104,-0.10816265642642975,-0.012708207592368126
1789058990630112500,9.494112548828125,-0.5716818571090698,-0.11181654036045074,0.0221199132502079
1789058990640123400,9.504123291015626,-0.5675497055053711,-0.09543810039758682,0.03212461248040199
1789058990650133200,9.51413330078125,-0.5672073364257812,-0.07162511348724365,0.013903534039855003
1789058990660143400,9.524143310546876,-0.5296077728271484,-0.052189894020557404,0.02917063795030117
1789058990670154200,9.534154296875,-0.4235996603965759,-0.06999098509550095,0.018101150169968605
1789058990680164400,9.544164306640624,-0.29725852608680725,-0.09054339677095413,0.01921514980494976
1789058990690174500,9.554174560546874,-0.16515950858592987,-0.0988287702202797,0.0014031457249075174
1789058990700185600,9.564185546875,-0.05303376913070679,-0.08093366026878357,0.02376917190849781
1789058990710195500,9.574195556640625,0.04342769831418991,-0.07519378513097763,-0.026640823110938072
1789058990720205300,9.584205322265625,0.1402495801448822,-0.06066916882991791,0.0035791301634162664
1789058990730216400,9.594216552734375,0.2152845412492752,-0.0639738067984581,-0.0024308576248586178
1789058990740226600,9.6042265625,0.2843826413154602,-0.07967554032802582,-0.04709552973508835
1789058990750236400,9.614236328125,0.36413148045539856,-0.0948253720998764,-0.02392987534403801
1789058990760247600,9.62424755859375,0.39985430240631104,-0.10702024400234222,0.008247502148151398
1789058990770257400,9.63425732421875,0.4452480375766754,-0.09844750910997391,0.0615825317800045
1789058990780267500,9.644267578125,0.4765892028808594,-0.10652061551809311,0.06364834308624268
1789058990790278400,9.6542783203125,0.5044517517089844,-0.09464093297719955,0.02600887417793274
1789058990800288500,9.66428857421875,0.5688597559928894,-0.07354337722063065,0.0319778174161911
1789058990810299400,9.67429931640625,0.6450098156929016,-0.04109935462474823,0.053474362939596176
1789058990820308500,9.68430859375,0.7232604026794434,-0.030482929199934006,0.034097202122211456
1789058990830318300,9.694318359375,0.8301640748977661,-0.021105192601680756,0.0011764529626816511
1789058990840328400,9.704328369140624,0.9528743028640747,-0.012932482175529003,0.031297869980335236
1789058990850339300,9.71433935546875,1.0202380418777466,-0.006980010308325291,0.0415751151740551
1789058990860349400,9.724349365234374,1.055974006652832,0.02174750715494156,0.05916555970907211
1789058990870359300,9.734359375,1.0983266830444336,0.03961192071437836,0.026782887056469917
1789058990880370700,9.74437060546875,1.1238895654678345,0.06688348948955536,0.03201226890087128
1789058990890380500,9.754380615234375,1.1164746284484863,0.08901826292276382,0.031109001487493515
1789058990900390700,9.764390625,1.1234270334243774,0.10006771236658096,0.04041408374905586
1789058990910401500,9.774401611328125,1.146575689315796,0.10445758700370789,0.01730615645647049
1789058990920411600,9.78441162109375,1.1308091878890991,0.1173158586025238,0.014324217103421688
1789058990930421500,9.79442138671875,1.0744866132736206,0.14843395352363586,0.05165516957640648
1789058990940432600,9.8044326171875,1.0070098638534546,0.16260595619678497,0.061877716332674026
1789058990950442500,9.8144423828125,0.9215982556343079,0.16599023342132568,0.018275653943419456
1789058990960452600,9.82445263671875,0.8599671125411987,0.15624146163463593,0.05062853544950485
1789058990970463500,9.83446337890625,0.7793010473251343,0.13147687911987305,0.05807366222143173
1789058990980473600,9.8444736328125,0.6442843675613403,0.11588405817747116,0.07964633405208588
1789058990990484500,9.854484375,0.48931509256362915,0.1282953917980194,0.06813956052064896
1789058991000494600,9.86449462890625,0.3322945833206177,0.15118420124053955,0.09515466541051865
1789058991010504400,9.87450439453125,0.17850300669670105,0.15473967790603638,0.06592880189418793
1789058991020515300,9.884515380859375,0.030806751921772957,0.1401870995759964,0.05756647512316704
1789058991030525400,9.894525390625,-0.031191308051347733,0.08647237718105316,0.012031333521008492
1789058991040535600,9.90453564453125,-0.10333447903394699,0.06378677487373352,0.029517116025090218
1789058991050546400,9.91454638671875,-0.20697201788425446,0.08211129158735275,0.0460493303835392
1789058991060556300,9.924556396484375,-0.31902289390563965,0.10224398970603943,0.06256093084812164
1789058991070566400,9.93456640625,-0.40619683265686035,0.13737958669662476,0.07423815131187439
1789058991080577500,9.94457763671875,-0.45441684126853943,0.1311832219362259,0.035625774413347244
1789058991090587600,9.954587646484375,-0.48340028524398804,0.12369359284639359,0.008992345072329044
1789058991100597500,9.964597412109375,-0.5116584897041321,0.09515276551246643,0.014614277519285679
1789058991110608600,9.974608642578126,-0.5272941589355469,0.05989880859851837,0.047104112803936005
1789058991120618500,9.984618408203126,-0.5861585140228271,0.06325598806142807,0.0056227147579193115
1789058991130628600,9.994628662109376,-0.6463006138801575,0.056692421436309814,0.04537925124168396
1789058991140639500,10.004639404296874,-0.6735812425613403,0.06158864498138428,0.02900160849094391
1789058991150649600,10.014649658203124,-0.7248145341873169,0.05883689224720001,-0.03269699960947037
1789058991160659500,10.024659423828124,-0.7322533130645752,0.053436536341905594,0.009776955470442772
1789058991170670600,10.034670654296875,-0.722368597984314,0.06064143404364586,-0.00536544993519783
1789058991180680400,10.044680419921875,-0.6896783113479614,0.04788356274366379,-0.011060087941586971
1789058991190690600,10.054690673828125,-0.6542237997055054,0.010496484115719795,-0.030584152787923813
1789058991200701400,10.064701416015625,-0.6375750303268433,0.018913671374320984,0.0045993998646736145
1789058991210711600,10.074711669921875,-0.6175333857536316,0.01573052443563938,0.03800370544195175
1789058991220721400,10.084721435546875,-0.592025101184845,-0.004694855771958828,0.017370864748954773
1789058991230732500,10.094732666015625,-0.5696030855178833,-0.003937873989343643,-0.013005327433347702
1789058991240742400,10.104742431640625,-0.4994039833545685,-0.01799696683883667,-0.011499842628836632
1789058991250752500,10.11475244140625,-0.3938087224960327,-0.030167806893587112,0.008840282447636127
1789058991260763400,10.124763427734376,-0.29834505915641785,-0.019115155562758446,-0.007797815836966038
1789058991270773500,10.1347734375,-0.1875688135623932,-0.016436807811260223,-0.0294506698846817
1789058991280783400,10.144783447265626,-0.07221611589193344,0.02816235087811947,0.02231106162071228
1789058991290794500,10.15479443359375,0.05080897733569145,0.037969477474689484,0.06392627209424973
1789058991300804600,10.1648046875,0.1904132068157196,0.02344752661883831,0.029152050614356995
1789058991310814700,10.174814697265624,0.29910850524902344,0.03869887441396713,-0.007704871706664562
1789058991320825600,10.18482568359375,0.39159104228019714,0.015352275222539902,-0.03371250629425049
1789058991330835500,10.19483544921875,0.4830833077430725,0.030977845191955566,0.022336361929774284
1789058991340845600,10.204845458984375,0.5261487364768982,0.037832554429769516,0.00973082147538662
1789058991350856400,10.2148564453125,0.5661023855209351,0.044343527406454086,-0.0016480993945151567
1789058991360866600,10.224866455078125,0.5802587270736694,0.09039224684238434,-0.027813658118247986
1789058991370876700,10.234876708984375,0.611933171749115,0.08689037710428238,0.007257011719048023
1789058991380887600,10.244887451171875,0.6271321177482605,0.10728726536035538,0.07344934344291687
1789058991390897400,10.2548974609375,0.6499148607254028,0.09582609683275223,-0.03116711415350437
1789058991400907500,10.264907470703125,0.6789404153823853,0.09596564620733261,0.007631680928170681
1789058991410918400,10.27491845703125,0.6944066286087036,0.09472045302391052,0.04224005714058876
1789058991420928500,10.284928466796876,0.6710277795791626,0.1056268960237503,0.043836355209350586
1789058991430939400,10.294939453125,0.6450686454772949,0.09618359059095383,0.01136074960231781
1789058991440949500,10.304949462890624,0.5617008209228516,0.11953232437372208,-0.025857726112008095
1789058991450959400,10.31495947265625,0.5115764141082764,0.1293829083442688,0.007698580622673035
1789058991460970500,10.324970458984374,0.47278401255607605,0.14492139220237732,-0.030148930847644806
1789058991470980400,10.33498046875,0.4011615514755249,0.1270335465669632,-0.012421655468642712
1789058991480990500,10.344990478515625,0.3291400671005249,0.1474088728427887,0.026700979098677635
1789058991491001600,10.355001708984375,0.26984235644340515,0.2196982353925705,0.05772542953491211
1789058991501011700,10.36501171875,0.19565442204475403,0.17287640273571014,0.0028616497293114662
1789058991511021600,10.375021484375,0.20447863638401031,0.13346734642982483,0.031399644911289215
1789058991521032400,10.385032470703125,0.17779749631881714,0.06716553866863251,0.052768584340810776
1789058991531042600,10.39504248046875,0.10128671675920486,0.09424328058958054,0.0040553901344537735
1789058991541052700,10.405052734375,-0.061890486627817154,0.12390290945768356,-0.06108526140451431
1789058991551063600,10.4150634765625,-0.17746660113334656,0.18060608208179474,-0.004496571142226458
1789058991561073700,10.42507373046875,-0.30396169424057007,0.21059781312942505,-0.040271345525979996
1789058991571083500,10.43508349609375,-0.38229259848594666,0.2150018960237503,-0.02308952994644642
1789058991581094400,10.445094482421876,-0.41836538910865784,0.2010067105293274,0.010813575237989426
1789058991591104500,10.4551044921875,-0.435403436422348,0.16086390614509583,0.015917200595140457
1789058991601114600,10.465114501953124,-0.5013355612754822,0.15229491889476776,-0.020192332565784454
1789058991611125500,10.47512548828125,-0.555518388748169,0.10629680752754211,-0.045040156692266464
1789058991621135400,10.48513525390625,-0.6535301804542542,0.11675584316253662,-0.03521043062210083
1789058991631145500,10.4951455078125,-0.7859850525856018,0.14952197670936584,-0.009034799411892891
1789058991641156400,10.50515625,-0.8537819385528564,0.12546591460704803,-0.03790799155831337
1789058991651166500,10.51516650390625,-0.9019814729690552,0.1161973625421524,-0.03600561246275902
1789058991661176300,10.52517626953125,-0.9599308371543884,0.09535759687423706,-0.035086821764707565
1789058991671187500,10.5351875,-0.9631369113922119,0.06838855147361755,-0.038775812834501266
1789058991681197300,10.545197265625,-0.9714169502258301,0.025267980992794037,-0.03240925818681717
1789058991691207400,10.55520751953125,-0.9560893177986145,0.008783579804003239,-0.05261211842298508
1789058991701218600,10.565218505859375,-0.9340689778327942,-0.018725275993347168,-0.04486365243792534
1789058991711228700,10.575228759765626,-0.9339486956596375,-0.008261344395577908,-0.016749082133173943
1789058991721238500,10.585238525390626,-0.9366915225982666,0.009097672067582607,0.0061778053641319275
1789058991731249700,10.595249755859374,-0.8674164414405823,0.0006519234739243984,-0.04531495273113251
1789058991741260300,10.60526025390625,-0.7805712819099426,-0.017168086022138596,-0.001051617320626974
1789058991751270400,10.6152705078125,-0.6567509174346924,-0.03405517712235451,0.013190106488764286
1789058991761281300,10.62528125,-0.5753583312034607,-0.027971450239419937,0.04995664581656456
1789058991771291100,10.635291015625,-0.48529624938964844,-0.004114602226763964,0.04656969755887985
1789058991781301200,10.64530126953125,-0.364328533411026,-0.0060448613949120045,-0.004945158958435059
1789058991791312100,10.65531201171875,-0.22014890611171722,-0.005382542964071035,0.04335155338048935
1789058991801322200,10.665322265625,-0.08763560652732849,0.001351525541394949,0.023222582414746284
1789058991811332400,10.675332275390625,0.014629599638283253,0.00948866456747055,-0.027590705081820488
1789058991821343200,10.68534326171875,0.12594148516654968,0.007227374240756035,-0.03925241902470589
1789058991831353000,10.69535302734375,0.1797320544719696,0.05861825495958328,0.03168753907084465
1789058991841363200,10.70536328125,0.27608761191368103,0.03539096564054489,-0.022668108344078064
1789058991851374000,10.7153740234375,0.35883280634880066,0.026400664821267128,-0.04156164079904556
1789058991861384200,10.72538427734375,0.38761892914772034,0.026063241064548492,-0.025485467165708542
1789058991871394000,10.73539404296875,0.3835250437259674,0.07114431262016296,0.019745877012610435
1789058991881405400,10.745405517578124,0.40528759360313416,0.0519208163022995,0.021064141765236855
1789058991891415300,10.755415283203124,0.4294152855873108,0.05447204411029816,0.04007942974567413
1789058991901425400,10.76542529296875,0.4123327136039734,0.07514270395040512,0.04500814527273178
1789058991911436300,10.775436279296875,0.3528277575969696,0.07603016495704651,0.01237498689442873
1789058991921446400,10.7854462890625,0.3089630901813507,0.09688670933246613,-0.00653851730749011
1789058991931457300,10.795457275390625,0.2625819444656372,0.08567489683628082,-0.06612367182970047
1789058991941467400,10.80546728515625,0.21113872528076172,0.08633695542812347,-0.03649067133665085
1789058991951477200,10.815477294921875,0.12524458765983582,0.09432648867368698,0.010645478963851929
1789058991961488100,10.825488037109375,0.05849619209766388,0.09410598129034042,-0.0013872153358533978
1789058991971498200,10.835498291015625,-0.007285858504474163,0.12258872389793396,-0.01926061511039734
1789058991981508400,10.84550830078125,-0.05494152754545212,0.10452263802289963,-0.05596057325601578
1789058991991519200,10.855519287109376,-0.10488328337669373,0.1034613773226738,-0.04793970286846161
1789058992001529300,10.865529296875,-0.19421902298927307,0.08291855454444885,-0.03411896154284477
1789058992011539200,10.875539306640626,-0.28034713864326477,0.10307596623897552,0.010074817575514317
1789058992021550000,10.885550048828126,-0.35616999864578247,0.09734084457159042,0.003946884535253048
1789058992031560200,10.895560302734374,-0.4381684362888336,0.09922590851783752,0.03972266986966133
1789058992041570300,10.9055703125,-0.4955877959728241,0.09714198112487793,0.04332512989640236
1789058992051581200,10.915581298828124,-0.553950309753418,0.08487620204687119,0.020523404702544212
1789058992061591000,10.925591064453124,-0.6167521476745605,0.085001640021801,-0.03401786834001541
1789058992071601200,10.93560107421875,-0.6610167622566223,0.0918024405837059,-0.06507363170385361
1789058992081612300,10.9456123046875,-0.6834781765937805,0.06933947652578354,-0.059827469289302826
1789058992091622400,10.955622314453125,-0.7009970545768738,0.07265700399875641,-0.04359906539320946
1789058992101632300,10.96563232421875,-0.7605293989181519,0.07828053832054138,-0.04694639518857002
1789058992111643400,10.975643310546875,-0.8052440881729126,0.10476170480251312,0.02436654642224312
1789058992121653200,10.9856533203125,-0.779138445854187,0.0561816580593586,-0.014744903892278671
1789058992131663400,10.995663330078125,-0.7807382345199585,0.035952337086200714,0.023002764210104942
1789058992141674200,11.00567431640625,-0.7810223698616028,0.01710754632949829,-0.0029031343292444944
1789058992151684400,11.015684326171876,-0.7966287136077881,0.0014367313124239445,-0.0030195945873856544
1789058992161694200,11.025694091796876,-0.7980295419692993,-0.016034139320254326,-0.03968306630849838
1789058992171705300,11.035705322265626,-0.8067405223846436,0.006381004583090544,0.022757213562726974
1789058992181715200,11.045715087890626,-0.8355777859687805,0.02472778782248497,-0.030740365386009216
1789058992191725300,11.055725341796874,-0.849934995174408,0.017224928364157677,-0.007564468774944544
1789058992201736200,11.065736083984374,-0.8077292442321777,0.0002938816323876381,-0.03500647842884064
1789058992211746300,11.075746337890624,-0.795065701007843,-0.0206627007573843,0.030421946197748184
1789058992221756200,11.085756103515624,-0.8012988567352295,-0.02637678012251854,0.0340675488114357
1789058992231767300,11.095767333984375,-0.8048517107963562,-0.049615662544965744,0.00397650059312582
1789058992241777200,11.105777099609375,-0.8238056898117065,-0.039806708693504333,-0.0030044433660805225
1789058992251787300,11.115787353515625,-0.804175615310669,-0.07689809054136276,-0.03239664062857628
1789058992261798100,11.125798095703125,-0.8017063140869141,-0.07842488586902618,0.008185407146811485
1789058992271808300,11.135808349609375,-0.7845960259437561,-0.11073688417673111,0.055677033960819244
1789058992281818000,11.145818115234375,-0.7575755715370178,-0.12687990069389343,0.0036641666665673256
1789058992291829200,11.155829345703125,-0.7392457127571106,-0.1382356435060501,0.047450896352529526
1789058992301839400,11.16583935546875,-0.6833859086036682,-0.14069214463233948,0.055143438279628754
1789058992311849500,11.175849365234376,-0.6166094541549683,-0.11808467656373978,0.031239859759807587
1789058992321860400,11.1858603515625,-0.5846339464187622,-0.14330241084098816,-0.01567305438220501
1789058992331870200,11.1958701171875,-0.5099838376045227,-0.13063053786754608,0.03212845325469971
1789058992341880300,11.20588037109375,-0.41986268758773804,-0.15513348579406738,0.042351797223091125
1789058992351891200,11.21589111328125,-0.37105903029441833,-0.1670055389404297,0.03623190149664879
1789058992361901300,11.2259013671875,-0.3311571478843689,-0.1706966757774353,0.024974985048174858
1789058992371911200,11.2359111328125,-0.31488892436027527,-0.16802065074443817,0.0009745210409164429
1789058992381922300,11.24592236328125,-0.2943620979785919,-0.1516813486814499,0.04427805542945862
1789058992391932200,11.25593212890625,-0.25949451327323914,-0.16213290393352509,0.0959472730755806
1789058992401942300,11.2659423828125,-0.21816012263298035,-0.17196209728717804,0.06701868772506714
1789058992411953200,11.275953125,-0.20682570338249207,-0.19525299966335297,0.061738234013319016
1789058992421963300,11.28596337890625,-0.21413394808769226,-0.14498743414878845,0.07720346748828888
1789058992431974100,11.29597412109375,-0.1994609236717224,-0.14345252513885498,0.09027595818042755
1789058992441984300,11.305984375,-0.15557709336280823,-0.16959333419799805,0.1324596256017685
1789058992451994000,11.315994140625,-0.10184494405984879,-0.1922326683998108,0.05769858881831169
1789058992462005200,11.326005126953126,-0.057433538138866425,-0.21327562630176544,0.05294351279735565
1789058992472015000,11.33601513671875,-0.07108087092638016,-0.19119319319725037,0.06828959286212921
1789058992482025200,11.346025146484376,-0.08530773967504501,-0.18600375950336456,0.00288715329952538
1789058992492036400,11.356036376953124,-0.08783867955207825,-0.1483311951160431,0.07633330672979355
1789058992502046500,11.36604638671875,-0.08194802701473236,-0.18329237401485443,0.03210379183292389
1789058992512056300,11.376056396484374,-0.05630616843700409,-0.17882026731967926,0.0653783529996872
1789058992522067200,11.386067138671875,-0.04264095425605774,-0.23342731595039368,0.07372336834669113
1789058992532077300,11.396077392578125,-0.07684807479381561,-0.19352103769779205,0.026497306302189827
1789058992542087400,11.40608740234375,-0.14103583991527557,-0.18492834270000458,0.05606132373213768
1789058992552098300,11.416098388671875,-0.1908825784921646,-0.15996164083480835,0.025692610070109367
1789058992562108200,11.426108154296875,-0.20433421432971954,-0.1547069549560547,0.033563848584890366
1789058992572118300,11.4361181640625,-0.19255535304546356,-0.19651319086551666,-0.018695436418056488
1789058992582129200,11.446129150390625,-0.2444601058959961,-0.18399019539356232,0.04283849522471428
1789058992592139300,11.45613916015625,-0.27628809213638306,-0.1874469369649887,0.059252649545669556
1789058992602149400,11.4661494140625,-0.2702813446521759,-0.20204025506973267,0.027996458113193512
1789058992612160300,11.47616015625,-0.26346758008003235,-0.2205965369939804,0.006181119941174984
1789058992622170000,11.486170166015626,-0.2685454487800598,-0.22627146542072296,-0.032056547701358795
1789058992632180200,11.49618017578125,-0.29190242290496826,-0.19291479885578156,-0.011829731985926628
1789058992642191000,11.506191162109374,-0.25782594084739685,-0.1894787847995758,-0.020001109689474106
1789058992652201200,11.516201171875,-0.22347049415111542,-0.16714736819267273,0.011193457990884781
1789058992662211000,11.526211181640624,-0.17263634502887726,-0.1696624606847763,0.1081748679280281
1789058992672222500,11.536222412109375,-0.13151802122592926,-0.1915948987007141,0.07914106547832489
1789058992682232000,11.546232177734375,-0.091105617582798,-0.24579663574695587,0.06673926115036011
1789058992692242200,11.5562421875,-0.11198078840970993,-0.22567608952522278,0.0853477343916893
1789058992702253300,11.56625341796875,-0.1863282471895218,-0.22500097751617432,0.04685147479176521
1789058992712263400,11.576263427734375,-0.2610383629798889,-0.2018183022737503,0.0334201380610466
1789058992722273300,11.586273193359375,-0.3114764988422394,-0.18555544316768646,0.05730336531996727
1789058992732284400,11.596284423828125,-0.3684711456298828,-0.22132422029972076,-0.016273697838187218
1789058992742293500,11.60629345703125,-0.4029891788959503,-0.23243093490600586,-0.009374246932566166
1789058992752303600,11.6163037109375,-0.40151965618133545,-0.2559228837490082,0.020229291170835495
1789058992762314500,11.626314453125,-0.378507524728775,-0.2413538098335266,0.06117192655801773
1789058992772324600,11.63632470703125,-0.32838311791419983,-0.24352189898490906,0.048288311809301376
1789058992782334500,11.64633447265625,-0.2573629915714264,-0.2474633753299713,0.0700998604297638
1789058992792345600,11.656345703125,-0.2221720665693283,-0.20500747859477997,0.057470712810754776
1789058992802355500,11.66635546875,-0.16700521111488342,-0.17183753848075867,0.03257415443658829
1789058992812365600,11.676365478515624,-0.017086781561374664,-0.16467373073101044,0.0684695914387703
1789058992822376400,11.68637646484375,0.11729046702384949,-0.19732168316841125,0.013062257319688797
1789058992832386600,11.696386474609374,0.21734896302223206,-0.2002936601638794,0.03576261177659035
1789058992842396400,11.706396484375,0.2527458369731903,-0.15234823524951935,0.018112245947122574
1789058992852407600,11.716407470703125,0.26914769411087036,-0.10019926726818085,0.02921469882130623
1789058992862417400,11.72641748046875,0.3005957305431366,-0.06727688759565353,0.05683119595050812
1789058992872427500,11.736427490234375,0.32474371790885925,-0.07522664964199066,0.01960008591413498
1789058992882438700,11.746438720703125,0.35059234499931335,-0.09382456541061401,0.040701113641262054
1789058992892448800,11.75644873046875,0.3422856330871582,-0.09436207264661789,0.015198159031569958
1789058992902458600,11.766458740234375,0.31677892804145813,-0.11446281522512436,-0.0029464890249073505
1789058992912469500,11.776469482421875,0.2796485126018524,-0.1067502349615097,0.05494535341858864
1789058992922479600,11.786479736328126,0.18150222301483154,-0.09664380550384521,-0.013709074817597866
1789058992932489700,11.79648974609375,0.10771960020065308,-0.07610209286212921,0.051115356385707855
1789058992942500600,11.80650048828125,0.038811370730400085,-0.1035345122218132,0.013327496126294136
1789058992952510700,11.8165107421875,0.0005212378455325961,-0.11640162765979767,0.026109807193279266
1789058992962520600,11.8265205078125,-0.04529019445180893,-0.12950383126735687,0.04400917887687683
1789058992972531500,11.836531494140624,-0.1238771453499794,-0.14969775080680847,0.019107354804873466
1789058992982541600,11.84654150390625,-0.17269954085350037,-0.14064672589302063,0.07103314250707626
1789058992992551700,11.8565517578125,-0.2061387300491333,-0.15078644454479218,0.0647512748837471
1789058993002562600,11.8665625,-0.24460569024085999,-0.15976104140281677,0.04018574580550194
1789058993012572400,11.876572509765625,-0.2573189437389374,-0.18896760046482086,-0.0508221872150898
1789058993022582500,11.88658251953125,-0.26973459124565125,-0.1813725233078003,-0.017940141260623932
1789058993032593400,11.896593505859375,-0.28137731552124023,-0.18720069527626038,-0.022785337641835213
1789058993042603500,11.906603515625,-0.26154929399490356,-0.17933398485183716,0.001825998304411769
1789058993052613400,11.91661328125,-0.2624683678150177,-0.15539446473121643,0.06134996563196182
1789058993062624500,11.92662451171875,-0.22522780299186707,-0.17574234306812286,0.011855918914079666
1789058993072634400,11.93663427734375,-0.19422847032546997,-0.15551051497459412,-0.020684480667114258
1789058993082645800,11.946645751953126,-0.17155511677265167,-0.12431077659130096,0.022832371294498444
1789058993092655600,11.956655517578126,-0.13958722352981567,-0.14516760408878326,0.013119081035256386
1789058993102665700,11.966665771484376,-0.06276167929172516,-0.15261326730251312,0.050845421850681305
1789058993112676600,11.976676513671874,0.009637217037379742,-0.17762769758701324,0.011328156106173992
1789058993122686700,11.986686767578124,0.04072189703583717,-0.1734209656715393,-0.01058166939765215
1789058993132696600,11.996696533203124,0.028969656676054,-0.14236100018024445,-0.005884546786546707
1789058993142707700,12.006707763671875,0.03701985999941826,-0.13500961661338806,-0.03671969100832939
1789058993152717600,12.016717529296875,0.06489621102809906,-0.1204315572977066,-0.001790905254893005
1789058993162727700,12.026727783203125,0.11373139172792435,-0.14672015607357025,0.015491146594285965
1789058993172738600,12.036738525390625,0.14856113493442535,-0.14504122734069824,0.012744009494781494
1789058993182748700,12.046748779296875,0.16239014267921448,-0.1568763256072998,0.01127101480960846
1789058993192758500,12.056758544921875,0.17589394748210907,-0.1457478553056717,0.003070223145186901
1789058993202769400,12.066769287109375,0.18474602699279785,-0.16919484734535217,-0.017352759838104248
1789058993212779500,12.076779541015625,0.21389052271842957,-0.1810104101896286,0.028041502460837364
1789058993222789600,12.08678955078125,0.18962326645851135,-0.178274005651474,-0.006127918139100075
1789058993232800500,12.096800537109376,0.16819719970226288,-0.16368886828422546,0.0655188038945198
1789058993242810400,12.106810302734376,0.14830365777015686,-0.15139971673488617,0.063935287296772
1789058993252820500,12.116820556640626,0.1487625688314438,-0.1400684118270874,0.023128412663936615
1789058993262831400,12.126831298828124,0.1996782124042511,-0.17136214673519135,-0.026174155995249748
1789058993272841500,12.136841552734374,0.24136973917484283,-0.15691640973091125,-0.022235404700040817
1789058993282851600,12.1468515625,0.2344132959842682,-0.12876281142234802,-0.05653132498264313
1789058993292862700,12.15686279296875,0.30312687158584595,-0.11546503007411957,-0.0031469869427382946
1789058993302872600,12.16687255859375,0.3767997622489929,-0.14483889937400818,-0.004143541678786278
1789058993312882700,12.176882568359375,0.4223732650279999,-0.10708323866128922,0.03267402946949005
1789058993322893600,12.1868935546875,0.4043404757976532,-0.0759945660829544,0.029726704582571983
1789058993332903700,12.196903564453125,0.41877856850624084,-0.058321960270404816,0.022362541407346725
1789058993342913500,12.20691357421875,0.4659274220466614,-0.04524371027946472,0.017070839181542397
1789058993352924700,12.216924560546875,0.4723217785358429,-0.03486254811286926,0.04750453680753708
1789058993362934500,12.2269345703125,0.43276557326316833,0.0038978965021669865,0.020515531301498413
1789058993372944600,12.236944580078125,0.426426500082016,0.012255284935235977,0.038811229169368744
1789058993382955500,12.24695556640625,0.4378266930580139,-0.005009189713746309,0.022517744451761246
1789058993392965600,12.256965576171876,0.398476779460907,-0.013791519217193127,-0.042221467941999435
1789058993402975500,12.2669755859375,0.3165379762649536,0.010027260519564152,-0.009201200678944588
1789058993412986600,12.276986572265624,0.29021161794662476,-0.010066655464470387,0.009584585204720497
1789058993422996500,12.28699658203125,0.24655574560165405,0.0060167075134813786,0.005222859792411327
1789058993433006600,12.297006591796874,0.15287767350673676,0.021857334300875664,-0.02241334691643715
1789058993443017500,12.307017578125,0.10619565099477768,-0.0038144742138683796,-0.02109454944729805
1789058993453027600,12.317027587890625,0.08235777914524078,-0.03225585073232651,-0.052839603275060654
1789058993463037400,12.327037353515625,0.04588392376899719,-0.033752284944057465,-0.018262185156345367
1789058993473048600,12.337048583984375,0.014747650362551212,-0.04462229460477829,-0.009956673718988895
1789058993483058400,12.347058349609375,-0.07633965462446213,-0.005307112820446491,-0.013913864269852638
1789058993493068500,12.357068603515625,-0.13784301280975342,0.021360009908676147,-0.007885870523750782
1789058993503079700,12.36707958984375,-0.10803371667861938,-0.027203530073165894,-0.04020333290100098
1789058993513089500,12.377089599609375,-0.10400167852640152,-0.03767259046435356,-0.003948794677853584
1789058993523099600,12.387099609375,-0.12702576816082,-0.02629636600613594,0.027285290881991386
1789058993533110500,12.397110595703126,-0.14435218274593353,-0.037814296782016754,0.056666985154151917
1789058993543120600,12.40712060546875,-0.16206912696361542,-0.030696460977196693,0.025235557928681374
1789058993553130800,12.417130859375,-0.13540242612361908,-0.02537589520215988,0.011378442868590355
1789058993563141600,12.4271416015625,-0.11359541118144989,-0.028631877154111862,-0.027603844180703163
1789058993573151500,12.4371513671875,-0.10601923614740372,-0.010832377709448338,-0.04089244082570076
1789058993583161600,12.44716162109375,-0.05479412525892258,0.005731419660151005,-0.014378275722265244
1789058993593172500,12.45717236328125,0.03146255761384964,0.005816315300762653,0.011840230785310268
1789058993603182600,12.4671826171875,0.09842454642057419,0.013517644256353378,0.004703225567936897
1789058993613192400,12.4771923828125,0.1271861046552658,0.019265197217464447,-0.04471220821142197
1789058993623203600,12.48720361328125,0.13242214918136597,0.042483437806367874,-0.047471772879362106
1789058993633213400,12.49721337890625,0.1488271802663803,0.08195695281028748,0.010811232961714268
1789058993643223600,12.5072236328125,0.17829212546348572,0.07130803167819977,-0.036775726824998856
1789058993653234400,12.517234375,0.22369246184825897,0.09856222569942474,0.06440521776676178
1789058993663244500,12.52724462890625,0.24775493144989014,0.0661369115114212,0.0560855008661747
1789058993673254400,12.53725439453125,0.25103381276130676,0.03886622563004494,0.02192290499806404
1789058993683265500,12.547265625,0.18388143181800842,0.07643304020166397,0.01764373853802681
1789058993693275400,12.557275390625,0.12500831484794617,0.09825235605239868,-0.05966714769601822
1789058993703285500,12.567285400390626,0.1255742311477661,0.09055262058973312,-0.0680643618106842
1789058993713296600,12.577296630859376,0.10520916432142258,0.08629239350557327,-0.008207254111766815
1789058993723306800,12.587306640625,0.07469413429498672,0.06596341729164124,-0.0007016670424491167
1789058993733316600,12.597316650390624,0.04246320575475693,0.061401113867759705,-0.013591205701231956
1789058993743328000,12.607327880859375,-0.003388970857486129,0.06330767273902893,0.006212326232343912
1789058993753338000,12.617338134765625,-0.0517856627702713,0.06661773473024368,0.005459348671138287
1789058993763348200,12.62734814453125,-0.08922384679317474,0.05186382308602333,0.019553862512111664
1789058993773359000,12.637359130859375,-0.1265600472688675,0.040374062955379486,-0.013241804204881191
1789058993783369000,12.647368896484375,-0.15483616292476654,0.05857916548848152,0.013205782510340214
1789058993793380400,12.65738037109375,-0.1690257042646408,0.05714038386940956,-0.028865762054920197
1789058993803390200,12.66739013671875,-0.1369258314371109,0.02808503434062004,0.0008178306743502617
1789058993813400300,12.677400390625,-0.11082295328378677,0.017176782712340355,0.019680781289935112
1789058993823411200,12.6874111328125,-0.07242709398269653,0.00929702166467905,0.04307452216744423
1789058993833421300,12.69742138671875,-0.05805172771215439,0.01555711217224598,0.05462571978569031
1789058993843431200,12.70743115234375,-0.0587015375494957,0.025525590404868126,0.03298487514257431
1789058993853442300,12.7174423828125,-0.04498705640435219,0.032321177423000336,-0.025494148954749107
1789058993863452200,12.7274521484375,-0.006755516864359379,0.037064000964164734,-0.029583964496850967
1789058993873462300,12.737462158203124,0.004288678057491779,0.04004686698317528,-0.044307466596364975
1789058993883473200,12.74747314453125,0.07213270664215088,0.03265659138560295,0.016274120658636093
1789058993893483300,12.757483154296875,0.07510477304458618,0.043893538415431976,0.041388485580682755
1789058993903493000,12.7674931640625,0.05673482269048691,0.049236904829740524,0.017276491969823837
1789058993913504000,12.77750390625,0.02870079316198826,0.0866447314620018,0.04055438190698624
1789058993923514000,12.78751416015625,-0.025002915412187576,0.0730719342827797,-0.04935846105217934
1789058993933524200,12.797524169921875,-0.023951232433319092,0.07837321609258652,-0.017953401431441307
1789058993943535000,12.80753515625,-0.0002522951690480113,0.0381576232612133,-0.0454779714345932
1789058993953545200,12.817545166015625,-0.0072164395824074745,0.04995892941951752,-0.007884416729211807
1789058993963555000,12.82755517578125,-0.026583213359117508,0.050428178161382675,0.01289090234786272
1789058993973566000,12.83756591796875,-0.03813895955681801,0.05488919839262962,0.024297649040818214
1789058993983576000,12.847576171875,-0.0684870108962059,0.05882561579346657,0.05145816504955292
1789058993993586200,12.857586181640626,-0.09363564103841782,0.04932764917612076,-0.017468934878706932
1789058994003597300,12.867597412109374,-0.09912735223770142,0.04831964522600174,0.045091912150382996
1789058994013607200,12.877607177734374,-0.14836406707763672,0.030954180285334587,0.03453478962182999
1789058994023617300,12.8876171875,-0.20439431071281433,0.010504298843443394,-0.05558525025844574
1789058994033628200,12.897628173828124,-0.24308013916015625,0.04487380385398865,0.013903975486755371
1789058994043638300,12.90763818359375,-0.3022257685661316,0.03721695393323898,0.013811830431222916
1789058994053648100,12.917648193359375,-0.32363763451576233,0.05321656912565231,0.010864772833883762
1789058994063659300,12.9276591796875,-0.3497683107852936,0.058281101286411285,-0.020097937434911728
1789058994073669000,12.937669189453125,-0.338917076587677,0.02661754935979843,-0.060132063925266266
1789058994083679200,12.94767919921875,-0.3213191628456116,0.01769968867301941,-0.05866013467311859
1789058994093690000,12.957690185546875,-0.27447476983070374,0.011237626895308495,0.08239598572254181
1789058994103700200,12.9677001953125,-0.2638902962207794,-0.02032402716577053,-0.00936216115951538
1789058994113710000,12.9777099609375,-0.29260799288749695,0.024201858788728714,0.023108014836907387
1789058994123721200,12.98772119140625,-0.33224567770957947,0.04603498801589012,-0.0002617563586682081
1789058994133731000,12.99773095703125,-0.30429768562316895,0.02238234505057335,-0.040407150983810425
1789058994143741200,13.0077412109375,-0.2621089518070221,0.02870975062251091,-0.015074364840984344
1789058994153752000,13.017751953125,-0.20662158727645874,0.01281336136162281,-0.00553311500698328
1789058994163762200,13.02776220703125,-0.20195706188678741,0.011716404929757118,-0.02770872414112091
1789058994173772000,13.03777197265625,-0.1609411984682083,0.04598001763224602,0.031529661267995834
1789058994183783200,13.047783203125,-0.0853351280093193,0.01963735744357109,-0.0035313861444592476
1789058994193793000,13.05779296875,-0.006204927805811167,-0.010260388255119324,-0.009233629330992699
1789058994203803100,13.06780322265625,0.0261697880923748,0.024134602397680283,0.05004727095365524
1789058994213814300,13.077814208984375,0.016433773562312126,0.027247797697782516,0.026078402996063232
1789058994223824400,13.087824462890625,0.030849197879433632,0.023669840767979622,0.0303953867405653
1789058994233834200,13.097834228515625,0.045521534979343414,0.0271732397377491,-0.03479583561420441
1789058994243845000,13.10784521484375,0.04634338617324829,0.015358392149209976,0.0005464400164783001
1789058994253855200,13.117855224609375,0.02080174908041954,0.012615039944648743,0.009407917968928814
1789058994263865300,13.127865234375,-0.024593161419034004,0.01193886250257492,0.0066129304468631744
1789058994273876200,13.137876220703125,-0.0524437315762043,0.014733499847352505,-0.001150084426626563
1789058994283886000,13.147885986328125,-0.10680416971445084,0.03521081060171127,0.027437618002295494
1789058994293896200,13.157896240234376,-0.15188539028167725,0.011789068579673767,-0.010258733294904232
1789058994303907000,13.167906982421876,-0.1665727198123932,0.00015851156786084175,0.007081108167767525
1789058994313917200,13.177917236328126,-0.18665704131126404,-0.026170773431658745,0.0023545764852315187
1789058994323927000,13.187927001953126,-0.20646029710769653,-0.028773745521903038,0.05729319155216217
1789058994333938200,13.197938232421874,-0.254850834608078,-0.01684165559709072,0.053669966757297516
1789058994343948000,13.207947998046874,-0.29753172397613525,-0.012362485751509666,0.08562842756509781
1789058994353958100,13.217958251953124,-0.31122562289237976,-0.030916787683963776,-0.023408353328704834
1789058994363969000,13.227968994140625,-0.33474239706993103,-0.030142072588205338,-0.0478774793446064
1789058994373979100,13.237979248046875,-0.360981822013855,-0.03773503750562668,-0.052057698369026184
1789058994383989000,13.247989013671875,-0.3734946846961975,-0.04503263533115387,0.019662028178572655
1789058994394000400,13.25800048828125,-0.34781357645988464,-0.08152135461568832,0.014778386801481247
1789058994404010000,13.268010009765625,-0.35621529817581177,-0.06542201340198517,0.09268170595169067
1789058994414020000,13.27802001953125,-0.4122927486896515,-0.0718579813838005,0.0037506562657654285
1789058994424031200,13.28803125,-0.4450016915798187,-0.060581885278224945,0.003793000243604183
1789058994434041300,13.298041259765625,-0.4301812946796417,-0.06080731004476547,-0.03206624835729599
1789058994444051200,13.30805126953125,-0.4271061420440674,-0.06595519930124283,-0.055433887988328934
1789058994454062300,13.318062255859376,-0.3852558732032776,-0.05293416231870651,-0.02088863030076027
1789058994464072200,13.328072265625,-0.35572993755340576,-0.07782246917486191,-0.007646063342690468
1789058994474082300,13.338082275390626,-0.2950713336467743,-0.08821769058704376,0.023323461413383484
1789058994486597000,13.35059716796875,-0.2401159107685089,-0.11299680918455124,0.03219205513596535
1789058994496607000,13.36060693359375,-0.2461935132741928,-0.08701100945472717,-0.019414415583014488
1789058994506617000,13.3706171875,-0.22043780982494354,-0.0775381475687027,-0.01144756842404604
1789058994516628200,13.380628173828125,-0.18213224411010742,-0.05130467936396599,-0.015830066055059433
1789058994526638300,13.390638427734375,-0.1863185465335846,-0.054514843970537186,-0.05450744181871414
1789058994536648200,13.400648193359375,-0.1305050402879715,-0.0592135488986969,-0.04756903275847435
1789058994546659300,13.410659423828125,-0.07567720860242844,-0.07276052236557007,0.02951350063085556
1789058994556669200,13.420669189453125,-0.08115772902965546,-0.08000645041465759,-0.049642838537693024
1789058994566679300,13.43067919921875,-0.07297516614198685,-0.031072726473212242,-0.0014777047326788306
1789058994576690200,13.440690185546876,-0.07179038226604462,-0.0576343759894371,-0.006205341778695583
1789058994586700300,13.4507001953125,-0.061011236160993576,-0.028572367504239082,0.021728022024035454
1789058994596710100,13.460710205078126,-0.017463836818933487,-0.0781502053141594,0.023674950003623962
1789058994606721300,13.47072119140625,0.03348696231842041,-0.07811664789915085,0.025781244039535522
1789058994616731100,13.480731201171874,0.03198036178946495,-0.08810842037200928,-0.021395595744252205
1789058994626741200,13.4907412109375,0.02318207547068596,-0.0849192813038826,-0.040821224451065063
1789058994636752100,13.500752197265625,0.03283537179231644,-0.07188978791236877,-0.04796665161848068
1789058994646762200,13.51076220703125,0.052900686860084534,-0.06423906236886978,0.021639058366417885
1789058994656772000,13.520772216796875,0.08087706565856934,-0.08355254679918289,-0.04543035849928856
1789058994666783000,13.530782958984375,0.11585662513971329,-0.09216494858264923,-0.050285033881664276
1789058994676793000,13.54079296875,0.1257791370153427,-0.07679218053817749,-0.02414398267865181
1789058994686803200,13.55080322265625,0.1160854920744896,-0.06181482970714569,0.02694210596382618
1789058994696814000,13.56081396484375,0.1416318565607071,-0.06549953669309616,0.01776167005300522
1789058994706824200,13.57082421875,0.1486745923757553,-0.06313598155975342,-0.013906776905059814
1789058994716834000,13.580833984375,0.13410164415836334,-0.062473397701978683,-0.04149994999170303
1789058994726845200,13.59084521484375,0.09675479680299759,-0.04285469278693199,-0.06970415264368057
1789058994736855300,13.600855224609376,0.10034463554620743,-0.013874158263206482,-0.026558563113212585
1789058994746865200,13.610865234375,0.14527402818202972,-0.04558734595775604,0.0037237077485769987
1789058994756875800,13.620875732421876,0.16873808205127716,-0.06415463984012604,0.00028503406792879105
1789058994766885600,13.6308857421875,0.13058695197105408,-0.035779450088739395,-0.03120316006243229
1789058994776895700,13.640895751953124,0.12231440842151642,-0.03180305287241936,0.0025586802512407303
1789058994786906600,13.65090673828125,0.09962986409664154,-0.00005497504025697708,-0.012047959491610527
1789058994796916700,13.660916748046875,0.060032449662685394,0.022992189973592758,-0.001625876990146935
1789058994806926800,13.6709267578125,0.05969288945198059,0.014265542849898338,-0.008755692280828953
1789058994816937700,13.680937744140625,0.05234433338046074,-0.013708017766475677,-0.07171815633773804
1789058994826946800,13.69094677734375,0.032944802194833755,-0.001875859685242176,-0.06677506119012833
1789058994836956700,13.700956787109375,0.004938301630318165,0.02631102129817009,0.0162641741335392
1789058994846966800,13.710966796875,-0.030337929725646973,-0.006340932101011276,-0.053156446665525436
1789058994856977700,13.720977783203125,-0.05496234446763992,0.04784019663929939,0.02301725186407566
1789058994866987800,13.73098779296875,-0.14095155894756317,0.02658444456756115,-0.03898246958851814
1789058994876997600,13.74099755859375,-0.08551815897226334,0.027844345197081566,0.043780699372291565
1789058994887008800,13.7510087890625,-0.13235197961330414,0.00815932359546423,0.07077210396528244
1789058994897018600,13.7610185546875,-0.13074330985546112,-0.03671979904174805,0.04830705374479294
1789058994907028700,13.77102880859375,-0.1692640632390976,-0.03173835575580597,-0.07070615142583847
1789058994917039900,13.781039794921876,-0.24008125066757202,-0.02163703180849552,-0.055785857141017914
1789058994927050000,13.791050048828126,-0.3104579448699951,0.011487632989883423,-0.04341227933764458
1789058994937059600,13.8010595703125,-0.3143197000026703,-0.02243439480662346,-0.029806220903992653
1789058994947070700,13.81107080078125,-0.3087121546268463,-0.03693237900733948,0.03815445303916931
1789058994957080800,13.821080810546874,-0.30948421359062195,-0.06583597511053085,0.05363752692937851
1789058994967091000,13.831091064453124,-0.3549630045890808,-0.07366885989904404,0.026961442083120346
1789058994977101800,13.841101806640625,-0.4351238012313843,-0.05616582930088043,-0.026852935552597046
1789058994987111700,13.851111572265625,-0.48051685094833374,-0.05849316716194153,-0.03210921585559845
1789058994997121800,13.861121826171875,-0.47866290807724,-0.060872986912727356,0.056466877460479736
1789058995007132700,13.871132568359375,-0.5029272437095642,-0.08259186148643494,-0.02161007933318615
1789058995017142800,13.881142822265625,-0.4828501045703888,-0.11334673315286636,-0.005784681998193264
1789058995027153000,13.89115283203125,-0.4566957354545593,-0.13584724068641663,-0.0033422966953366995
1789058995037163800,13.901163818359375,-0.43019452691078186,-0.1347460299730301,-0.016281472519040108
1789058995047173600,13.911173583984375,-0.4269220232963562,-0.10096863657236099,0.004331394098699093
1789058995057183700,13.921183837890625,-0.4178224503993988,-0.10700616240501404,-0.023592598736286163
1789058995067194600,13.931194580078126,-0.3697507977485657,-0.08971133083105087,-0.04227360710501671
1789058995077204700,13.941204833984376,-0.3149508833885193,-0.08638967573642731,-0.029445845633745193
1789058995087214600,13.951214599609376,-0.25112634897232056,-0.10606803745031357,-0.04236191138625145
1789058995097225700,13.961225830078124,-0.1759425699710846,-0.0990523099899292,-0.018714215606451035
1789058995107235600,13.971235595703124,-0.11962283402681351,-0.11648722738027573,0.047652557492256165
1789058995117245700,13.98124560546875,-0.08011767268180847,-0.1136317178606987,0.11183369159698486
1789058995127256800,13.9912568359375,-0.06957554817199707,-0.08701927959918976,0.059213098138570786
1789058995137267000,14.001266845703125,-0.07075221091508865,-0.08935227990150452,0.037953365594148636
1789058995147276500,14.011276611328125,-0.03596280515193939,-0.08291835337877274,0.03128587827086449
1789058995157288000,14.021287841796875,0.0018042862648144364,-0.10208224505186081,0.0016573441680520773
1789058995167297800,14.0312978515625,0.02965695597231388,-0.13013064861297607,-0.004557408858090639
1789058995177308000,14.041307861328125,0.03185064345598221,-0.10612500458955765,-0.01995066925883293
1789058995187318800,14.05131884765625,0.05363902822136879,-0.12322995811700821,0.049352504312992096
1789058995197329000,14.061328857421875,0.08742716908454895,-0.15481089055538177,0.041442807763814926
1789058995207338800,14.0713388671875,0.07643897086381912,-0.142390176653862,0.048352643847465515
1789058995217350000,14.081349853515626,0.08742238581180573,-0.1505306214094162,0.056930482387542725
1789058995227359700,14.09135986328125,0.11459275335073471,-0.1742013394832611,0.045203518122434616
1789058995237369900,14.101369873046876,0.07215515524148941,-0.15949027240276337,0.0324745699763298
1789058995247380700,14.111380615234374,0.06642696261405945,-0.15616531670093536,0.032293472439050674
1789058995257390800,14.121390869140624,0.07708656042814255,-0.14036931097507477,0.04121941328048706
1789058995267400700,14.131400634765624,0.07965970784425735,-0.15312239527702332,0.045760899782180786
1789058995277411600,14.14141162109375,0.11049283295869827,-0.16503100097179413,0.06212795153260231
1789058995287421700,14.151421630859375,0.129067063331604,-0.168271005153656,0.05352860316634178
1789058995297431800,14.161431884765625,0.1593770682811737,-0.19450892508029938,-0.034981608390808105
1789058995307442700,14.171442626953125,0.19960838556289673,-0.151946023106575,0.03612665459513664
1789058995317452500,14.18145263671875,0.2224205732345581,-0.16303525865077972,-0.030146487057209015
1789058995327462700,14.191462646484375,0.2574579119682312,-0.14055392146110535,-0.011807958595454693
1789058995337473800,14.201473876953125,0.30978313088417053,-0.11635859310626984,0.015148362144827843
1789058995347484000,14.21148388671875,0.3889245390892029,-0.14507067203521729,0.004353772383183241
1789058995357493800,14.22149365234375,0.4389142692089081,-0.1321781873703003,0.029231524094939232
1789058995367505000,14.2315048828125,0.4504401683807373,-0.10571328550577164,0.02216935344040394
1789058995377514800,14.2415146484375,0.46541962027549744,-0.1131022647023201,0.013809051364660263
1789058995387524900,14.25152490234375,0.459214448928833,-0.07837198674678802,0.04533635079860687
1789058995397535700,14.26153564453125,0.42333707213401794,-0.057377688586711884,-0.019089462235569954
1789058995407545900,14.2715458984375,0.4623153507709503,-0.06122329831123352,0.02071414329111576
1789058995417555700,14.2815556640625,0.49450579285621643,-0.08221220225095749,-0.022168077528476715
1789058995427566800,14.29156689453125,0.49747195839881897,-0.048620764166116714,0.00725693441927433
1789058995437576700,14.30157666015625,0.4778375029563904,-0.04856758564710617,-0.004263535141944885
1789058995447586800,14.3115869140625,0.460976243019104,-0.015099907293915749,0.04509975016117096
1789058995457597700,14.32159765625,0.4601077437400818,-0.01766430214047432,-0.0019382140599191189
1789058995467607800,14.33160791015625,0.5274947881698608,-0.005089388694614172,0.05677703022956848
1789058995477617700,14.34161767578125,0.5245627164840698,-0.05160590633749962,-0.019864920526742935
1789058995487628800,14.35162890625,0.4760902523994446,-0.020777951925992966,-0.034904323518276215
1789058995497638700,14.361638671875,0.412200927734375,0.05446874722838402,-0.04897283762693405
1789058995507648800,14.371648681640625,0.3796488642692566,0.08473876118659973,0.005191334523260593
1789058995517659600,14.38165966796875,0.3986872136592865,0.09327518194913864,0.05945383012294769
1789058995527669800,14.391669677734376,0.4412511885166168,0.0585976280272007,0.09840761870145798
1789058995537679600,14.4016796875,0.4835995137691498,0.006877033039927483,-0.009605880826711655
1789058995547690800,14.411690673828126,0.49252936244010925,0.029277145862579346,0.0074242353439331055
1789058995557700900,14.421700927734374,0.42776280641555786,0.036076076328754425,-0.028314372524619102
1789058995567711000,14.4317109375,0.3507396876811981,0.05427079275250435,-0.008701523765921593
1789058995577721900,14.441721923828124,0.29935041069984436,0.08918729424476624,0.05115435644984245
1789058995587731700,14.451731689453124,0.24315690994262695,0.09426967054605484,0.05860960856080055
1789058995597741800,14.461741943359375,0.1965753138065338,0.09858957678079605,-0.0157950259745121
1789058995607752700,14.471752685546875,0.17215892672538757,0.08848873525857925,-0.027565401047468185
1789058995617762800,14.4817626953125,0.15221130847930908,0.10180272161960602,0.008802742697298527
1789058995627773000,14.49177294921875,0.10091882944107056,0.08678355813026428,-0.0020400513894855976
1789058995637783800,14.50178369140625,0.0714588612318039,0.07811503112316132,0.017107373103499413
1789058995647793700,14.511793701171875,0.06083790957927704,0.06478138267993927,0.039089370518922806
1789058995657803800,14.5218037109375,0.00663652503862977,0.06499966233968735,0.01737486571073532
1789058995667814700,14.531814697265625,-0.04121115803718567,0.06859786063432693,0.023770183324813843
1789058995677824800,14.54182470703125,-0.06564732640981674,0.07646151632070541,-0.02023967169225216
1789058995687834600,14.551834716796876,-0.10630154609680176,0.06405917555093765,-0.057393163442611694
1789058995697845800,14.561845703125,-0.14594900608062744,0.0828992947936058,-0.04039304703474045
1789058995707855600,14.571855712890626,-0.16356314718723297,0.10335370153188705,-0.0017873323522508144
1789058995717865700,14.58186572265625,-0.17860166728496552,0.0868380069732666,0.0037782969884574413
1789058995727876600,14.591876708984374,-0.18250559270381927,0.10799868404865265,0.07074800878763199
1789058995737886700,14.60188671875,-0.1714312583208084,0.06741692870855331,-0.040295567363500595
1789058995747896300,14.611896240234374,-0.16193363070487976,0.07711616158485413,-0.0017873212927952409
1789058995757907200,14.6219072265625,-0.1753719300031662,0.09132306277751923,-0.013538519851863384
1789058995767917000,14.6319169921875,-0.1779882311820984,0.09379713982343674,0.04465927183628082
1789058995777927200,14.64192724609375,-0.17861269414424896,0.10562112182378769,-0.03413732722401619
1789058995787938300,14.651938232421875,-0.13000068068504333,0.07069296389818192,-0.03616319224238396
1789058995797948400,14.661948486328125,-0.10961565375328064,0.08697023242712021,0.007283197250217199
1789058995807958300,14.671958251953125,-0.11970450729131699,0.09453147649765015,0.039711445569992065
1789058995817969400,14.681969482421875,-0.08419382572174072,0.08491753786802292,0.021845176815986633
1789058995827979300,14.691979248046875,-0.0438607819378376,0.05494925007224083,-0.00322315888479352
1789058995837989400,14.7019892578125,-0.0629662424325943,0.08803471177816391,-0.034136734902858734
1789058995848000300,14.712000244140626,-0.10998754948377609,0.11100367456674576,-0.05229843035340309
1789058995858010400,14.72201025390625,-0.09273218363523483,0.11115242540836334,-0.0031966660171747208
1789058995868020200,14.732020263671876,-0.06927958875894547,0.07134988903999329,-0.048119667917490005
1789058995878031400,14.74203125,-0.08612679690122604,0.08262265473604202,0.05763525143265724
1789058995888041200,14.752041259765624,-0.10356464236974716,0.08817747980356216,0.02716948837041855
1789058995898051300,14.76205126953125,-0.05466436594724655,0.05765385925769806,0.03666019067168236
1789058995908062200,14.772062255859375,-0.017664002254605293,0.06492961943149567,0.0425841249525547
1789058995918072300,14.782072265625,-0.045687247067689896,0.08813030272722244,0.039524320513010025
1789058995928082200,14.792082275390625,-0.05822167918086052,0.08649113029241562,0.09765367209911346
1789058995938093300,14.80209326171875,-0.006218757014721632,0.0580584742128849,0.07537184655666351
1789058995948103200,14.812103271484375,0.02073642797768116,0.034488171339035034,0.09629923105239868
1789058995958113300,14.82211328125,0.02094113640487194,0.05157431215047836,-0.004915426019579172
1789058995968124200,14.832124267578125,-0.0453910157084465,0.044253818690776825,-0.19182166457176208
1789058995978134300,14.84213427734375,-0.10997695475816727,0.05458023026585579,-0.20249032974243164
1789058995988144000,14.85214404296875,-0.12791360914707184,0.09557399898767471,-0.022846799343824387
1789058995998155300,14.8621552734375,-0.11458989232778549,0.08139090240001678,0.11228476464748383
1789058996008165400,14.872165283203126,-0.13768430054187775,0.07965825498104095,0.18459971249103546
1789058996018175500,14.882175537109376,-0.1123717725276947,0.05456560105085373,0.09155695140361786
1789058996028186400,14.892186279296874,-0.03938065841794014,0.0023631167132407427,0.04680705443024635
1789058996038196200,14.9021962890625,-0.08260735869407654,0.011639461852610111,0.05195164680480957
1789058996048206300,14.912206298828124,-0.17334391176700592,0.04993332177400589,0.01256296131759882
1789058996058217200,14.92221728515625,-0.19781434535980225,0.024356316775083542,-0.0901830792427063
1789058996068227300,14.932227294921875,-0.24986183643341064,0.06857571005821228,-0.018122470006346703
1789058996078237200,14.9422373046875,-0.27119162678718567,0.04158346354961395,-0.0077394419349730015
1789058996088248300,14.952248291015625,-0.2318655550479889,0.025074264034628868,0.028981821611523628
1789058996098258200,14.962258056640625,-0.23196792602539062,0.01615864224731922,0.05248215049505234
1789058996108268300,14.972268310546875,-0.24551010131835938,0.010510343126952648,0.00875304639339447
1789058996118279200,14.982279052734375,-0.24812044203281403,-0.004711948800832033,-0.012993497774004936
1789058996128289300,14.992289306640625,-0.23611651360988617,-0.013900654390454292,0.0022267340682446957
1789058996138299100,15.002299072265625,-0.237690731883049,-0.016664430499076843,0.028150714933872223
1789058996148310300,15.012310302734376,-0.26564595103263855,-0.01534962933510542,-0.047481995075941086
1789058996158320000,15.022320068359376,-0.28216084837913513,0.004499996546655893,-0.010864602401852608
1789058996168330200,15.032330322265626,-0.26917925477027893,-0.016735782846808434,-0.01130269281566143
1789058996178341000,15.042341064453124,-0.23578262329101562,-0.047319404780864716,-0.041894905269145966
1789058996188351200,15.052351318359374,-0.24318328499794006,-0.02747698873281479,0.06191670894622803
1789058996198361000,15.062361083984374,-0.26482242345809937,-0.03992999345064163,0.058358192443847656
1789058996208372500,15.07237255859375,-0.28503021597862244,-0.022441281005740166,0.011195738799870014
1789058996218382300,15.08238232421875,-0.27336931228637695,-0.02331719547510147,-0.001806612592190504
1789058996228392400,15.092392333984375,-0.28012600541114807,-0.03432323783636093,-0.05702992156147957
1789058996238403300,15.1024033203125,-0.33301565051078796,-0.03278294578194618,-0.03439437225461006
1789058996248413400,15.112413330078125,-0.33609747886657715,-0.05107113718986511,-0.02499208226799965
1789058996258423300,15.12242333984375,-0.3360848128795624,-0.0640266016125679,0.000990724889561534
1789058996268434200,15.13243408203125,-0.3267895579338074,-0.08119626343250275,-0.08316703140735626
1789058996278444300,15.1424443359375,-0.3618542551994324,-0.05093513801693916,-0.06569041311740875
1789058996288454400,15.152454345703125,-0.37956002354621887,-0.07937290519475937,-0.08926897495985031
1789058996298465300,15.16246533203125,-0.3788922429084778,-0.10614226013422012,-0.02757742628455162
1789058996308475100,15.17247509765625,-0.33336418867111206,-0.1142614409327507,-0.016344213858246803
1789058996318485200,15.1824853515625,-0.35285070538520813,-0.09445153176784515,0.05825817584991455
1789058996328496000,15.19249609375,-0.2949080467224121,-0.08515124022960663,0.13733728229999542
1789058996338506200,15.20250634765625,-0.27416589856147766,-0.08317124098539352,0.1105455607175827
1789058996348517000,15.21251708984375,-0.2571200728416443,-0.12633123993873596,-0.07573243230581284
1789058996358527200,15.22252734375,-0.1744059920310974,-0.17474962770938873,-0.22532129287719727
1789058996368537000,15.232537109375,-0.18632709980010986,-0.1616620570421219,-0.15190087258815765
1789058996378547200,15.242547119140625,-0.19973866641521454,-0.11963287740945816,-0.03307536616921425
1789058996388558000,15.25255810546875,-0.20012162625789642,-0.11350786685943604,0.009709914214909077
1789058996398568200,15.262568115234375,-0.19415012001991272,-0.11644739657640457,0.0027886282186955214
1789058996408578000,15.272578125,-0.15134966373443604,-0.11591796576976776,0.004128198139369488
1789058996418589400,15.28258935546875,-0.05734911561012268,-0.15558303892612457,-0.03004138544201851
1789058996428599300,15.292599365234375,-0.023790357634425163,-0.130523219704628,0.014309302903711796
1789058996438609400,15.302609375,0.033030956983566284,-0.1667281687259674,-0.022014087066054344
1789058996448620300,15.312620361328126,0.0745597630739212,-0.15788647532463074,0.01899193599820137
1789058996458630400,15.32263037109375,0.08676087111234665,-0.12699146568775177,0.06120916083455086
1789058996468640300,15.33264013671875,0.08908528089523315,-0.1452312022447586,-0.014743395149707794
1789058996478651400,15.3426513671875,0.1076800748705864,-0.12141012400388718,0.05674022436141968
1789058996488661200,15.3526611328125,0.1581221967935562,-0.13407398760318756,-0.006638750433921814
1789058996498671400,15.36267138671875,0.14839063584804535,-0.11017604917287827,-0.02085736393928528
1789058996508682200,15.37268212890625,0.18447540700435638,-0.12236320227384567,-0.00823158398270607
1789058996518692400,15.3826923828125,0.21159349381923676,-0.10708778351545334,-0.022931918501853943
1789058996528702200,15.3927021484375,0.2379036545753479,-0.12000704556703568,0.010673446580767632
1789058996538713300,15.40271337890625,0.29249027371406555,-0.13501086831092834,-0.0006174463778734207
1789058996548723200,15.41272314453125,0.28395190834999084,-0.13771450519561768,-0.03369284048676491
1789058996558733300,15.4227333984375,0.2925835847854614,-0.14439700543880463,-0.06969814002513885
1789058996568744200,15.432744140625,0.28174158930778503,-0.12686195969581604,-0.01651907153427601
1789058996578754300,15.44275439453125,0.27757227420806885,-0.11662977188825607,0.025218572467565536
1789058996588765200,15.45276513671875,0.2870824337005615,-0.1268959939479828,0.05009329319000244
1789058996598775000,15.462775146484375,0.2538347542285919,-0.11493998765945435,0.04636917635798454
1789058996608785200,15.47278515625,0.18251343071460724,-0.07973619550466537,0.03185468167066574
1789058996618795300,15.482795166015626,0.20809565484523773,-0.09469617903232574,0.050849948078393936
1789058996628806400,15.492806396484376,0.20318451523780823,-0.10083769261837006,0.03872031345963478
1789058996638816300,15.502816162109376,0.16420704126358032,-0.07971829921007156,0.03186458349227905
1789058996648826400,15.512826416015624,0.17315712571144104,-0.1062641516327858,-0.05583224818110466
1789058996658837200,15.522837158203124,0.1769489049911499,-0.08192179352045059,-0.008459228090941906
1789058996668847400,15.532847412109374,0.14728368818759918,-0.06215927004814148,-0.014578639529645443
1789058996678857200,15.542857177734374,0.14194710552692413,-0.05657251179218292,0.027347076684236526
1789058996688868400,15.552868408203125,0.1606329083442688,-0.060026898980140686,0.02382451295852661
1789058996698878200,15.562878173828125,0.11764513701200485,-0.046335749328136444,-0.000766474986448884
1789058996708889300,15.572889404296875,0.09869728237390518,-0.03272886201739311,0.01964319311082363
1789058996718899200,15.582899169921875,0.12287964671850204,-0.05527825653553009,0.0021835605148226023
1789058996728909300,15.592909423828125,0.1598650962114334,-0.04457980766892433,0.05470668897032738
1789058996738920200,15.602920166015625,0.13817156851291656,-0.024512099102139473,0.09920686483383179
1789058996748931000,15.61293115234375,0.14029303193092346,-0.026615995913743973,0.10979479551315308
1789058996758941200,15.622941162109376,0.19739505648612976,-0.05847664922475815,0.03507333621382713
1789058996768952000,15.6329521484375,0.2237265259027481,-0.03008842281997204,0.049174774438142776
1789058996778962200,15.642962158203124,0.26433706283569336,-0.05278418958187103,-0.014965655282139778
1789058996788972000,15.652971923828124,0.2909470796585083,-0.0422481894493103,0.016717171296477318
1789058996798983200,15.662983154296874,0.25194287300109863,-0.014858541078865528,-0.023024538531899452
1789058996808993000,15.672992919921874,0.2724532186985016,-0.009762316010892391,0.032440852373838425
1789058996819003100,15.683003173828125,0.34466367959976196,-0.023931339383125305,0.06940610706806183
1789058996829014000,15.693013916015625,0.3047466278076172,-0.0024968860670924187,0.04080881550908089
1789058996839024000,15.703024169921875,0.27825236320495605,0.01130242832005024,0.054942913353443146
1789058996849034000,15.713033935546875,0.2898842394351959,0.021618980914354324,0.04577924311161041
1789058996859044000,15.723044189453125,0.3266291618347168,0.0011846832931041718,0.0637083351612091
1789058996869055200,15.73305517578125,0.3957887887954712,-0.03663087263703346,0.06411872804164886
1789058996879065300,15.7430654296875,0.3761996626853943,-0.021532034501433372,0.044295962899923325
1789058996889075200,15.7530751953125,0.33510923385620117,0.011798758991062641,0.08475258201360703
1789058996899086300,15.76308642578125,0.3193485140800476,0.02557108923792839,0.01135244220495224
1789058996909096200,15.77309619140625,0.26749998331069946,0.07298547774553299,0.009948424063622952
1789058996919106300,15.783106201171876,0.3112352788448334,0.05394270271062851,-0.017667746171355247
1789058996929117200,15.7931171875,0.34746840596199036,0.030576394870877266,0.00087504624389112
1789058996939127300,15.803127197265624,0.3623320758342743,0.0165304783731699,0.020629195496439934
1789058996949138200,15.81313818359375,0.36899077892303467,0.024792669340968132,0.020747439935803413
1789058996959148300,15.823148193359375,0.33952105045318604,0.02923322468996048,-0.025589745491743088
1789058996969158100,15.833158203125,0.3047151267528534,0.05758470669388771,-0.025640079751610756
1789058996979169000,15.8431689453125,0.30136677622795105,0.06643393635749817,0.03147060424089432
1789058996989179100,15.85317919921875,0.2927756905555725,0.05073752999305725,0.04915612190961838
1789058996999189200,15.863189208984375,0.31649529933929443,0.046780623495578766,0.10102485865354538
1789058997009200000,15.8732001953125,0.3169235289096832,0.050326891243457794,0.07553387433290482
1789058997019210000,15.8832099609375,0.29560497403144836,0.04620044678449631,0.025776714086532593
1789058997029220000,15.89322021484375,0.2735009789466858,0.0879787877202034,0.04585162177681923
1789058997039231000,15.90323095703125,0.2918790578842163,0.07116729766130447,-0.0024191809352487326
1789058997049241000,15.913240966796875,0.3202766180038452,0.07509466260671616,0.06934715062379837
1789058997059251000,15.9232509765625,0.26337379217147827,0.08457206934690475,-0.02647588588297367
1789058997069262300,15.933262451171874,0.23495998978614807,0.0871630609035492,0.010400107130408287
1789058997079272200,15.943272216796874,0.3022773563861847,0.04702175036072731,-0.012797785922884941
1789058997089282300,15.9532822265625,0.24898165464401245,0.058057356625795364,0.03731171786785126
1789058997099292200,15.963292236328124,0.20356108248233795,0.09500894695520401,0.039880525320768356
1789058997109303300,15.97330322265625,0.12255677580833435,0.09362863004207611,-0.015236257575452328
1789058997119313200,15.983313232421875,0.05817281827330589,0.14996330440044403,0.012431355193257332
1789058997129323300,15.9933232421875,0.04227374494075775,0.12822791934013367,-0.012724066153168678
1789058997139334100,16.003334228515627,0.1270851343870163,0.07538852840662003,-0.005243899300694466
1789058997149344300,16.01334423828125,0.10416383296251297,0.09569060802459717,0.060391832143068314
1789058997159355100,16.023355224609375,0.06806901842355728,0.08434917032718658,0.036858394742012024
1789058997169365200,16.033365234375,0.07765986025333405,0.06127554178237915,-0.04799790680408478
1789058997179375000,16.043375,0.04685822129249573,0.09323440492153168,-0.0006386556196957827
1789058997189386200,16.05338623046875,0.030118653550744057,0.08240333199501038,0.0057619852013885975
1789058997199396000,16.06339599609375,-0.005164602771401405,0.11355336755514145,0.04443540796637535
1789058997209406200,16.07340625,-0.06011786311864853,0.14868205785751343,-0.007925266399979591
1789058997219417000,16.0834169921875,-0.017478089779615402,0.10931900143623352,0.01741795614361763
1789058997229427200,16.09342724609375,0.018542228266596794,0.08416837453842163,-0.0289229117333889
1789058997239437000,16.10343701171875,0.005630144849419594,0.0757482573390007,-0.024787386879324913
1789058997249448000,16.113447998046876,-0.010342429392039776,0.08940575271844864,0.010529324412345886
1789058997259458000,16.1234580078125,-0.08328366279602051,0.14568911492824554,-0.03297805413603783
1789058997269468200,16.13346826171875,-0.07242569327354431,0.13126569986343384,0.018127739429473877
1789058997279478000,16.14347802734375,-0.0795222595334053,0.12430465221405029,-0.011183489114046097
1789058997289489200,16.1534892578125,-0.045954182744026184,0.11269114166498184,0.023894336074590683
1789058997299499300,16.163499267578125,-0.08412106335163116,0.11697741597890854,-0.04765760526061058
1789058997309509400,16.17350927734375,-0.09592898190021515,0.1332128494977951,-0.02472086250782013
1789058997319520300,16.183520263671873,-0.05336638167500496,0.10436886548995972,-0.042318396270275116
1789058997329530000,16.193530029296873,-0.03382836654782295,0.09185200929641724,0.007161271758377552
1789058997339541200,16.203541259765625,-0.07993092387914658,0.11755941808223724,-0.006712410598993301
1789058997349551000,16.213551025390625,-0.06158706545829773,0.10966501384973526,-0.05731566622853279
1789058997359561200,16.223561279296874,-0.02038392797112465,0.12006767094135284,-0.06648525595664978
1789058997369572000,16.233572021484374,0.0057856235653162,0.1109900176525116,-0.013113905675709248
1789058997379582200,16.243582275390626,0.03623216971755028,0.10640183836221695,0.003407068783417344
1789058997389592000,16.253592041015626,0.01950911618769169,0.125890851020813,0.0008070247713476419
1789058997399603200,16.263603271484374,0.04306371137499809,0.12237894535064697,-0.027861371636390686
1789058997409613000,16.273613037109374,0.05644609406590462,0.11602597683668137,-0.01566808857023716
1789058997419623200,16.283623046875,0.06165606155991554,0.0958738699555397,-0.07434114813804626
1789058997429633000,16.293633056640626,0.0611516572535038,0.08255033940076828,-0.04088519141077995
1789058997439644200,16.30364404296875,-0.0004308195784687996,0.105730339884758,0.05430672690272331
1789058997449654000,16.313654052734375,-0.053691111505031586,0.1185460016131401,0.0401376448571682
1789058997459664100,16.3236640625,-0.05564754456281662,0.09754765033721924,0.028204455971717834
1789058997469675000,16.333675048828123,-0.06341145932674408,0.06940922141075134,0.004168362356722355
1789058997479685000,16.34368505859375,-0.07388805598020554,0.044923316687345505,-0.04534108564257622
1789058997489695000,16.353695068359375,-0.08405973017215729,0.032285820692777634,0.005958585999906063
1789058997499706400,16.363706298828124,-0.10680044442415237,0.0352608785033226,-0.004504336044192314
1789058997509716200,16.37371630859375,-0.12122705578804016,0.02274775132536888,-0.0215110145509243
1789058997519726300,16.383726318359376,-0.13831405341625214,0.026933420449495316,0.04281316697597504
1789058997529737200,16.3937373046875,-0.1666916310787201,0.04422213137149811,0.004818383604288101
1789058997539747300,16.403747314453124,-0.17188796401023865,0.03920770809054375,0.022010261192917824
1789058997549757200,16.413757080078124,-0.13970711827278137,0.01907127909362316,-0.016363760456442833
1789058997559768300,16.423768310546876,-0.13121388852596283,0.010764675214886665,-0.005175286438316107
1789058997569778200,16.433778076171876,-0.14601467549800873,0.03403697535395622,-0.01809108443558216
1789058997579789000,16.4437890625,-0.15108788013458252,0.04198937863111496,0.0114265913143754
1789058997589799200,16.453799072265625,-0.12143518030643463,0.032515183091163635,0.011460413224995136
1789058997599809300,16.463809326171877,-0.09610588848590851,0.01967737264931202,0.02502187341451645
1789058997609819100,16.473819091796877,-0.07476197928190231,0.014522558078169823,0.09176015853881836
1789058997619830000,16.483830078125,-0.07391607016324997,0.008285865187644958,0.029537420719861984
1789058997629840100,16.493840087890625,-0.10377969592809677,0.061819400638341904,0.049765728414058685
1789058997639850200,16.503850341796873,-0.09032799303531647,0.04535505920648575,-0.004541886504739523
1789058997649861000,16.513861083984374,-0.058983124792575836,0.027629058808088303,-0.03052741289138794
1789058997659871000,16.52387109375,-0.04553109407424927,0.02720004692673683,0.0021523989271372557
1789058997669881000,16.533881103515625,-0.011359275318682194,0.01389116421341896,0.061177369207143784
1789058997679892000,16.54389208984375,0.0036562345921993256,-0.0033979136496782303,0.046293605118989944
1789058997689902000,16.553902099609374,0.0012620527995750308,0.016086570918560028,0.02557421289384365
1789058997699912200,16.563912109375,0.000273348530754447,0.03610526770353317,0.02491864562034607
1789058997709923300,16.57392333984375,-0.008788855746388435,0.05006049945950508,0.001920386217534542
1789058997719933200,16.58393310546875,-0.011698178015649319,0.06363286823034286,0.07363969087600708
1789058997729943300,16.593943359375,0.01726556196808815,0.03537939116358757,0.03171620890498161
1789058997739954200,16.6039541015625,0.02436230145394802,0.043339453637599945,0.08298151940107346
1789058997749963500,16.613963623046875,0.06045612692832947,0.01106194406747818,0.03569816052913666
1789058997759973600,16.6239736328125,0.01289189513772726,0.014421461150050163,0.037005722522735596
1789058997769984500,16.633984619140627,-0.038910314440727234,0.03865569457411766,0.04894360527396202
1789058997779994400,16.643994384765627,-0.0744948610663414,0.052035845816135406,0.06860721856355667
1789058997790004500,16.65400439453125,-0.07121916860342026,0.047344423830509186,0.015138664282858372
1789058997800015400,16.664015380859375,-0.04217897355556488,0.021457204595208168,-0.007195296697318554
1789058997810025500,16.674025390625,-0.05235970765352249,0.017242219299077988,0.01735612004995346
1789058997820035600,16.68403564453125,-0.05315614119172096,-0.00266759330406785,-0.0016422824701294303
1789058997830046500,16.69404638671875,-0.005261317826807499,-0.03681490942835808,0.04838067293167114
1789058997840056300,16.704056396484376,0.019718708470463753,-0.042857151478528976,0.08711661398410797
1789058997850066400,16.71406640625,0.0064511047676205635,-0.013403122313320637,0.021365828812122345
1789058997860077600,16.72407763671875,-0.008051921613514423,0.025676898658275604,-0.0004984128754585981
1789058997870087700,16.734087646484376,-0.0379704050719738,0.05091647431254387,-0.000926116481423378
1789058997880097300,16.74409716796875,0.014427859336137772,0.001107232179492712,-0.028438741341233253
1789058997890108700,16.754108642578124,0.047842808067798615,-0.0023958897218108177,0.016563886776566505
1789058997900118500,16.764118408203124,0.04971730709075928,-0.0332924909889698,0.04391247034072876
1789058997910128600,16.774128662109376,0.012957963161170483,-0.027466025203466415,0.02435155399143696
1789058997920139500,16.784139404296877,-0.015436600893735886,-0.007000354118645191,0.03402600809931755
1789058997930149600,16.794149658203125,0.002427084371447563,-0.020600587129592896,0.015531952492892742
1789058997940159500,16.804159423828125,0.03428986296057701,-0.01856498420238495,-0.01117006130516529
1789058997950170600,16.814170654296873,-0.009146029129624367,0.011073868721723557,-0.018290288746356964
1789058997960180500,16.824180419921873,-0.018248489126563072,0.034395620226860046,-0.02564961463212967
1789058997970190600,16.834190673828125,0.01092084776610136,0.029375294223427773,-0.015200701542198658
1789058997980201500,16.844201416015625,0.052260030061006546,0.014822451397776604,0.024853240698575974
1789058997990211600,16.854211669921874,0.09074360877275467,-0.02012365311384201,-0.003816018346697092
1789058998000221400,16.864221435546874,0.08332236111164093,-0.01849156618118286,0.02711297944188118
1789058998010232600,16.874232666015626,0.06080692633986473,-0.009068768471479416,0.012833640910685062
1789058998020242400,16.884242431640626,0.015378649346530437,0.026671264320611954,0.027314215898513794
1789058998030252500,16.89425244140625,-0.02001209929585457,0.0288742296397686,0.0653526782989502
1789058998040263400,16.904263427734374,-0.007894905284047127,0.029130015522241592,0.04533113166689873
1789058998050273500,16.9142734375,-0.02747313492000103,0.008570145815610886,-0.011990748345851898
1789058998060283400,16.924283447265626,-0.052995286881923676,0.009757651016116142,-0.05590498819947243
1789058998070294500,16.93429443359375,-0.05068019777536392,0.016497045755386353,-0.05073472484946251
1789058998080304600,16.9443046875,-0.08983293175697327,0.01493692398071289,0.021123424172401428
1789058998090314500,16.954314453125,-0.10595118254423141,-0.011766057461500168,0.035779330879449844
1789058998100325600,16.96432568359375,-0.18587838113307953,-0.0016018170863389969,0.03714964538812637
1789058998110335500,16.97433544921875,-0.25454211235046387,0.00033243652433156967,-0.04265943542122841
1789058998120345600,16.984345703125,-0.26490435004234314,-0.01495005190372467,-0.03206772729754448
1789058998130356500,16.9943564453125,-0.2506241798400879,-0.05399065837264061,-0.050942081958055496
1789058998140366600,17.00436669921875,-0.28886181116104126,-0.04618778079748154,0.009637854993343353
1789058998150376400,17.01437646484375,-0.29796794056892395,-0.051167894154787064,0.02111528068780899
1789058998160387600,17.0243876953125,-0.2860703468322754,-0.07621047645807266,-0.041252702474594116
1789058998170397400,17.0343974609375,-0.28961819410324097,-0.05568789318203926,0.04001845046877861
1789058998180407600,17.044407470703124,-0.257925808429718,-0.07627154886722565,-0.0052954466082155704
1789058998190418400,17.05441845703125,-0.2738341987133026,-0.05181014537811279,-0.008208944462239742
1789058998200428500,17.064428466796876,-0.24816998839378357,-0.037912990897893906,-0.019390122964978218
1789058998210438400,17.0744384765625,-0.18559476733207703,-0.054281845688819885,-0.036464713513851166
1789058998220449500,17.084449462890625,-0.11451674997806549,-0.05920662730932236,-0.030107485130429268
1789058998230459400,17.09445947265625,-0.09448205679655075,-0.04284576326608658,-0.034116871654987335
1789058998240469500,17.104469482421877,-0.044465985149145126,-0.05981263890862465,-0.01885407604277134
1789058998250480400,17.11448046875,-0.014761351980268955,-0.07194068282842636,0.038805488497018814
1789058998260490500,17.124490478515625,0.0034825121983885765,-0.08589721471071243,0.03810715302824974
1789058998270500400,17.134500244140625,-0.005778363905847073,-0.08284230530261993,0.006342567969113588
1789058998280511700,17.14451171875,-0.05805793032050133,-0.05797554552555084,0.035704128444194794
1789058998290521600,17.154521484375,-0.06007874011993408,-0.07367381453514099,-0.039254266768693924
1789058998300531700,17.16453173828125,-0.06973907351493835,-0.04179125651717186,0.024383077397942543
1789058998310542600,17.17454248046875,-0.05303732678294182,-0.07011743634939194,0.0019390215165913105
1789058998320552700,17.184552734375,-0.02705349586904049,-0.09132301807403564,0.027751507237553596
1789058998330562600,17.1945625,0.007859480567276478,-0.1261659562587738,-0.006066644564270973
1789058998340573400,17.204573486328126,0.017269698902964592,-0.12812669575214386,0.04280896484851837
1789058998350583600,17.21458349609375,0.022457536309957504,-0.13582323491573334,-0.029691599309444427
1789058998360593700,17.22459375,0.02118147350847721,-0.10677588731050491,0.018885096535086632
1789058998370604500,17.2346044921875,0.07905010133981705,-0.10914397239685059,0.0046835243701934814
1789058998380614400,17.244614501953127,0.09804727882146835,-0.11050263047218323,0.02673555351793766
1789058998390624500,17.25462451171875,0.11557673662900925,-0.11522121727466583,-0.02146526426076889
1789058998400635400,17.264635498046875,0.14536575973033905,-0.10873513668775558,-0.02082470990717411
1789058998410645500,17.2746455078125,0.17748428881168365,-0.12617164850234985,-0.018142906948924065
1789058998420655600,17.284655517578123,0.18586480617523193,-0.08776470273733139,0.006184745579957962
1789058998430666500,17.29466650390625,0.18660223484039307,-0.08464054763317108,0.03543451055884361
1789058998440676400,17.30467626953125,0.21072037518024445,-0.08159864693880081,-0.01655747927725315
1789058998450686500,17.3146865234375,0.23969262838363647,-0.08099225163459778,-0.031035752967000008
1789058998460697300,17.324697265625,0.2775218188762665,-0.07144656032323837,0.021576860919594765
1789058998470707500,17.33470751953125,0.33097946643829346,-0.07353740185499191,0.0029919918160885572
1789058998480717300,17.34471728515625,0.39340871572494507,-0.09263923019170761,-0.03353709727525711
1789058998491980500,17.35598046875,0.4311284124851227,-0.0793234258890152,-0.00981845147907734
1789058998501991400,17.365991455078124,0.40781962871551514,-0.040728628635406494,-0.011255759745836258
1789058998512001500,17.37600146484375,0.380508154630661,0.0003917231224477291,0.00028792419470846653
1789058998522011400,17.386011474609376,0.3994070291519165,0.011643845587968826,0.0413149856030941
1789058998532022500,17.3960224609375,0.44044625759124756,-0.025579851120710373,-0.01306208036839962
1789058998542032400,17.406032470703124,0.43423834443092346,-0.04006277769804001,0.008792300708591938
1789058998552042500,17.41604248046875,0.38580796122550964,-0.0398758240044117,-0.023687878623604774
1789058998562053400,17.426053466796876,0.3511826694011688,-0.01506942231208086,-0.0017114211805164814
1789058998572063500,17.4360634765625,0.35145166516304016,-0.0118169030174613,-0.00710645318031311
1789058998582073300,17.4460732421875,0.3620681166648865,-0.02798917144536972,0.010700080543756485
1789058998592084500,17.45608447265625,0.3407236635684967,-0.033798594027757645,-0.005959056783467531
1789058998602094300,17.46609423828125,0.27760249376296997,-0.02396407350897789,-0.011577261611819267
1789058998612104400,17.4761044921875,0.27000850439071655,0.000019823666661977768,0.00018725264817476273
1789058998622115600,17.486115478515625,0.26514509320259094,-0.010213783010840416,-0.04030898958444595
1789058998632125700,17.496125732421874,0.23382312059402466,-0.00975252315402031,-0.03933081030845642
1789058998642135600,17.506135498046874,0.2197468876838684,0.005501322448253632,-0.015418772585690022
1789058998652146700,17.516146728515626,0.22261857986450195,-0.029802337288856506,-0.053377874195575714
1789058998662156500,17.526156494140626,0.24550646543502808,-0.03870202600955963,0.02224680408835411
1789058998672166700,17.536166748046874,0.27397671341896057,-0.024529483169317245,0.03272661194205284
1789058998682177500,17.546177490234374,0.2530747354030609,-0.004411494359374046,0.007621738128364086
1789058998692187600,17.556187744140626,0.26250818371772766,0.04972950369119644,-0.0038546219002455473
1789058998702197500,17.566197509765626,0.2923307716846466,0.04898888245224953,-0.0691736564040184
1789058998712208400,17.57620849609375,0.35827943682670593,0.047773681581020355,-0.05682564526796341
1789058998722218500,17.586218505859375,0.3931637108325958,0.06305768340826035,-0.015046237036585808
1789058998732228600,17.596228515625,0.4275011718273163,0.04033799469470978,-0.062387119978666306
1789058998742239500,17.606239501953127,0.4420914351940155,0.06841248273849487,0.026683952659368515
1789058998752249900,17.616249755859375,0.4488427937030792,0.0938216969370842,0.033603645861148834
1789058998762260000,17.626260009765623,0.4260387420654297,0.08994977176189423,0.024096893146634102
1789058998772270800,17.636270751953123,0.4341683089733124,0.09392134845256805,0.04043751582503319
1789058998782281000,17.646281005859375,0.3865211308002472,0.11890152841806412,0.016772357746958733
1789058998792290800,17.656290771484375,0.36178329586982727,0.11305934935808182,-0.029319237917661667
1789058998802302200,17.66630224609375,0.3833980858325958,0.10445525497198105,0.02663681097328663
1789058998812311000,17.67631103515625,0.3476443290710449,0.09254506975412369,0.018610309809446335
1789058998822322000,17.686322021484376,0.31213873624801636,0.09385944157838821,0.018459150567650795
1789058998832331800,17.696331787109376,0.2796225845813751,0.11338093876838684,0.06616941839456558
1789058998842342000,17.706341796875,0.24062512814998627,0.11640149354934692,0.00009127799421548843
1789058998852353000,17.71635302734375,0.2039715051651001,0.11809739470481873,0.015806591138243675
1789058998862363100,17.726363037109376,0.20594602823257446,0.09607184678316116,0.0070880381390452385
1789058998872373000,17.736373046875,0.13715152442455292,0.08924616128206253,-0.05170923471450806
1789058998882384100,17.746384033203125,0.10097934305667877,0.10295413434505463,0.04179030656814575
1789058998892394000,17.75639404296875,0.07807349413633347,0.12201837450265884,0.03373157978057861
1789058998902404000,17.766404052734377,0.047565244138240814,0.10366890579462051,0.023706965148448944
1789058998912415000,17.7764150390625,0.0011383562814444304,0.11886569857597351,0.039721883833408356
1789058998922425000,17.786425048828125,-0.01558241993188858,0.09952770918607712,0.05018085986375809
1789058998932435000,17.79643505859375,-0.03563602268695831,0.10493499040603638,0.039488535374403
1789058998942446000,17.806446044921874,-0.08727312088012695,0.14316760003566742,0.017935574054718018
1789058998952456000,17.8164560546875,-0.12919580936431885,0.16095219552516937,-0.042200468480587006
1789058998962466000,17.826466064453125,-0.07923464477062225,0.14201834797859192,-0.007425299379974604
1789058998972477000,17.836476806640626,0.013046283274888992,0.08642113953828812,-0.03591926023364067
1789058998982487000,17.846487060546874,0.057032205164432526,0.07591575384140015,-0.004384803585708141
1789058998992497000,17.856496826171874,0.05725005269050598,0.08400856703519821,0.0272466242313385
1789058999002508000,17.866508056640626,0.0581628754734993,0.12900429964065552,0.08176019042730331
1789058999012518000,17.876517822265626,0.03743655979633331,0.15870998799800873,0.10226307064294815
1789058999022528000,17.886528076171874,0.04743222892284393,0.1631716638803482,0.11907737702131271
1789058999032539000,17.896538818359375,0.04508811980485916,0.1743241846561432,0.015679875388741493
1789058999042549000,17.906549072265626,0.02968513034284115,0.17721626162528992,0.0011237843427807093
1789058999052558800,17.916558837890626,0.058064308017492294,0.15413996577262878,-0.05096764862537384
1789058999062570000,17.926570068359375,0.1029791310429573,0.14356179535388947,-0.016857987269759178
1789058999072580000,17.936580078125,0.12916333973407745,0.1202671155333519,0.006608456373214722
1789058999082590200,17.946590087890623,0.12668964266777039,0.12420747429132462,0.004976203665137291
1789058999092601000,17.95660107421875,0.09921938925981522,0.12628206610679626,0.004498965106904507
1789058999102611000,17.96661083984375,0.10997003316879272,0.13055618107318878,0.015711091458797455
1789058999112621000,17.97662109375,0.11671102792024612,0.1397526115179062,0.023338913917541504
1789058999122632000,17.9866318359375,0.10824969410896301,0.13468286395072937,0.03147492557764053
1789058999132642000,17.99664208984375,0.08339893817901611,0.14117299020290375,0.01749839074909687
1789058999142652200,18.006652099609376,0.04567323625087738,0.15719211101531982,0.006429226137697697
1789058999152663000,18.0166630859375,0.09481068700551987,0.11922821402549744,0.025230078026652336
1789058999162673000,18.0266728515625,0.12538090348243713,0.09362231194972992,0.004397503100335598
1789058999172683000,18.03668310546875,0.09320352971553802,0.10082163661718369,0.018239548429846764
1789058999182694000,18.04669384765625,0.04969858378171921,0.1271393597126007,0.02372528612613678
1789058999192704000,18.0567041015625,0.005941248033195734,0.12750554084777832,-0.0006743294652551413
1789058999202713900,18.0667138671875,-0.026898274198174477,0.13134193420410156,-0.01650991104543209
1789058999212724000,18.076723876953125,-0.054632432758808136,0.13202983140945435,-0.02144394814968109
1789058999222734800,18.08673486328125,-0.10500562936067581,0.13943837583065033,-0.021299131214618683
1789058999232745000,18.096744873046877,-0.10956868529319763,0.12303969264030457,-0.011784454807639122
1789058999242754800,18.1067548828125,-0.1067514568567276,0.11724575608968735,0.023597827181220055
1789058999252766000,18.116765869140625,-0.09736941009759903,0.09498519450426102,0.003257667412981391
1789058999262775800,18.12677587890625,-0.1424831748008728,0.110106460750103,0.04213140159845352
1789058999272786000,18.136785888671874,-0.1771804392337799,0.11055440455675125,-0.024219920858740807
1789058999282797000,18.146797119140626,-0.17667552828788757,0.11409690231084824,-0.001044135307893157
1789058999292807200,18.15680712890625,-0.19262519478797913,0.09362651407718658,-0.023201102390885353
1789058999302817000,18.166817138671874,-0.2160201370716095,0.08723916858434677,-0.04603973403573036
1789058999312828200,18.176828125,-0.23904049396514893,0.09517671912908554,-0.002501844894140959
1789058999322838000,18.186838134765626,-0.23491622507572174,0.054172758013010025,0.0008903853595256805
1789058999332848000,18.19684814453125,-0.24437817931175232,0.06562194973230362,0.029434412717819214
1789058999342859000,18.20685888671875,-0.28925928473472595,0.06950397789478302,0.0313371866941452
1789058999352869000,18.216869140625,-0.31193289160728455,0.07884980738162994,0.049877315759658813
1789058999362879000,18.22687890625,-0.3127661347389221,0.08109227567911148,0.024317894130945206
1789058999372890000,18.23689013671875,-0.3210512399673462,0.07872765511274338,-0.008171339519321918
1789058999382900000,18.24689990234375,-0.3227241337299347,0.07525403797626495,-0.06817880272865295
1789058999392910000,18.25691015625,-0.3341086208820343,0.05591762065887451,-0.09297017008066177
1789058999402921000,18.2669208984375,-0.3396362066268921,0.07093291729688644,-0.027731671929359436
1789058999412931000,18.27693115234375,-0.3362952768802643,0.060892798006534576,-0.04748513549566269
1789058999422941000,18.28694091796875,-0.3169005513191223,0.07088999450206757,0.0274488665163517
1789058999432951800,18.296951904296876,-0.2996552586555481,0.08073516935110092,0.03034638613462448
1789058999442962000,18.3069619140625,-0.2886011302471161,0.054546162486076355,-0.02855086140334606
1789058999452972000,18.316971923828124,-0.26077190041542053,0.04862435907125473,-0.05051501467823982
1789058999462983000,18.32698291015625,-0.2247592955827713,0.03186536580324173,0.015472730621695518
1789058999472993000,18.336992919921876,-0.17952975630760193,0.007150966674089432,0.007934652268886566
1789058999483003000,18.3470029296875,-0.18805457651615143,0.015712659806013107,0.03885793313384056
1789058999493014000,18.357013916015624,-0.22011609375476837,0.03933809697628021,0.015577645972371101
1789058999503024000,18.367024169921876,-0.21466223895549774,0.034975335001945496,0.00854010134935379
1789058999513034000,18.377033935546876,-0.1872663050889969,0.018114596605300903,-0.07534893602132797
1789058999523045000,18.387045166015625,-0.15508230030536652,0.015525397844612598,-0.002596331061795354
1789058999533055000,18.397054931640625,-0.16068106889724731,0.014990901574492455,0.003682603593915701
1789058999543065000,18.407065185546877,-0.1573963463306427,-0.001363612711429596,0.028193697333335876
1789058999553075200,18.4170751953125,-0.1523083746433258,-0.009110748767852783,-0.008761389181017876
1789058999563086000,18.427086181640625,-0.15359506011009216,-0.02396877482533455,0.005116234999150038
1789058999573096000,18.437095947265625,-0.13709226250648499,-0.02879415452480316,0.018756946548819542
1789058999583106000,18.44710595703125,-0.17343038320541382,-0.01642020232975483,0.011360710486769676
1789058999593117000,18.457116943359374,-0.2065848708152771,0.009410330094397068,0.017352290451526642
1789058999603127000,18.467126953125,-0.225347101688385,0.010394634678959846,0.03273896872997284
1789058999613137000,18.477136962890626,-0.20925521850585938,-0.004693238530308008,0.02708641067147255
1789058999623148000,18.48714794921875,-0.20875579118728638,-0.014543579891324043,-0.014641489833593369
1789058999633158000,18.497157958984374,-0.22814679145812988,-0.03632397577166557,-0.01561620645225048
1789058999643168000,18.50716796875,-0.2386910319328308,-0.035249873995780945,-0.018321817740797997
1789058999653179000,18.517178955078126,-0.23533731698989868,-0.04263428971171379,-0.011921443045139313
1789058999663189000,18.52718896484375,-0.23980721831321716,-0.05127426236867905,-0.011078187264502048
1789058999673198800,18.53719873046875,-0.27712661027908325,-0.029049912467598915,0.04332460090517998
1789058999683210000,18.5472099609375,-0.2959684431552887,-0.05762394145131111,-0.02891363762319088
1789058999693219800,18.5572197265625,-0.30084842443466187,-0.04757476598024368,0.02362067624926567
1789058999703230000,18.56722998046875,-0.28324785828590393,-0.06873363256454468,0.026469027623534203
1789058999713241000,18.577240966796875,-0.2765108644962311,-0.07148148119449615,-0.040679916739463806
1789058999723251200,18.587251220703124,-0.2994852364063263,-0.05643872171640396,-0.009625265374779701
1789058999733261000,18.597260986328124,-0.3106023371219635,-0.06123081594705582,0.009718870744109154
1789058999743271200,18.607271240234375,-0.3020952045917511,-0.07346770167350769,-0.006842007860541344
1789058999753282300,18.6172822265625,-0.2724688649177551,-0.09410000592470169,0.022563550621271133
1789058999763292400,18.62729248046875,-0.2790279984474182,-0.10261038690805435,-0.021005703136324883
1789058999773302300,18.63730224609375,-0.2921408712863922,-0.09084001183509827,0.008720235899090767
1789058999783313200,18.647313232421876,-0.2629895508289337,-0.10898448526859283,0.012324508279561996
1789058999793323300,18.6573232421875,-0.2419484555721283,-0.11126016080379486,-0.015606991946697235
1789058999803333400,18.66733349609375,-0.2188085913658142,-0.10774362832307816,-0.0012855271343141794
1789058999813344300,18.67734423828125,-0.1850447654724121,-0.09849846363067627,-0.013437531888484955
1789058999823354400,18.687354248046876,-0.15765206515789032,-0.10659749805927277,-0.03452518954873085
1789058999833364200,18.6973642578125,-0.10034482926130295,-0.1184656098484993,0.0022085923701524734
1789058999843375000,18.707375,-0.03550749644637108,-0.11117542535066605,0.048468608409166336
1789058999853385200,18.71738525390625,-0.005158642306923866,-0.1398073434829712,-0.05754890665411949
1789058999863395300,18.727395263671873,-0.0008132017101161182,-0.08987127989530563,0.006190977059304714
1789058999873406200,18.73740625,0.0003758997190743685,-0.08722995966672897,-0.02881760708987713
1789058999883416000,18.747416015625,0.06312538683414459,-0.09633700549602509,0.0018270164728164673
1789058999893426200,18.75742626953125,0.09461379051208496,-0.07116374373435974,0.03799087926745415
1789058999903437300,18.767437255859374,0.10834317654371262,-0.08111467957496643,0.011224139481782913
1789058999913447200,18.777447265625,0.14539121091365814,-0.07439952343702316,0.016520634293556213
1789058999923457000,18.78745703125,0.18072758615016937,-0.0790279284119606,-0.008461957797408104
1789058999933467100,18.797467041015626,0.220931738615036,-0.08779079467058182,0.018804550170898438
1789058999943478300,18.807478271484374,0.21906591951847076,-0.09075301885604858,0.009600728750228882
1789058999953488400,18.81748828125,0.1946316808462143,-0.08756788074970245,0.02011914923787117
1789058999963498200,18.827498291015626,0.19240033626556396,-0.09509989619255066,-0.006272302474826574
1789058999973509400,18.83750927734375,0.1495324969291687,-0.05411598086357117,0.018205875530838966
1789058999983519200,18.847519287109375,0.11771709471940994,-0.04052893817424774,-0.00026069325394928455
1789058999993529300,18.857529296875,0.16071197390556335,-0.09259693324565887,-0.04640049487352371
1789059000003540200,18.867540283203127,0.18605129420757294,-0.08833639323711395,0.0024106125347316265
1789059000013550300,18.87755029296875,0.20415599644184113,-0.07602167129516602,0.08332410454750061
1789059000023560200,18.887560302734375,0.20959678292274475,-0.07513629645109177,0.08310993015766144
1789059000033571300,18.8975712890625,0.22292056679725647,-0.056659020483493805,0.07770717144012451
1789059000043581200,18.907581298828124,0.20920902490615845,-0.01081030536442995,-0.0024110968224704266
1789059000053591300,18.91759130859375,0.2325420379638672,-0.05843907594680786,-0.10687065869569778
1789059000063602200,18.927602294921876,0.2949099540710449,-0.05987844243645668,-0.0635116770863533
1789059000073612300,18.9376123046875,0.3298706114292145,-0.06767138838768005,0.02705763839185238
1789059000083622100,18.9476220703125,0.34326037764549255,-0.0910559743642807,0.07359249144792557
1789059000093632300,18.95763232421875,0.2879273593425751,-0.031248297542333603,0.08313832432031631
1789059000103643100,18.96764306640625,0.23354566097259521,0.026850059628486633,0.033539507538080215
1789059000113653200,18.9776533203125,0.21002942323684692,0.03110978566110134,0.007959578186273575
1789059000123663000,18.9876630859375,0.23062217235565186,0.01986238732933998,0.025724932551383972
1789059000133674200,18.99767431640625,0.23729364573955536,0.006691723130643368,0.010807503014802933
1789059000143684000,19.00768408203125,0.29705148935317993,-0.022870738059282303,0.021093856543302536
1789059000153694200,19.017694091796876,0.2856329381465912,-0.028189603239297867,0.021641932427883148
1789059000163705300,19.027705322265625,0.2504746615886688,-0.01746845804154873,-0.002473351778462529
1789059000173715500,19.037715576171873,0.20071884989738464,0.007386292330920696,0.015415102243423462
1789059000183725300,19.047725341796873,0.15987950563430786,0.042050160467624664,0.022728130221366882
1789059000193736200,19.057736083984373,0.1467093825340271,0.04437776282429695,0.00024812109768390656
1789059000203746300,19.067746337890625,0.16747839748859406,0.021092109382152557,0.042282991111278534
1789059000213756400,19.07775634765625,0.14880484342575073,0.0010108104906976223,0.025364724919199944
1789059000223766300,19.087766357421874,0.1415930986404419,-0.016612771898508072,0.002093326300382614
1789059000233777400,19.09777734375,0.11081627011299133,0.0071783121675252914,0.03641268610954285
1789059000243787300,19.107787353515626,0.023475393652915955,0.045202139765024185,0.009641146287322044
1789059000253797400,19.11779736328125,0.001510439906269312,0.05323610082268715,0.018854085355997086
1789059000263808300,19.127808349609374,-0.022517817094922066,0.04960799962282181,0.06414587050676346
1789059000273818400,19.137818359375,-0.02999810315668583,0.028522420674562454,0.08132166415452957
1789059000283828200,19.147828125,-0.04095765948295593,0.010698758065700531,0.014926455914974213
1789059000293839000,19.157839111328126,-0.06120061129331589,0.005151659715920687,0.007927135564386845
1789059000303849200,19.16784912109375,-0.09825349599123001,0.009047204628586769,-0.06980926543474197
1789059000313859300,19.177859375,-0.12202833592891693,0.018231647089123726,-0.07140503078699112
1789059000323869200,19.187869140625,-0.13183434307575226,0.0037185274995863438,-0.03293316066265106
1789059000333880000,19.197880126953127,-0.11453577131032944,-0.00009858142584562302,0.010187145322561264
1789059000343890200,19.20789013671875,-0.1191965714097023,-0.03299122303724289,0.05396595224738121
1789059000353900300,19.217900390625,-0.12449067085981369,-0.017613334581255913,0.018636994063854218
1789059000363911200,19.2279111328125,-0.1257433295249939,-0.025682557374238968,-0.04916192963719368
1789059000373921300,19.23792138671875,-0.11322807520627975,-0.012746785767376423,0.02798186056315899
1789059000383931100,19.24793115234375,-0.11228230595588684,-0.02031618170440197,-0.05433592572808266
1789059000393942300,19.2579423828125,-0.12498531490564346,-0.01020362600684166,-0.03995645418763161
1789059000403952400,19.267952392578124,-0.1698903888463974,-0.04015277326107025,-0.06229124963283539
1789059000413962200,19.277962158203124,-0.185293048620224,-0.06092409789562225,-0.039887409657239914
1789059000423973400,19.287973388671876,-0.21193745732307434,-0.03556937351822853,0.029965519905090332
1789059000433983200,19.297983154296876,-0.2392178177833557,-0.03019804321229458,0.06287845969200134
1789059000443993300,19.307993408203124,-0.22026261687278748,-0.029397686943411827,0.06490625441074371
1789059000454003500,19.31800341796875,-0.22683823108673096,-0.033899761736392975,0.00901555921882391
1789059000464014300,19.328014404296876,-0.2166064828634262,-0.07117649167776108,-0.07380176335573196
1789059000474024200,19.338024169921876,-0.17859438061714172,-0.06063595786690712,-0.12876540422439575
1789059000484034300,19.348034423828125,-0.17491750419139862,-0.04848243296146393,-0.027261219918727875
1789059000494045200,19.358045166015625,-0.1305532455444336,-0.03327365219593048,0.049213312566280365
1789059000504055300,19.36805517578125,-0.03507382050156593,-0.05602382495999336,0.03618072345852852
1789059000514065200,19.378065185546873,0.02609233185648918,-0.06832549721002579,-0.012443272396922112
1789059000524076300,19.388076171875,0.09626508504152298,-0.0551440566778183,0.0040476094000041485
1789059000534086100,19.398086181640625,0.14448107779026031,-0.05396613851189613,0.00858377106487751
1789059000544096300,19.40809619140625,0.18856066465377808,-0.03964152932167053,0.011463714763522148
1789059000554106000,19.418106201171874,0.22887127101421356,-0.03564884141087532,-0.008313680998980999
1789059000564117200,19.4281171875,0.2790367603302002,-0.030659528449177742,-0.023850707337260246
1789059000574127000,19.438127197265626,0.3352595567703247,-0.0375688374042511,-0.047986939549446106
1789059000584137200,19.44813720703125,0.3999946117401123,-0.019219836220145226,0.022645635530352592
1789059000594148000,19.458148193359374,0.45661741495132446,-0.033236321061849594,0.021993162110447884
1789059000604158200,19.468158203125,0.48750320076942444,-0.015265922993421555,0.06925924122333527
1789059000614168000,19.47816796875,0.48354974389076233,-0.0038223196752369404,0.017325732856988907
1789059000624179500,19.488179443359375,0.4526219964027405,0.010007484816014767,-0.08372507244348526
1789059000634189300,19.498189208984375,0.4332432448863983,0.019054776057600975,-0.04514172673225403
1789059000644199400,19.508199462890627,0.40646204352378845,0.012627121061086655,-0.026628930121660233
1789059000654209300,19.518209228515627,0.3578020930290222,0.029339522123336792,0.000875664409250021
1789059000664220400,19.528220458984375,0.3703170418739319,-0.00017919344827532768,-0.023694204166531563
1789059000674230300,19.538230224609375,0.4050899147987366,-0.02805956080555916,-0.016672514379024506
1789059000684240400,19.548240478515623,0.36757147312164307,-0.031052876263856888,0.01036396250128746
1789059000694251300,19.558251220703124,0.30731451511383057,0.025777915492653847,0.05579935386776924
1789059000704261400,19.568261474609375,0.2987242043018341,0.03020363859832287,0.05911789461970329
1789059000714271200,19.578271240234375,0.34056538343429565,0.017835918813943863,0.0154095608741045
1789059000724282400,19.588282470703124,0.35860031843185425,0.042938221246004105,0.0173711646348238
1789059000734292200,19.598292236328124,0.3485410213470459,0.03349731117486954,0.0034971602726727724
1789059000744302300,19.60830224609375,0.3492755591869354,0.05640197917819023,-0.00746615044772625
1789059000754311700,19.618311767578124,0.36983782052993774,0.05032091587781906,0.002869578078389168
1789059000764322800,19.62832275390625,0.4150315225124359,0.03780025988817215,0.04364277794957161
1789059000774332700,19.638332763671876,0.4090804159641266,0.03554642200469971,0.08767654746770859
1789059000784342800,19.6483427734375,0.3644174635410309,0.05568224564194679,0.05596170201897621
1789059000794353700,19.658353759765625,0.3514976501464844,0.07750045508146286,0.06872516125440598
1789059000804363800,19.66836376953125,0.3491922616958618,0.08161500841379166,0.05632529407739639
1789059000814373600,19.67837353515625,0.3380591869354248,0.07143188267946243,-0.05687902495265007
1789059000824384800,19.688384765625,0.32040250301361084,0.07242298871278763,-0.023795010522007942
1789059000834394600,19.69839453125,0.2785293459892273,0.056463200598955154,0.04223274067044258
1789059000844404700,19.70840478515625,0.2555609941482544,0.054229624569416046,0.016199849545955658
1789059000854414600,19.71841455078125,0.23947787284851074,0.07205548882484436,0.11440284550189972
1789059000864425700,19.72842578125,0.194073885679245,0.06808094680309296,0.08611518144607544
1789059000874435600,19.738435546875,0.1533360481262207,0.07696419209241867,0.06027266010642052
1789059000884445700,19.74844580078125,0.1085682064294815,0.09890742599964142,0.04387442022562027
1789059000894456800,19.758456787109374,0.09045764803886414,0.09380054473876953,-0.022535765543580055
1789059000904467000,19.768467041015626,0.09287092834711075,0.07265222072601318,-0.0414867177605629
1789059000914476800,19.778476806640626,0.07107827812433243,0.06570269912481308,-0.017950499430298805
1789059000924488000,19.788488037109374,0.025985242798924446,0.0649857372045517,0.053275786340236664
1789059000934497800,19.798497802734374,-0.06135312467813492,0.11685772240161896,0.10020920634269714
1789059000944508000,19.8085078125,-0.11779676377773285,0.14274801313877106,0.1136430874466896
1789059000954517800,19.818517822265626,-0.10676195472478867,0.15320757031440735,0.06723963469266891
1789059000964529000,19.82852880859375,-0.012883520685136318,0.11525573581457138,0.013084590435028076
1789059000974538800,19.838538818359375,0.037357546389102936,0.05341047793626785,-0.006227055564522743
1789059000984548900,19.848548828125,0.011113213375210762,0.06294818967580795,-0.022520218044519424
1789059000994559700,19.858559814453123,0.006581578403711319,0.08344680815935135,0.02228400483727455
1789059001004569900,19.86856982421875,0.05179118737578392,0.09711966663599014,0.06256800889968872
1789059001014579700,19.878579833984375,0.08078476041555405,0.10766125470399857,0.12126434594392776
1789059001024590800,19.8885908203125,0.09926269203424454,0.10705551505088806,0.0515686497092247
1789059001034600700,19.8986005859375,0.09032326191663742,0.12825480103492737,0.03133128955960274
1789059001044610800,19.90861083984375,0.08103153854608536,0.1538679003715515,0.024888627231121063
1789059001054620700,19.91862060546875,0.10406122356653214,0.15447856485843658,0.004421435296535492
1789059001064631800,19.9286318359375,0.11689373105764389,0.13993002474308014,0.06205425038933754
1789059001074641700,19.9386416015625,0.11233306676149368,0.11985431611537933,0.050109706819057465
1789059001084651800,19.94865185546875,0.1175449788570404,0.09859143942594528,0.05268873646855354
1789059001094662700,19.95866259765625,0.08357715606689453,0.11530383676290512,-0.008836141787469387
1789059001104672800,19.9686728515625,0.03094996139407158,0.13442912697792053,0.0021812350023537874
1789059001114682600,19.9786826171875,0.001751330099068582,0.137008935213089,0.05098232999444008
1789059001124692700,19.988692626953124,-0.03230263665318489,0.13267406821250916,0.0493093766272068
1789059001134703900,19.998703857421877,-0.06551198661327362,0.14152802526950836,0.05466552451252937
1789059001144713700,20.008713623046877,-0.0633658841252327,0.09892413020133972,-0.010522576048970222
1789059001154723600,20.0187236328125,-0.05760307237505913,0.07850514352321625,-0.022261789068579674
1789059001164734700,20.028734619140625,-0.10327491909265518,0.06279583275318146,-0.08925561606884003
1789059001174744800,20.038744873046873,-0.17788711190223694,0.06485792249441147,-0.02981039509177208
1789059001184755000,20.0487548828125,-0.2720089256763458,0.07638280838727951,-0.0032933044712990522
1789059001194764800,20.058764892578125,-0.3770833909511566,0.06329123675823212,-0.01731404848396778
1789059001204776000,20.06877587890625,-0.42168399691581726,0.045994918793439865,-0.0035445382818579674
1789059001214785800,20.078785888671874,-0.4623211622238159,0.019944943487644196,-0.03907883167266846
1789059001224796000,20.0887958984375,-0.49301525950431824,-0.0008219792507588863,-0.058953143656253815
1789059001234806800,20.098806884765626,-0.5802158713340759,0.01623716577887535,0.022579267621040344
1789059001244817000,20.10881689453125,-0.6067306995391846,-0.026280302554368973,-0.04026838764548302
1789059001254826800,20.11882666015625,-0.5978796482086182,-0.047054022550582886,0.009887991473078728
1789059001264837600,20.128837646484374,-0.612343966960907,-0.05375843495130539,-0.00970478542149067
1789059001274847700,20.13884765625,-0.6430342197418213,-0.05567751079797745,-0.07985004782676697
1789059001284857900,20.14885791015625,-0.6734830737113953,-0.0322393923997879,-0.05185393616557121
1789059001294867700,20.15886767578125,-0.6516726016998291,-0.050060197710990906,-0.0272977277636528
1789059001304878600,20.168878662109375,-0.579651415348053,-0.0847809687256813,-0.04255755990743637
1789059001314888700,20.178888671875,-0.5799095034599304,-0.086698979139328,-0.024119429290294647
1789059001324898800,20.18889892578125,-0.5312155485153198,-0.1168796569108963,0.012601210735738277
1789059001334909700,20.19890966796875,-0.4838184714317322,-0.11434726417064667,-0.0713120698928833
1789059001344919800,20.208919921875,-0.4440609812736511,-0.1005486398935318,-0.051431067287921906
1789059001354929700,20.2189296875,-0.35313162207603455,-0.07689790427684784,-0.05950577184557915
1789059001364939800,20.228939697265623,-0.27212387323379517,-0.10212410241365433,-0.07457098364830017
1789059001374950700,20.23895068359375,-0.1978970468044281,-0.08921336382627487,0.008854667656123638
1789059001384960800,20.248960693359376,-0.10223682224750519,-0.10832256823778152,-0.03692629188299179
1789059001394970600,20.258970703125,-0.01355275884270668,-0.11447446793317795,-0.047843653708696365
1789059001404981800,20.268981689453124,0.07554733008146286,-0.0917348638176918,0.01728365570306778
1789059001414992000,20.278991943359376,0.11991213262081146,-0.08829458802938461,-0.026500046253204346
1789059001425002000,20.289001953125,0.188627228140831,-0.08503128588199615,-0.017741233110427856
1789059001435011800,20.29901171875,0.2473459243774414,-0.07093464583158493,-0.003772420110180974
1789059001445022700,20.309022705078124,0.31271231174468994,-0.0963236540555954,-0.060039110481739044
1789059001455032800,20.31903271484375,0.4136498272418976,-0.09823953360319138,0.008408655412495136
1789059001465043000,20.32904296875,0.44377949833869934,-0.08567655831575394,0.0018374135252088308
1789059001475053800,20.3390537109375,0.45954781770706177,-0.07462363690137863,-0.02213210053741932
1789059001485063700,20.349063720703125,0.45966023206710815,-0.02939480170607567,-0.03189016878604889
1789059001495073800,20.35907373046875,0.4935974180698395,-0.02759743481874466,-0.016717342659831047
1789059001505084700,20.369084716796873,0.5277295708656311,-0.0441543310880661,-0.002521699294447899
1789059001515094800,20.3790947265625,0.545375406742096,-0.06292802095413208,-0.11193687468767166
1789059001525104600,20.389104736328125,0.527807891368866,-0.03071979060769081,-0.005368193611502647
1789059001535114800,20.39911474609375,0.48768308758735657,-0.03223459795117378,0.02710825763642788
1789059001545125600,20.409125732421874,0.44360801577568054,-0.014627758413553238,-0.00821593776345253
1789059001555135700,20.4191357421875,0.40924233198165894,-0.024419667199254036,-0.02283615991473198
1789059001565145900,20.429145751953126,0.35443568229675293,0.01818539761006832,0.03737691789865494
1789059001575156700,20.43915673828125,0.32934683561325073,-0.005044823046773672,-0.028605030849575996
1789059001585166600,20.44916650390625,0.32595038414001465,-0.02151513658463955,-0.07539981603622437
1789059001595176700,20.4591767578125,0.30723077058792114,0.0006325091235339642,-0.04644646495580673
1789059001605186800,20.469186767578126,0.29293861985206604,0.021780850365757942,0.03138313814997673
1789059001615197700,20.47919775390625,0.2937577962875366,0.048271846026182175,0.0317423976957798
1789059001625207600,20.48920751953125,0.2942979335784912,0.05356903374195099,0.03135291114449501
1789059001635217700,20.4992177734375,0.2987275719642639,0.055770136415958405,0.014275390654802322
1789059001645228800,20.509228759765627,0.29649895429611206,0.07114385813474655,-0.008455121889710426
1789059001655239000,20.519239013671875,0.314739465713501,0.06515707820653915,-0.01720041036605835
1789059001665248800,20.529248779296875,0.32409462332725525,0.065945103764534,-0.003271012334153056
1789059001675259000,20.5392587890625,0.29491037130355835,0.07672344893217087,0.004361074883490801
1789059001685269800,20.549269775390623,0.2523396909236908,0.08787859976291656,0.031130973249673843
1789059001695279900,20.55927978515625,0.19906526803970337,0.08736595511436462,0.030413519591093063
1789059001705289700,20.569289794921875,0.14753562211990356,0.088614322245121,0.01544094830751419
1789059001715300900,20.57930078125,0.0977821797132492,0.10387104004621506,-0.013437038287520409
1789059001725310700,20.589310791015624,0.043299391865730286,0.08506008237600327,-0.06828149408102036
1789059001735320800,20.59932080078125,-0.010494597256183624,0.08625423908233643,-0.06425239890813828
1789059001745330700,20.60933056640625,-0.03841366991400719,0.0722561851143837,0.035068318247795105
1789059001755342000,20.619342041015624,-0.07146376371383667,0.08564815670251846,0.0336666963994503
1789059001765352000,20.62935205078125,-0.08802586048841476,0.05399994179606438,0.05002102255821228
1789059001775362000,20.639362060546876,-0.13718701899051666,0.06244988366961479,0.04880688712000847
1789059001785373000,20.649373046875,-0.12112335115671158,0.027688590809702873,-0.017902662977576256
1789059001795383000,20.659383056640625,-0.11370884627103806,0.060313910245895386,-0.056283075362443924
1789059001805393000,20.669392822265625,-0.15189678966999054,0.06237897649407387,-0.02535206824541092
1789059001815403000,20.679403076171877,-0.1795731633901596,0.056225743144750595,-0.0018970761448144913
1789059001825414000,20.689413818359377,-0.22356608510017395,0.06025509908795357,0.03188710659742355
1789059001835424000,20.699424072265625,-0.25472959876060486,0.04522927850484848,-0.021953223273158073
1789059001845433900,20.709433837890625,-0.2144056260585785,0.013954563066363335,0.03462779149413109
1789059001855445200,20.7194453125,-0.26669225096702576,0.003579952986910939,0.02213091030716896
1789059001865455000,20.729455078125,-0.29578709602355957,0.016654983162879944,-0.015868334099650383
1789059001875465200,20.73946533203125,-0.3099207282066345,0.01740626059472561,-0.00726232910528779
1789059001885475000,20.74947509765625,-0.32566171884536743,0.015632420778274536,0.02632688730955124
1789059001895486200,20.759486328125,-0.30018964409828186,0.010342583060264587,0.002323816530406475
1789059001905496000,20.76949609375,-0.2799324095249176,-0.0017831954173743725,0.026164880022406578
1789059001915506200,20.779506103515626,-0.263459712266922,-0.018434343859553337,0.03979014605283737
1789059001925517000,20.78951708984375,-0.26143938302993774,-0.0009570382535457611,0.027371667325496674
1789059001935527200,20.799527099609374,-0.2566036283969879,-0.004627141170203686,0.07384702563285828
1789059001945537000,20.809537109375,-0.23509825766086578,-0.015172285959124565,0.010665824636816978
1789059001955547100,20.819547119140626,-0.21484145522117615,-0.019943073391914368,-0.0025849996600300074
1789059001965558000,20.82955810546875,-0.1970735788345337,-0.026354314759373665,-0.0013568784343078732
1789059001975568100,20.839568115234375,-0.1615065336227417,-0.005899105686694384,0.021089840680360794
1789059001985578000,20.849577880859375,-0.08714422583580017,-0.018190180882811546,0.05046383664011955
1789059001995589000,20.859589111328123,0.005400355905294418,-0.022167345508933067,0.03915392607450485
1789059002005599000,20.869598876953123,0.06935197860002518,-0.008413010276854038,0.03373855724930763
1789059002015609000,20.879609130859375,0.11701297760009766,0.005044475197792053,-0.039660561829805374
1789059002025619000,20.889618896484375,0.18675650656223297,-0.013788638636469841,-0.0491459034383297
1789059002035630000,20.899630126953124,0.25998014211654663,-0.013348417356610298,-0.0011078028474003077
1789059002045640000,20.909639892578124,0.25366833806037903,0.004547497257590294,0.0008875848725438118
1789059002055650000,20.919650146484376,0.2656024992465973,0.028692781925201416,0.02094145305454731
1789059002065661000,20.929660888671876,0.2712915539741516,0.06177368760108948,0.03562433272600174
1789059002075671000,20.939671142578124,0.29175183176994324,0.02610623836517334,-0.00021781888790428638
1789059002085681000,20.949680908203124,0.3382716774940491,0.016612323001027107,0.030702373012900352
1789059002095691000,20.95969091796875,0.2991511821746826,0.0030288705602288246,0.03177696093916893
1789059002105702100,20.9697021484375,0.2757818102836609,0.020677201449871063,0.05320553109049797
1789059002115712300,20.979712158203125,0.2505704462528229,0.021154973655939102,0.07898786664009094
1789059002125721900,20.989721923828125,0.27081727981567383,-0.00928802601993084,0.07334081083536148
1789059002135733200,20.999733154296877,0.21258220076560974,0.000609611626714468,0.011979710310697556
1789059002145743000,21.0097431640625,0.14338815212249756,0.02180567756295204,0.028510814532637596
1789059002155753200,21.019753173828125,0.10247135162353516,0.008422760292887688,-0.05377686768770218
1789059002165763000,21.02976318359375,0.11706912517547607,0.001995970495045185,0.029492586851119995
1789059002175774200,21.039774169921873,0.10518556833267212,0.014605771750211716,0.09653580188751221
1789059002185784000,21.0497841796875,0.11197669059038162,0.0015782956033945084,0.07240906357765198
1789059002195794200,21.059794189453125,0.12883077561855316,-0.0007972442544996738,0.04048122465610504
1789059002205805000,21.06980517578125,0.1373433917760849,-0.02921445295214653,0.01770920120179653
1789059002215815200,21.079815185546874,0.11762959510087967,0.0012912573292851448,-0.07558052986860275
1789059002225825000,21.089824951171874,0.07305314391851425,-0.0025629596784710884,0.016950102522969246
1789059002235835100,21.099835205078126,0.07561670243740082,-0.0012710606679320335,0.010693272575736046
1789059002245846000,21.109845947265626,0.09131204336881638,-0.012060858309268951,0.02786719985306263
1789059002255856000,21.119856201171874,0.059286996722221375,-0.008306865580379963,0.04597695916891098
1789059002265866000,21.129865966796874,0.049153588712215424,0.022399328649044037,-0.026127994060516357
1789059002275876000,21.1398759765625,0.06455225497484207,0.016017064452171326,-0.009381771087646484
1789059002285887000,21.149886962890626,0.09238211810588837,0.017940761521458626,-0.019688758999109268
1789059002295897000,21.15989697265625,0.10039370507001877,-0.013953255489468575,-0.046688418835401535
1789059002305907000,21.169906982421875,0.1371411681175232,-0.016966093331575394,-0.0022840823512524366
1789059002315918000,21.17991796875,0.09485948830842972,0.024601854383945465,-0.024494046345353127
1789059002325928000,21.189927978515627,0.08388981223106384,0.029861025512218475,-0.011780611239373684
1789059002335938000,21.19993798828125,0.09404470771551132,0.03277532383799553,-0.0031961773056536913
1789059002345948000,21.209947998046875,0.08693484216928482,0.03791593760251999,0.035656195133924484
1789059002355959000,21.219958984375,0.09823090583086014,0.03683469444513321,0.009897302836179733
1789059002365969000,21.229968994140624,0.0827280580997467,0.048198968172073364,-0.020678900182247162
1789059002375979000,21.23997900390625,0.07168153673410416,0.04084358364343643,-0.0723615363240242
1789059002385990100,21.249990234375,0.08347681909799576,0.038900770246982574,-0.08514013886451721
1789059002396000300,21.260000244140624,0.07798085361719131,0.051244255155324936,0.0023865096736699343
1789059002406010000,21.270010009765624,0.08464063704013824,0.05841512605547905,0.04010869562625885
1789059002416020200,21.280020263671876,0.13633766770362854,0.026895280927419662,0.06615254282951355
1789059002426031000,21.290031005859376,0.1277349889278412,0.052756357938051224,0.03909023478627205
1789059002436041200,21.300041259765624,0.13235875964164734,0.052346762269735336,-0.02282879501581192
1789059002446051000,21.310051025390624,0.12113254517316818,0.07043688744306564,-0.0018134817946702242
1789059002456062000,21.32006201171875,0.13226616382598877,0.05996321141719818,0.018037453293800354
1789059002466072000,21.330072021484376,0.15239590406417847,0.04842112958431244,0.049918703734874725
1789059002476082200,21.340082275390625,0.166160449385643,0.05806443467736244,0.06961224973201752
1789059002486092000,21.350092041015625,0.2072547823190689,0.03189701586961746,0.008709362708032131
1789059002496103200,21.360103271484373,0.22907006740570068,0.05205234885215759,-0.01786126010119915
1789059002506113000,21.370113037109373,0.2356204241514206,0.047779299318790436,0.00038228463381528854
1789059002516123100,21.380123046875,0.2616725265979767,0.04923871159553528,0.01902095042169094
1789059002526133000,21.390133056640625,0.26971152424812317,0.05333741381764412,0.007318079471588135
1789059002536144100,21.40014404296875,0.27035361528396606,0.07299686968326569,0.03622562810778618
1789059002546154000,21.410154052734374,0.29972341656684875,0.08497288078069687,0.049223437905311584
1789059002556164000,21.4201640625,0.31213319301605225,0.08655639737844467,-0.0036815868224948645
1789059002566175000,21.430175048828126,0.3126467168331146,0.09948523342609406,-0.01754377782344818
1789059002576185000,21.44018505859375,0.3258506655693054,0.09232985228300095,-0.027906138449907303
1789059002586195000,21.45019482421875,0.3362371623516083,0.10701484978199005,0.06672625243663788
1789059002596205000,21.460205078125,0.34642666578292847,0.07998190075159073,0.057803332805633545
1789059002606216000,21.4702158203125,0.3000341057777405,0.0920402854681015,0.04000972583889961
1789059002616226000,21.48022607421875,0.24184297025203705,0.13188651204109192,0.042365025728940964
1789059002626236000,21.49023583984375,0.16080112755298615,0.15041975677013397,-0.0355597585439682
1789059002636247000,21.5002470703125,0.12535898387432098,0.16504770517349243,-0.009630689397454262
1789059002646257200,21.510257080078127,0.10933371633291245,0.1504063457250595,0.01926334947347641
1789059002656267300,21.520267333984375,0.10917925089597702,0.10663624107837677,0.04569362476468086
1789059002666276900,21.53027685546875,0.06404774636030197,0.12905307114124298,0.01543664000928402
1789059002676288000,21.5402880859375,0.018944986164569855,0.13619939982891083,-0.0681687742471695
1789059002686298000,21.550298095703123,-0.028018495067954063,0.11926427483558655,-0.006073637865483761
1789059002696308200,21.56030810546875,-0.051435139030218124,0.12628330290317535,0.05304400995373726
1789059002706318000,21.570318115234375,-0.11896927654743195,0.10761018842458725,0.018050096929073334
1789059002716329200,21.5803291015625,-0.1615217924118042,0.10642401874065399,0.027620432898402214
1789059002726339000,21.590339111328124,-0.19696374237537384,0.10445444285869598,0.0008469733875244856
1789059002736349200,21.60034912109375,-0.22306910157203674,0.1019236370921135,-0.03275546059012413
1789059002746360000,21.610360107421876,-0.25073307752609253,0.10350492596626282,-0.023601088672876358
1789059002756369400,21.620369384765624,-0.23929424583911896,0.08521540462970734,-0.058001138269901276
1789059002766379300,21.630379150390624,-0.24890616536140442,0.09812339395284653,-0.013162780553102493
1789059002776389400,21.640389404296876,-0.24591010808944702,0.08992218226194382,0.023475658148527145
1789059002786400300,21.650400146484376,-0.2530670464038849,0.09441276639699936,0.03446830064058304
1789059002796410400,21.660410400390624,-0.29532715678215027,0.11429912596940994,0.02353443019092083
1789059002806420200,21.670420166015624,-0.30720895528793335,0.1137130931019783,-0.01049845665693283
1789059002816430300,21.680430419921876,-0.29040706157684326,0.07833939045667648,-0.014276948757469654
1789059002826441500,21.69044140625,-0.2983853220939636,0.03716709464788437,0.005648724734783173
1789059002836451600,21.70045166015625,-0.3515465259552002,0.05342809110879898,-0.0025578064378350973
1789059002846461400,21.71046142578125,-0.40157049894332886,0.07257041335105896,0.02032916620373726
1789059002856472600,21.72047265625,-0.4265030026435852,0.05199962481856346,-0.01913568750023842
1789059002866482400,21.730482421875,-0.46189290285110474,0.06517015397548676,0.026901111006736755
1789059002876492500,21.740492431640625,-0.4781115651130676,0.05109507963061333,0.0320279598236084
1789059002886502400,21.75050244140625,-0.4359743297100067,0.03294448181986809,0.025444122031331062
1789059002896513500,21.760513427734374,-0.44713085889816284,0.03520230948925018,0.05401771143078804
1789059002906523400,21.7705234375,-0.4502887427806854,0.00784627441316843,-0.048885755240917206
1789059002916533500,21.780533447265626,-0.4500120282173157,0.01858307421207428,-0.041244879364967346
1789059002926543400,21.79054345703125,-0.43558797240257263,0.016011394560337067,0.005399404093623161
1789059002936554500,21.800554443359374,-0.4194529354572296,0.005509485956281424,-0.014372436329722404
1789059002946564400,21.810564453125,-0.43920329213142395,0.017714662477374077,0.04815354943275452
1789059002956574500,21.820574462890626,-0.44741594791412354,0.002070454880595207,0.022704385221004486
1789059002966585300,21.83058544921875,-0.42241179943084717,-0.007682703901082277,0.035595908761024475
1789059002976595500,21.840595458984374,-0.3985013961791992,-0.029244987294077873,-0.008077803067862988
1789059002986605300,21.850605224609374,-0.3912998139858246,-0.04461848735809326,-0.05228902027010918
1789059002996615400,21.860615478515626,-0.4011652171611786,-0.051503024995326996,-0.04303506761789322
1789059003006626300,21.870626220703127,-0.37731224298477173,-0.08091945946216583,-0.06348045915365219
1789059003016636400,21.880636474609375,-0.34230124950408936,-0.08382896333932877,0.02027915231883526
1789059003026646300,21.890646240234375,-0.34849610924720764,-0.06860655546188354,0.030684644356369972
1789059003036656400,21.900656494140627,-0.32924121618270874,-0.08087120950222015,0.0353425107896328
1789059003046667300,21.910667236328123,-0.319614440202713,-0.0741252452135086,0.01680072955787182
1789059003056677400,21.920677490234375,-0.3073263466358185,-0.08621759712696075,-0.00003684079274535179
1789059003066687200,21.930687255859375,-0.26586198806762695,-0.10204506665468216,-0.0271262526512146
1789059003076698600,21.94069873046875,-0.23482125997543335,-0.11919849365949631,0.017737092450261116
1789059003086708200,21.950708251953124,-0.24166715145111084,-0.10846387594938278,0.02080290950834751
1789059003096718300,21.96071826171875,-0.25392383337020874,-0.09539121389389038,0.010012846440076828
1789059003106728200,21.970728271484376,-0.22129690647125244,-0.1176600307226181,-0.012654915452003479
1789059003116739600,21.980739501953124,-0.16967879235744476,-0.13975609838962555,0.039965368807315826
1789059003126749400,21.99074951171875,-0.1524830311536789,-0.17242731153964996,0.0010170519817620516
1789059003136759600,22.000759521484376,-0.12867942452430725,-0.1413697898387909,0.057646509259939194
1789059003146769400,22.010769287109376,-0.12874169647693634,-0.1393449455499649,0.03098350390791893
1789059003156780500,22.020780517578125,-0.07201821357011795,-0.1316598653793335,0.033356912434101105
1789059003166790400,22.030790283203125,0.002726584207266569,-0.15623143315315247,0.016290342435240746
1789059003176800500,22.040800537109376,0.03450688347220421,-0.12982165813446045,0.0253384318202734
1789059003186810400,22.050810302734376,0.05689726024866104,-0.12199556827545166,0.02873670868575573
1789059003196821500,22.060821533203125,0.11544499546289444,-0.10991280525922775,0.039655935019254684
1789059003206831400,22.070831298828125,0.15463590621948242,-0.10849510878324509,0.020391669124364853
1789059003216841500,22.080841552734373,0.19877034425735474,-0.12043672055006027,0.018857421353459358
1789059003226852400,22.090852294921874,0.23104439675807953,-0.09601244330406189,0.05010497197508812
1789059003236862500,22.100862548828125,0.2782185673713684,-0.12033375352621078,0.03399684280157089
1789059003246872300,22.110872314453125,0.2889028489589691,-0.09857750684022903,-0.0026766550727188587
1789059003256882400,22.12088232421875,0.30884644389152527,-0.0813380628824234,0.037323758006095886
1789059003266893300,22.130893310546874,0.310709148645401,-0.06553304940462112,-0.03067232482135296
1789059003276903400,22.1409033203125,0.35046401619911194,-0.050550103187561035,-0.043233390897512436
1789059003286913300,22.150913330078126,0.41456151008605957,-0.06358964741230011,0.028749842196702957
1789059003296923400,22.16092333984375,0.4266376197338104,-0.06117415428161621,0.044139984995126724
1789059003306934300,22.170934326171874,0.4290080666542053,-0.05876510962843895,0.006886140443384647
1789059003316944400,22.1809443359375,0.43216338753700256,-0.02506173960864544,0.03833674266934395
1789059003326954200,22.190954345703126,0.411849707365036,-0.013469488359987736,-0.00013068551197648048
1789059003336964400,22.20096435546875,0.4292164444923401,-0.025942668318748474,-0.00832922663539648
1789059003346975200,22.210975341796875,0.41778329014778137,-0.010814185254275799,0.05646474286913872
1789059003356985300,22.2209853515625,0.3714807629585266,0.007682800758630037,0.06621591001749039
1789059003366995500,22.230995361328127,0.36969640851020813,0.012979695573449135,0.09254731982946396
1789059003377006600,22.241006591796875,0.3384931981563568,-0.0006559551693499088,0.011540085077285767
1789059003387016400,22.251016357421875,0.2986743450164795,0.018593506887555122,0.03983451426029205
1789059003397026600,22.261026611328123,0.2640087902545929,0.00867962371557951,0.032387249171733856
1789059003407036400,22.271036376953123,0.25200822949409485,-0.003582195844501257,0.03178832679986954
1789059003417047600,22.281047607421876,0.19237792491912842,0.015722792595624924,0.03198114037513733
1789059003427057400,22.291057373046876,0.1542656421661377,0.02452041395008564,0.05824384465813637
1789059003437067500,22.301067626953124,0.1234094575047493,0.03391684591770172,0.02685289829969406
1789059003447077600,22.31107763671875,0.11960229277610779,0.030745599418878555,0.028060773387551308
1789059003457088500,22.321088623046876,0.08280965685844421,0.038757190108299255,-0.056871429085731506
1789059003467098400,22.331098388671876,0.07980524748563766,0.022920968011021614,-0.055667269974946976
1789059003477108500,22.3411083984375,0.0746096819639206,0.047599148005247116,-0.01152750477194786
1789059003487118600,22.35111865234375,0.07731041312217712,0.014054017141461372,0.0016943998634815216
1789059003497129500,22.36112939453125,0.07040456682443619,0.020322831347584724,0.058046355843544006
1789059003507139300,22.371139404296876,0.020181860774755478,0.060414280742406845,0.05139979347586632
1789059003517149400,22.3811494140625,-0.0033919077832251787,0.07460253685712814,0.031104644760489464
1789059003527160300,22.391160400390625,-0.026236141100525856,0.09919789433479309,0.006239098496735096
1789059003537170400,22.40117041015625,-0.05117318034172058,0.08669515699148178,-0.006689749658107758
1789059003547180300,22.41118017578125,-0.03770444542169571,0.07160612940788269,-0.03574599698185921
1789059003557190400,22.4211904296875,-0.011799611151218414,0.0593116395175457,-0.010714681819081306
1789059003567201300,22.431201171875,-0.030170338228344917,0.03827360272407532,-0.05295778438448906
1789059003577211400,22.44121142578125,-0.07028580456972122,0.06407510489225388,-0.019414471462368965
1789059003587221500,22.451221435546874,-0.11699362844228745,0.09253683686256409,0.06388451159000397
1789059003597231400,22.4612314453125,-0.08534994721412659,0.07394024729728699,0.03201580047607422
1789059003607242200,22.4712421875,-0.05858609452843666,0.04840080440044403,0.012547863647341728
1789059003617252400,22.48125244140625,-0.15801149606704712,0.05626431852579117,-0.04215746000409126
1789059003627262500,22.491262451171874,-0.16911225020885468,0.04239453375339508,-0.016632908955216408
1789059003637272300,22.501272216796874,-0.22854788601398468,0.0058327941223979,-0.060975074768066406
1789059003647283200,22.511283203125,-0.26109403371810913,-0.026187993586063385,-0.028355594724416733
1789059003657293300,22.521293212890626,-0.2831636369228363,-0.004693885799497366,0.07357955724000931
1789059003667303400,22.531303466796874,-0.3057948052883148,-0.023455454036593437,0.05215408280491829
1789059003677314600,22.541314453125,-0.3132380545139313,-0.02568851411342621,0.007615376263856888
1789059003687324400,22.551324462890626,-0.3035089671611786,-0.03929877653717995,-0.14819130301475525
1789059003697334500,22.56133447265625,-0.33603549003601074,-0.03175430744886398,-0.06469428539276123
1789059003707344600,22.5713447265625,-0.3642459511756897,-0.0526496060192585,-0.11588869243860245
1789059003717355500,22.58135546875,-0.3581366539001465,-0.017549140378832817,-0.022581376135349274
1789059003727365400,22.591365478515623,-0.33837199211120605,-0.04163001850247383,0.02407294139266014
1789059003737375500,22.60137548828125,-0.3240431547164917,-0.03824887052178383,-0.04818367585539818
1789059003747385600,22.611385498046875,-0.3020477592945099,-0.051689088344573975,-0.05333831533789635
1789059003757396700,22.621396728515624,-0.2853177785873413,-0.06975677609443665,-0.06681205332279205
1789059003767406600,22.631406494140624,-0.26134321093559265,-0.07220984995365143,-0.07888522744178772
1789059003777416700,22.641416748046876,-0.2307054102420807,-0.06617513298988342,-0.008539157919585705
1789059003787426800,22.6514267578125,-0.19631361961364746,-0.06603504717350006,0.0022250725887715816
1789059003797437700,22.661437744140624,-0.15170620381832123,-0.03345819562673569,-0.03950959071516991
1789059003807447600,22.671447509765624,-0.08161522448062897,-0.05664704740047455,-0.05962609127163887
1789059003817457700,22.681457763671876,-0.00070093700196594,-0.04740188643336296,-0.07313631474971771
1789059003827467800,22.6914677734375,0.05222678929567337,-0.043143581598997116,-0.05159915238618851
1789059003837478700,22.701478759765624,0.11769554764032364,-0.040007445961236954,0.027948135510087013
1789059003847488800,22.71148876953125,0.1429121345281601,-0.0457288920879364,-0.0036484161391854286
1789059003857498600,22.72149853515625,0.1657964140176773,-0.02333303540945053,-0.0033474790398031473
1789059003867509500,22.731509521484377,0.14399820566177368,-0.03418022394180298,-0.012151560746133327
1789059003877519600,22.74151953125,0.11846862733364105,-0.006169362924993038,0.020437542349100113
1789059003887529700,22.75152978515625,0.05157811939716339,0.018388530239462852,-0.007391724735498428
1789059003897539600,22.76153955078125,0.08572649955749512,-0.03735116496682167,-0.013895164243876934
1789059003907550500,22.771550537109373,0.09845973551273346,-0.022489266470074654,-0.04074214771389961
1789059003917560600,22.781560546875,0.0840669497847557,-0.036642368882894516,-0.03357451781630516
1789059003927570700,22.79157080078125,0.12341178953647614,-0.05506131425499916,-0.046550266444683075
1789059003937580500,22.80158056640625,0.1734565943479538,-0.031152786687016487,-0.01309110876172781
1789059003947591400,22.81159130859375,0.2553781569004059,-0.034798700362443924,0.02097419649362564
1789059003957601500,22.8216015625,0.34439244866371155,0.013702258467674255,0.10019098967313766
1789059003967611600,22.831611572265626,0.357553094625473,0.030775781720876694,0.057988159358501434
1789059003977621500,22.84162158203125,0.42672789096832275,0.024890728294849396,0.012093106284737587
1789059003987632600,22.851632568359374,0.4859248101711273,0.033021893352270126,-0.0539647601544857
1789059003997642500,22.861642578125,0.482097327709198,0.046426914632320404,0.011150328442454338
1789059004007652600,22.871652587890626,0.4719288945198059,0.03974819555878639,0.00747480895370245
1789059004017662500,22.881662353515626,0.44062212109565735,0.06997188180685043,0.015008891001343727
1789059004027673600,22.891673583984375,0.4001770615577698,0.08948276937007904,0.054390620440244675
1789059004037683700,22.90168359375,0.38346201181411743,0.0983486995100975,0.012511879205703735
1789059004047693800,22.91169384765625,0.38004034757614136,0.10932136327028275,-0.0076537951827049255
1789059004057704700,22.92170458984375,0.39009004831314087,0.1020304262638092,0.025213873013854027
1789059004067714800,22.93171484375,0.3569561839103699,0.087343230843544,0.0008596100378781557
1789059004077724700,22.941724609375,0.3147594630718231,0.10229342430830002,-0.013928922824561596
1789059004087734800,22.95173486328125,0.26370999217033386,0.11560261249542236,-0.006929634138941765
1789059004097745700,22.96174560546875,0.1525924950838089,0.1501065343618393,0.0018739772494882345
1789059004107755800,22.971755859375,0.1513802409172058,0.1571389138698578,0.03609810397028923
1789059004117765600,22.981765625,0.10156235843896866,0.12615223228931427,0.020976141095161438
1789059004127775700,22.991775634765624,0.03863692283630371,0.10346449911594391,0.04634488373994827
1789059004137786600,23.00178662109375,-0.06686233729124069,0.11874811351299286,0.010142935439944267
1789059004147796700,23.011796630859376,-0.16731484234333038,0.09716949611902237,-0.0076550645753741264
1789059004157806600,23.021806640625,-0.23201340436935425,0.15975485742092133,0.03465430811047554
1789059004167816700,23.031816650390624,-0.32016339898109436,0.10956549644470215,-0.018790148198604584
1789059004177827600,23.04182763671875,-0.371254563331604,0.1225271001458168,0.00305523001588881
1789059004187837700,23.051837646484376,-0.3925235867500305,0.10544172674417496,-0.009987805038690567
1789059004197847600,23.06184765625,-0.4310033321380615,0.08164983987808228,-0.026174498721957207
1789059004207857700,23.071857666015624,-0.46896207332611084,0.08957673609256744,0.0061108628287911415
1789059004217868500,23.08186865234375,-0.4645121991634369,0.07348565012216568,0.006687702611088753
1789059004227878700,23.091878662109377,-0.49390432238578796,0.051952704787254333,-0.03765087202191353
1789059004237888500,23.101888427734377,-0.5447198748588562,0.09707731008529663,0.02143082022666931
1789059004247898600,23.111898681640625,-0.6014003157615662,0.08013574033975601,-0.0327475406229496
1789059004257909500,23.121909423828125,-0.5604984164237976,0.06710968911647797,0.012844712473452091
1789059004267919600,23.131919677734373,-0.5202045440673828,0.00885756779462099,0.022518910467624664
1789059004277929500,23.141929443359373,-0.508308470249176,0.0017067142762243748,-0.03009050339460373
1789059004287939600,23.151939697265625,-0.47355902194976807,0.011075048707425594,-0.023784734308719635
1789059004297950700,23.16195068359375,-0.4143574833869934,-0.003749437164515257,-0.017994489520788193
1789059004307960800,23.1719609375,-0.3232998549938202,-0.005433843936771154,0.01899680122733116
1789059004317970400,23.181970458984374,-0.22779355943202972,-0.026409700512886047,0.004042088054120541
1789059004327981800,23.19198193359375,-0.15573090314865112,-0.020833395421504974,0.002404377330094576
1789059004337991700,23.20199169921875,-0.12746810913085938,-0.014239675365388393,-0.03363058716058731
1789059004348001800,23.212001708984374,-0.06215723603963852,-0.0454849898815155,-0.045101553201675415
1789059004358011600,23.22201171875,0.01721561700105667,-0.03271140530705452,0.020492903888225555
1789059004368022800,23.232022705078126,0.03510312736034393,-0.04366063326597214,-0.005364714190363884
1789059004378032600,23.24203271484375,0.028261734172701836,-0.016503049060702324,0.015067590400576591
1789059004388042800,23.252042724609375,0.002540770685300231,-0.04516683146357536,-0.07088170945644379
1789059004398052600,23.262052490234375,0.03258655220270157,-0.023920133709907532,-0.032235242426395416
1789059004408063700,23.272063720703127,0.0374419167637825,-0.04809106886386871,-0.0012860826682299376
1789059004418073600,23.282073486328127,0.05155666917562485,-0.08720118552446365,0.03268706426024437
1789059004428083700,23.292083740234375,0.03298836573958397,-0.06442619860172272,0.04718191176652908
1789059004438093600,23.302093505859375,0.004590278957039118,-0.05713099613785744,0.06053420528769493
1789059004448104700,23.312104736328124,-0.02658979594707489,-0.0154630858451128,0.02240779437124729
1789059004458114600,23.322114501953124,0.0003083966439589858,0.007073116954416037,0.061369042843580246
1789059004468124700,23.332124755859375,0.07196066528558731,-0.017312075942754745,0.056815553456544876
1789059004478134500,23.342134521484375,0.08370467275381088,-0.03256559744477272,-0.013006936758756638
1789059004488145700,23.352145751953124,0.1065346896648407,-0.023590032011270523,0.013238688930869102
1789059004498155500,23.362155517578124,0.07990068197250366,-0.04599467292428017,-0.07077179104089737
1789059004508165600,23.37216552734375,0.12329627573490143,-0.0033933748491108418,0.040723562240600586
1789059004518175500,23.382175537109376,0.11267825216054916,-0.004935345146805048,0.03683933988213539
1789059004528186600,23.3921865234375,0.14604146778583527,0.020543159916996956,0.05338074639439583
1789059004538196500,23.402196533203124,0.08548490703105927,0.029999511316418648,0.059552889317274094
1789059004548206600,23.41220654296875,0.06397474557161331,-0.0089641734957695,-0.027897082269191742
1789059004558216400,23.422216552734376,-0.004977424629032612,0.014635162428021431,-0.08647304028272629
1789059004568227600,23.4322275390625,-0.03924993425607681,0.003532710485160351,-0.035340458154678345
1789059004578237400,23.442237548828125,-0.11238379776477814,0.029286542907357216,-0.030627459287643433
1789059004588247600,23.45224755859375,-0.09141885489225388,0.048651453107595444,0.04868467152118683
1789059004598257700,23.462257568359377,-0.09555927664041519,-0.005103121977299452,0.019916407763957977
1789059004608268800,23.472268798828125,-0.07211745530366898,-0.006629204843193293,0.03502817079424858
1789059004618278700,23.482278564453125,-0.13368389010429382,-0.031353991478681564,-0.015358837321400642
1789059004628288800,23.492288818359373,-0.17635279893875122,-0.03378576785326004,-0.006243745796382427
1789059004638298600,23.502298583984373,-0.23186558485031128,-0.02860618755221367,-0.021984092891216278
1789059004648309800,23.512309814453126,-0.23657584190368652,-0.029065046459436417,0.02797027677297592
1789059004658319600,23.522319580078126,-0.23581203818321228,-0.06616314500570297,0.028590526431798935
1789059004668329700,23.532329833984374,-0.249339297413826,-0.07272384315729141,0.019687846302986145
1789059004678340600,23.542340576171874,-0.2861343324184418,-0.0671868622303009,-0.013263445347547531
1789059004688350700,23.552350830078126,-0.28280943632125854,-0.05673493817448616,-0.004933517426252365
1789059004698360600,23.562360595703126,-0.2514621615409851,-0.0637236014008522,-0.009107489138841629
1789059004708370700,23.57237060546875,-0.21664287149906158,-0.07124259322881699,0.041760124266147614
1789059004718381600,23.582381591796874,-0.2232733517885208,-0.06451890617609024,-0.023138713091611862
1789059004728391700,23.5923916015625,-0.17067331075668335,-0.07097170501947403,-0.007181758992373943
1789059004738401500,23.602401611328126,-0.11781222373247147,-0.09019653499126434,0.012230554595589638
1789059004748411600,23.61241162109375,-0.08040381222963333,-0.10344473272562027,0.01647074706852436
1789059004758422800,23.6224228515625,-0.12072619795799255,-0.07217603176832199,-0.02890392579138279
1789059004768433000,23.632432861328127,-0.08719145506620407,-0.06685516983270645,-0.010911138728260994
1789059004778442800,23.64244287109375,-0.03833309933543205,-0.08116965740919113,-0.007133178412914276
1789059004788452900,23.652452880859375,-0.02107534185051918,-0.0851115807890892,-0.04394302889704704
1789059004798463700,23.662463623046875,0.03205472230911255,-0.1024402379989624,-0.024269994348287582
1789059004808473900,23.672473876953124,0.08408180624246597,-0.09602037817239761,-0.01518065482378006
1789059004818483700,23.682483642578124,0.12351416796445847,-0.07593987882137299,-0.019835595041513443
1789059004828493800,23.692493896484375,0.2214784026145935,-0.06752659380435944,-0.009331854060292244
1789059004838504700,23.702504638671876,0.30726999044418335,-0.04506843164563179,-0.005655360408127308
1789059004848514800,23.712514892578124,0.39191603660583496,-0.02557026967406273,0.0374533087015152
1789059004858524700,23.722524658203124,0.48576849699020386,-0.02274785377085209,0.040191568434238434
1789059004868534800,23.73253466796875,0.5397064089775085,-0.012742266058921814,0.000676196999847889
1789059004878545700,23.742545654296876,0.5929496884346008,0.01755571737885475,0.0036919605918228626
1789059004888555800,23.7525556640625,0.64744633436203,0.03713323548436165,0.0020972280763089657
1789059004898566000,23.76256591796875,0.6774423122406006,0.044986095279455185,0.005038689821958542
1789059004908575700,23.77257568359375,0.6995311379432678,0.0542733371257782,-0.04045902192592621
1789059004918586600,23.782586669921876,0.6985337734222412,0.05667977035045624,-0.050004322081804276
1789059004928596700,23.7925966796875,0.7162395119667053,0.046430375427007675,-0.0010438605677336454
1789059004938606800,23.80260693359375,0.7034004330635071,0.07853797823190689,0.06253031641244888
1789059004948616700,23.81261669921875,0.6011670231819153,0.10409805923700333,0.03619959577918053
1789059004958627600,23.822627685546873,0.49787604808807373,0.11401433497667313,-0.011697089299559593
1789059004968637700,23.8326376953125,0.42027541995048523,0.1077829897403717,-0.04482464864850044
1789059004978647800,23.842647705078125,0.3214646875858307,0.1036236584186554,-0.03873453289270401
1789059004988657700,23.85265771484375,0.2029886543750763,0.09617006033658981,-0.02480662241578102
1789059004998668500,23.86266845703125,0.09198117256164551,0.0691421702504158,0.011517563834786415
1789059005008678700,23.8726787109375,-0.01178647205233574,0.057331401854753494,0.043899159878492355
1789059005018688800,23.882688720703126,-0.1316702663898468,0.06335493922233582,-0.025774726644158363
1789059005028698600,23.89269873046875,-0.23059462010860443,0.0787549689412117,0.032819733023643494
1789059005038709800,23.902709716796874,-0.2873990535736084,0.07642097771167755,-0.013538445346057415
1789059005048719600,23.9127197265625,-0.38427650928497314,0.06732473522424698,-0.07277783006429672
1789059005058729700,23.922729736328126,-0.46949684619903564,0.10823434591293335,-0.01198531873524189
1789059005068739600,23.932739501953126,-0.43970054388046265,0.04320753738284111,-0.08890252560377121
1789059005078751000,23.9427509765625,-0.4689585566520691,0.05267321318387985,-0.02877633646130562
1789059005088760800,23.9527607421875,-0.46773070096969604,0.05124305933713913,0.022446516901254654
1789059005098771000,23.96277099609375,-0.48448464274406433,0.022494234144687653,0.007336807437241077
1789059005108780800,23.97278076171875,-0.5244134068489075,0.03663663938641548,0.004020795226097107
1789059005118792000,23.9827919921875,-0.5117927193641663,0.027223961427807808,0.007909275591373444
1789059005128801800,23.9928017578125,-0.5125448703765869,0.017053788527846336,-0.009634645655751228
1789059005138812000,24.00281201171875,-0.5743187665939331,0.06179223209619522,-0.04915488883852959
1789059005148821800,24.01282177734375,-0.599486768245697,0.044197119772434235,-0.056998495012521744
1789059005158833000,24.0228330078125,-0.5825471878051758,0.044681817293167114,-0.03032667189836502
1789059005168842800,24.0328427734375,-0.5562230348587036,-0.00704843457788229,-0.038712602108716965
1789059005178852900,24.042852783203124,-0.5069034099578857,-0.07070757448673248,-0.050473652780056
1789059005188862700,24.05286279296875,-0.5467309951782227,-0.021479837596416473,0.0587279349565506
1789059005198873900,24.062873779296876,-0.5834258794784546,-0.03224167227745056,-0.005541597492992878
1789059005208883700,24.0728837890625,-0.5715749859809875,-0.06044157221913338,-0.06269612163305283
1789059005218893800,24.082893798828124,-0.5671469569206238,-0.07497284561395645,-0.030606627464294434
1789059005228903700,24.092903564453124,-0.5585098266601562,-0.0910189226269722,-0.024410784244537354
1789059005238914800,24.102914794921876,-0.5478941798210144,-0.104500912129879,-0.009313056245446205
1789059005248924700,24.112924560546876,-0.5338291525840759,-0.10333036631345749,0.019430138170719147
1789059005258934800,24.122934814453124,-0.45812585949897766,-0.1313423067331314,0.009610798209905624
1789059005268944600,24.132944580078124,-0.3870563507080078,-0.14517363905906677,0.029591932892799377
1789059005278955800,24.142955810546876,-0.36545997858047485,-0.14542743563652039,-0.036243271082639694
1789059005288965600,24.152965576171876,-0.3205934464931488,-0.13441868126392365,-0.02913305163383484
1789059005298975700,24.162975830078125,-0.2576075494289398,-0.12391038984060287,-0.009913818910717964
1789059005308985600,24.172985595703125,-0.20550760626792908,-0.11424235999584198,-0.0301507581025362
1789059005318996700,24.182996826171873,-0.126385897397995,-0.130870059132576,-0.011059354990720749
1789059005329006600,24.193006591796873,-0.07947377860546112,-0.13124476373195648,-0.01022392138838768
1789059005339016700,24.2030166015625,-0.013287832029163837,-0.11781126260757446,0.03293686360120773
1789059005349026600,24.213026611328125,0.06675910949707031,-0.14227545261383057,0.008357550017535686
1789059005359038000,24.223037841796874,0.1228996142745018,-0.1465948224067688,-0.00864566769450903
1789059005369047600,24.233047607421874,0.16858801245689392,-0.14273801445960999,-0.022030457854270935
1789059005379057700,24.2430576171875,0.18261834979057312,-0.10587427020072937,-0.0017462255200371146
1789059005389067800,24.25306787109375,0.16784103214740753,-0.07468642294406891,-0.023847993463277817
1789059005399079000,24.263078857421874,0.18803098797798157,-0.09895873069763184,-0.07861163467168808
1789059005409088800,24.2730888671875,0.2225455790758133,-0.10577025264501572,-0.0037591268774122
1789059005419099000,24.283098876953126,0.22077590227127075,-0.12473462522029877,-0.029825082048773766
1789059005429108700,24.293108642578126,0.1936216652393341,-0.1346467137336731,-0.06520073860883713
1789059005439120000,24.303119873046874,0.16283659636974335,-0.12066085636615753,0.0012837438844144344
1789059005449129700,24.313129638671874,0.12571834027767181,-0.10944999754428864,0.03148956224322319
1789059005459139800,24.323139892578126,0.07597875595092773,-0.10184213519096375,0.014348127879202366
1789059005469150000,24.33314990234375,0.05615714192390442,-0.09651947021484375,0.024546274915337563
1789059005479160800,24.343160888671875,0.033257149159908295,-0.08227501809597015,0.02295982837677002
1789059005489170700,24.353170654296875,0.022318363189697266,-0.09273546934127808,-0.0044280835427343845
1789059005499180800,24.363180908203127,0.05892298370599747,-0.12324436753988266,-0.019400108605623245
1789059005509191000,24.37319091796875,0.08434418588876724,-0.1295134425163269,0.016654564067721367
1789059005519201800,24.383201904296875,0.10224222391843796,-0.13939963281154633,0.015055602416396141
1789059005529211600,24.393211669921875,0.0916852355003357,-0.1018473356962204,0.017419487237930298
1789059005539221800,24.4032216796875,0.0574103519320488,-0.0636911615729332,-0.02859514206647873
1789059005549231900,24.41323193359375,0.07180193811655045,-0.07681774348020554,-0.024773849174380302
1789059005559242800,24.42324267578125,0.09539727866649628,-0.08849170804023743,-0.04576248675584793
1789059005569252600,24.433252685546876,0.07825856655836105,-0.08478255569934845,-0.07613124698400497
1789059005579262700,24.4432626953125,0.08442724496126175,-0.08146346360445023,-0.05259023979306221
1789059005589272800,24.45327294921875,0.07982965558767319,-0.07258526980876923,-0.037138186395168304
1789059005599283700,24.46328369140625,0.11422304809093475,-0.08476044237613678,-0.004158397670835257
1789059005609293800,24.4732939453125,0.14491838216781616,-0.0898532122373581,-0.009338779374957085
1789059005619303700,24.4833037109375,0.1487349569797516,-0.07669107615947723,0.011925230734050274
1789059005629313800,24.493313720703124,0.1585589051246643,-0.06755243986845016,-0.00807829387485981
1789059005639324700,24.50332470703125,0.1661931276321411,-0.059198103845119476,0.005821009166538715
1789059005649334800,24.513334716796876,0.17843076586723328,-0.07683311402797699,-0.00943726859986782
1789059005659344600,24.5233447265625,0.18767859041690826,-0.0643351599574089,-0.017359107732772827
1789059005669354800,24.533354736328125,0.20987683534622192,-0.06897811591625214,0.0009991265833377838
1789059005679366000,24.543365966796873,0.2162013202905655,-0.07157469540834427,0.009027491323649883
1789059005689375700,24.553375732421873,0.24856069684028625,-0.08386164158582687,0.007527030073106289
1789059005699385600,24.563385498046873,0.2745606005191803,-0.08349625766277313,-0.006011148914694786
1789059005709395700,24.573395751953125,0.26492440700531006,-0.06723238527774811,-0.01721983402967453
1789059005719406800,24.58340673828125,0.25957223773002625,-0.05635629594326019,-0.021089140325784683
1789059005729417000,24.5934169921875,0.29256242513656616,-0.05591757223010063,-0.03213026747107506
1789059005739426800,24.6034267578125,0.3302757143974304,-0.057502154260873795,-0.013560311868786812
1789059005749437000,24.61343701171875,0.366092711687088,-0.05681812763214111,-0.007157997228205204
1789059005759447800,24.62344775390625,0.4053168296813965,-0.07760516554117203,-0.006739348638802767
1789059005769458000,24.6334580078125,0.4311983287334442,-0.07717736065387726,-0.03408540412783623
1789059005779467800,24.6434677734375,0.4646356701850891,-0.05570109933614731,-0.005360814742743969
1789059005789478000,24.653477783203126,0.4794851541519165,-0.04166499897837639,-0.024026066064834595
1789059005799487700,24.66348779296875,0.5019866824150085,-0.030706357210874557,-0.007818866521120071
1789059005809499000,24.673498779296875,0.5436585545539856,-0.0265442356467247,0.008664033375680447
1789059005819508700,24.6835087890625,0.571126401424408,-0.022486377507448196,0.023974547162652016
1789059005829518800,24.693518798828126,0.5992514491081238,-0.014656154438853264,0.0020827024709433317
1789059005839528700,24.70352880859375,0.6506630182266235,-0.029042018577456474,-0.04832907021045685
1789059005849539800,24.713539794921875,0.6729639172554016,-0.008556455373764038,-0.012686251662671566
1789059005859549700,24.7235498046875,0.6926899552345276,-0.005369184073060751,0.0301072858273983
1789059005869559800,24.733559814453123,0.6856750845909119,0.011840242892503738,0.006196320988237858
1789059005879569700,24.743569580078123,0.6894210577011108,0.032954052090644836,0.011527170427143574
1789059005889580800,24.753580810546875,0.7179092764854431,0.017865708097815514,0.023604432120919228
1789059005899590700,24.763590576171875,0.718967616558075,0.011974262073636055,0.019004886969923973
1789059005909600800,24.773600830078124,0.7310385704040527,-0.007329411339014769,0.023019086569547653
1789059005919610600,24.783610595703124,0.7373688817024231,-0.03432720527052879,0.013082034885883331
1789059005929621800,24.793621826171876,0.6486876010894775,0.044859010726213455,0.026084093376994133
1789059005939631600,24.803631591796876,0.5654038786888123,0.1122143492102623,-0.019404029473662376
1789059005949641700,24.813641845703124,0.5889169573783875,0.11915221065282822,0.05759803578257561
1789059005959651600,24.823651611328124,0.5507773160934448,0.06190888583660126,0.022343911230564117
1789059005969662700,24.833662841796876,0.6379039883613586,-0.00001294352114200592,0.10223176330327988
1789059005979672600,24.843672607421876,0.6855301260948181,-0.007145155221223831,0.09137432277202606
1789059005989682700,24.8536826171875,0.6734128594398499,0.024657197296619415,0.06002495065331459
1789059005999692800,24.86369287109375,0.5418327450752258,0.05220227316021919,0.03547486662864685
1789059006009704000,24.873703857421877,0.4349355101585388,0.13206230103969574,0.07372220605611801
1789059006019713500,24.883713623046877,0.3226534426212311,0.13734520971775055,0.056123245507478714
1789059006029723600,24.8937236328125,0.3021586239337921,0.13227953016757965,0.011578588746488094
1789059006039733800,24.903733642578125,0.2756660282611847,0.09561979025602341,0.021674897521734238
1789059006049745000,24.913744873046873,0.23714524507522583,0.08008600771427155,0.005055753979831934
1789059006059754800,24.923754638671873,0.21774330735206604,0.04011329635977745,-0.003883412340655923
1789059006069764900,24.933764892578125,0.18433284759521484,0.05798085406422615,0.03639296069741249
1789059006079775000,24.94377490234375,0.1621742844581604,0.07751300930976868,0.06413191556930542
1789059006089785900,24.953785888671874,0.16881625354290009,0.08701875805854797,0.05370025709271431
1789059006099795700,24.963795654296874,0.1396394520998001,0.09830336272716522,0.030744340270757675
1789059006109805800,24.973805908203126,0.07049281895160675,0.11140621453523636,0.0165507011115551
1789059006119816000,24.98381591796875,0.0577985942363739,0.09447810053825378,0.06213948875665665
1789059006129826800,24.993826904296874,0.04149196669459343,0.03978416323661804,0.053327526897192
1789059006139836700,25.003836669921874,0.03590279072523117,0.009988715872168541,0.021689174696803093
1789059006149846800,25.0138466796875,-0.04256542772054672,0.00550015177577734,-0.0222589373588562
1789059006159857000,25.02385693359375,-0.09893522411584854,-0.006616698578000069,0.00861668586730957
1789059006169866800,25.03386669921875,-0.0871628001332283,0.0010646968148648739,0.03855379298329353
1789059006179877600,25.043877685546875,-0.07588484138250351,-0.003752961754798889,0.016589639708399773
1789059006189887700,25.0538876953125,-0.04765667766332626,0.00205935537815094,-0.017388291656970978
1789059006199897900,25.06389794921875,-0.04260546341538429,0.05074140802025795,-0.008841942995786667
1789059006209907700,25.07390771484375,-0.04476670175790787,0.020576028153300285,0.0027201874181628227
1789059006219918800,25.0839189453125,0.011197764426469803,0.0087207006290555,-0.055060822516679764
1789059006229928700,25.0939287109375,0.05334305763244629,0.012828269973397255,0.00985457468777895
1789059006239938800,25.103938720703123,0.02825554832816124,-0.030011603608727455,-0.04456339403986931
1789059006249948700,25.11394873046875,0.059065211564302444,-0.0043144915252923965,0.04868679121136665
1789059006259959800,25.123959716796875,0.016604570671916008,-0.026509011164307594,-0.014302561990916729
1789059006269969700,25.1339697265625,0.027384024113416672,-0.00043145380914211273,0.017599094659090042
1789059006279979800,25.143979736328124,0.017518609762191772,0.024522632360458374,-0.023663390427827835
1789059006289989600,25.15398974609375,0.035779401659965515,0.010397035628557205,0.012179131619632244
1789059006300000800,25.164000732421876,0.03676210716366768,0.00034333672374486923,-0.045431699603796005
1789059006310010600,25.1740107421875,0.06783748418092728,-0.016556771472096443,-0.020587226375937462
1789059006320020700,25.184020751953124,0.07548128813505173,-0.06310456246137619,-0.045156482607126236
1789059006330030600,25.194030517578124,0.07550404220819473,-0.052318669855594635,0.026538290083408356
1789059006340042000,25.2040419921875,0.014134426601231098,-0.05657520145177841,0.02795322798192501
1789059006350051600,25.214051513671876,-0.004242817871272564,-0.03587928041815758,0.03192095085978508
1789059006360061700,25.224061767578124,-0.01580546423792839,-0.03641617298126221,-0.012346912175416946
1789059006370071600,25.234071533203124,0.03359642252326012,-0.04800178110599518,0.002499450696632266
1789059006380083000,25.2440830078125,0.03805295750498772,-0.03698481619358063,0.007409786805510521
1789059006390092800,25.2540927734375,0.04712624475359917,-0.027061663568019867,0.004300572909414768
1789059006400103000,25.26410302734375,0.08924707025289536,-0.01774539053440094,0.018261129036545753
1789059006410112800,25.27411279296875,0.10813591629266739,-0.02263326197862625,-0.050190817564725876
1789059006420123000,25.284122802734377,0.1342809647321701,-0.04517478868365288,-0.06330608576536179
1789059006430133800,25.2941337890625,0.16315990686416626,-0.047340553253889084,-0.03331965208053589
1789059006440144000,25.304143798828125,0.19049832224845886,-0.07126373052597046,-0.013387756422162056
1789059006450153700,25.31415380859375,0.22127921879291534,-0.07049068808555603,0.029262006282806396
1789059006460163800,25.324163818359374,0.20092281699180603,-0.03476198762655258,0.07755737006664276
1789059006470174700,25.3341748046875,0.16926977038383484,-0.024623386561870575,0.04030349850654602
1789059006480184800,25.344184814453126,0.18209955096244812,-0.008571717888116837,-0.02059260755777359
1789059006490194700,25.354194580078126,0.19062533974647522,-0.012850014492869377,-0.010826027020812035
1789059006500204800,25.364204833984374,0.2154736965894699,-0.02887505292892456,-0.043803416192531586
1789059006510215700,25.374215576171874,0.2329743653535843,-0.03422356769442558,-0.038407277315855026
1789059006520225800,25.384225830078126,0.252661794424057,-0.0858718529343605,0.008242517709732056
1789059006530235600,25.394235595703126,0.27611979842185974,-0.0564742274582386,0.03630395606160164
1789059006540245800,25.404245849609374,0.22245177626609802,-0.03775060921907425,-0.027254780754446983
1789059006550256600,25.414256591796875,0.25683724880218506,-0.0265352800488472,-0.0011435330379754305
1789059006560266800,25.424266845703126,0.28416526317596436,-0.016181442886590958,0.0167973842471838
1789059006570276900,25.43427685546875,0.3327186405658722,-0.026059109717607498,0.018260397017002106
1789059006580286700,25.44428662109375,0.369537889957428,0.013921327888965607,0.01367469783872366
1789059006590297600,25.454297607421875,0.4447983205318451,-0.013299284502863884,-0.015872320160269737
1789059006600307700,25.4643076171875,0.5136154890060425,0.004263198468834162,0.0105824563652277
1789059006610317800,25.47431787109375,0.5667527318000793,0.016114220023155212,-0.013688638806343079
1789059006620327700,25.48432763671875,0.5903427600860596,0.03792284429073334,0.04270246624946594
1789059006630337800,25.494337890625,0.6539344787597656,0.06225881353020668,0.07494854927062988
1789059006640348700,25.5043486328125,0.6606518030166626,0.08158910274505615,0.09476380050182343
1789059006650358800,25.51435888671875,0.6948332190513611,0.11883042007684708,0.05366099998354912
1789059006660368600,25.52436865234375,0.7308186888694763,0.13052889704704285,0.1055297926068306
1789059006670378800,25.534378662109376,0.7644819021224976,0.1418202966451645,0.08459102362394333
1789059006680389600,25.5443896484375,0.8124459385871887,0.17567093670368195,0.06757128983736038
1789059006690399700,25.554399658203124,0.871624767780304,0.12982866168022156,0.09563858807086945
1789059006700409600,25.56440966796875,0.8935068845748901,0.16082945466041565,0.0944175273180008
1789059006710419700,25.574419677734376,0.8450964689254761,0.17919951677322388,0.10449806600809097
1789059006720430800,25.584430908203124,0.8255704045295715,0.19201864302158356,0.0643106997013092
1789059006730441000,25.59444091796875,0.7949663996696472,0.23157180845737457,0.09613845497369766
1789059006740450800,25.604450927734376,0.7708916664123535,0.21772949397563934,0.06727831065654755
1789059006750461000,25.6144609375,0.7658383250236511,0.1995377540588379,0.05105764791369438
1789059006760471800,25.624471923828125,0.7717204689979553,0.1856168657541275,0.09213477373123169
1789059006770482000,25.63448193359375,0.7427409887313843,0.19422154128551483,0.12493427097797394
1789059006780491800,25.64449169921875,0.7234645485877991,0.20220224559307098,0.13696855306625366
1789059006790502000,25.654501953125,0.7076550722122192,0.24059201776981354,0.1480504721403122
1789059006800512800,25.6645126953125,0.7228822112083435,0.2270844727754593,0.14330393075942993
1789059006810523000,25.67452294921875,0.7428553700447083,0.23596994578838348,0.12401393055915833
1789059006820532700,25.68453271484375,0.7197681665420532,0.2531958222389221,0.0894349068403244
1789059006830542800,25.69454296875,0.7043004631996155,0.26771602034568787,0.07012293487787247
1789059006840552700,25.704552734375,0.7343877553939819,0.2651023864746094,0.14776472747325897
1789059006850563800,25.714563720703126,0.7415173053741455,0.28756168484687805,0.0967453345656395
1789059006860573700,25.72457373046875,0.7278143167495728,0.3052197992801666,0.12108103185892105
1789059006870583800,25.734583740234374,0.6988250613212585,0.3460880517959595,0.159957617521286
1789059006880593700,25.74459375,0.7111059427261353,0.3414997160434723,0.15268079936504364
1789059006890604800,25.754604736328126,0.7523343563079834,0.3475753366947174,0.20932841300964355
1789059006900614700,25.76461474609375,0.7527151703834534,0.3640099763870239,0.16166262328624725
1789059006910624800,25.774624755859374,0.6817936897277832,0.4015287458896637,0.15978847444057465
1789059006920634600,25.784634521484374,0.6209815144538879,0.4424455463886261,0.14840532839298248
1789059006930645800,25.794645751953126,0.5496419072151184,0.4399135410785675,0.14601987600326538
1789059006940655600,25.804655517578126,0.4895172715187073,0.4313797056674957,0.17115558683872223
1789059006950665700,25.814665771484375,0.4220219552516937,0.42558208107948303,0.17376665771007538
1789059006960675800,25.82467578125,0.31249862909317017,0.4309169054031372,0.08369268476963043
1789059006970686700,25.834686767578123,0.15561121702194214,0.4705924093723297,0.09705164283514023
1789059006980696600,25.844696533203123,0.031396858394145966,0.48061150312423706,0.0771264061331749
1789059006990706700,25.854706787109375,-0.03149972856044769,0.44204577803611755,0.09557581692934036
1789059007000716800,25.864716796875,-0.12285494059324265,0.4425499141216278,0.04632651433348656
1789059007010726700,25.8747265625,-0.2415579855442047,0.4297347366809845,0.05032581090927124
1789059007020737500,25.884737548828124,-0.32714346051216125,0.4272095263004303,0.020729834213852882
1789059007030747600,25.89474755859375,-0.41011589765548706,0.400215744972229,0.011977069079875946
1789059007040757800,25.9047578125,-0.4540055990219116,0.37606993317604065,0.05153166875243187
1789059007050767600,25.914767578125,-0.5584148168563843,0.39411163330078125,0.05992324650287628
1789059007060778800,25.92477880859375,-0.6699927449226379,0.39070600271224976,0.055250462144613266
1789059007070788900,25.934788818359376,-0.7104326486587524,0.4135614335536957,0.13745561242103577
1789059007080799000,25.944799072265624,-0.7487068176269531,0.4176776111125946,0.09468071907758713
1789059007090808800,25.954808837890624,-0.7558040022850037,0.38063129782676697,0.03183630853891373
1789059007100819700,25.96481982421875,-0.7722665667533875,0.36793041229248047,-0.02826644293963909
1789059007110829800,25.974829833984376,-0.8521535396575928,0.3257201313972473,-0.05167350172996521
1789059007120840000,25.98483984375,-0.9118486046791077,0.3284434676170349,-0.10209406912326813
1789059007130849800,25.994849853515625,-0.9226701855659485,0.32185858488082886,-0.03792934492230415
1789059007140860000,26.00485986328125,-0.9802109599113464,0.34594476222991943,-0.007094734348356724
1789059007150870800,26.014870849609373,-1.017561435699463,0.3513338565826416,-0.041126180440187454
1789059007160881000,26.024880859375,-1.0094358921051025,0.3451034128665924,-0.03093213587999344
1789059007170890800,26.034890869140625,-0.9495852589607239,0.2988343834877014,-0.07270244508981705
1789059007180900900,26.04490087890625,-0.88032066822052,0.29683035612106323,-0.025873152539134026
1789059007190911700,26.054911865234374,-0.8793545961380005,0.23490899801254272,-0.05230879411101341
1789059007200921900,26.064921875,-0.8876572847366333,0.2559112310409546,-0.01571935974061489
1789059007210931700,26.074931640625,-0.9061065316200256,0.27286699414253235,-0.017147060483694077
1789059007220941800,26.08494189453125,-0.8858004808425903,0.2657683491706848,-0.07325267046689987
1789059007230952700,26.09495263671875,-0.8668385744094849,0.28712955117225647,-0.021174423396587372
1789059007240962800,26.104962890625,-0.8063488602638245,0.2658431828022003,-0.05241010710597038
1789059007250972700,26.11497265625,-0.7231169939041138,0.22746963798999786,-0.06716027110815048
1789059007260982800,26.124982666015626,-0.7029489278793335,0.23625275492668152,-0.10935618728399277
1789059007270993700,26.13499365234375,-0.6864182353019714,0.2198544442653656,-0.08285260945558548
1789059007281003800,26.145003662109374,-0.6620466113090515,0.20247945189476013,-0.0027399335522204638
1789059007291013600,26.155013671875,-0.6665480136871338,0.2018311768770218,-0.0366525836288929
1789059007301023700,26.165023681640626,-0.6842820048332214,0.20353293418884277,0.02658470720052719
1789059007311033600,26.17503369140625,-0.6929728388786316,0.19052563607692719,0.0072598145343363285
1789059007321044700,26.185044677734375,-0.6940881609916687,0.18654580414295197,-0.038509801030159
1789059007331054600,26.1950546875,-0.7029564380645752,0.16479435563087463,-0.010713682509958744
1789059007341064700,26.205064697265627,-0.6907460689544678,0.13819870352745056,-0.047389671206474304
1789059007351074800,26.21507470703125,-0.7190116047859192,0.14800459146499634,-0.04097897931933403
1789059007361085700,26.225085693359375,-0.7564647197723389,0.16034753620624542,-0.016018765047192574
1789059007371095600,26.235095458984375,-0.7142709493637085,0.1547347456216812,-0.003998765256255865
1789059007381105700,26.245105712890624,-0.6920700669288635,0.14954450726509094,-0.008848381228744984
1789059007391115800,26.25511572265625,-0.6675947904586792,0.12534219026565552,0.0027485089376568794
1789059007401127000,26.265126953125,-0.6442468762397766,0.1227344274520874,-0.010080470703542233
1789059007411136800,26.27513671875,-0.6372197270393372,0.12409885972738266,0.05645523592829704
1789059007421147000,26.28514697265625,-0.607781171798706,0.11337856948375702,-0.03380994498729706
1789059007431157000,26.295156982421876,-0.5999024510383606,0.1008414775133133,-0.06277076154947281
1789059007441166600,26.30516650390625,-0.6606840491294861,0.1457921862602234,-0.021575918421149254
1789059007451177700,26.315177734375,-0.674267590045929,0.16196393966674805,0.020311478525400162
1789059007461187800,26.325187744140624,-0.6589347124099731,0.15916575491428375,0.044630132615566254
1789059007471198000,26.335197998046876,-0.6534236073493958,0.12217538058757782,-0.046020470559597015
1789059007481207800,26.345207763671876,-0.6345644593238831,0.116566501557827,0.01856544241309166
1789059007491218700,26.35521875,-0.6492524147033691,0.098270945250988,-0.011226983740925789
1789059007501228800,26.365228759765625,-0.7040440440177917,0.136031374335289,0.011371536180377007
1789059007511239000,26.375239013671877,-0.7566095590591431,0.13673408329486847,0.07014195621013641
1789059007521248800,26.385248779296877,-0.7298133969306946,0.09870308637619019,0.006698797456920147
1789059007531259600,26.395259765625,-0.743346095085144,0.0736108124256134,-0.00831972248852253
1789059007541269800,26.405269775390625,-0.7743040323257446,0.03933219984173775,-0.05303579196333885
1789059007551279900,26.41527978515625,-0.8299826383590698,0.06535186618566513,-0.04924054816365242
1789059007561289700,26.425289794921873,-0.8619626760482788,0.061903875321149826,0.01805007830262184
1789059007571299800,26.4352998046875,-0.8948415517807007,0.060458846390247345,0.035997919738292694
1789059007581310700,26.445310791015626,-0.9377772808074951,0.02637491002678871,0.05047832429409027
1789059007591320800,26.45532080078125,-0.9548658132553101,0.009080645628273487,0.08314863592386246
1789059007601330700,26.46533056640625,-0.9656545519828796,-0.0506410077214241,0.05286635830998421
1789059007611340800,26.4753408203125,-1.0001657009124756,-0.06315673887729645,-0.03337414190173149
1789059007621351700,26.4853515625,-1.0698728561401367,-0.04933679476380348,0.03131510317325592
1789059007631361800,26.49536181640625,-1.102871060371399,-0.06211622431874275,0.0048856232315301895
1789059007641371600,26.50537158203125,-1.0974435806274414,-0.05990021303296089,0.03847501054406166
1789059007651381800,26.5153818359375,-1.1273298263549805,-0.03482101485133171,0.13123387098312378
1789059007661392600,26.525392578125,-1.1584200859069824,-0.07271034270524979,0.07735651731491089
1789059007671402800,26.53540283203125,-1.1579506397247314,-0.07253885269165039,0.10976745933294296
1789059007681412600,26.54541259765625,-1.114349365234375,-0.11364287883043289,0.14894893765449524
1789059007691422700,26.555422607421875,-1.0825294256210327,-0.13571909070014954,0.0602310448884964
1789059007701432800,26.565432861328127,-1.1252425909042358,-0.12863695621490479,0.0952710509300232
1789059007711443700,26.575443603515627,-1.0787338018417358,-0.18270264565944672,0.07972154021263123
1789059007721453600,26.58545361328125,-1.009091854095459,-0.21104641258716583,0.10973510146141052
1789059007731463700,26.595463623046875,-1.0025277137756348,-0.2455669492483139,0.14235062897205353
1789059007741473800,26.605473876953123,-1.0211460590362549,-0.2072395235300064,0.13713589310646057
1789059007751485000,26.61548486328125,-1.0708147287368774,-0.18673305213451385,0.20328475534915924
1789059007761494800,26.625494873046875,-0.9659188389778137,-0.24846434593200684,0.17003172636032104
1789059007771504600,26.635504638671875,-0.866252064704895,-0.2935871481895447,0.1810671091079712
1789059007781514800,26.6455146484375,-0.8485937118530273,-0.31734734773635864,0.16079193353652954
1789059007791526000,26.65552587890625,-0.843808114528656,-0.30268189311027527,0.15997250378131866
1789059007801535700,26.66553564453125,-0.7835021615028381,-0.28369808197021484,0.19863787293434143
1789059007811545900,26.6755458984375,-0.6928123831748962,-0.3345329761505127,0.1565883904695511
1789059007821556000,26.685555908203124,-0.6313381195068359,-0.3276423215866089,0.18303252756595612
1789059007831565800,26.69556591796875,-0.6138808131217957,-0.34287482500076294,0.2046218365430832
1789059007841576700,26.70557666015625,-0.5251253247261047,-0.35625001788139343,0.2152039110660553
1789059007851586800,26.7155869140625,-0.43971315026283264,-0.34397050738334656,0.24232809245586395
1789059007861597000,26.725596923828125,-0.35620415210723877,-0.35475337505340576,0.2367578148841858
1789059007871606800,26.735606689453125,-0.24528799951076508,-0.3649473488330841,0.2181422859430313
1789059007881617700,26.74561767578125,-0.20908845961093903,-0.3476354479789734,0.23952613770961761
1789059007891627800,26.755627685546877,-0.1046229749917984,-0.3575081527233124,0.1950552612543106
1789059007901638000,26.765637939453125,0.006193023175001144,-0.36071085929870605,0.19862282276153564
1789059007911647700,26.775647705078125,0.05511720851063728,-0.3632233738899231,0.23692938685417175
1789059007921659000,26.785658935546873,0.12696582078933716,-0.3807530999183655,0.21139340102672577
1789059007931668700,26.795668701171873,0.16935062408447266,-0.35038143396377563,0.22281107306480408
1789059007941678800,26.805678955078125,0.18724706768989563,-0.358379989862442,0.2044142335653305
1789059007951688700,26.815688720703125,0.24338053166866302,-0.3553466498851776,0.189558744430542
1789059007961698800,26.82569873046875,0.2599824070930481,-0.35388725996017456,0.183785542845726
1789059007971709700,26.835709716796874,0.28769969940185547,-0.3432618975639343,0.2075769305229187
1789059007981719800,26.8457197265625,0.30796849727630615,-0.34570854902267456,0.1717028170824051
1789059007991729700,26.855729736328126,0.31947028636932373,-0.3159696161746979,0.16128644347190857
1789059008001739800,26.86573974609375,0.3325482904911041,-0.3234480321407318,0.17577403783798218
1789059008011750700,26.875750732421874,0.39603450894355774,-0.3558621406555176,0.159207284450531
1789059008021760800,26.8857607421875,0.38918593525886536,-0.33179888129234314,0.13378287851810455
1789059008031770600,26.8957705078125,0.3569350838661194,-0.2943075895309448,0.14435863494873047
1789059008041780700,26.90578076171875,0.36784738302230835,-0.28257209062576294,0.09474607557058334
1789059008051791600,26.91579150390625,0.3903217613697052,-0.28230446577072144,0.10557597130537033
1789059008061801700,26.9258017578125,0.4403955936431885,-0.30760663747787476,0.0497870109975338
1789059008071811600,26.9358115234375,0.42117545008659363,-0.2744508385658264,0.0750078335404396
1789059008081821700,26.94582177734375,0.3530406057834625,-0.23708535730838776,0.06005259230732918
1789059008091831800,26.955831787109375,0.32827484607696533,-0.20833240449428558,0.02206292934715748
1789059008101842700,26.9658427734375,0.34107640385627747,-0.2075347900390625,0.06596886366605759
1789059008111852500,26.9758525390625,0.32973459362983704,-0.21101485192775726,-0.003972357604652643
1789059008121862700,26.985862548828123,0.2781989574432373,-0.2085985690355301,-0.011177273467183113
1789059008131872800,26.995872802734375,0.21858975291252136,-0.1845887005329132,-0.002134708920493722
1789059008141884000,27.0058837890625,0.17500711977481842,-0.1588713526725769,0.08093620836734772
1789059008151893800,27.015893798828124,0.16399125754833221,-0.15876469016075134,0.06131783127784729
1789059008161903900,27.02590380859375,0.1176820769906044,-0.1646081954240799,0.08275255560874939
1789059008171914000,27.0359140625,0.08901619166135788,-0.19784992933273315,0.02743159607052803
1789059008181923800,27.045923828125,0.04503621533513069,-0.16467121243476868,0.03700166195631027
1789059008191934700,27.055934814453124,-0.009960509836673737,-0.1459774523973465,-0.0009856708347797394
1789059008201944800,27.06594482421875,-0.04878060892224312,-0.130098357796669,-0.04490332677960396
1789059008211955000,27.075954833984376,-0.0935577005147934,-0.11391536146402359,-0.01451652031391859
1789059008221964800,27.08596484375,-0.11602146178483963,-0.10787425190210342,0.00603749044239521
1789059008231975700,27.0959755859375,-0.07753904908895493,-0.14069050550460815,0.038495831191539764
1789059008241985800,27.10598583984375,-0.0947420746088028,-0.1446085274219513,0.07162845879793167
1789059008251996000,27.115995849609376,-0.12979038059711456,-0.13270539045333862,0.03902411088347435
1789059008262005800,27.126005859375,-0.15722119808197021,-0.0889722928404808,-0.005571052897721529
1789059008272016000,27.136015869140625,-0.1429084986448288,-0.11078330874443054,-0.03237776458263397
1789059008282026800,27.14602685546875,-0.10126039385795593,-0.10158981382846832,-0.0536833181977272
1789059008292036900,27.156036865234373,-0.08319656550884247,-0.09312275052070618,-0.0672825276851654
1789059008302046700,27.166046630859373,-0.07860154658555984,-0.08862040936946869,-0.030268855392932892
1789059008312056800,27.176056884765625,-0.09323658794164658,-0.05750078707933426,-0.009676248766481876
1789059008322067700,27.186067626953125,-0.10473425686359406,-0.04467020928859711,0.010484146885573864
1789059008332077800,27.196077880859374,-0.08315073698759079,-0.04188157618045807,0.01184153649955988
1789059008342087700,27.206087646484374,-0.09212105721235275,-0.05802859365940094,0.010740052908658981
1789059008352097800,27.216097900390626,-0.0901368111371994,-0.06509130448102951,0.003731809090822935
1789059008362107600,27.226107666015626,-0.09410785138607025,-0.07956930994987488,-0.008574392646551132
1789059008372118800,27.236118896484374,-0.132192000746727,-0.06304957717657089,-0.047666195780038834
1789059008382128600,27.246128662109374,-0.14407183229923248,-0.06415105611085892,-0.015226764604449272
1789059008392138800,27.256138671875,-0.18517856299877167,-0.06370005756616592,-0.050846610218286514
1789059008402148600,27.266148681640626,-0.2160387486219406,-0.03600398451089859,0.035677894949913025
1789059008412159700,27.27615966796875,-0.25568974018096924,-0.02203010953962803,0.04203778877854347
1789059008422169600,27.286169677734375,-0.25514671206474304,-0.009115110151469707,0.06272523105144501
1789059008432179700,27.2961796875,-0.23219171166419983,-0.050604335963726044,0.054574526846408844
1789059008442189600,27.306189453125,-0.19735410809516907,-0.09261675924062729,0.05028124526143074
1789059008452199700,27.31619970703125,-0.19876863062381744,-0.1195266991853714,-0.026150519028306007
1789059008462210600,27.32621044921875,-0.21889840066432953,-0.10965835303068161,-0.022111568599939346
1789059008472220700,27.336220703125,-0.2400616556406021,-0.07966471463441849,-0.017469700425863266
1789059008482230800,27.346230712890623,-0.2976714074611664,-0.018497232347726822,0.018289363011717796
1789059008492240600,27.35624072265625,-0.31062740087509155,-0.01688375137746334,-0.08809773623943329
1789059008502251800,27.366251708984375,-0.28186553716659546,-0.025891628116369247,-0.018301604315638542
1789059008512262000,27.376261962890624,-0.24963636696338654,-0.0410413034260273,0.00673317164182663
1789059008522271700,27.386271728515624,-0.20116470754146576,-0.07974236458539963,0.07049084454774857
1789059008532281900,27.39628173828125,-0.19134783744812012,-0.0910528227686882,0.023899773135781288
1789059008542291700,27.406291748046876,-0.2506183683872223,-0.07503044605255127,-0.01862451806664467
1789059008552302800,27.416302734375,-0.24675340950489044,-0.060402337461709976,-0.028282564133405685
1789059008562313000,27.42631298828125,-0.2588614821434021,-0.050883665680885315,-0.0214422345161438
1789059008572322800,27.43632275390625,-0.29534676671028137,-0.027831610292196274,0.004291623830795288
1789059008582333000,27.4463330078125,-0.2745317816734314,-0.030951235443353653,0.0425892099738121
1789059008592343800,27.45634375,-0.24964316189289093,-0.05379728972911835,0.035017915070056915
1789059008602354000,27.46635400390625,-0.2436683624982834,-0.0754607766866684,0.009880068711936474
1789059008612363800,27.47636376953125,-0.26326167583465576,-0.08356679975986481,0.0025609966833144426
1789059008622374000,27.486373779296876,-0.29500600695610046,-0.07550168037414551,0.05941042676568031
1789059008632383700,27.4963837890625,-0.3096100986003876,-0.07929417490959167,0.04915386065840721
1789059008642395000,27.506394775390625,-0.34678515791893005,-0.050642821937799454,0.053076695650815964
1789059008652404700,27.51640478515625,-0.40776440501213074,-0.02057529427111149,0.07517165690660477
1789059008662414800,27.526414794921877,-0.40360960364341736,-0.04451444745063782,0.07807610183954239
1789059008672424700,27.5364248046875,-0.38122645020484924,-0.07374897599220276,0.08341891318559647
1789059008682434800,27.546434814453125,-0.34152165055274963,-0.13782063126564026,-0.017448045313358307
1789059008692445700,27.55644580078125,-0.3546079993247986,-0.10329529643058777,0.04376157745718956
1789059008702455800,27.566455810546874,-0.3975807726383209,-0.12339763343334198,0.06183112412691116
1789059008712465700,27.576465576171874,-0.4055178761482239,-0.13710694015026093,0.0009213995654135942
1789059008722475800,27.586475830078125,-0.40000298619270325,-0.11792552471160889,0.061961580067873
1789059008732486700,27.596486572265626,-0.41810348629951477,-0.12019401788711548,0.03781909495592117
1789059008742496800,27.606496826171874,-0.3956200182437897,-0.1194898784160614,0.08055217564105988
1789059008752506600,27.616506591796874,-0.37024229764938354,-0.1812138855457306,0.05226842686533928
1789059008762516200,27.62651611328125,-0.3621790409088135,-0.15582996606826782,0.0826156809926033
1789059008772526300,27.6365263671875,-0.35914263129234314,-0.16288210451602936,0.05853182077407837
1789059008782537200,27.646537109375,-0.3292371928691864,-0.1512635350227356,0.03342700004577637
1789059008792547300,27.65654736328125,-0.2861544191837311,-0.16474197804927826,0.1017378717660904
1789059008802557200,27.66655712890625,-0.23016227781772614,-0.18675939738750458,0.0787515938282013
1789059008812567300,27.6765673828125,-0.22148101031780243,-0.2066061794757843,0.018952615559101105
1789059008822578200,27.686578125,-0.22075609862804413,-0.1789977252483368,0.025219302624464035
1789059008832588300,27.69658837890625,-0.16129270195960999,-0.17271000146865845,0.10299120098352432
1789059008842598100,27.70659814453125,-0.0995265319943428,-0.19316893815994263,0.09576205164194107
1789059008852608300,27.716608154296875,-0.06076165661215782,-0.19414952397346497,0.09716495871543884
1789059008862618000,27.7266181640625,-0.030148355290293694,-0.192094087600708,0.016823777928948402
1789059008872629200,27.736629150390623,0.01636071875691414,-0.1999862939119339,0.025324711576104164
1789059008882639000,27.74663916015625,0.02641468122601509,-0.14305377006530762,0.11982139199972153
1789059008892649200,27.756649169921875,0.05241622403264046,-0.1417476236820221,0.08704966306686401
1789059008902659000,27.7666591796875,0.1167968139052391,-0.15949279069900513,0.04889269173145294
1789059008912669200,27.776669189453123,0.15678143501281738,-0.15155819058418274,0.03236923739314079
1789059008922680000,27.78668017578125,0.1718922108411789,-0.20304560661315918,-0.05327589437365532
1789059008932690200,27.796690185546876,0.13937075436115265,-0.1424190104007721,0.05640266835689545
1789059008942700000,27.806699951171876,0.10861337929964066,-0.15328098833560944,0.007982936687767506
1789059008952710100,27.816710205078124,0.13053254783153534,-0.14804093539714813,-0.01079937070608139
1789059008962721300,27.82672119140625,0.14414210617542267,-0.15453213453292847,-0.05004717409610748
1789059008972731400,27.8367314453125,0.07813539355993271,-0.09939724206924438,-0.022550035268068314
1789059008982741200,27.8467412109375,0.016950061544775963,-0.07927945256233215,0.011731504462659359
1789059008992751400,27.85675146484375,0.02506444789469242,-0.06104479357600212,0.04866981506347656
1789059009002761500,27.866761474609376,0.09552875906229019,-0.11421453952789307,0.012850564904510975
1789059009012772400,27.8767724609375,0.1067023053765297,-0.14017073810100555,0.037466637790203094
1789059009022782200,27.8867822265625,0.05931961163878441,-0.1399717926979065,0.040839530527591705
1789059009032792300,27.896792236328125,0.010480278171598911,-0.1377473771572113,0.0980851873755455
1789059009042802400,27.906802490234377,0.007959064096212387,-0.18459850549697876,-0.029892753809690475
1789059009052812300,27.916812255859377,-0.017554810270667076,-0.17376120388507843,-0.053064607083797455
1789059009062823200,27.9268232421875,-0.1260237693786621,-0.10814516991376877,-0.08520416170358658
1789059009072833300,27.936833251953125,-0.1663323938846588,-0.07014600932598114,0.00790470838546753
1789059009082843400,27.946843505859373,-0.12756289541721344,-0.08517236262559891,0.03557441756129265
1789059009092853200,27.956853271484373,-0.06986933201551437,-0.13405607640743256,-0.013133449479937553
1789059009102863400,27.96686328125,-0.018321184441447258,-0.19584619998931885,-0.04387751221656799
1789059009112874200,27.976874267578125,-0.03136472776532173,-0.19927681982517242,-0.024689454585313797
1789059009122884400,27.98688427734375,-0.09987347573041916,-0.17699575424194336,-0.016803566366434097
1789059009132894200,27.996894287109374,-0.13525646924972534,-0.14951738715171814,0.0013249050825834274
1789059009142904300,28.006904296875,-0.1680181473493576,-0.12098480761051178,-0.032148897647857666
1789059009152915200,28.016915283203126,-0.16635383665561676,-0.14031872153282166,-0.16424106061458588
1789059009162925300,28.02692529296875,-0.179805189371109,-0.12454748153686523,-0.0827651098370552
1789059009172935200,28.03693505859375,-0.1666034460067749,-0.14599323272705078,-0.04763821139931679
1789059009182945300,28.0469453125,-0.15383145213127136,-0.1584688127040863,-0.019450513646006584
1789059009192955100,28.056955078125,-0.10448265075683594,-0.2009022980928421,0.002316261874511838
1789059009202966300,28.06696630859375,-0.1170908510684967,-0.19542764127254486,-0.00013065035454928875
1789059009212976000,28.07697607421875,-0.1259569227695465,-0.19825784862041473,-0.0034630117006599903
1789059009222986200,28.086986328125,-0.11576048284769058,-0.19292354583740234,0.06485186517238617
1789059009232996400,28.096996337890626,-0.11398366093635559,-0.17558938264846802,0.06325516849756241
1789059009243006200,28.107006103515626,-0.09163974225521088,-0.19832372665405273,-0.04643058776855469
1789059009253017000,28.11701708984375,-0.047109492123126984,-0.17795829474925995,-0.07369999587535858
1789059009263027200,28.127027099609375,-0.01038902997970581,-0.1688137948513031,-0.10490238666534424
1789059009273037300,28.137037353515623,0.0037042000330984592,-0.1873508095741272,-0.2333531230688095
1789059009283047200,28.147047119140623,0.028446031734347343,-0.18030115962028503,-0.28242799639701843
1789059009293057300,28.157057373046875,0.005783293396234512,-0.14169159531593323,-0.18486982583999634
1789059009303068200,28.167068115234375,-0.04948768392205238,-0.08827736973762512,-0.11333917081356049
1789059009313078300,28.177078369140624,-0.003731768112629652,-0.011803073808550835,0.13398513197898865
1789059009323088100,28.187088134765624,0.11350324749946594,-0.12589076161384583,0.07856423407793045
1789059009333098200,28.19709814453125,0.2537703812122345,-0.13961470127105713,0.1594001054763794
1789059009343109400,28.207109375,0.35268309712409973,-0.17158514261245728,0.10735075920820236
1789059009353119500,28.217119384765624,0.42577090859413147,-0.17775382101535797,0.09063161164522171
1789059009363129000,28.227129150390624,0.4727967381477356,-0.1930811107158661,-0.06594787538051605
1789059009373139200,28.23713916015625,0.4787788689136505,-0.1265949159860611,-0.11365701258182526
1789059009383149000,28.247149169921876,0.432712584733963,-0.036749713122844696,-0.07483238726854324
1789059009393160400,28.257160400390624,0.3818086087703705,0.03394746780395508,-0.07063496857881546
1789059009403170300,28.26717041015625,0.4054580330848694,0.0041091470047831535,-0.02562514692544937
1789059009413180400,28.277180419921876,0.46031177043914795,-0.03593220189213753,0.0715058296918869
1789059009423190300,28.287190185546876,0.47204431891441345,-0.09080557525157928,0.06681440770626068
1789059009433200400,28.297200439453125,0.42417314648628235,-0.060639865696430206,0.1562700718641281
1789059009443211300,28.307211181640625,0.36416172981262207,-0.0536850206553936,0.08069009333848953
1789059009453221400,28.317221435546877,0.29739901423454285,-0.020227055996656418,0.058191511780023575
1789059009463231200,28.327231201171877,0.21175014972686768,-0.03337162360548973,-0.10219895839691162
1789059009473241300,28.337241455078125,0.08424127846956253,0.024959160014986992,-0.014475583098828793
1789059009483251500,28.34725146484375,0.03537440299987793,0.011341085657477379,0.005452318117022514
1789059009493262300,28.357262451171874,0.0751548781991005,-0.045772697776556015,0.06434666365385056
1789059009503272200,28.367272216796874,0.04919225350022316,-0.08304736763238907,0.13338005542755127
1789059009513282300,28.3772822265625,-0.041890230029821396,-0.05413542315363884,0.08294340968132019
1789059009523292400,28.38729248046875,-0.07508653402328491,-0.052371345460414886,0.01620832085609436
1789059009533302300,28.39730224609375,-0.06534914672374725,-0.08133240789175034,0.10026554763317108
1789059009543313200,28.407313232421874,-0.1383703649044037,-0.04987994581460953,0.10782093554735184
1789059009553323300,28.4173232421875,-0.19559338688850403,-0.05141720175743103,0.08700665086507797
1789059009563333400,28.42733349609375,-0.1830594837665558,-0.07967999577522278,0.027521217241883278
1789059009573343200,28.43734326171875,-0.21468010544776917,-0.08039148151874542,0.04812349006533623
1789059009583353300,28.447353271484374,-0.19148902595043182,-0.11491004377603531,0.029161514714360237
1789059009593364200,28.4573642578125,-0.20343531668186188,-0.11580435931682587,0.12007143348455429
1789059009603374300,28.467374267578126,-0.24996553361415863,-0.0889783427119255,0.2599102854728699
1789059009613384200,28.47738427734375,-0.22038091719150543,-0.108314648270607,0.3553681969642639
1789059009623394300,28.487394287109375,-0.16189204156398773,-0.12743213772773743,0.23197463154792786
1789059009633404200,28.497404052734375,-0.16407904028892517,-0.09294163435697556,0.009009679779410362
1789059009643415300,28.507415283203127,-0.20324507355690002,-0.0896233320236206,-0.0456831268966198
1789059009653425200,28.517425048828127,-0.19212432205677032,-0.06801735609769821,-0.013851366937160492
1789059009663435300,28.527435302734375,-0.13099972903728485,-0.044318150728940964,0.07268272340297699
1789059009673445000,28.537445068359375,-0.07394696772098541,-0.09288628399372101,-0.02308395691215992
1789059009683455200,28.547455322265623,-0.02964661456644535,-0.08455591648817062,0.03317905217409134
1789059009693466000,28.557466064453124,0.029043959453701973,-0.1250140219926834,0.058593690395355225
1789059009703476200,28.567476318359375,0.04136987030506134,-0.08757396787405014,0.1360192447900772
1789059009713486000,28.577486083984375,0.07856573164463043,-0.07979847490787506,0.11094573140144348
1789059009723496200,28.58749609375,0.1259273886680603,-0.093439981341362,-0.0235391054302454
1789059009733506300,28.59750634765625,0.11945895105600357,-0.07294680178165436,-0.008266464807093143
1789059009743517200,28.60751708984375,0.10382592678070068,-0.054757148027420044,-0.0039055387023836374
1789059009753527000,28.617527099609376,0.11541692912578583,-0.039397649466991425,0.028755635023117065
1789059009763537700,28.62753759765625,0.14677059650421143,-0.06183718144893646,-0.07295820862054825
1789059009773547800,28.6375478515625,0.186883807182312,-0.08809055387973785,-0.008055963553488255
1789059009783558700,28.64755859375,0.23055219650268555,-0.10859955847263336,-0.026026440784335136
1789059009793568500,28.657568603515625,0.22926433384418488,-0.13230709731578827,-0.05242084711790085
1789059009803578600,28.66757861328125,0.24932964146137238,-0.12163715064525604,-0.06458297371864319
1789059009813588700,28.677588623046876,0.2333916574716568,-0.09219075739383698,-0.059419553726911545
1789059009823598600,28.6875986328125,0.226840540766716,-0.07521550357341766,-0.02597663924098015
1789059009833609500,28.697609375,0.22437432408332825,-0.048161763697862625,0.007855722680687904
1789059009964014000,28.82801416015625,0.216680645942688,0.10399455577135086,0.061375536024570465
1789059009974023200,28.838023193359376,0.18384839594364166,0.11992105841636658,0.04962114244699478
1789059009984033000,28.848032958984376,0.051854945719242096,0.15516747534275055,0.08386726677417755
1789059009994043100,28.858043212890625,0.017017070204019547,0.16427788138389587,0.02988552115857601
1789059010004053000,28.868052978515625,0.019179025664925575,0.17124789953231812,0.025141630321741104
1789059010014063000,28.87806298828125,0.058890752494335175,0.05465523898601532,0.0015311103779822588
1789059010024073200,28.8880732421875,0.06876149028539658,0.05308104306459427,0.05334584042429924
1789059010034082000,28.89808203125,0.03357980400323868,0.09333285689353943,0.021906688809394836
1789059010044092200,28.908092041015625,-0.14418940246105194,0.20910745859146118,-0.01733788289129734
1789059010054102300,28.918102294921876,-0.08992056548595428,0.22457727789878845,-0.13136810064315796
1789059010064112000,28.928112060546876,-0.02358574979007244,0.23075363039970398,-0.07122774422168732
1789059010074122200,28.938122314453125,-0.024918926879763603,0.17481020092964172,-0.08006864041090012
1789059010084131300,28.94813134765625,-0.0504317432641983,0.16722530126571655,0.04756889119744301
1789059010094141200,28.95814111328125,-0.1127486452460289,0.143954336643219,0.03337317705154419
1789059010104151300,28.9681513671875,-0.13599884510040283,0.17415964603424072,-0.026222242042422295
1789059010114161000,28.978160888671876,-0.12946878373622894,0.15092383325099945,-0.056440599262714386
1789059010124171000,28.9881708984375,-0.2138984352350235,0.1493067592382431,-0.03593532368540764
1789059010134181000,28.99818115234375,-0.3121379017829895,0.1592552214860916,0.02956189587712288
1789059010144190000,29.00818994140625,-0.31057968735694885,0.1601276844739914,0.027613792568445206
1789059010154200000,29.018199951171876,-0.3336881995201111,0.14861184358596802,0.022344984114170074
1789059010164210200,29.028210205078125,-0.31767675280570984,0.12229607999324799,-0.018750520423054695
1789059010174220000,29.038219970703125,-0.29522791504859924,0.08609599620103836,-0.015022095292806625
1789059010184230100,29.048230224609377,-0.31735503673553467,0.09285735338926315,-0.051912687718868256
1789059010194239200,29.0582392578125,-0.3592550754547119,0.13219507038593292,0.015836844220757484
1789059010204249000,29.0682490234375,-0.2984556555747986,0.09373316168785095,-0.0777205377817154
1789059010214259200,29.07825927734375,-0.34376800060272217,0.09620324522256851,0.09424030780792236
1789059010224269000,29.08826904296875,-0.26723888516426086,0.09815879911184311,-0.031184667721390724
1789059010234279200,29.098279052734377,-0.2756829559803009,0.07730437815189362,-0.0462227389216423
1789059010244289300,29.108289306640625,-0.20500588417053223,0.05302753299474716,-0.08726578205823898
1789059010254298000,29.118298095703125,-0.1368020474910736,0.034582480788230896,-0.0969008281826973
1789059010264308200,29.12830810546875,-0.16717061400413513,0.055612869560718536,-0.04525338485836983
1789059010274318300,29.138318359375,-0.22286850214004517,0.1140073612332344,-0.0661674365401268
1789059010284328200,29.148328125,-0.21937043964862823,0.11457008868455887,0.034170884639024734
1789059010294338300,29.15833837890625,-0.12346947193145752,0.050392214208841324,-0.04958372190594673
1789059010304348200,29.16834814453125,-0.18076393008232117,0.08512726426124573,-0.037635453045368195
1789059010314357000,29.17835693359375,-0.2444765865802765,0.028781432658433914,-0.07866118103265762
1789059010324367000,29.1883671875,-0.24887266755104065,0.019346781075000763,0.04857318848371506
1789059010334377000,29.198376953125,-0.33088311553001404,0.011117614805698395,0.11702415347099304
1789059010344387000,29.208386962890625,-0.4579944610595703,0.057447582483291626,0.10441417247056961
1789059010354397200,29.218397216796873,-0.449130117893219,0.0004876269958913326,-0.0023040170781314373
1789059010364406000,29.228406005859377,-0.40278151631355286,-0.040670715272426605,-0.024724164977669716
1789059010374416100,29.238416015625,-0.35699087381362915,-0.03151210397481918,-0.01841779798269272
1789059010384426200,29.24842626953125,-0.30982521176338196,-0.04325097054243088,-0.016265302896499634
1789059010394436000,29.25843603515625,-0.3465491533279419,-0.013221966102719307,0.05914556607604027
1789059010404446200,29.2684462890625,-0.32417991757392883,-0.01537141390144825,0.044242601841688156
1789059010414456000,29.2784560546875,-0.2597236931324005,-0.04142352193593979,0.04602319002151489
1789059010424465200,29.288465087890625,-0.2281671166419983,-0.08510305732488632,-0.0537082813680172
1789059010434475300,29.298475341796873,-0.22121040523052216,-0.05920087918639183,0.03479788452386856
1789059010444485000,29.308485107421873,-0.14889121055603027,-0.09299624711275101,0.0087089529260993
1789059010454495200,29.3184951171875,-0.11069907993078232,-0.08278249204158783,0.03818375617265701
1789059010464505000,29.328505126953125,-0.06661897152662277,-0.0855366513133049,-0.05682782083749771
1789059010474515200,29.33851513671875,-0.07087469846010208,-0.06465347856283188,-0.0565740242600441
1789059010484524300,29.348524169921873,-0.0057870447635650635,-0.06610522419214249,-0.04613473638892174
1789059010494534000,29.358533935546873,0.053407035768032074,-0.06798834353685379,0.057794325053691864
1789059010504544000,29.3685439453125,0.110934779047966,-0.09754957258701324,-0.021412890404462814
1789059010514554000,29.37855419921875,0.06666158884763718,-0.0357341393828392,0.006660289131104946
1789059010524564000,29.38856396484375,0.1257224977016449,-0.054316356778144836,-0.03048832342028618
1789059010534574000,29.398573974609373,0.17918813228607178,-0.05902456119656563,-0.03809510916471481
1789059010544583200,29.408583251953125,0.17502160370349884,-0.059639450162649155,0.033582303673028946
1789059010554593000,29.418593017578125,0.19290687143802643,-0.063278928399086,0.10079756379127502
1789059010564603100,29.42860302734375,0.15496161580085754,-0.036527764052152634,0.017678052186965942
1789059010574613000,29.438613037109373,0.0797979012131691,0.013535406440496445,0.033454619348049164
1789059010584623000,29.448623046875,0.13041765987873077,0.007707446813583374,-0.0230006854981184
1789059010594633200,29.45863330078125,0.19682171940803528,-0.049388594925403595,-0.06657159328460693
1789059010604642000,29.46864208984375,0.19723503291606903,-0.028646335005760193,-0.02002931386232376
1789059010614652200,29.478652099609373,0.2088107317686081,-0.08573039621114731,-0.11607009172439575
1789059010624662300,29.488662353515625,0.07718294113874435,0.011017899960279465,0.025112975388765335
1789059010634672000,29.498672119140625,0.04422711953520775,0.0012515559792518616,0.026991035789251328
1789059010644682200,29.50868212890625,0.018981685861945152,-0.010745452716946602,0.06011436507105827
1789059010654691300,29.51869140625,0.02648540772497654,-0.05393445864319801,0.00873817503452301
1789059010664701200,29.528701171875,0.026414034888148308,-0.07925520837306976,0.01898214966058731
1789059010674711300,29.538711181640625,-0.023806525394320488,-0.05012715235352516,-0.03120219148695469
1789059010684721200,29.54872119140625,-0.05811576172709465,-0.009090745821595192,-0.02122294344007969
1789059010694731300,29.558731201171874,-0.022165484726428986,-0.02924128621816635,0.024947747588157654
1789059010704741000,29.5687412109375,-0.017890311777591705,-0.03773333132266998,0.0729827955365181
1789059010714750000,29.57875,-0.04645564407110214,-0.042384810745716095,0.04701484739780426
1789059010724760000,29.588760009765625,-0.06161542236804962,-0.051229700446128845,0.1064683198928833
1789059010734770200,29.598770263671874,-0.05058008059859276,-0.06400606036186218,0.04067476466298103
1789059010744780000,29.608780029296874,-0.060789842158555984,-0.02418408915400505,0.06702736020088196
1789059010754790100,29.6187900390625,-0.06329907476902008,-0.052129972726106644,-0.040859952569007874
1789059010764799700,29.6287998046875,-0.1163356602191925,0.0020480467937886715,0.01198834739625454
1789059010774808800,29.638808837890625,-0.09175840765237808,-0.02966848388314247,-0.0909091979265213
1789059010784819000,29.64881884765625,-0.015134739689528942,-0.050218045711517334,-0.07959835231304169
1789059010794828800,29.658828857421874,-0.08005142211914062,-0.040423739701509476,0.048287175595760345
1789059010804839000,29.6688388671875,-0.17221997678279877,-0.014592140913009644,0.06065595895051956
1789059010814849000,29.67884912109375,-0.2374306619167328,0.003773284610360861,0.06238967925310135
1789059010824859000,29.68885888671875,-0.22545495629310608,0.001571649219840765,0.04524984210729599
1789059010834868000,29.698867919921874,-0.1160549595952034,-0.10210420191287994,-0.05897468701004982
1789059010844878000,29.708878173828126,-0.18152372539043427,-0.07480999082326889,-0.00033054989762604237
1789059010854888000,29.718887939453126,-0.2535718083381653,-0.06602548807859421,-0.023572716861963272
1789059010864898000,29.72889794921875,-0.27761587500572205,-0.05823814496397972,0.04672221839427948
1789059010874908000,29.738907958984374,-0.28220105171203613,-0.06816922873258591,0.05910740792751312
1789059010884918000,29.74891796875,-0.21452535688877106,-0.0869932472705841,0.049320824444293976
1789059010894926800,29.7589267578125,-0.17400296032428741,-0.1198190450668335,0.005013050977140665
1789059010904936700,29.768936767578126,-0.16089461743831635,-0.13774968683719635,-0.004912623669952154
1789059010914946800,29.77894677734375,-0.09976813197135925,-0.1271899938583374,-0.024507896974682808
1789059010924956700,29.788956787109374,-0.07897097617387772,-0.11996883153915405,-0.0006403808947652578
1789059010934966800,29.798966796875,-0.044312331825494766,-0.11695973575115204,-0.05829595401883125
1789059010944977000,29.808976806640626,-0.01858726143836975,-0.13116292655467987,-0.025639833882451057
1789059010954986000,29.818986083984374,-0.06141675263643265,-0.14394715428352356,-0.015358434058725834
1789059010964995800,29.828995849609374,-0.04950709268450737,-0.12395469099283218,0.05100282281637192
1789059010975006000,29.839005859375,-0.024943694472312927,-0.16777513921260834,0.015889309346675873
1789059010985015800,29.849015869140626,-0.010188184678554535,-0.14965510368347168,0.04457538574934006
1789059010995026000,29.85902587890625,0.01938834972679615,-0.15497876703739166,-0.03628697246313095
1789059011005035800,29.869035888671874,0.08222110569477081,-0.18003566563129425,-0.053394436836242676
1789059011015044900,29.879044921875,0.09831032902002335,-0.14703936874866486,-0.09731262922286987
1789059011025055000,29.889054931640626,0.12708871066570282,-0.1586368978023529,-0.088786780834198
1789059011035064800,29.89906494140625,0.18468861281871796,-0.18856602907180786,-0.044246211647987366
1789059011045075000,29.909074951171874,0.21362653374671936,-0.18532229959964752,-0.03422180935740471
1789059011055085000,29.9190849609375,0.20736277103424072,-0.19165396690368652,0.023931508883833885
1789059011065095000,29.929094970703126,0.30161604285240173,-0.2134048044681549,-0.03676672652363777
1789059011075104000,29.93910400390625,0.25592365860939026,-0.09993337094783783,-0.04306217283010483
1789059015784737300,34.6487373046875,-0.023057375103235245,0.13135786354541779,-0.010835341177880764
1789059015794747400,34.65874731445312,-0.0973886027932167,0.07653738558292389,-0.027871478348970413
1789059015804757200,34.66875732421875,-0.005857082549482584,0.062416501343250275,-0.05839929357171059
1789059015814767400,34.678767333984375,0.03917990252375603,-0.043833039700984955,-0.04307275637984276
1789059015824777500,34.68877758789063,0.11782784759998322,-0.055994365364313126,-0.006781594827771187
1789059015834787300,34.69878735351563,0.017142508178949356,-0.012861629948019981,0.03603789210319519
1789059015844796400,34.70879638671875,-0.08478651940822601,-0.01128716953098774,0.058506183326244354
1789059015854806500,34.718806640625,-0.062225282192230225,0.020825736224651337,0.03337232023477554
1789059015864816400,34.72881640625,-0.06926188617944717,-0.01230638474225998,0.06434594839811325
1789059015874826500,34.73882641601563,-0.021617937833070755,-0.02056056261062622,0.05373433232307434
1789059015884836400,34.74883642578125,-0.025159407407045364,-0.0203190129250288,0.041531726717948914
1789059015894846500,34.75884643554687,-0.03240826353430748,-0.014857512898743153,0.04738199710845947
1789059015904855600,34.76885546875,0.06953460723161697,-0.05273671820759773,-0.032757580280303955
1789059015914865400,34.77886547851563,0.12767088413238525,-0.05473705381155014,-0.001992675242945552
1789059015924875500,34.78887548828125,0.09758275747299194,-0.06402695924043655,0.03921255096793175
1789059015934885400,34.79888549804687,0.08483047783374786,-0.03152014687657356,0.03352483734488487
1789059015944895200,34.80889526367187,0.06060077250003815,-0.0076279416680336,0.020388565957546234
1789059015954905300,34.8189052734375,0.07935527712106705,0.04313841089606285,0.020262494683265686
1789059015964915200,34.82891528320312,0.115549236536026,0.01542076375335455,-0.07476601749658585
1789059015974925300,34.83892529296875,0.14688053727149963,0.016020679846405983,-0.026601215824484825
1789059015984934400,34.84893432617187,0.18033383786678314,0.014446484856307507,-0.02987504005432129
1789059015994944300,34.8589443359375,0.14799267053604126,0.0014939173124730587,-0.0020187385380268097
1789059016004954400,34.86895434570312,0.17042261362075806,0.013885872438549995,0.12111411243677139
1789059016014964200,34.87896411132812,0.21346595883369446,-0.019679278135299683,-0.01826774887740612
1789059016024974300,34.888974365234375,0.12089313566684723,0.056543853133916855,-0.05176498740911484
1789059016034984400,34.898984375,0.14603471755981445,0.09210418164730072,-0.11165490746498108
1789059016044994300,34.90899438476563,0.15846315026283264,0.05361989885568619,-0.07212560623884201
1789059016055003400,34.91900341796875,0.2832958996295929,0.05480742081999779,-0.03639494255185127
1789059016065013500,34.929013427734375,0.36379474401474,0.01655564084649086,0.02666764333844185
1789059016075023400,34.9390234375,0.3526901602745056,0.03350290656089783,-0.016283299773931503
1789059016085033500,34.94903344726563,0.2254887968301773,0.08877601474523544,-0.033027660101652145
1789059016095043300,34.95904321289063,0.23164841532707214,0.11484766751527786,-0.07314101606607437
1789059016105053400,34.96905346679687,0.20689193904399872,0.10563712567090988,-0.09156902134418488
1789059016115063600,34.9790634765625,0.2527526319026947,0.06755611300468445,-0.048928841948509216
1789059016125072400,34.989072265625,0.2536642253398895,0.025963660329580307,-0.023293253034353256
1789059016135082500,34.99908251953125,0.0421900749206543,0.08819793909788132,0.020683301612734795
1789059016145092600,35.00909252929687,-0.0398762971162796,0.12000034004449844,0.0007761733140796423
1789059016155102500,35.0191025390625,-0.05360382795333862,0.06504494696855545,-0.08747326582670212
1789059016165112600,35.029112548828124,-0.07321561127901077,0.07562968134880066,-0.006245517171919346
1789059016175122400,35.039122314453124,-0.030307291075587273,0.018183434382081032,-0.03722074627876282
1789059016185132300,35.04913232421875,-0.10269973427057266,0.03249393031001091,0.03737466409802437
1789059016195142100,35.05914208984375,-0.14880278706550598,0.06500020623207092,0.02901393547654152
1789059016205151200,35.06915112304687,-0.1120612770318985,0.047389522194862366,-0.03263957425951958
1789059016215161300,35.079161376953124,-0.09072057157754898,0.05654627084732056,-0.026370227336883545
1789059016225171200,35.089171142578124,-0.06800034642219543,0.05246337875723839,-0.11268194764852524
1789059016235181300,35.099181396484376,0.001659428235143423,0.04684187471866608,-0.045743104070425034
1789059016245191400,35.10919140625,0.1245826929807663,0.03186505660414696,-0.01966170407831669
1789059016255201300,35.119201171875,0.1877342313528061,0.03179625794291496,0.04922187328338623
1789059016265211400,35.12921142578125,0.2111724466085434,0.06810180097818375,-0.0070086391642689705
1789059016275220500,35.139220458984376,0.20200982689857483,0.08533968031406403,-0.06269850581884384
1789059016285230300,35.149230224609376,0.3222038745880127,0.0758710727095604,-0.09250354021787643
1789059016295240400,35.15924047851563,0.35938534140586853,0.08579443395137787,-0.05162525177001953
1789059016305250300,35.16925024414063,0.4141292870044708,0.08240396529436111,0.02979610487818718
1789059016315260400,35.17926049804687,0.3997897505760193,0.10594498366117477,0.06124875321984291
1789059016325270500,35.1892705078125,0.3688582181930542,0.10307969152927399,0.02039240300655365
1789059016335280400,35.1992802734375,0.4215589761734009,0.09860587120056152,-0.002684582956135273
1789059016345290500,35.20929052734375,0.44895410537719727,0.0841185450553894,0.012217934243381023
1789059016355299600,35.21929956054687,0.43303239345550537,0.05621308833360672,0.06103400141000748
1789059016365309400,35.22930932617187,0.38512054085731506,0.08828606456518173,0.03641200810670853
1789059016375319600,35.239319580078124,0.3129608631134033,0.12891776859760284,0.005249464884400368
1789059016385329400,35.249329345703124,0.2548791766166687,0.14057868719100952,-0.013667235150933266
1789059016395339500,35.259339599609376,0.2719779908657074,0.11913121491670609,-0.012183303944766521
1789059016405349400,35.269349365234376,0.24236124753952026,0.08220648765563965,-0.0066734906286001205
1789059016415359500,35.279359375,0.20580802857875824,0.09946609288454056,0.05903454124927521
1789059016425368300,35.289368408203124,0.17852501571178436,0.08327566832304001,0.07294050604104996
1789059016435378400,35.29937841796875,0.14697907865047455,0.10791492462158203,0.0832962617278099
1789059016445388300,35.30938818359375,0.06900864094495773,0.15192365646362305,-0.00656651146709919
1789059016455398400,35.3193984375,0.0071588559076189995,0.1529439091682434,0.019409511238336563
1789059016465408300,35.329408203125,-0.0032399885822087526,0.1400134563446045,0.028758805245161057
1789059016475418400,35.33941845703125,-0.03589913249015808,0.12922218441963196,0.06730716675519943
1789059016485428200,35.34942822265625,-0.09021031111478806,0.1340523511171341,0.07955744117498398
1789059016495438300,35.35943823242187,-0.1513652801513672,0.14353862404823303,0.02443041279911995
1789059016505447400,35.36944750976563,-0.21297085285186768,0.14820289611816406,0.023811759427189827
1789059016515457300,35.37945727539063,-0.24048157036304474,0.1484633982181549,0.056819017976522446
1789059016525467400,35.38946728515625,-0.26581063866615295,0.11436322331428528,0.10190793871879578
1789059016535477500,35.3994775390625,-0.28178879618644714,0.09900452196598053,0.041242823004722595
1789059016545487400,35.4094873046875,-0.3416747748851776,0.13073022663593292,0.0569743812084198
1789059016555497500,35.41949755859375,-0.3374030590057373,0.13187560439109802,0.01205596886575222
1789059016565507300,35.42950732421875,-0.29142889380455017,0.12222697585821152,-0.031794577836990356
1789059016575517400,35.43951733398438,-0.27560412883758545,0.10431981086730957,0.023786436766386032
1789059016585526500,35.449526611328125,-0.283408522605896,0.08676692098379135,0.030068300664424896
1789059016595536400,35.459536376953125,-0.2682759165763855,0.07892274111509323,0.06052795797586441
1789059016605546500,35.46954638671875,-0.2511272728443146,0.07892274111509323,0.01563452184200287
1789059016615556400,35.47955639648438,-0.2913210391998291,0.07983113825321198,-0.022225424647331238
1789059016625566500,35.48956640625,-0.38750484585762024,0.12285131216049194,0.040059518069028854
1789059016635576600,35.49957666015625,-0.41521501541137695,0.0955362468957901,0.017011046409606934
1789059016645586400,35.50958642578125,-0.3974786400794983,0.10357233136892319,0.12514418363571167
1789059016655595300,35.51959521484375,-0.36368313431739807,0.1085071712732315,0.03859809786081314
1789059016665605400,35.52960546875,-0.3424241840839386,0.08401097357273102,0.019613102078437805
1789059016675615200,35.539615234375,-0.2827771008014679,0.04717131704092026,-0.1139129251241684
1789059016685625300,35.54962524414063,-0.2784942090511322,0.07303620129823685,-0.0837896466255188
1789059016695635200,35.55963525390625,-0.21240758895874023,0.049587368965148926,-0.0031661447137594223
1789059016705645300,35.56964526367187,-0.23434270918369293,0.07120531797409058,0.02742931619286537
1789059016715655400,35.579655517578125,-0.29579728841781616,0.08973842114210129,-0.002640232676640153
1789059016725665300,35.589665283203125,-0.2955152690410614,0.06609407812356949,-0.011901374906301498
1789059016735674400,35.59967431640625,-0.2851739525794983,0.058436084538698196,0.0002614057157188654
1789059016745684500,35.6096845703125,-0.2820066511631012,0.06833744794130325,-0.021393822506070137
1789059016755694300,35.6196943359375,-0.25767335295677185,0.04546953737735748,0.011641706340014935
1789059016765704400,35.629704345703125,-0.24480174481868744,0.04467351734638214,-0.03789761662483215
1789059016775714600,35.63971459960938,-0.3093069791793823,0.02650623396039009,0.02904067002236843
1789059016785724700,35.649724609375,-0.30579665303230286,0.04418440908193588,0.04438383877277374
1789059016795734500,35.65973461914062,-0.35308295488357544,0.033196792006492615,0.0109181459993124
1789059016805744600,35.66974462890625,-0.29748785495758057,-0.008279279805719852,0.00568024069070816
1789059016815753700,35.67975366210938,-0.2823147773742676,-0.023241793736815453,0.0054092551581561565
1789059016825763600,35.689763671875,-0.30317530035972595,-0.022480927407741547,-0.10050252825021744
1789059016835773700,35.69977368164062,-0.2943112552165985,-0.023725658655166626,-0.05583951994776726
1789059016845783800,35.70978369140625,-0.2872821092605591,-0.053442277014255524,-0.04981917515397072
1789059016855793700,35.719793701171874,-0.32134392857551575,-0.01246306300163269,0.003137127496302128
1789059016865803800,35.7298037109375,-0.33445680141448975,-0.024058464914560318,-0.04869251698255539
1789059016875813600,35.739813720703125,-0.35987961292266846,-0.032607730478048325,-0.04742182046175003
1789059016885823700,35.74982373046875,-0.3408092260360718,-0.04508410766720772,-0.05685872957110405
1789059016895832600,35.75983251953125,-0.3223402202129364,-0.08736368268728256,-0.05357126146554947
1789059016905842400,35.769842529296874,-0.32993847131729126,-0.09991569072008133,0.0527687594294548
1789059016915852500,35.7798525390625,-0.37467160820961,-0.0800139456987381,0.03230037912726402
1789059016925862700,35.789862548828125,-0.4007314145565033,-0.06720387190580368,-0.005659251939505339
1789059016935872500,35.79987255859375,-0.359584778547287,-0.11968634277582169,-0.05251185595989227
1789059016945882600,35.80988256835938,-0.3077079951763153,-0.12621508538722992,-0.04814693704247475
1789059016955892500,35.819892578125,-0.3401080369949341,-0.11442666500806808,-0.03377975523471832
1789059016965902600,35.82990258789062,-0.32307177782058716,-0.10189089924097061,-0.03564290329813957
1789059016975911700,35.83991162109375,-0.2911926805973053,-0.11232154071331024,-0.02889602817595005
1789059016985921500,35.84992163085938,-0.27186691761016846,-0.15486420691013336,-0.09341297298669815
1789059016995931600,35.859931640625,-0.26617494225502014,-0.14350564777851105,-0.027814049273729324
1789059017005941500,35.86994140625,-0.2813938558101654,-0.1277727633714676,0.027406329289078712
1789059017015951600,35.87995166015625,-0.26986342668533325,-0.13606368005275726,0.03020426817238331
1789059017025961700,35.889961669921874,-0.2545579671859741,-0.1347890943288803,-0.0027182619087398052
1789059017035971600,35.8999716796875,-0.21712298691272736,-0.14528293907642365,-0.01080792210996151
1789059017045981700,35.909981689453126,-0.1903534233570099,-0.12949572503566742,-0.02723430097103119
1789059017055990800,35.91999072265625,-0.1889485865831375,-0.16220399737358093,-0.041954491287469864
1789059017066000600,35.930000732421874,-0.1665860265493393,-0.12861515581607819,0.027540164068341255
1789059017076010800,35.9400107421875,-0.14946937561035156,-0.15649811923503876,-0.07090974599123001
1789059017086020600,35.9500205078125,-0.10922500491142273,-0.14495038986206055,0.040318235754966736
1789059017096030700,35.96003076171875,-0.1296469122171402,-0.15867674350738525,-0.03259798884391785
1789059017106040800,35.97004077148438,-0.15596774220466614,-0.146012082695961,-0.01919589564204216
1789059017116050700,35.98005078125,-0.11130519956350327,-0.1317244917154312,-0.010267115198075771
1789059017126059500,35.9900595703125,-0.08305731415748596,-0.1242295652627945,-0.02918488159775734
1789059017136069600,36.000069580078126,-0.045718200504779816,-0.15199066698551178,-0.0689585953950882
1789059017146079500,36.01007958984375,-0.035666897892951965,-0.12719690799713135,-0.05001393333077431
1789059017156089600,36.02008959960938,-0.02473462000489235,-0.13700474798679352,-0.006577305495738983
1789059017166099500,36.03009936523438,0.046040214598178864,-0.16258759796619415,0.019932333379983902
1789059017176109600,36.04010961914062,0.09188919514417648,-0.18235976994037628,0.02755657397210598
1789059017186119700,36.05011962890625,0.053759388625621796,-0.14222033321857452,0.039434269070625305
1789059017196129500,36.060129638671874,0.052478935569524765,-0.12374377995729446,0.04648779705166817
1789059017206138600,36.070138671875,0.07822131365537643,-0.12143508344888687,0.017642566934227943
1789059017216148700,36.08014868164062,0.10995874553918839,-0.10193470865488052,0.012543084099888802
1789059017226158600,36.09015869140625,0.16131488978862762,-0.1327916830778122,0.01542062871158123
1789059017236168700,36.100168701171874,0.15389904379844666,-0.12426961958408356,0.017396491020917892
1789059017246178600,36.110178466796874,0.16669847071170807,-0.13813962042331696,0.02322188764810562
1789059017256188700,36.120188720703126,0.20930850505828857,-0.16714870929718018,0.014140017330646515
1789059017266198500,36.130198486328126,0.23746344447135925,-0.16973809897899628,0.0032234536483883858
1789059017276208600,36.14020874023438,0.19996853172779083,-0.13635163009166718,0.019610334187746048
1789059017286217700,36.1502177734375,0.16721218824386597,-0.11287134885787964,0.06819944083690643
1789059017296227600,36.1602275390625,0.19146504998207092,-0.1173243522644043,-0.017918437719345093
1789059017306237700,36.17023779296875,0.25792503356933594,-0.1705114096403122,-0.07100189477205276
1789059017316247800,36.18024780273438,0.29595550894737244,-0.1480167806148529,-0.010580302216112614
1789059017326257700,36.19025756835938,0.30177903175354004,-0.1648000329732895,0.02076323889195919
1789059017336267800,36.20026782226562,0.35314956307411194,-0.14713923633098602,0.06816869229078293
1789059017346277600,36.21027758789062,0.3371993601322174,-0.1223641037940979,0.09183114767074585
1789059017356287700,36.220287841796875,0.30428773164749146,-0.09719883650541306,0.04958195984363556
1789059017366296600,36.23029663085938,0.32612407207489014,-0.08755845576524734,0.00806913897395134
1789059017376306400,36.24030639648438,0.32192695140838623,-0.12024825811386108,-0.031339380890131
1789059017386316500,36.25031665039062,0.3524928092956543,-0.10779505968093872,-0.017082946375012398
1789059017396326700,36.26032666015625,0.35999414324760437,-0.10225050151348114,-0.021810054779052734
1789059017406336500,36.27033642578125,0.366111159324646,-0.10047577321529388,0.01327602844685316
1789059017416346600,36.2803466796875,0.39078080654144287,-0.0975109189748764,0.05371440574526787
1789059017426356500,36.2903564453125,0.3782445192337036,-0.07093310356140137,0.10085529088973999
1789059017436366600,36.30036669921875,0.3740047514438629,-0.03535803034901619,0.1371677666902542
1789059017446376400,36.31037646484375,0.3825415372848511,-0.05208694189786911,0.10332325845956802
1789059017456385500,36.320385498046875,0.40095701813697815,-0.068112812936306,0.05594392120838165
1789059017466395600,36.33039575195313,0.3246723711490631,-0.043095607310533524,0.0009051735978573561
1789059017476405500,36.34040551757813,0.2941783666610718,-0.05093110725283623,-0.08217573910951614
1789059017486415600,36.35041552734375,0.30172044038772583,-0.057475827634334564,-0.06200522556900978
1789059017496425700,36.36042578125,0.31165191531181335,-0.03421461582183838,0.03536799177527428
1789059017506435600,36.370435546875,0.2998490333557129,-0.04783162474632263,0.03268219530582428
1789059017516445700,36.38044580078125,0.35717225074768066,-0.04486396908760071,0.11646290123462677
1789059017526455600,36.39045556640625,0.2967834770679474,-0.05149523913860321,0.007985164411365986
1789059017536464600,36.40046459960938,0.2587772309780121,-0.01995995081961155,0.006001641973853111
1789059017546474800,36.41047485351562,0.1823866069316864,0.013925044797360897,-0.022092577069997787
1789059017556484600,36.42048461914062,0.1656036376953125,-0.00943005084991455,-0.042233169078826904
1789059017566494700,36.43049462890625,0.22396335005760193,-0.09048415720462799,-0.04731101915240288
1789059017576504800,36.4405048828125,0.21780559420585632,-0.03726356476545334,-0.0018110880628228188
1789059017586514700,36.4505146484375,0.16114284098148346,-0.03726676106452942,0.060992106795310974
1789059017596524800,36.46052490234375,0.1345232129096985,-0.00024370430037379265,0.044066961854696274
1789059017606534700,36.47053466796875,0.08627738058567047,0.005371570587158203,0.0016502640210092068
1789059017616543500,36.48054345703125,0.15445244312286377,-0.006377445068210363,0.04736301302909851
1789059017626553600,36.4905537109375,0.19844120740890503,-0.044011905789375305,0.010461721569299698
1789059017636563500,36.5005634765625,0.1756269782781601,-0.05908409133553505,0.006995860021561384
1789059017646573600,36.51057348632813,0.1436581313610077,-0.03246712684631348,0.021702634170651436
1789059017656583400,36.52058349609375,0.10160841047763824,-0.005084547679871321,0.06419822573661804
1789059017666593500,36.53059350585937,0.11147995293140411,0.007818201556801796,-0.033029790967702866
1789059017676603600,36.540603759765624,0.13573388755321503,-0.02015662007033825,-0.03906810283660889
1789059017686613500,36.550613525390624,0.13113701343536377,-0.014797007665038109,-0.047596074640750885
1789059017696622600,36.56062255859375,0.16282808780670166,-0.05325054004788399,-0.038005683571100235
1789059017706632700,36.5706328125,0.23840460181236267,-0.035726405680179596,0.054967667907476425
1789059017716642600,36.580642578125,0.21973317861557007,-0.016120851039886475,0.010170123539865017
1789059017726652700,36.590652587890624,0.21921227872371674,0.0060923099517822266,0.019142046570777893
1789059017736662500,36.60066259765625,0.2248813360929489,0.02813694439828396,0.07725553959608078
1789059017746672600,36.610672607421876,0.23321650922298431,-0.022307854145765305,-0.06562038511037827
1789059017756682800,36.62068286132813,0.2830953598022461,-0.002860164735466242,-0.07279647886753082
1789059017766692600,36.63069262695313,0.2720475196838379,0.002812901046127081,-0.06892025470733643
1789059017776702700,36.64070263671875,0.31596145033836365,-0.01775016449391842,0.007993707433342934
1789059017786711600,36.650711669921876,0.34133926033973694,-0.03801099210977554,0.039790574461221695
1789059017796721400,36.660721435546876,0.32999101281166077,-0.039771873503923416,-0.008366568945348263
1789059017806731500,36.6707314453125,0.3085075318813324,-0.007151080761104822,-0.003508696798235178
1789059017816741400,36.68074145507813,0.27381613850593567,0.023001236841082573,0.003293469548225403
1789059017826751500,36.69075146484375,0.2653949558734894,0.04709698259830475,0.02053876966238022
1789059017836761600,36.70076171875,0.29804426431655884,0.024168774485588074,0.03428326174616814
1789059017846771500,36.710771484375,0.3059314787387848,0.01807253248989582,0.08153386414051056
1789059017856781600,36.720781494140624,0.3086843490600586,0.0036979448050260544,0.07986698299646378
1789059017866790700,36.73079077148437,0.3120953142642975,-0.008415443822741508,0.02475365810096264
1789059017876800500,36.74080053710937,0.30669763684272766,-0.00778989028185606,-0.0036399224773049355
1789059017886810600,36.750810546875,0.2530120313167572,0.03675787150859833,-0.058363355696201324
1789059017896820500,36.760820556640624,0.22312845289707184,0.02881496772170067,-0.0512508787214756
1789059017906830600,36.77083056640625,0.21826578676700592,0.030776388943195343,-0.02350340038537979
1789059017916840400,36.78084033203125,0.23023855686187744,0.006813760381191969,0.013299871236085892
1789059017926850600,36.7908505859375,0.22323790192604065,-0.0004982147365808487,0.059239402413368225
1789059017936860700,36.80086059570313,0.18126757442951202,0.0018886430189013481,0.05101163685321808
1789059017946870500,36.81087060546875,0.15616726875305176,0.020533965900540352,0.04947526007890701
1789059017956879600,36.820879638671876,0.14645551145076752,0.032361265271902084,-0.046231407672166824
1789059017966889700,36.8308896484375,0.1276243031024933,0.027795275673270226,-0.05911897495388985
1789059017976899600,36.84089965820313,0.11485603451728821,0.028402475640177727,-0.06982141733169556
1789059017986909700,36.85090966796875,0.1379357874393463,0.018687603995203972,-0.03367802873253822
1789059017996919600,36.86091943359375,0.1961705982685089,-0.025866053998470306,0.03206101804971695
1789059018006929700,36.8709296875,0.21378794312477112,-0.04022635146975517,0.07601410150527954
1789059018016939500,36.880939453125,0.16732697188854218,-0.018782995641231537,0.08389881253242493
1789059018026949600,36.89094970703125,0.14867311716079712,0.014329415746033192,0.06499356776475906
1789059018036959700,36.900959716796876,0.17349885404109955,0.017214979976415634,0.0624503456056118
1789059018046968600,36.91096850585937,0.15956653654575348,0.020939409732818604,0.00496201915666461
1789059018056978400,36.920978515625,0.14692743122577667,0.060352638363838196,-0.04856252297759056
1789059018066988500,36.930988525390624,0.18412141501903534,0.04671459272503853,-0.04567805305123329
1789059018076998400,36.940998291015624,0.2558738887310028,0.01478511095046997,-0.024355389177799225
1789059018087008500,36.951008544921876,0.2945413887500763,-0.020810432732105255,0.07801838219165802
1789059018097018400,36.961018310546876,0.29261061549186707,-0.017726218327879906,0.1102830320596695
1789059018107028500,36.97102856445313,0.26388922333717346,0.013858871534466743,0.08627863228321075
1789059018117038600,36.98103857421875,0.26230698823928833,0.02801758237183094,0.0383029580116272
1789059018127048400,36.99104833984375,0.2977350354194641,0.04588313400745392,0.02194901928305626
1789059018137057500,37.0010576171875,0.29987677931785583,0.048035070300102234,0.04457163065671921
1789059018147067600,37.01106762695313,0.30770087242126465,0.051354702562093735,0.07849417626857758
1789059018157077500,37.02107739257813,0.30530402064323425,0.07441547513008118,0.04592733830213547
1789059018167087600,37.03108764648437,0.31506478786468506,0.0663229301571846,0.044169649481773376
1789059018177097500,37.04109741210937,0.34883445501327515,0.07250087708234787,0.028341563418507576
1789059018187107600,37.051107666015625,0.3407568335533142,0.06072358042001724,0.04173300415277481
1789059018197117400,37.061117431640625,0.309390127658844,0.06784672290086746,0.044315628707408905
1789059018207127600,37.07112744140625,0.26076266169548035,0.10774460434913635,0.053345076739788055
1789059018217137700,37.0811376953125,0.23338136076927185,0.11706330627202988,0.045136548578739166
1789059018227146800,37.091146728515625,0.23352889716625214,0.13070189952850342,0.04709983244538307
1789059018237156600,37.101156494140625,0.24299269914627075,0.10047759115695953,0.04841296747326851
1789059018247166700,37.11116674804688,0.2263021320104599,0.08744781464338303,0.08845199644565582
1789059018257176600,37.12117651367188,0.19358840584754944,0.09962189197540283,0.07136106491088867
1789059018267186700,37.13118676757812,0.1715395599603653,0.11456169188022614,0.057177070528268814
1789059018277196500,37.14119653320312,0.15579096972942352,0.12463198602199554,0.03496013209223747
1789059018287206700,37.15120654296875,0.13245156407356262,0.13692672550678253,0.02278948575258255
1789059018297216800,37.161216796875,0.1292666792869568,0.11444484442472458,0.09152370691299438
1789059018307226600,37.1712265625,0.1253363937139511,0.07805194705724716,0.08881926536560059
1789059018317235500,37.1812353515625,0.10386917740106583,0.08749106526374817,0.10277384519577026
1789059018327245600,37.19124560546875,0.07292909920215607,0.09891442954540253,0.05988629534840584
1789059018337255400,37.20125537109375,0.03837033733725548,0.10678403824567795,0.04425625503063202
1789059018347265500,37.211265625,0.04345590993762016,0.12021516263484955,-0.010204057209193707
1789059018357275400,37.221275390625,0.10255756974220276,0.08057945966720581,-0.03838322311639786
1789059018367285500,37.231285400390625,0.14248022437095642,0.09596294164657593,0.013407004997134209
1789059018377295600,37.24129565429688,0.12379549443721771,0.07334080338478088,0.06920257210731506
1789059018387305500,37.25130541992188,0.11388001590967178,0.07220949232578278,0.11935628950595856
1789059018397315600,37.26131567382812,0.08560548722743988,0.09076907485723495,0.12482360750436783
1789059018407325400,37.27132543945312,0.08156813681125641,0.098565474152565,0.05074351280927658
1789059018417334500,37.28133447265625,0.0636378675699234,0.13501064479351044,-0.038561366498470306
1789059018427344600,37.2913447265625,0.04089047387242317,0.120371513068676,-0.011991540901362896
1789059018437354500,37.3013544921875,0.09432066977024078,0.10750216990709305,0.0017840112559497356
1789059018447364600,37.31136450195312,0.13653843104839325,0.09638959169387817,0.005334803834557533
1789059018457374500,37.32137451171875,0.12386179715394974,0.08239196240901947,0.036049794405698776
1789059018467384600,37.331384521484374,0.07192322611808777,0.11156635731458664,-0.05060973018407822
1789059018477394700,37.341394775390626,0.01746823824942112,0.09712211787700653,-0.04210611432790756
1789059018487404500,37.351404541015626,0.013774700462818146,0.10482584685087204,0.0030584351625293493
1789059018497414700,37.36141455078125,0.004824081435799599,0.11216040700674057,0.051924653351306915
1789059018507423700,37.371423828125,0.0020570573396980762,0.09596678614616394,0.03842748701572418
1789059018517433600,37.38143359375,-0.00018185214139521122,0.08604095131158829,0.014530505053699017
1789059018527443700,37.391443603515626,-0.001942201517522335,0.08221052587032318,-0.023046432062983513
1789059018537453600,37.40145361328125,0.012763774953782558,0.10661578178405762,0.015337832272052765
1789059018547463700,37.41146362304688,0.032082878053188324,0.11386890709400177,0.07012251019477844
1789059018557473500,37.4214736328125,0.009576236829161644,0.1225164532661438,0.02355235256254673
1789059018567483600,37.43148364257812,0.0012985997600480914,0.15405307710170746,0.008545173332095146
1789059018577493800,37.44149365234375,0.04878222197294235,0.13212819397449493,-0.027782466262578964
1789059018587503400,37.45150341796875,0.10470407456159592,0.11329671740531921,0.007193359546363354
1789059018597512400,37.46151245117188,0.11194734275341034,0.11496822535991669,0.05741842836141586
1789059018607522600,37.4715224609375,0.11065810173749924,0.1257106065750122,0.04922707751393318
1789059018617532400,37.48153247070312,0.09955698251724243,0.1382104754447937,0.015488142147660255
1789059018627542500,37.49154248046875,0.108815997838974,0.1485491245985031,0.014125935733318329
1789059018637552400,37.501552490234374,0.09912078082561493,0.1405346840620041,-0.054174989461898804
1789059018647562500,37.5115625,0.09762701392173767,0.13294494152069092,-0.029208384454250336
1789059018657572600,37.521572509765626,0.10507319122552872,0.13173046708106995,-0.020912209525704384
1789059018667582500,37.53158251953125,0.109805628657341,0.13455449044704437,0.03475797921419144
1789059018677592600,37.54159252929688,0.1065182238817215,0.12073130905628204,0.03491170331835747
1789059018687602400,37.5516025390625,0.1306680291891098,0.12268154323101044,0.07877183705568314
1789059018697611500,37.561611572265626,0.12563519179821014,0.10563818365335464,0.007787172216922045
1789059018707621600,37.57162158203125,0.137617826461792,0.0984543114900589,-0.02342800423502922
1789059018717631500,37.58163159179688,0.10986396670341492,0.09401455521583557,-0.01614745520055294
1789059018727641600,37.5916416015625,0.08099103718996048,0.12079104036092758,-0.0076399873942136765
1789059018737651700,37.60165161132812,0.10956462472677231,0.12251250445842743,0.05566521733999252
1789059018747661600,37.61166162109375,0.11768407374620438,0.13631407916545868,0.051348231732845306
1789059018757671700,37.621671630859375,0.11315777897834778,0.11013564467430115,0.02266438864171505
1789059018767681500,37.631681640625,0.10742904990911484,0.1278698891401291,0.028183255344629288
1789059018777691400,37.64169140625,0.11903747916221619,0.10136425495147705,-0.007232659496366978
1789059018787700500,37.65170043945312,0.16366779804229736,0.1240788921713829,0.0763823390007019
1789059018797710300,37.66171044921875,0.15322206914424896,0.09822019189596176,0.03263162821531296
1789059018807720400,37.671720458984375,0.12595130503177643,0.12044187635183334,0.0464387871325016
1789059018817729500,37.6817294921875,0.09915938228368759,0.16294457018375397,-0.0012611185666173697
1789059018827739400,37.69173950195312,0.11054599285125732,0.14498154819011688,-0.07548607885837555
1789059018837749500,37.70174951171875,0.1515142023563385,0.1678246110677719,0.015685949474573135
1789059018847759400,37.71175927734375,0.1328800618648529,0.09457994997501373,-0.06883186101913452
1789059018857769500,37.72176953125,0.1397497057914734,0.13644450902938843,0.0522904135286808
1789059018867779600,37.73177954101563,0.09585627168416977,0.14113859832286835,0.006215063855051994
1789059018877789400,37.74178955078125,0.04565434157848358,0.1441412717103958,0.028695248067378998
1789059018887799300,37.75179931640625,0.04975401237607002,0.1453189253807068,0.015447884798049927
1789059018897809200,37.76180908203125,0.00740470178425312,0.12685009837150574,0.012788832187652588
1789059018907819300,37.7718193359375,-0.0569005161523819,0.14052729308605194,0.006826014723628759
1789059018917828400,37.78182836914063,-0.07764255255460739,0.15204569697380066,0.007964769378304482
1789059018927838200,37.79183813476563,-0.09480263292789459,0.10704439878463745,-0.051278844475746155
1789059018937848300,37.80184838867188,-0.06167743355035782,0.11334233731031418,0.04088842123746872
1789059018947858400,37.8118583984375,-0.09830548614263535,0.07826264947652817,0.016495730727910995
1789059018957868300,37.82186840820312,-0.12341270595788956,0.10960647463798523,0.07511787116527557
1789059018967878400,37.83187841796875,-0.13916237652301788,0.09493112564086914,0.03281622380018234
1789059018977888300,37.84188818359375,-0.14439761638641357,0.11557018011808395,0.034469570964574814
1789059018987898400,37.8518984375,-0.15450111031532288,0.11804372817277908,-0.0004346175119280815
1789059018997908500,37.86190844726563,-0.13783612847328186,0.13620921969413757,-0.0030685984529554844
1789059019007917300,37.87191723632812,-0.10285177826881409,0.12542155385017395,0.04360303282737732
1789059019017927400,37.881927490234375,-0.05009134113788605,0.07639201730489731,-0.016742415726184845
1789059019027937500,37.8919375,-0.011386288329958916,0.07561437785625458,-0.01214073970913887
1789059019037947400,37.90194750976563,-0.04784869775176048,0.0676337480545044,-0.07026932388544083
1789059019047957500,37.91195751953125,-0.029131470248103142,0.09361182153224945,-0.05231508985161781
1789059019057967400,37.92196728515625,-0.07324887812137604,0.09153688699007034,-0.015900464728474617
1789059019067977500,37.9319775390625,-0.05293269082903862,0.09550419449806213,0.11155043542385101
1789059019077987300,37.9419873046875,-0.03210011124610901,0.07795427739620209,0.05136452987790108
1789059019087997400,37.95199755859375,-0.014471049420535564,0.10840140283107758,0.01380170602351427
1789059019098007600,37.962007568359375,0.013452998362481594,0.0917615294456482,-0.04794548824429512
1789059019108016400,37.97201635742187,0.04478881508111954,0.09689956903457642,-0.0510651171207428
1789059019118026500,37.98202661132812,0.05876403674483299,0.0767250806093216,-0.053150735795497894
1789059019128036600,37.99203662109375,0.08480442315340042,0.092376209795475,0.024228740483522415
1789059019138046200,38.00204614257812,0.07942775636911392,0.08007882535457611,0.08394928276538849
1789059019148056300,38.012056396484375,0.09647038578987122,0.051952119916677475,0.06711383908987045
1789059019158066200,38.022066162109375,0.09950187057256699,0.07602196931838989,0.05532725900411606
1789059019168076300,38.032076171875,0.04463009908795357,0.07667737454175949,0.04383332282304764
1789059019178086400,38.04208642578125,0.053912270814180374,0.08570151031017303,0.00011684419587254524
1789059019188096300,38.05209619140625,0.06167325749993324,0.0828026533126831,-0.039246272295713425
1789059019198106400,38.0621064453125,0.07447055727243423,0.09151357412338257,-0.06599703431129456
1789059019208115500,38.07211547851563,0.13004113733768463,0.06315863132476807,-0.026887716725468636
1789059019218125300,38.08212524414063,0.16602389514446259,0.07781560719013214,0.05150908604264259
1789059019228135400,38.09213549804687,0.17235876619815826,0.06631554663181305,0.05920029431581497
1789059019238145300,38.10214526367187,0.19932381808757782,0.07778284698724747,0.04512423649430275
1789059019248155400,38.1121552734375,0.18845732510089874,0.1044813022017479,0.01956268399953842
1789059019258165200,38.122165283203124,0.14001016318798065,0.1408858597278595,-0.019295088946819305
1789059019268175400,38.13217529296875,0.112071193754673,0.11472856253385544,-0.03213978186249733
1789059019278185500,38.142185546875,0.11231806874275208,0.09051317721605301,-0.09421518445014954
1789059019288195300,38.1521953125,0.10532620549201965,0.10093279927968979,-0.009466737508773804
1789059019298205400,38.16220532226563,0.06579823791980743,0.08945462852716446,-0.024955637753009796
1789059019308214500,38.172214599609376,0.04138663783669472,0.10042259097099304,0.005686160176992416
1789059019318224400,38.182224365234376,0.010008477605879307,0.08413352072238922,-0.03762153536081314
1789059019328234500,38.192234375,-0.02911708690226078,0.11473484337329865,0.013950315304100513
1789059019338244400,38.20224438476563,-0.05723021551966667,0.10603877902030945,0.006874895188957453
1789059019348254500,38.21225439453125,-0.06985040754079819,0.09035142511129379,0.014454783871769905
1789059019358264300,38.22226440429687,-0.1114329919219017,0.0914301946759224,0.004380157217383385
1789059019368274400,38.2322744140625,-0.15816721320152283,0.10989601910114288,0.02494135871529579
1789059019378284500,38.242284423828124,-0.184284046292305,0.086064912378788,-0.03370059281587601
1789059019388294400,38.25229443359375,-0.20945943892002106,0.07302501052618027,-0.06777334213256836
1789059019398304500,38.262304443359376,-0.2241358608007431,0.05821827054023743,-0.03176000341773033
1789059019408314400,38.272314453125,-0.2436791956424713,0.01835048571228981,-0.016875065863132477
1789059019418323200,38.2823232421875,-0.2996380627155304,0.03876197338104248,-0.01119554415345192
1789059019428333300,38.292333251953124,-0.3569951057434082,0.059613991528749466,-0.015865663066506386
1789059019438343200,38.30234326171875,-0.3706890642642975,0.04580322653055191,-0.0013989578001201153
1789059019448353300,38.312353271484376,-0.3724440932273865,0.0491284504532814,0.0011377031914889812
1789059019458363400,38.32236328125,-0.36346015334129333,0.04445623233914375,0.04686107113957405
1789059019468373200,38.33237329101563,-0.3032173216342926,0.010654592886567116,-0.05988747999072075
1789059019478383400,38.34238330078125,-0.27123066782951355,0.01578749343752861,-0.027736222371459007
1789059019488393200,38.35239331054687,-0.21926546096801758,-0.012227893806993961,-0.018500380218029022
1789059019498403300,38.3624033203125,-0.16470979154109955,-0.020212968811392784,-0.03927818313241005
1789059019508413400,38.372413330078125,-0.15874245762825012,0.0027695789467543364,0.028073156252503395
1789059019518422300,38.38242236328125,-0.13558946549892426,0.0008126883767545223,-0.015204806812107563
1789059019528432400,38.39243237304687,-0.11394941806793213,0.032910436391830444,0.051436539739370346
1789059019538442500,38.4024423828125,-0.12895366549491882,0.034499287605285645,-0.014339357614517212
1789059019548452400,38.412452392578125,-0.1177244558930397,0.044254180043935776,-0.00540897948667407
1789059019558462500,38.42246240234375,-0.09336665272712708,0.04220866411924362,-0.038202300667762756
1789059019568472300,38.43247241210938,-0.0764840692281723,0.04232611134648323,-0.04826052859425545
1789059019578482400,38.442482421875,-0.07291383296251297,0.06555461883544922,-0.009992590174078941
1789059019588492300,38.4524921875,-0.09312482923269272,0.04220721498131752,-0.0395779125392437
1789059019598502400,38.46250244140625,-0.08455770462751389,0.03488485515117645,-0.030336743220686913
1789059019608512500,38.47251245117187,-0.10934427380561829,0.013476766645908356,-0.04853998124599457
1789059019618521300,38.48252124023438,-0.15951824188232422,0.05122289061546326,0.01633664034307003
1789059019628531500,38.49253149414063,-0.17624182999134064,0.03089923970401287,0.0472189225256443
1789059019638541600,38.50254150390625,-0.2002163976430893,0.015008186921477318,0.06448455154895782
1789059019648551400,38.51255151367187,-0.2568437457084656,0.01699836738407612,0.038370657712221146
1789059019658561500,38.5225615234375,-0.27847713232040405,-0.007538451813161373,-0.018507659435272217
1789059019668571400,38.5325712890625,-0.2908309996128082,-0.018004408106207848,0.00245221727527678
1789059019678581500,38.54258154296875,-0.3275756537914276,-0.01705932803452015,0.009192520752549171
1789059019688591400,38.55259130859375,-0.34121423959732056,-0.03648335859179497,0.048082660883665085
1789059019698601500,38.5626015625,-0.343002587556839,-0.04411529749631882,0.035450004041194916
1789059019708611600,38.57261157226562,-0.3610135316848755,-0.05119025334715843,0.0376519039273262
1789059019718620400,38.582620361328125,-0.35428133606910706,-0.09493730217218399,0.043973471969366074
1789059019728630300,38.59263037109375,-0.34297674894332886,-0.08613076061010361,0.017543461173772812
1789059019738640400,38.60264038085938,-0.3324929475784302,-0.10503138601779938,0.020759817212820053
1789059019748650200,38.61265014648438,-0.310011625289917,-0.12120262533426285,-0.06947766989469528
1789059019758660400,38.62266040039062,-0.294399619102478,-0.13268336653709412,-0.022898878902196884
1789059019768670500,38.63267041015625,-0.26055723428726196,-0.1569405049085617,-0.019520126283168793
1789059019778680600,38.6426806640625,-0.23306994140148163,-0.1548173874616623,0.053541310131549835
1789059019788690700,38.652690673828126,-0.19266393780708313,-0.18395903706550598,0.022442514076828957
1789059019798700500,38.662700439453126,-0.16572444140911102,-0.16568192839622498,0.0427284762263298
1789059019808710700,38.67271069335938,-0.1544150710105896,-0.15615767240524292,-0.024973340332508087
1789059019818720500,38.68272045898438,-0.10100992023944855,-0.1628749817609787,-0.028242800384759903
1789059019828729600,38.6927294921875,-0.038832828402519226,-0.16716746985912323,-0.0939381942152977
1789059019838739700,38.70273974609375,0.015937207266688347,-0.18479131162166595,-0.08353498578071594
1789059019848749600,38.71274951171875,0.07613424211740494,-0.18801560997962952,-0.0491141602396965
1789059019858759700,38.722759765625,0.13603299856185913,-0.18225312232971191,0.011254331097006798
1789059019868769500,38.73276953125,0.162345290184021,-0.17308013141155243,0.03647340089082718
1789059019878779600,38.74277954101562,0.1686503142118454,-0.13278429210186005,0.013598255813121796
1789059019888789800,38.752789794921874,0.18716567754745483,-0.12381608784198761,-0.008865242823958397
1789059019898799600,38.762799560546874,0.2313605695962906,-0.1257411539554596,-0.041549962013959885
1789059019908809700,38.772809814453126,0.2687090039253235,-0.12180180102586746,-0.04146873578429222
1789059019918819600,38.782819580078126,0.31784752011299133,-0.12520302832126617,-0.047798436135053635
1789059019928828700,38.79282861328125,0.34080901741981506,-0.10232408344745636,-0.006527163088321686
1789059019938838800,38.8028388671875,0.34282025694847107,-0.1007787436246872,-0.021396979689598083
1789059019948848600,38.8128486328125,0.34356966614723206,-0.06991856545209885,-0.03287999704480171
1789059019958858800,38.822858642578126,0.3311348259449005,-0.06977701187133789,-0.06163104251027107
1789059019968868600,38.83286865234375,0.3421051800251007,-0.044162191450595856,-0.029584422707557678
1789059019978878700,38.84287866210938,0.3620450794696808,-0.03820725157856941,-0.017123859375715256
1789059019988888800,38.85288891601562,0.35428276658058167,-0.050029557198286057,-0.012019643560051918
1789059019998898700,38.86289868164062,0.3559962511062622,-0.03018343076109886,-0.012038398534059525
1789059020008908800,38.87290869140625,0.3563728332519531,-0.027255818247795105,-0.04927071928977966
1789059020018918400,38.88291845703125,0.36123067140579224,-0.004656749311834574,-0.02232208289206028
1789059020028928500,38.892928466796874,0.34750500321388245,-0.005334790330380201,-0.04115622490644455
1789059020038937600,38.9029375,0.35222333669662476,-0.0010802350006997585,-0.02230973169207573
1789059020048947500,38.91294750976562,0.3717309832572937,0.012297089211642742,-0.017182614654302597
1789059020058957600,38.92295751953125,0.363449364900589,0.016836240887641907,-0.018636656925082207
1789059020068967700,38.9329677734375,0.3849021792411804,0.019669843837618828,0.018092330545186996
1789059020078977500,38.9429775390625,0.38786840438842773,0.018892673775553703,0.02197331003844738
1789059020088987600,38.952987548828126,0.3515218496322632,0.04275406524538994,0.009360846132040024
1789059020098997500,38.96299755859375,0.3217090964317322,0.0717570036649704,0.004270867444574833
1789059020109007600,38.97300756835938,0.29100924730300903,0.08367811143398285,0.022538820281624794
1789059020119017700,38.98301782226562,0.29477551579475403,0.066721111536026,0.011329219676554203
1789059020129027600,38.99302758789062,0.30894407629966736,0.023189350962638855,0.03843860328197479
1789059020139037700,39.00303759765625,0.282270610332489,0.0503108948469162,0.05066078156232834
1789059020149046800,39.013046875,0.2259221374988556,0.05785909295082092,-0.025474999099969864
1789059020159056600,39.023056640625,0.16763831675052643,0.09597589075565338,0.028380973264575005
1789059020169066800,39.03306665039062,0.10136209428310394,0.1273500621318817,0.046920038759708405
1789059020179076600,39.04307666015625,0.09727147966623306,0.13002948462963104,0.07525759190320969
1789059020189086700,39.053086669921875,0.14149832725524902,0.09660094976425171,0.027482880279421806
1789059020199096600,39.0630966796875,0.1392809897661209,0.1028638407588005,0.024787183851003647
1789059020209106700,39.07310668945313,0.09593990445137024,0.10059908777475357,0.03357161954045296
1789059020219116800,39.08311669921875,0.047572918236255646,0.11487414687871933,0.03669893741607666
1789059020229126700,39.09312670898437,0.0057271989062428474,0.11683476716279984,0.028360843658447266
1789059020239136800,39.10313671875,-0.05161891505122185,0.136156365275383,0.01593850553035736
1789059020249146600,39.11314672851562,-0.10618388652801514,0.14599594473838806,0.00447333138436079
1789059020259155700,39.12315576171875,-0.10327758640050888,0.12062210589647293,0.04858013987541199
1789059020269165600,39.13316552734375,-0.11846639215946198,0.11529232561588287,0.011822392232716084
1789059020279175400,39.14317553710937,-0.1534520983695984,0.09933251142501831,-0.003077171742916107
1789059020289185500,39.153185546875,-0.16637428104877472,0.09676443040370941,-0.015557809732854366
1789059020299195600,39.16319555664062,-0.20392535626888275,0.09977610409259796,-0.07447963953018188
1789059020309205500,39.17320556640625,-0.21881775557994843,0.09494273364543915,-0.027109727263450623
1789059020319215600,39.183215576171875,-0.21378439664840698,0.09846894443035126,0.014756021089851856
1789059020329225500,39.1932255859375,-0.24296624958515167,0.07000267505645752,-0.01666208915412426
1789059020339235600,39.20323559570313,-0.26107123494148254,0.09610927850008011,0.008644089102745056
1789059020349245400,39.21324536132813,-0.31500717997550964,0.08116335421800613,-0.004915662109851837
1789059020359255600,39.22325561523437,-0.28764769434928894,0.08555340021848679,0.0531168058514595
1789059020369265700,39.233265625,-0.27839693427085876,0.046546079218387604,0.0009111235849559307
1789059020379274500,39.2432744140625,-0.3051057755947113,0.02922087162733078,-0.04340425506234169
1789059020389284600,39.25328466796875,-0.3179137110710144,0.0351962074637413,-0.03336254134774208
1789059020399294700,39.26329467773437,-0.3157922327518463,-0.001489422284066677,-0.04604995995759964
1789059020409304600,39.2733046875,-0.31618133187294006,0.002247791737318039,-0.03265479579567909
1789059020419314700,39.283314697265624,-0.3392224609851837,0.015655267983675003,-0.026890870183706284
1789059020429324500,39.293324462890624,-0.3434382379055023,0.00883571244776249,-0.01862415112555027
1789059020439334700,39.303334716796876,-0.29850250482559204,-0.01590823568403721,-0.042145609855651855
1789059020449344500,39.313344482421876,-0.2749670743942261,-0.009519844315946102,-0.004520737566053867
1789059020459354600,39.32335473632813,-0.2551720440387726,-0.017406973987817764,-0.04355882108211517
1789059020469364700,39.33336474609375,-0.19432786107063293,-0.04988395422697067,-0.055717743933200836
1789059020479374600,39.34337451171875,-0.1526011824607849,-0.04016517847776413,-0.01448857318609953
1789059020489383700,39.3533837890625,-0.13104583323001862,-0.013707738369703293,-0.003541650017723441
1789059020499393800,39.36339379882813,-0.09824156016111374,-0.008704598993062973,-0.04992884397506714
1789059020509403600,39.37340356445313,-0.042009446769952774,-0.02138284221291542,-0.04290768504142761
1789059020519413800,39.38341381835937,-0.004738235846161842,-0.03733620047569275,-0.023225659504532814
1789059020529423600,39.39342358398437,0.034356970340013504,-0.03325144201517105,-0.0005685514770448208
1789059020539433700,39.403433837890624,0.03844654560089111,-0.01834225468337536,0.010594591498374939
1789059020549443800,39.41344384765625,0.03260889649391174,-0.04560023918747902,-0.04456080496311188
1789059020559453700,39.42345361328125,-0.004217055626213551,-0.00815972313284874,-0.04570871964097023
1789059020569463800,39.4334638671875,0.02583831548690796,-0.028642894700169563,-0.007856946438550949
1789059020579473700,39.4434736328125,0.04650099202990532,-0.06020812690258026,-0.02331508882343769
1789059020589483800,39.45348388671875,0.026717431843280792,-0.042542580515146255,-0.021659400314092636
1789059020599492600,39.46349267578125,0.03217345476150513,-0.048049475997686386,0.020302772521972656
1789059020609502500,39.47350244140625,0.026941141113638878,-0.022332927212119102,0.05209318920969963
1789059020619512600,39.4835126953125,0.011829819530248642,-0.02628397010266781,0.06639892607927322
1789059020629522700,39.49352270507813,0.04422557353973389,-0.061047010123729706,0.05537424609065056
1789059020639532500,39.50353247070313,0.026648446917533875,-0.06278925389051437,0.030630281195044518
1789059020649542700,39.51354272460937,-0.012277115136384964,-0.07411620765924454,-0.022998327389359474
1789059020659552500,39.52355249023437,-0.009943924844264984,-0.0805739313364029,-0.04610370099544525
1789059020669562600,39.533562744140625,-0.008115132339298725,-0.06931541860103607,0.03020278923213482
1789059020679572500,39.543572509765625,-0.026032865047454834,-0.08441013842821121,0.03543344512581825
1789059020689582600,39.55358251953125,-0.018702246248722076,-0.08058583736419678,0.07152966409921646
1789059020699592700,39.5635927734375,-0.06260713934898376,-0.07705935835838318,-0.02804134227335453
1789059020709602600,39.5736025390625,-0.06757500022649765,-0.07734432071447372,-0.04819827899336815
1789059020719611600,39.583611572265625,-0.07356496155261993,-0.08394665271043777,-0.08281644433736801
1789059020729621800,39.593621826171876,-0.017407678067684174,-0.07040847837924957,0.006097182631492615
1789059020739631600,39.603631591796876,0.03019472397863865,-0.10232804715633392,-0.003358979942277074
1789059020749641700,39.61364184570313,0.09595376253128052,-0.08391335606575012,0.03320728614926338
1789059020759651600,39.62365161132813,0.10484232753515244,-0.07815314084291458,-0.03253412991762161
1789059020769661000,39.633660888671876,0.15999026596546173,-0.0707189291715622,-0.001058762427419424
1789059020779671000,39.64367114257813,0.14698339998722076,-0.06466812640428543,-0.012005441822111607
1789059020789681000,39.65368090820313,0.16182678937911987,-0.06055354326963425,0.050324246287345886
1789059020799691000,39.66369091796875,0.16567106544971466,-0.08921054005622864,-0.0317741334438324
1789059020809700900,39.67370092773437,0.16795365512371063,-0.08322988450527191,0.022258475422859192
1789059020819711000,39.6837109375,0.13361993432044983,-0.07224276661872864,0.004682905972003937
1789059020829721000,39.69372119140625,0.14606168866157532,-0.05355936288833618,0.01339570339769125
1789059020839730000,39.70372998046875,0.1785338819026947,-0.05449093133211136,0.04783882200717926
1789059020849740000,39.71373999023437,0.21826158463954926,-0.08427199721336365,0.02365598827600479
1789059020859750100,39.723750244140625,0.21626845002174377,-0.054142024368047714,0.02487008459866047
1789059020869760000,39.733760009765625,0.1632307916879654,-0.036222681403160095,-0.112362340092659
1789059020879770000,39.74377001953125,0.23326848447322845,-0.047309864312410355,-0.05579187348484993
1789059020889779700,39.75377978515625,0.2345462590456009,-0.044242966920137405,0.011013522744178772
1789059020899789800,39.76378979492188,0.27661168575286865,-0.06347883492708206,0.1265418976545334
1789059020909800000,39.77380004882812,0.24634622037410736,-0.07429179549217224,0.14270754158496857
1789059020919809800,39.78380981445312,0.22872646152973175,-0.03848280757665634,0.14907890558242798
1789059020929820000,39.79381982421875,0.18579070270061493,-0.002087783068418503,0.013840124011039734
1789059020939829800,39.80382983398437,0.19000916182994843,0.0025021752808243036,-0.05350109562277794
1789059020949840000,39.81383984375,0.16827456653118134,0.015325562097132206,-0.03961217775940895
1789059020959849000,39.82384887695312,0.14066612720489502,0.021037686616182327,0.004167514853179455
1789059020969858800,39.83385888671875,0.13140738010406494,0.0012786295264959335,0.03034638799726963
1789059020979869000,39.84386889648437,0.15017598867416382,-0.03685232251882553,-0.0029854068998247385
1789059020989878800,39.85387866210937,0.1651136577129364,-0.052704256027936935,0.02321903221309185
1789059020999889000,39.863888916015625,0.15419845283031464,-0.0322730578482151,0.02945093810558319
1789059021009899000,39.87389892578125,0.1287200003862381,0.0005858233198523521,0.05677364021539688
1789059021019908900,39.88390893554688,0.10292726755142212,0.00653130142018199,-0.0026820427738130093
1789059021029919000,39.8939189453125,0.10180581361055374,0.013005712069571018,-0.02586272917687893
1789059021039928800,39.9039287109375,0.11905882507562637,-0.0007745930925011635,-0.009187011048197746
1789059021049939000,39.91393896484375,0.1254243105649948,0.01744702085852623,0.018551409244537354
1789059021059948800,39.92394873046875,0.11268721520900726,0.018434152007102966,-0.001372740836814046
1789059021069959000,39.933958984375,0.10871750116348267,0.014707056805491447,-0.02564319409430027
1789059021079968000,39.94396801757812,0.09877938777208328,0.02448144368827343,-0.04397866874933243
1789059021089977900,39.95397778320312,0.09712875634431839,0.018615830689668655,-0.029082808643579483
1789059021099988000,39.963988037109374,0.12128390371799469,0.01508612185716629,0.03945836424827576
1789059021109998000,39.973998046875,0.11858612298965454,-0.005288659129291773,0.04585234820842743
1789059021120008000,39.984008056640626,0.09742090106010437,0.029140282422304153,0.039005376398563385
1789059021130018000,39.99401806640625,0.08621937781572342,0.030955757945775986,-0.02728043682873249
1789059021140028000,40.00402783203125,0.11640314757823944,0.023968849331140518,-0.022564904764294624
1789059021150038000,40.0140380859375,0.13456618785858154,0.025290843099355698,0.013115327805280685
1789059021160048000,40.02404809570312,0.15814922749996185,0.02198377624154091,0.09397696703672409
1789059021170058000,40.03405810546875,0.1630001813173294,0.03773663938045502,0.05763014778494835
1789059021180068000,40.044068115234374,0.1644018143415451,0.033895496279001236,0.04297427088022232
1789059021190078000,40.054077880859374,0.18638195097446442,0.050063278526067734,0.07488559186458588
1789059021200088000,40.064088134765626,0.19285103678703308,0.07797815650701523,0.11435089260339737
1789059021210097000,40.07409692382812,0.1894134283065796,0.07973051071166992,0.10392727702856064
1789059021220106800,40.08410668945312,0.1618230789899826,0.09934938699007034,-0.013375699520111084
1789059021230116900,40.094116943359374,0.14544835686683655,0.09407339990139008,-0.013088344596326351
1789059021240127000,40.104126953125,0.16838805377483368,0.05244225636124611,-0.05792202427983284
1789059021250136800,40.11413671875,0.19092105329036713,0.045925769954919815,-0.010930814780294895
1789059021260147000,40.12414697265625,0.12745685875415802,0.06860705465078354,-0.003913432825356722
1789059021270156800,40.13415673828125,0.06700897216796875,0.06590580940246582,-0.030380992218852043
1789059021280167000,40.1441669921875,0.00432561244815588,0.08506805449724197,-0.025169186294078827
1789059021290176800,40.1541767578125,-0.006211188156157732,0.05107850581407547,-0.0366794653236866
1789059021300187000,40.16418676757812,-0.025626447051763535,0.03894340619444847,-0.017874334007501602
1789059021310197000,40.174197021484375,-0.07847261428833008,0.04508678615093231,0.011002587154507637
1789059021320206800,40.184206787109375,-0.1423535943031311,0.03827660158276558,0.012209386564791203
1789059021330217000,40.19421704101563,-0.1968807578086853,0.023338399827480316,-0.018909916281700134
1789059021340226800,40.20422680664063,-0.22209316492080688,0.012757291086018085,-0.016950339078903198
1789059021350236000,40.21423583984375,-0.2683003544807434,0.009462960064411163,-0.018506957218050957
1789059021360246000,40.22424609375,-0.31379884481430054,0.0060829720459878445,-0.0012552140979096293
1789059021370256000,40.234255859375,-0.3161671757698059,-0.0001317807473242283,0.04254899173974991
1789059021380266000,40.24426586914063,-0.3084946274757385,-0.021935945376753807,0.046458806842565536
1789059021390275800,40.25427587890625,-0.2853991389274597,-0.044851381331682205,0.019851695746183395
1789059021400286000,40.26428588867188,-0.2690364122390747,-0.04164551943540573,0.043015215545892715
1789059021410296000,40.27429614257812,-0.25468891859054565,-0.03448374941945076,0.05314162001013756
1789059021420306000,40.28430590820312,-0.2339860498905182,-0.01960880123078823,0.03557409718632698
1789059021430316000,40.29431591796875,-0.1964075118303299,-0.02302537113428116,0.006845514290034771
1789059021440326000,40.304325927734375,-0.13948297500610352,-0.05961507186293602,-0.04784729331731796
1789059021450336000,40.3143359375,-0.10057738423347473,-0.04299614951014519,0.007661772891879082
1789059021460345900,40.32434594726563,-0.08803495019674301,-0.050492748618125916,0.007683638948947191
1789059021470356000,40.33435595703125,-0.048651326447725296,-0.06117149442434311,0.009090853855013847
1789059021480366000,40.34436596679687,-0.05115176737308502,-0.0414254330098629,-0.010284054093062878
1789059021490375200,40.35437524414063,-0.044431544840335846,-0.04432055726647377,-0.04996728524565697
1789059021500384800,40.364384765625,-0.026845384389162064,-0.04081681743264198,-0.06733446568250656
1789059021510395000,40.37439477539063,-0.003703580005094409,-0.057137735188007355,-0.06963011622428894
1789059021520404700,40.38440478515625,0.008232994005084038,-0.06988860666751862,-0.08749625831842422
1789059021530414800,40.39441479492187,0.013857323676347733,-0.05980374291539192,-0.07055829465389252
1789059021540424700,40.4044248046875,0.04214489459991455,-0.06420931220054626,-0.054705243557691574
1789059021550434800,40.414434814453124,0.10336298495531082,-0.08437956124544144,-0.031060630455613136
1789059021560445000,40.42444482421875,0.10274378210306168,-0.06768786907196045,-0.0525883212685585
1789059021570454800,40.434454833984375,0.1299453228712082,-0.03813716769218445,-0.053926028311252594
1789059021580465000,40.44446484375,0.22512134909629822,-0.059970922768116,-0.05569015443325043
1789059021590474800,40.45447485351563,0.31140992045402527,-0.0922393798828125,-0.05030737444758415
1789059021600484900,40.46448486328125,0.3930816054344177,-0.1027272492647171,-0.02933701127767563
1789059021610495000,40.47449487304687,0.4090445935726166,-0.06750641018152237,0.007215941324830055
1789059021620504800,40.4845048828125,0.4177376627922058,-0.024322321638464928,0.03341712802648544
1789059021630514000,40.49451391601563,0.44785773754119873,-0.004636235535144806,0.011290520429611206
1789059021640524000,40.50452392578125,0.5211504101753235,0.008037237450480461,-0.007940011098980904
1789059021650534000,40.51453393554687,0.544646143913269,0.019015053287148476,-0.048924461007118225
1789059021660544000,40.5245439453125,0.5792801976203918,0.014262879267334938,-0.05703413486480713
1789059021670553900,40.534553955078124,0.5957641005516052,0.013478577136993408,-0.046950872987508774
1789059021680564000,40.54456396484375,0.6388631463050842,0.0029451765585690737,-0.03390614688396454
1789059021690573800,40.55457373046875,0.6227134466171265,0.03065350279211998,0.019978389143943787
1789059021700584000,40.564583984375,0.5750404596328735,0.045851532369852066,-0.000816156854853034
1789059021710594000,40.57459399414063,0.5390097498893738,0.0697677880525589,-0.0372958704829216
1789059021720604000,40.58460400390625,0.5551275610923767,0.055589351803064346,-0.05414459481835365
1789059021730614000,40.59461401367187,0.5369179248809814,0.05736355111002922,-0.05561332777142525
1789059021740624000,40.60462377929687,0.5051822662353516,0.06857942044734955,-0.05755184590816498
1789059021750634000,40.614634033203124,0.49178287386894226,0.0712585598230362,-0.038210637867450714
1789059021760643800,40.624643798828124,0.4921461343765259,0.047567661851644516,-0.027581576257944107
1789059021770655000,40.63465502929687,0.45902547240257263,0.04964199662208557,-0.039668064564466476
1789059021780663800,40.644663818359376,0.4370594620704651,0.0717652440071106,0.019124461337924004
1789059021790673700,40.654673583984376,0.37856125831604004,0.10610084235668182,0.043011151254177094
1789059021800683800,40.66468383789063,0.3399411737918854,0.12563103437423706,0.038625478744506836
1789059021810693600,40.67469360351563,0.31213828921318054,0.11612354218959808,0.005091756582260132
1789059021820703700,40.68470385742187,0.2818658649921417,0.12074696272611618,-0.06506288051605225
1789059021830713900,40.6947138671875,0.256178617477417,0.1169745922088623,-0.03200026974081993
1789059021840723700,40.7047236328125,0.27768900990486145,0.09007147699594498,0.023218225687742233
1789059021850733800,40.71473388671875,0.26155635714530945,0.08336963504552841,0.05347040295600891
1789059021860743700,40.72474365234375,0.2246505171060562,0.10452304035425186,0.04395286366343498
1789059021870753800,40.73475390625,0.20549573004245758,0.1222546324133873,0.016710858792066574
1789059021880763600,40.744763671875,0.1748158484697342,0.12480364739894867,-0.018259931355714798
1789059021890773800,40.75477368164063,0.186336949467659,0.12698984146118164,-0.007144962903112173
1789059021900783900,40.76478393554687,0.19924984872341156,0.0881153792142868,-0.023452533408999443
1789059021910793700,40.77479370117187,0.20307521522045135,0.08580801635980606,0.013157142326235771
1789059021920802800,40.784802734375,0.18241944909095764,0.10866691917181015,0.06785553693771362
1789059021930813000,40.79481298828125,0.16093972325325012,0.12318487465381622,0.06885528564453125
1789059021940822800,40.80482275390625,0.15702833235263824,0.1572018414735794,0.10562679171562195
1789059021950833000,40.8148330078125,0.12823636829853058,0.1582316905260086,0.05506614223122597
1789059021960842800,40.8248427734375,0.06839380413293839,0.1537395864725113,-0.0014470320893451571
1789059021970854000,40.83485400390625,0.07346819341182709,0.13503806293010712,-0.0017548935720697045
1789059021980863700,40.84486376953125,0.07355314493179321,0.10172618180513382,-0.04541768506169319
1789059021990873900,40.854873779296874,0.07049530744552612,0.09613834321498871,0.003958119545131922
1789059022000883700,40.8648837890625,0.0030938952695578337,0.12064900994300842,0.02793269418179989
1789059022010893800,40.874893798828126,-0.07596923410892487,0.1452566236257553,0.04398835822939873
1789059022020904000,40.88490405273438,-0.10240723192691803,0.14940933883190155,0.03770395368337631
1789059022030913800,40.89491381835938,-0.0826532319188118,0.12596367299556732,0.01439676620066166
1789059022040923000,40.9049228515625,-0.10574710369110107,0.0999675914645195,-0.026646636426448822
1789059022050933000,40.91493310546875,-0.15034519135951996,0.09066224098205566,0.0009205415844917297
1789059022060942800,40.92494287109375,-0.1660756766796112,0.07444915920495987,-0.014995885081589222
1789059022070953000,40.93495288085938,-0.17610754072666168,0.07400121539831161,0.029836034402251244
1789059022080962800,40.944962890625,-0.18939299881458282,0.07806596904993057,0.048184413462877274
1789059022090973000,40.95497290039062,-0.21590875089168549,0.08960757404565811,0.06510055065155029
1789059022100982800,40.96498266601562,-0.23464250564575195,0.0924561396241188,0.05436546728014946
1789059022110993000,40.974992919921874,-0.22051095962524414,0.08161494880914688,0.06252831965684891
1789059022121003000,40.9850029296875,-0.21075822412967682,0.06257123500108719,0.010285664349794388
1789059022131012900,40.995012939453126,-0.19814015924930573,0.046907857060432434,-0.005489304196089506
1789059022141022700,41.005022705078126,-0.19331982731819153,0.05000242590904236,0.004120137542486191
1789059022151032600,41.015032470703126,-0.193585604429245,0.04494721442461014,-0.015875941142439842
1789059022161042700,41.02504272460938,-0.15693330764770508,0.03390355035662651,0.020744413137435913
1789059022171052800,41.035052734375,-0.1436864733695984,0.055112965404987335,0.009728780947625637
1789059022181062700,41.04506274414062,-0.11497920006513596,0.06949015706777573,0.06820771098136902
1789059022191072800,41.05507275390625,-0.11093146353960037,0.07009442895650864,0.0007160138338804245
1789059022201081900,41.06508178710938,-0.05682509019970894,0.04419907182455063,-0.04319389536976814
1789059022211091700,41.075091796875,-0.00863652117550373,0.022467944771051407,-0.04534226655960083
1789059022221101800,41.08510180664062,0.02574250102043152,0.03259284794330597,0.009352185763418674
1789059022231111700,41.09511157226562,0.06492292135953903,0.03320856764912605,0.06698405742645264
1789059022241121800,41.105121826171874,0.06887689977884293,0.04800798371434212,0.050595495849847794
1789059022251131600,41.115131591796874,0.06414712965488434,0.04865114018321037,-0.013486819341778755
1789059022261141800,41.125141845703126,0.10164603590965271,0.034641046077013016,-0.017707662656903267
1789059022271151900,41.13515185546875,0.10822753608226776,0.04451490193605423,-0.025620540603995323
1789059022281161700,41.14516162109375,0.11745695769786835,0.037735484540462494,-0.06028691306710243
1789059022291171800,41.155171875,0.1472311019897461,0.03367789089679718,-0.03494853153824806
1789059022301181700,41.165181640625,0.1349233090877533,0.03576808050274849,-0.023345693945884705
1789059022311191800,41.17519189453125,0.14913713932037354,0.03940649330615997,-0.009298850782215595
1789059022321201000,41.18520092773438,0.16586077213287354,0.03142154961824417,-0.016239363700151443
1789059022331210800,41.19521069335938,0.15815304219722748,0.04863275960087776,0.0041125123389065266
1789059022341220900,41.20522094726562,0.14499378204345703,0.05977579951286316,-0.016734834760427475
1789059022351231000,41.21523095703125,0.14390906691551208,0.06237610802054405,-0.009296625852584839
1789059022361240800,41.22524072265625,0.1561466008424759,0.04710859805345535,-0.025804372504353523
1789059022371251000,41.2352509765625,0.17475038766860962,0.023239748552441597,-0.027627838775515556
1789059022381260800,41.2452607421875,0.15972082316875458,0.03828464820981026,-0.017457008361816406
1789059022391271000,41.25527099609375,0.15985584259033203,0.04280589893460274,-0.028300335630774498
1789059022401279700,41.26527978515625,0.16547854244709015,0.04152025654911995,-0.004399048164486885
1789059022411289600,41.27528955078125,0.12773169577121735,0.03274647146463394,-0.06335078179836273
1789059022421299700,41.2852998046875,0.12533915042877197,0.05355244129896164,-0.0036297792103141546
1789059022431309800,41.29530981445313,0.11288460344076157,0.052265338599681854,0.000989473657682538
1789059022441319700,41.30531958007813,0.12542304396629333,0.030132750049233437,0.05182939022779465
1789059022451329800,41.31532983398437,0.07181841135025024,0.044029124081134796,0.018177416175603867
1789059022461339600,41.32533959960937,0.04061439633369446,0.06249199062585831,-0.04178958386182785
1789059022471349800,41.33534985351562,0.06998959183692932,0.055796004831790924,-0.032203271985054016
1789059022481359600,41.34535961914062,0.037495821714401245,0.044002581387758255,-0.04264569282531738
1789059022491369700,41.35536962890625,0.0038222805596888065,0.0463980957865715,-0.039053887128829956
1789059022501379800,41.3653798828125,0.005788773763924837,0.025497376918792725,-0.06523622572422028
1789059022511389700,41.3753896484375,0.013227248564362526,0.029432198032736778,-0.02157875895500183
1789059022521399800,41.38539990234375,0.025501206517219543,0.019742362201213837,-0.030165420845150948
1789059022531409700,41.39540966796875,0.012311635538935661,0.0316123366355896,-0.024175439029932022
1789059022541419800,41.40541967773437,-0.006773890927433968,0.05591355636715889,-0.003696019295603037
1789059022551429600,41.4154296875,0.017306411638855934,0.04951371252536774,-0.03401131555438042
1789059022561439700,41.425439697265624,0.06133271008729935,0.040496163070201874,-0.04286458343267441
1789059022571448800,41.43544873046875,0.08045420795679092,0.043804872781038284,-0.020869536325335503
1789059022581458700,41.44545874023437,0.08540744334459305,0.0513203963637352,0.019852256402373314
1789059022591468800,41.45546875,0.05190460756421089,0.08152889460325241,0.02560601569712162
1789059022601479000,41.46547900390625,0.06882263720035553,0.08893997222185135,0.0234965980052948
1789059022611488800,41.47548876953125,0.08360876888036728,0.07919412851333618,-0.00026865373365581036
1789059022621499000,41.485498779296876,0.07988987118005753,0.06987126171588898,-0.02976800687611103
1789059022631508700,41.4955087890625,0.07119811326265335,0.06033608317375183,-0.03315448388457298
1789059022641518800,41.50551879882813,0.07112784683704376,0.07753697782754898,0.01706668734550476
1789059022651529000,41.51552905273437,0.04485762491822243,0.09343604743480682,0.01675483025610447
1789059022661538800,41.52553881835937,0.03495996072888374,0.09710367023944855,0.053849805146455765
1789059022671549000,41.535548828125,0.038761887699365616,0.0929747074842453,0.05166254937648773
1789059022681558800,41.545558837890624,0.04868113249540329,0.0726005807518959,0.034728698432445526
1789059022691569000,41.55556884765625,0.03996726870536804,0.06891369819641113,-0.013254274614155293
1789059022701578800,41.565578857421876,0.026956357061862946,0.07150936871767044,0.0007425716612488031
1789059022711588900,41.5755888671875,-0.014059520326554775,0.07879418134689331,-0.038520414382219315
1789059022721599000,41.58559887695313,-0.0121196573600173,0.06903298199176788,-0.0319683812558651
1789059022731608800,41.59560888671875,0.0035863355733454227,0.06809581816196442,0.02230524644255638
1789059022741618000,41.605617919921876,-0.010682899504899979,0.07064671814441681,0.024608902633190155
1789059022751627800,41.615627685546876,-0.008030924014747143,0.05540810897946358,0.004055955447256565
1789059022761637600,41.6256376953125,-0.0036212289705872536,0.053837236016988754,0.02404949441552162
1789059022771647500,41.6356474609375,-0.03370882198214531,0.07756094634532928,-0.001566652674227953
1789059022781657300,41.6456572265625,-0.032389771193265915,0.0777086541056633,0.009974107146263123
1789059022791667500,41.65566748046875,-0.04994799196720123,0.06694681942462921,0.02356714755296707
1789059022801677600,41.66567749023437,-0.056570976972579956,0.046289924532175064,-0.006783399730920792
1789059022811687400,41.6756875,-0.05869937315583229,0.059602268040180206,-0.03401368856430054
1789059022821697500,41.685697509765625,-0.04966330900788307,0.05043112859129906,-0.005252831615507603
1789059022831707400,41.695707275390625,-0.010717774741351604,0.02283438853919506,-0.0253053680062294
1789059022841717500,41.70571752929688,0.00416930578649044,0.016946233808994293,0.03521448001265526
1789059022851727400,41.71572729492188,-0.014917036518454552,0.04431181028485298,0.029892688617110252
1789059022861737500,41.72573754882813,-0.04973708465695381,0.06027401611208916,-0.014059469103813171
1789059022871747600,41.73574755859375,-0.03673712909221649,0.07432591915130615,-0.027196576818823814
1789059022881757400,41.74575732421875,-0.0044356221333146095,0.04056356102228165,-0.018940195441246033
1789059022891767300,41.75576733398437,0.017898179590702057,0.04272418096661568,0.03505725786089897
1789059022901777200,41.76577709960937,-0.00605057505890727,0.03431137651205063,-0.011307746171951294
1789059022911787300,41.775787353515625,0.0057035526260733604,0.04396400228142738,-0.0037803207524120808
1789059022921796400,41.78579638671875,-0.03399725258350372,0.0645134374499321,-0.025444990023970604
1789059022931806200,41.79580615234375,-0.014056570827960968,0.06064306199550629,-0.008033775724470615
1789059022941816300,41.80581640625,-0.00832862313836813,0.04803931340575218,-0.00529728177934885
1789059022951826400,41.815826416015625,-0.04231588542461395,0.07844275236129761,0.006819302216172218
1789059022961836300,41.825836181640625,-0.0630296841263771,0.0708615854382515,-0.05016263574361801
1789059022971846400,41.83584643554688,-0.04739213362336159,0.05904487520456314,-0.06387125700712204
1789059022981856300,41.84585620117188,-0.06494104117155075,0.051160380244255066,-0.06401501595973969
1789059022991866400,41.85586645507812,-0.1059689074754715,0.06892579793930054,-0.0464906208217144
1789059023001876500,41.86587646484375,-0.1445261389017105,0.07062537968158722,0.0019375104457139969
1789059023011886300,41.87588623046875,-0.16613823175430298,0.07367443293333054,0.04938678443431854
1789059023021896400,41.885896484375,-0.19997982680797577,0.035647209733724594,-0.009486602619290352
1789059023031906300,41.89590625,-0.2200549989938736,0.04177248105406761,-0.01233005989342928
1789059023041916400,41.90591650390625,-0.23842254281044006,0.026985537260770798,-0.02777925133705139
1789059023051926300,41.91592626953125,-0.29270443320274353,0.01580425538122654,-0.072042316198349
1789059023061936400,41.92593627929688,-0.32058265805244446,0.04163748770952225,-0.003586565377190709
1789059023071946500,41.93594653320312,-0.36009809374809265,0.028249245136976242,-0.010178687982261181
1789059023081956400,41.94595629882812,-0.33920857310295105,0.023204654455184937,-0.018126163631677628
1789059023091966500,41.955966552734374,-0.32778146862983704,0.013632722198963165,0.020325621590018272
1789059023101975600,41.9659755859375,-0.3231310546398163,-0.004491687286645174,0.005027624778449535
1789059023111985400,41.9759853515625,-0.293120414018631,-0.01130884699523449,0.005373835563659668
1789059023121995500,41.98599560546875,-0.27489322423934937,-0.021679040044546127,-0.030146511271595955
1789059023132005400,41.99600537109375,-0.2793627977371216,-0.01995517686009407,-0.03589334711432457
1789059023142015500,42.006015380859374,-0.27609318494796753,-0.009971877560019493,-0.05291736498475075
1789059023152025300,42.016025390625,-0.272846519947052,-0.013421734794974327,-0.013859446160495281
1789059023162035500,42.026035400390626,-0.23227359354496002,0.005460020620375872,-0.03689832612872124
1789059023172045600,42.03604565429688,-0.1375177800655365,0.009872346185147762,0.02260681241750717
1789059023182055400,42.04605541992188,-0.020175941288471222,-0.01608073152601719,-0.02555316686630249
1789059023192065500,42.0560654296875,0.07217928767204285,0.008565227501094341,-0.026907118037343025
1789059023202075400,42.06607543945312,0.15536177158355713,0.027574414387345314,0.009031347930431366
1789059023212085500,42.07608544921875,0.2346225082874298,0.04553663730621338,-0.034779515117406845
1789059023222095600,42.086095703125,0.2973194420337677,0.03950027376413345,-0.07085143029689789
1789059023232105500,42.09610546875,0.3714224100112915,0.05831523984670639,0.010272454470396042
1789059023242115600,42.106115478515626,0.3945043087005615,0.08846487104892731,0.08394674956798553
1789059023252125200,42.116125244140626,0.4521561563014984,0.07799199223518372,0.11771269887685776
1789059023262135300,42.12613525390625,0.45652079582214355,0.06890320777893066,0.07555338740348816
1789059023272145200,42.13614526367188,0.45458149909973145,0.0813087448477745,0.047602977603673935
1789059023282155300,42.1461552734375,0.4132569432258606,0.08759324252605438,0.026196220889687538
1789059023292164400,42.156164306640626,0.3554849922657013,0.09240636974573135,0.015304157510399818
1789059023302174200,42.16617431640625,0.23549732565879822,0.13436996936798096,0.02060646191239357
1789059023312184300,42.17618432617188,0.2276790887117386,0.1310732364654541,0.051637884229421616
1789059023322194400,42.1861943359375,0.20969240367412567,0.09706282615661621,0.011268837377429008
1789059023332204300,42.19620434570312,0.22524712979793549,0.09884580969810486,0.06642849743366241
1789059023342214400,42.20621435546875,0.2101597785949707,0.0828026831150055,0.025923004373908043
1789059023352224300,42.216224365234375,0.19292059540748596,0.09436825662851334,0.03573169186711311
1789059023362234400,42.226234375,0.12514686584472656,0.11040656268596649,-0.0030574414413422346
1789059023372244500,42.23624438476563,0.05663890764117241,0.14118283987045288,0.028641898185014725
1789059023382254300,42.24625439453125,-0.028693001717329025,0.1404627114534378,-0.027452774345874786
1789059023392264400,42.25626440429688,-0.08358661085367203,0.1483059823513031,-0.036595139652490616
1789059023402274300,42.2662744140625,-0.1539052426815033,0.12159096449613571,-0.03875675052404404
1789059023412284400,42.27628442382812,-0.21802538633346558,0.12221894413232803,-0.032203514128923416
1789059023422294300,42.28629418945312,-0.3186843693256378,0.111027292907238,-0.022127054631710052
1789059023432304400,42.296304443359375,-0.4090092182159424,0.11376821994781494,-0.01933872513473034
1789059023442314500,42.306314453125,-0.5071126222610474,0.0931832417845726,-0.05677315965294838
1789059023452324400,42.31632446289063,-0.5747923254966736,0.09660220891237259,-0.029117297381162643
1789059023462334500,42.32633447265625,-0.6536349654197693,0.07777120918035507,-0.03371350094676018
1789059023472343600,42.336343505859375,-0.6971677541732788,0.0670274868607521,-0.04276718199253082
1789059023482353400,42.346353515625,-0.7436764240264893,0.05498946085572243,-0.03527537360787392
1789059023492363500,42.35636352539063,-0.7817636132240295,0.036079950630664825,-0.07801591604948044
1789059023502373400,42.36637329101563,-0.7852901220321655,0.04125766083598137,-0.04276704043149948
1789059023512383500,42.37638354492187,-0.8019082546234131,0.009559119120240211,-0.015405990183353424
1789059023522393300,42.38639331054687,-0.8185352087020874,0.02336454950273037,-0.02836178056895733
1789059023532403500,42.396403564453124,-0.8171165585517883,0.013478095643222332,-0.00481038261204958
1789059023542413600,42.40641357421875,-0.79893559217453,-0.028343573212623596,-0.020335888490080833
1789059023552423400,42.41642333984375,-0.7680152654647827,-0.03349066525697708,-0.01605299301445484
1789059023562433500,42.42643359375,-0.7552922964096069,-0.04277048259973526,0.01597312092781067
1789059023572443400,42.436443359375,-0.7236507534980774,-0.053881458938121796,-0.02024853602051735
1789059023582453500,42.44645361328125,-0.6895180940628052,-0.07077544182538986,0.04003150761127472
1789059023592463600,42.45646362304687,-0.6547425389289856,-0.08410482853651047,0.0031019882299005985
1789059023602473500,42.46647338867187,-0.5855565071105957,-0.0990975946187973,-0.056826863437891006
1789059023612483600,42.476483642578124,-0.5389714241027832,-0.10912653058767319,-0.07185614854097366
1789059023622493200,42.4864931640625,-0.4874874949455261,-0.10134056955575943,-0.09498629719018936
1789059023632503300,42.49650341796875,-0.40711915493011475,-0.1242099329829216,-0.1090770810842514
1789059023642513200,42.50651318359375,-0.33515065908432007,-0.13335050642490387,-0.044343266636133194
1789059023652523300,42.516523193359376,-0.28355032205581665,-0.14290113747119904,-0.03360966220498085
1789059023662533400,42.52653344726563,-0.23158594965934753,-0.14265744388103485,0.005524352192878723
1789059023672542200,42.536542236328124,-0.1787877082824707,-0.16448631882667542,0.02104152739048004
1789059023682552300,42.54655224609375,-0.12375320494174957,-0.18131612241268158,0.012789186090230942
1789059023692562400,42.5565625,-0.0802597925066948,-0.18269777297973633,-0.009296141564846039
1789059023702572300,42.566572265625,-0.03418152779340744,-0.1825331747531891,-0.005307934246957302
1789059023712582400,42.57658251953125,0.004570930264890194,-0.18088175356388092,-0.01034477073699236
1789059023722592300,42.58659228515625,0.052035391330718994,-0.19107133150100708,0.02625526860356331
1789059023732602400,42.59660229492187,0.10913436114788055,-0.17583619058132172,0.040388401597738266
1789059023742612500,42.606612548828124,0.14284920692443848,-0.18218661844730377,0.043742623180150986
1789059023752622300,42.616622314453124,0.16818411648273468,-0.170118510723114,0.041982270777225494
1789059023762632400,42.626632568359376,0.20100755989551544,-0.15189947187900543,0.06037263572216034
1789059023772642600,42.636642578125,0.23274391889572144,-0.16720545291900635,0.06545688211917877
1789059023782652700,42.64665258789063,0.2576900124549866,-0.13152243196964264,0.07823283225297928
1789059023792662500,42.65666259765625,0.25903117656707764,-0.1258629411458969,0.06886570155620575
1789059023802672600,42.66667260742187,0.26192739605903625,-0.1182410940527916,0.04262513667345047
1789059023812682800,42.676682861328125,0.25484979152679443,-0.0990985557436943,0.0169978030025959
1789059023822692600,42.686692626953125,0.25561168789863586,-0.1103866696357727,0.04455173760652542
1789059023832702700,42.69670263671875,0.2495572715997696,-0.10083764791488647,0.017740100622177124
1789059023842712600,42.70671264648438,0.18992777168750763,-0.10284273326396942,0.04378794506192207
1789059023852722700,42.71672265625,0.15510372817516327,-0.09012219309806824,0.04384128376841545
1789059023862731500,42.7267314453125,0.12163232266902924,-0.10373877733945847,0.003707008669152856
1789059023872741400,42.736741455078125,0.08292487263679504,-0.09120514243841171,0.04370689019560814
1789059023882751500,42.74675146484375,0.06497116386890411,-0.11544522643089294,0.020718412473797798
1789059023892761300,42.75676123046875,0.03787296637892723,-0.10198748111724854,0.022213244810700417
1789059023902771500,42.766771484375,0.017760485410690308,-0.116409532725811,0.013308748602867126
1789059023912781600,42.77678149414062,0.012444283813238144,-0.10683920234441757,0.020573852583765984
1789059023922791400,42.78679150390625,-0.00646282359957695,-0.10556365549564362,0.011332513764500618
1789059023932801500,42.79680151367187,-0.011118561960756779,-0.10309543460607529,0.0035254566464573145
1789059023942811400,42.80681127929687,-0.01694738306105137,-0.10621755570173264,0.02805287390947342
1789059023952821500,42.816821533203125,-0.013555048033595085,-0.10207447409629822,0.03690628707408905
1789059023962831600,42.82683154296875,-0.011634391732513905,-0.11317019909620285,0.07160059362649918
1789059023972841500,42.83684155273438,-0.01022051926702261,-0.10540308803319931,0.084182970225811
1789059023982851600,42.8468515625,0.0007165489951148629,-0.1252996325492859,0.09013208001852036
1789059023992861400,42.856861328125,0.006662588566541672,-0.11221045255661011,0.04243699833750725
1789059024002871600,42.86687158203125,-0.011535057798027992,-0.10058202594518661,0.010368544608354568
1789059024012881400,42.87688134765625,-0.0008619065629318357,-0.09591829776763916,-0.035027697682380676
1789059024022891500,42.8868916015625,-0.008386369794607162,-0.07854023575782776,0.001788146561011672
1789059024032901600,42.896901611328126,-0.02575737051665783,-0.09841673821210861,0.014429106377065182
1789059024042911500,42.906911376953126,-0.053215112537145615,-0.07906518876552582,0.07401067763566971
1789059024052921600,42.91692163085938,-0.057434890419244766,-0.11028356105089188,0.03771446272730827
1789059024062931500,42.92693139648438,-0.05281326174736023,-0.10874024033546448,0.03239439055323601
1789059024072940500,42.9369404296875,-0.07328684628009796,-0.1191345602273941,0.023342570289969444
1789059024082950700,42.94695068359375,-0.0885869637131691,-0.10970266163349152,0.011309267953038216
1789059024092960500,42.95696044921875,-0.10633853077888489,-0.11219111829996109,-0.013093010522425175
1789059024102970600,42.966970703125,-0.10247375816106796,-0.10480808466672897,0.0022082559298723936
1789059024112980500,42.97698046875,-0.08890468627214432,-0.11584954708814621,0.003680451540276408
1789059024122990600,42.98699047851562,-0.10112809389829636,-0.13144908845424652,0.017863988876342773
1789059024133000700,42.997000732421874,-0.09228293597698212,-0.11195262521505356,0.020220354199409485
1789059024143010600,43.007010498046874,-0.06993339210748672,-0.12448367476463318,0.001106481533497572
1789059024153020700,43.017020751953126,-0.050969284027814865,-0.11012578010559082,0.0055214702151715755
1789059024163030500,43.027030517578126,-0.019897645339369774,-0.1110401526093483,0.018336163833737373
1789059024173040600,43.03704052734375,0.02741953730583191,-0.11479467898607254,0.034483179450035095
1789059024183050800,43.04705078125,0.07718525826931,-0.09870723634958267,0.0026186411269009113
1789059024193060600,43.057060546875,0.10689868032932281,-0.0987599715590477,-0.02904660999774933
1789059024203070700,43.06707080078125,0.14634539186954498,-0.09005939215421677,-0.026663895696401596
1789059024213080600,43.07708056640625,0.1619512438774109,-0.05415918305516243,-0.009326452389359474
1789059024223090700,43.087090576171875,0.18854506313800812,-0.050636015832424164,-0.01960999146103859
1789059024233100500,43.0971005859375,0.22161459922790527,-0.04821094125509262,0.011729556135833263
1789059024243110700,43.107110595703126,0.24047216773033142,-0.04575521871447563,0.018701501190662384
1789059024253120800,43.11712084960938,0.2645617723464966,-0.041861940175294876,0.07641353458166122
1789059024263130600,43.12713061523438,0.27959877252578735,-0.03768162056803703,0.075980044901371
1789059024273140500,43.13714038085938,0.2642461955547333,-0.022419311106204987,0.06848404556512833
1789059024283150300,43.147150390625,0.24747413396835327,-0.03331941366195679,0.005300427321344614
1789059024293159400,43.157159423828126,0.2459300309419632,-0.027112651616334915,-0.03071829304099083
1789059024303169500,43.16716943359375,0.23557673394680023,-0.007134631276130676,-0.009970283135771751
1789059024313179400,43.17717944335938,0.24482962489128113,-0.03616521507501602,-0.0016726723406463861
1789059024323189500,43.187189453125,0.25047898292541504,-0.01586073637008667,0.06404262036085129
1789059024333199600,43.19719970703125,0.24764136970043182,-0.02062327042222023,0.05760762467980385
1789059024343209500,43.20720947265625,0.267598032951355,-0.013447069562971592,0.06139030307531357
1789059024353219600,43.217219482421875,0.2582402229309082,-0.008572420105338097,0.034887321293354034
1789059024363229400,43.2272294921875,0.2406945377588272,-0.008376643061637878,0.0015312274917960167
1789059024373239600,43.23723950195313,0.23795175552368164,-0.0015570861287415028,-0.01923530176281929
1789059024383249400,43.24724951171875,0.2254495620727539,-0.013286300003528595,-0.016929373145103455
1789059024393259500,43.25725952148437,0.205828458070755,0.01126112136989832,0.026931025087833405
1789059024403269600,43.26726953125,0.18537427484989166,0.01569814234972,0.024561353027820587
1789059024413279500,43.27727954101562,0.17540526390075684,0.011229624971747398,0.07059063017368317
1789059024423289600,43.28728955078125,0.17722608149051666,0.021883422508835793,0.022008031606674194
1789059024433299500,43.297299560546875,0.1745797097682953,0.024076534435153008,0.0432768352329731
1789059024443309600,43.3073095703125,0.18814769387245178,0.006844292860478163,0.04652608558535576
1789059024453319400,43.3173193359375,0.15627312660217285,0.021140407770872116,0.08336026966571808
1789059024463329500,43.32732958984375,0.14029575884342194,0.024833738803863525,0.12359907478094101
1789059024473339600,43.33733959960937,0.12332768738269806,0.03302722051739693,0.11633957177400589
1789059024483349500,43.347349609375,0.08179996907711029,0.03812924027442932,0.09571767598390579
1789059024493359600,43.357359619140624,0.0812084823846817,0.035495106130838394,0.042282409965991974
1789059024503368700,43.36736865234375,0.08853749930858612,0.043022532016038895,0.05738226696848869
1789059024513378600,43.37737866210937,0.03709721192717552,0.02734343521296978,0.06386227160692215
1789059024523388700,43.387388671875,0.04926410689949989,0.02783513069152832,0.14395062625408173
1789059024533398500,43.3973984375,0.011920993216335773,0.018776919692754745,0.12628187239170074
1789059024543408600,43.40740869140625,0.007326534483581781,-0.004579026717692614,0.11229144036769867
1789059024553418800,43.417418701171876,-0.025142725557088852,0.010094990953803062,0.059799470007419586
1789059024563428600,43.4274287109375,-0.053199123591184616,0.0038816730957478285,-0.00949680246412754
1789059024573438700,43.43743872070313,-0.06981698423624039,0.005563725717365742,-0.02544727362692356
1789059024583448600,43.44744848632813,-0.08721277117729187,0.006450522691011429,-0.028886210173368454
1789059024593458700,43.45745874023437,-0.09839112311601639,-0.00560747180134058,0.006339956074953079
1789059024603468500,43.46746850585937,-0.10340077430009842,-0.008355604484677315,0.006899361498653889
1789059024613478700,43.477478759765624,-0.10935293883085251,-0.029228128492832184,0.007575005292892456
1789059024623488800,43.48748876953125,-0.09733779728412628,-0.030743278563022614,-0.0005462155677378178
1789059024633498400,43.497498291015624,-0.09669864177703857,-0.03734365478157997,-0.018435733392834663
1789059024643508500,43.507508544921876,-0.09735672175884247,-0.02670340985059738,-0.03019295446574688
1789059024653518300,43.517518310546876,-0.10651719570159912,-0.012838725931942463,-0.03019881434738636
1789059024663528400,43.52752856445313,-0.10810259729623795,-0.030233513563871384,-0.023513063788414
1789059024673538600,43.53753857421875,-0.12244292348623276,-0.020999804139137268,0.009195612743496895
1789059024683548400,43.54754833984375,-0.11937364935874939,-0.021567195653915405,0.003711393103003502
1789059024693558500,43.55755859375,-0.10991357266902924,-0.03477274626493454,-0.01025315746665001
1789059024703568400,43.567568359375,-0.09043197333812714,-0.0597718320786953,-0.011337921023368835
1789059024713578500,43.57757861328125,-0.08508940041065216,-0.041269250214099884,-0.008750393986701965
1789059024723588400,43.58758837890625,-0.07360772043466568,-0.031357064843177795,-0.016502298414707184
1789059024733597400,43.59759741210937,-0.04993833974003792,-0.03914707899093628,-0.04757846146821976
1789059024743607600,43.607607666015625,-0.016036832705140114,-0.04570932313799858,-0.03833823278546333
1789059024753617400,43.617617431640625,0.024569183588027954,-0.038583770394325256,-0.0673334002494812
1789059024763627500,43.62762744140625,0.04665771871805191,-0.04306427761912346,-0.12885022163391113
1789059024773638000,43.63763793945313,0.0745929405093193,-0.04245761036872864,-0.12628133594989777
1789059024783648000,43.64764794921875,0.1015731617808342,-0.039734579622745514,-0.09584658592939377
1789059024793658000,43.657658203125,0.13672369718551636,-0.044078994542360306,-0.024807561188936234
1789059024803668000,43.66766796875,0.1795930713415146,-0.039839573204517365,-0.0014000363880768418
1789059024813678000,43.677677978515625,0.18922652304172516,-0.0412510484457016,-0.010131210088729858
1789059024823688000,43.68768798828125,0.22228120267391205,-0.052656013518571854,-0.04748084023594856
1789059024833698000,43.69769799804688,0.227198988199234,-0.04330352693796158,-0.08650387078523636
1789059024843708200,43.70770825195312,0.22845837473869324,-0.03742233291268349,-0.0719691812992096
1789059024853718000,43.71771801757812,0.2425864338874817,-0.0384170226752758,-0.056075435131788254
1789059024863728000,43.72772802734375,0.2439395934343338,-0.05836666747927666,-0.00939816515892744
1789059024873738000,43.737738037109374,0.24962329864501953,-0.07554112374782562,0.009958488866686821
1789059024883748000,43.747748046875,0.2488158643245697,-0.05477302148938179,0.039937373250722885
1789059024893758000,43.757758056640625,0.25862056016921997,-0.07368412613868713,0.05454720929265022
1789059024903768000,43.76776806640625,0.24635587632656097,-0.06302154809236526,0.03419143706560135
1789059024913778200,43.77777807617188,0.212021604180336,-0.04517170786857605,-0.0008909136522561312
1789059024923788000,43.7877880859375,0.19895963370800018,-0.046801116317510605,-0.015981821343302727
1789059024933798100,43.79779809570312,0.2082735002040863,-0.051312509924173355,-0.013585507869720459
1789059024943808000,43.80780810546875,0.2162877470254898,-0.06779273599386215,-0.026315271854400635
1789059024953818000,43.817818115234374,0.23647424578666687,-0.06946972757577896,0.02887794002890587
1789059024963828000,43.827827880859374,0.23172900080680847,-0.0607907809317112,0.016661955043673515
1789059024973838000,43.837838134765626,0.22482767701148987,-0.05691561475396156,0.04812267795205116
1789059024983847000,43.84784692382812,0.23258471488952637,-0.052191898226737976,0.02954605221748352
1789059024993857000,43.85785693359375,0.21295641362667084,-0.050007306039333344,0.0390455462038517
1789059025003867000,43.867866943359374,0.20665298402309418,-0.024677446112036705,0.03361589461565018
1789059025013877000,43.877876953125,0.21255162358283997,-0.03188635781407356,0.016219329088926315
1789059025023886800,43.887886962890626,0.21217553317546844,-0.022807978093624115,0.016304826363921165
1789059025033897000,43.89789697265625,0.21884143352508545,-0.02620244212448597,-0.011751842685043812
1789059025043906800,43.90790673828125,0.24199232459068298,-0.028474479913711548,0.0013745767064392567
1789059025053917000,43.9179169921875,0.2615836262702942,-0.043984461575746536,0.00047043338418006897
1789059025063927000,43.92792700195312,0.2622552216053009,-0.020134009420871735,0.03312065079808235
1789059025073937000,43.93793701171875,0.2754240036010742,-0.015635663643479347,0.042833466082811356
1789059025083947000,43.947947021484374,0.27663418650627136,0.003191468771547079,0.036308884620666504
1789059025093956900,43.957956787109374,0.26464515924453735,0.035134755074977875,0.00004408694803714752
1789059025103967000,43.967967041015626,0.2730141878128052,0.02614264190196991,-0.071232371032238
1789059025113976800,43.977976806640626,0.2565755546092987,0.05912802368402481,-0.05216546729207039
1789059025123987000,43.98798706054688,0.23825404047966003,0.0604095533490181,-0.02966056577861309
1789059025133997000,43.9979970703125,0.2151801437139511,0.04773024469614029,0.008396008051931858
1789059025144007000,44.0080068359375,0.19686849415302277,0.05505277216434479,0.02391686476767063
1789059025154017000,44.01801708984375,0.15977998077869415,0.05382292717695236,0.014181679114699364
1789059025164027000,44.02802685546875,0.12274661660194397,0.07003581523895264,0.005948562175035477
1789059025174037000,44.038037109375,0.08010567724704742,0.07602659612894058,-0.04916315898299217
1789059025184047000,44.04804711914063,0.036772068589925766,0.08790981769561768,-0.056532107293605804
1789059025194057000,44.05805688476563,0.005631725303828716,0.09497065842151642,-0.08926661312580109
1789059025204067000,44.06806713867188,-0.0273965485394001,0.0726068839430809,-0.08839353173971176
1789059025214077000,44.07807690429688,-0.052035845816135406,0.05424358695745468,-0.0885288193821907
1789059025224086000,44.0880859375,-0.08543425798416138,0.03597274050116539,-0.04741974174976349
1789059025234096000,44.09809619140625,-0.09945952892303467,0.021264102309942245,-0.01734386384487152
1789059025244106000,44.10810595703125,-0.13385428488254547,0.026784265413880348,0.03269560635089874
1789059025254116000,44.1181162109375,-0.15004204213619232,0.009255606681108475,0.01439196802675724
1789059025264126000,44.1281259765625,-0.1593679040670395,0.016128167510032654,-0.004703232552856207
1789059025274136000,44.13813598632812,-0.1334630697965622,0.016861602663993835,-0.07028543949127197
1789059025284146200,44.148146240234375,-0.12221706658601761,0.0017157685942947865,-0.05573015287518501
1789059025294156000,44.158156005859375,-0.1109556183218956,-0.015227794647216797,-0.05138174444437027
1789059025304166100,44.16816625976563,-0.13426335155963898,-0.006021179724484682,-0.07230915129184723
1789059025314176000,44.17817602539063,-0.15556038916110992,0.006307392381131649,-0.038636140525341034
1789059025324186000,44.18818603515625,-0.13309235870838165,-0.004232282284647226,-0.021123338490724564
1789059025334196000,44.19819604492187,-0.1178513616323471,-0.0066901142708957195,0.01873432844877243
1789059025344206000,44.2082060546875,-0.0847940742969513,-0.02575131133198738,-0.009546940214931965
1789059025354216200,44.21821630859375,-0.05697256699204445,-0.02863631397485733,-0.010775189846754074
1789059025364226000,44.22822607421875,-0.014905236661434174,-0.01018921472132206,-0.047742102295160294
1789059025374236200,44.238236083984376,0.024071723222732544,-0.014258258044719696,-0.05091312900185585
1789059025384246000,44.24824609375,0.06959472596645355,-0.03509008139371872,-0.04932713881134987
1789059025394256100,44.25825610351563,0.0840437039732933,-0.028981853276491165,-0.029731599614024162
1789059025404266200,44.26826635742187,0.09595979005098343,-0.026333477348089218,-0.0025454843416810036
1789059025414276000,44.27827612304687,0.12686151266098022,-0.01689949631690979,0.018714264035224915
1789059025424286000,44.28828588867187,0.14107851684093475,-0.017876015976071358,0.04776567220687866
1789059025434295800,44.2982958984375,0.1695660799741745,-0.008944040164351463,0.041884616017341614
1789059025444306000,44.308305908203124,0.18620361387729645,0.02206503227353096,0.039637234061956406
1789059025454315800,44.318315673828124,0.21775701642036438,0.010725293308496475,-0.002552830846980214
1789059025464326000,44.328325927734376,0.24919752776622772,0.025714140385389328,0.024510402232408524
1789059025474336000,44.3383359375,0.27473512291908264,0.005148411262780428,0.01203322596848011
1789059025484345900,44.34834594726563,0.2869425117969513,0.035571351647377014,0.04470820352435112
1789059025494355000,44.35835498046875,0.3107684850692749,0.0401032492518425,0.03093034029006958
1789059025504365000,44.368364990234376,0.32426267862319946,0.04620834067463875,0.046799369156360626
1789059025514375000,44.378375,0.33658912777900696,0.05405827611684799,0.05542747676372528
1789059025524385000,44.38838500976563,0.3296052813529968,0.058539241552352905,0.046537596732378006
1789059025534395000,44.39839477539063,0.329140305519104,0.08137744665145874,0.004900405183434486
1789059025544405000,44.40840502929687,0.3428715467453003,0.09294435381889343,0.004139007069170475
1789059025554415000,44.4184150390625,0.3404581844806671,0.0980786606669426,-0.0007958302740007639
1789059025564425000,44.428425048828124,0.31981679797172546,0.11170052736997604,-0.002249668352305889
1789059025574435000,44.43843505859375,0.3330948054790497,0.09861855208873749,0.012417424470186234
1789059025584445000,44.44844482421875,0.3518911302089691,0.08712717145681381,-0.010133931413292885
1789059025594455000,44.458455078125,0.32610052824020386,0.10514558851718903,0.011869371868669987
1789059025604465000,44.46846484375,0.29371169209480286,0.1084550991654396,-0.038778625428676605
1789059025614475000,44.47847509765625,0.2691996991634369,0.11272227764129639,-0.04901501536369324
1789059025624485000,44.48848510742187,0.24349114298820496,0.11881772428750992,-0.0976928099989891
1789059025634495000,44.49849487304687,0.21857087314128876,0.11947578936815262,-0.10829006135463715
1789059025644505000,44.508505126953125,0.20954279601573944,0.12335382401943207,-0.09465519338846207
1789059025654515000,44.518514892578125,0.20403404533863068,0.1220824271440506,-0.06344613432884216
1789059025664525000,44.52852514648438,0.1929139792919159,0.10626263171434402,-0.0332619845867157
1789059025674535000,44.53853491210938,0.16716600954532623,0.11085712164640427,-0.04318412020802498
1789059025684545000,44.548544921875,0.14280743896961212,0.1334843784570694,-0.04241665452718735
1789059025694555100,44.55855517578125,0.11064977198839188,0.13954147696495056,-0.06435125321149826
1789059025704565000,44.56856494140625,0.08992049098014832,0.1534898430109024,-0.0929129421710968
1789059025714575000,44.5785751953125,0.07162484526634216,0.15625368058681488,-0.11960314214229584
1789059025724585000,44.5885849609375,0.059375908225774765,0.1579744517803192,-0.11485688388347626
1789059025734595000,44.598594970703125,0.045583128929138184,0.1588927060365677,-0.1184777170419693
1789059025744605200,44.60860522460938,0.033025000244379044,0.15699361264705658,-0.08214280754327774
1789059025754615000,44.61861499023438,-0.0020743953064084053,0.14612977206707,-0.05640202388167381
1789059025764624100,44.6286240234375,-0.02776484191417694,0.13325929641723633,-0.00708815036341548
1789059025774633700,44.6386337890625,-0.05404758080840111,0.13907350599765778,0.018852103501558304
1789059025784643600,44.6486435546875,-0.08778797835111618,0.14165961742401123,0.004078972619026899
1789059025794653700,44.65865380859375,-0.12461656332015991,0.14724452793598175,-0.023964647203683853
1789059025804663600,44.66866357421875,-0.13847295939922333,0.13111171126365662,-0.0652322769165039
1789059025814673700,44.67867358398438,-0.14429302513599396,0.11767605692148209,-0.058531761169433594
1789059025824683800,44.68868383789062,-0.15294885635375977,0.13088716566562653,-0.09008541703224182
1789059025834693400,44.698693359375,-0.18788713216781616,0.1300613135099411,-0.07468355447053909
1789059025844703500,44.70870336914062,-0.20238563418388367,0.11224443465471268,-0.097902312874794
1789059025854713300,44.71871337890625,-0.20824113488197327,0.10872852802276611,-0.024525566026568413
1789059025864723500,44.728723388671874,-0.19784922897815704,0.09907969832420349,-0.02262435294687748
1789059025874733600,44.738733642578126,-0.19692564010620117,0.09481464326381683,-0.0058664120733737946
1789059025884743400,44.748743408203126,-0.19065096974372864,0.0943678691983223,0.005536685697734356
1789059025894753500,44.75875341796875,-0.19467447698116302,0.09443285316228867,-0.012827940285205841
1789059025904763400,44.76876342773438,-0.16983112692832947,0.08640803396701813,0.02276165783405304
1789059025914773500,44.7787734375,-0.15476536750793457,0.08696569502353668,-0.004393263719975948
1789059025924783400,44.78878344726562,-0.16628357768058777,0.08601540327072144,0.016575684770941734
1789059025934793500,44.79879345703125,-0.14396122097969055,0.07209346443414688,0.032718438655138016
1789059025944803600,44.808803466796874,-0.14177292585372925,0.07576033473014832,0.09659656137228012
1789059025954813400,44.8188134765625,-0.13977742195129395,0.08170957118272781,0.09864959120750427
1789059025964823600,44.828823486328126,-0.12902569770812988,0.08554947376251221,0.08688171207904816
1789059025974833400,44.83883349609375,-0.08646118640899658,0.07643826305866241,0.051301080733537674
1789059025984843500,44.84884350585938,-0.0355045348405838,0.07418602705001831,0.046066638082265854
1789059025994853400,44.85885327148438,-0.008159197866916656,0.06010536104440689,0.02498531900346279
1789059026004863500,44.86886352539062,0.010053095407783985,0.060912031680345535,0.08078094571828842
1789059026014873600,44.87887353515625,0.03349928557872772,0.0742899551987648,0.08146721869707108
1789059026024883500,44.888883544921875,0.039397697895765305,0.0819067656993866,0.09749781340360641
1789059026034893600,44.8988935546875,0.05945742502808571,0.08206655830144882,0.06385968625545502
1789059026044903400,44.9089033203125,0.05567650496959686,0.0833834707736969,0.04200199991464615
1789059026054913500,44.91891357421875,0.0534498356282711,0.08984509855508804,0.00869943667203188
1789059026064923600,44.92892358398438,0.06740350276231766,0.09688257426023483,-0.00042809941805899143
1789059026074933500,44.93893359375,0.05131641402840614,0.08581740409135818,-0.013581984676420689
1789059026084943600,44.94894360351562,0.05110865458846092,0.09551852941513062,-0.00387683417648077
1789059026094953500,44.95895336914062,0.04730726033449173,0.1003313884139061,0.019700396806001663
1789059026104963600,44.968963623046875,0.04495464637875557,0.08820051699876785,0.02315249852836132
1789059026114973400,44.978973388671875,0.04033805429935455,0.09240271896123886,0.05665533244609833
1789059026124983600,44.98898364257813,0.04630192369222641,0.08760754764080048,0.07793143391609192
1789059026134993700,44.99899365234375,0.030911780893802643,0.08485090732574463,0.02388550341129303
1789059026145003500,45.00900341796875,0.009086881764233112,0.08099893480539322,-0.03447708114981651
1789059026155013600,45.019013671875,0.0022058063186705112,0.0757618322968483,-0.04373183473944664
1789059026165023500,45.0290234375,-0.01423361524939537,0.08946555107831955,-0.0410616509616375
1789059026175033600,45.03903369140625,-0.03653731942176819,0.10479097813367844,0.004110885784029961
1789059026185043500,45.04904345703125,-0.01582407020032406,0.06438508629798889,-0.018366893753409386
1789059026195053600,45.059053466796875,-0.0004030353156849742,0.04745030775666237,-0.02676357328891754
1789059026205063700,45.06906372070313,-0.02451656572520733,0.066442109644413,-0.013329783454537392
1789059026215073500,45.07907348632813,-0.03137447312474251,0.06202659010887146,-0.028326310217380524
1789059026225083600,45.08908374023437,-0.04461173713207245,0.06563811749219894,-0.04742849990725517
1789059026235093500,45.09909350585937,-0.06432631611824036,0.08014009892940521,-0.06860090047121048
1789059026245103600,45.109103515625,-0.07272887229919434,0.058108847588300705,-0.0938669815659523
1789059026255113700,45.11911376953125,-0.07598911225795746,0.049686070531606674,-0.03610062226653099
1789059026265123600,45.12912353515625,-0.09103328734636307,0.05427350103855133,0.0019181021489202976
1789059026275132700,45.13913256835937,-0.11158863455057144,0.03904954344034195,0.06208503246307373
1789059026285142800,45.149142822265624,-0.1279558688402176,0.037785906344652176,0.04377233609557152
1789059026295152600,45.159152587890624,-0.14506028592586517,0.048850007355213165,-0.009500475600361824
1789059026305162500,45.16916259765625,-0.1608334183692932,0.028245318681001663,-0.05293308570981026
1789059026315172400,45.17917236328125,-0.2034786194562912,0.036561042070388794,-0.0743584856390953
1789059026325182500,45.189182373046876,-0.23291561007499695,0.04118802398443222,-0.04112842679023743
1789059026335191600,45.199191650390624,-0.22617781162261963,0.024660181254148483,-0.008516156114637852
1789059026345201400,45.209201416015624,-0.24141718447208405,0.03731554001569748,0.028174078091979027
1789059026355211500,45.21921142578125,-0.22890432178974152,0.0033245496451854706,0.02428320050239563
1789059026365221400,45.229221435546876,-0.20657290518283844,-0.00809963047504425,0.03267442435026169
1789059026375231500,45.2392314453125,-0.20025907456874847,-0.00591264246031642,-0.014474179595708847
1789059026385241600,45.24924169921875,-0.20664560794830322,-0.005239600781351328,-0.005087816156446934
1789059026395251500,45.25925146484375,-0.2204359769821167,-0.003386839758604765,-0.04071691632270813
1789059026405261600,45.26926147460937,-0.27072232961654663,0.017771974205970764,0.014779632911086082
1789059026415271400,45.279271484375,-0.24755950272083282,-0.0042663016356527805,0.02807881496846676
1789059026425281500,45.289281494140624,-0.23103779554367065,-0.019642267376184464,0.02387107163667679
1789059026435291600,45.299291748046876,-0.20373132824897766,-0.0285918191075325,0.02448226697742939
1789059026445301500,45.309301513671876,-0.18940164148807526,-0.030171316117048264,0.030663788318634033
1789059026455311600,45.3193115234375,-0.18124116957187653,-0.024713434278964996,0.0036068721674382687
1789059026465321500,45.32932153320313,-0.17081066966056824,-0.006150753702968359,0.03369409218430519
1789059026475331600,45.33933154296875,-0.15989063680171967,-0.008256781846284866,0.017708199098706245
1789059026485341400,45.34934155273437,-0.14332044124603271,-0.012387782335281372,0.019304540008306503
1789059026495351600,45.3593515625,-0.10387236624956131,-0.03313407301902771,0.031897831708192825
1789059026505361700,45.369361572265625,-0.08107014000415802,-0.050296902656555176,0.025225169956684113
1789059026515371500,45.37937158203125,-0.07721547782421112,-0.03187980875372887,0.04686468467116356
1789059026525381600,45.38938159179688,-0.07229368388652802,-0.05003197863698006,0.02759746089577675
1789059026535391500,45.3993916015625,-0.09215766936540604,-0.02814825251698494,0.011674954555928707
1789059026545401600,45.40940161132813,-0.07898910343647003,-0.03940955549478531,-0.018441172316670418
1789059026555411500,45.41941137695313,-0.05166827514767647,-0.0598602332174778,-0.04444640502333641
1789059026565421600,45.42942163085937,-0.05440949276089668,-0.04948816075921059,-0.03889048844575882
1789059026575431700,45.439431640625,-0.051347922533750534,-0.05418970435857773,-0.030964385718107224
1789059026585441500,45.449441650390625,-0.021322956308722496,-0.06584004312753677,-0.030570490285754204
1789059026595450600,45.45945068359375,-0.005604712292551994,-0.0655372366309166,-0.0254279263317585
1789059026605460700,45.46946069335937,0.0288371741771698,-0.08965841680765152,-0.03881673142313957
1789059026615470600,45.479470703125,0.05157364904880524,-0.09484385699033737,-0.01696283370256424
1789059026625480700,45.489480712890625,0.048727523535490036,-0.08276727050542831,0.02346969023346901
1789059026635490600,45.499490478515625,0.05809439346194267,-0.0897226482629776,0.02455652505159378
1789059026645500700,45.50950073242188,0.0752909928560257,-0.08613720536231995,0.05479065328836441
1789059026655510800,45.5195107421875,0.09893161058425903,-0.09471471607685089,0.07453426718711853
1789059026665520600,45.52952075195312,0.11788640916347504,-0.10395605117082596,0.08690042793750763
1789059026675530500,45.53953051757812,0.10300333052873611,-0.09518573433160782,0.13760274648666382
1789059026685540400,45.54954028320312,0.09835851192474365,-0.1149250790476799,0.08738619089126587
1789059026695550500,45.559550537109374,0.08941695094108582,-0.08714032173156738,0.09206349402666092
1789059026705560300,45.569560302734374,0.10621613264083862,-0.10234945267438889,0.06942138820886612
1789059026715570400,45.5795703125,0.10406935960054398,-0.10830587893724442,0.08779054135084152
1789059026725580500,45.58958056640625,0.06586021184921265,-0.0841781347990036,0.08452550321817398
1789059026735590400,45.59959033203125,0.04006056860089302,-0.07102904468774796,0.03969757631421089
1789059026745600500,45.6096005859375,0.054873332381248474,-0.07688991725444794,0.032200925052165985
1789059026755610400,45.6196103515625,0.07010235637426376,-0.07637219876050949,-0.013703716918826103
1789059026765620500,45.62962036132812,0.08144314587116241,-0.07658763229846954,-0.00009103771299123764
1789059026775630300,45.63963037109375,0.09016233682632446,-0.07321713864803314,0.01768183335661888
1789059026785640200,45.64964013671875,0.09108409285545349,-0.047834474593400955,0.03324100002646446
1789059026795650300,45.659650390625,0.11780945211648941,-0.054213013499975204,0.064363494515419
1789059026805660200,45.66966015625,0.1295805722475052,-0.019196772947907448,0.07345101982355118
1789059026815670300,45.679670166015626,0.13054196536540985,-0.007096434012055397,0.04681701213121414
1789059026825680100,45.68968017578125,0.1670832335948944,-0.004464775323867798,0.10495949536561966
1789059026835690200,45.69969018554688,0.18335860967636108,0.007007856387645006,0.09008094668388367
1789059026845700400,45.70970043945312,0.16627950966358185,0.037707068026065826,0.0986737310886383
1789059026855710200,45.71971020507812,0.18265928328037262,0.0485735647380352,0.08453261107206345
1789059026865720300,45.72972021484375,0.19679321348667145,0.060200538486242294,0.13154663145542145
1789059026875730200,45.739730224609374,0.22455215454101562,0.05693017691373825,0.10082386434078217
1789059026885740300,45.749740234375,0.20397306978702545,0.08939333260059357,0.08109922707080841
1789059026895750400,45.75975048828125,0.19951148331165314,0.09393642097711563,0.06709526479244232
1789059026905760300,45.76976025390625,0.21295271813869476,0.10783667862415314,0.12076763808727264
1789059026915770400,45.77977026367188,0.3029681146144867,0.06480345875024796,0.17667217552661896
1789059026925779500,45.789779541015626,0.28354382514953613,0.09841644018888474,0.2724051773548126
1789059026935789300,45.799789306640626,0.18453040719032288,0.1263684332370758,0.2541963458061218
1789059026945799400,45.80979931640625,0.11338750272989273,0.1987503468990326,0.22744421660900116
1789059026955809300,45.81980932617188,0.12879496812820435,0.14172887802124023,0.05793188139796257
1789059026965819400,45.8298193359375,-0.0005947088939137757,0.11820335686206818,-0.1558297574520111
1789059026975829200,45.83982934570312,-0.09026253968477249,0.058386094868183136,-0.33576062321662903
1789059026985839400,45.84983935546875,-0.1891619861125946,0.13908058404922485,-0.2380000203847885
1789059026995849500,45.859849365234375,-0.2583021819591522,0.13537931442260742,-0.0741751417517662
1789059027005859300,45.869859375,-0.2546442747116089,0.17849892377853394,0.13563218712806702
1789059027015869400,45.87986938476563,-0.1288568079471588,0.12288332730531693,0.21897581219673157
1789059027025879300,45.88987939453125,-0.12032139301300049,0.08421669900417328,0.15281115472316742
1789059027035889400,45.89988940429687,-0.030331850051879883,0.12194383144378662,0.13872143626213074
1789059027045899300,45.90989916992187,-0.0930926725268364,0.08521796017885208,0.09470772743225098
1789059027055909400,45.91990942382812,-0.1781441867351532,0.1083400547504425,0.1039116159081459
1789059027065919500,45.92991943359375,-0.27456578612327576,0.121665358543396,0.206848606467247
1789059027075929300,45.939929443359375,-0.3233511745929718,0.1269378811120987,0.28957438468933105
1789059027085939500,45.949939453125,-0.4021219313144684,0.13202069699764252,0.199762761592865
1789059027095949300,45.95994921875,-0.40131285786628723,0.13378369808197021,0.10993700474500656
1789059027105959400,45.96995947265625,-0.3889477550983429,0.06359660625457764,-0.05040913075208664
1789059027115969300,45.97996923828125,-0.3470706343650818,0.025519531220197678,-0.0813571885228157
1789059027125979100,45.98997924804687,-0.36766567826271057,0.03664923459291458,-0.018645763397216797
1789059027135989200,45.9999892578125,-0.4007740914821625,0.043780114501714706,0.0381578654050827
1789059027145999000,46.0099990234375,-0.38140493631362915,0.024578191339969635,0.07446766644716263
1789059027156009200,46.02000927734375,-0.3545741140842438,0.002593262819573283,0.009603452868759632
1789059027166019300,46.030019287109376,-0.3486959934234619,0.00674804300069809,-0.0034413719549775124
1789059027176029200,46.040029296875,-0.3285379707813263,-0.005682527553290129,-0.042429517954587936
1789059027186039300,46.05003930664063,-0.296686589717865,-0.022842494770884514,-0.0201855581253767
1789059027196049200,46.06004907226563,-0.24333679676055908,-0.056951191276311874,-0.056495361030101776
1789059027206059300,46.07005932617187,-0.23924697935581207,-0.0376921184360981,-0.03379082307219505
1789059027216069000,46.08006909179687,-0.2690538763999939,-0.0657610297203064,-0.14371919631958008
1789059027226079200,46.090079345703124,-0.27862870693206787,-0.05452512577176094,-0.09267066419124603
1789059027236089300,46.10008935546875,-0.2621365487575531,-0.04839559271931648,-0.06303873658180237
1789059027246099200,46.11009912109375,-0.2587988078594208,-0.028397642076015472,0.017623819410800934
1789059027256109300,46.120109375,-0.24898454546928406,-0.041597332805395126,0.09997941553592682
1789059027266119200,46.130119140625,-0.20309561491012573,-0.0558493509888649,0.16389989852905273
1789059027276128300,46.140128173828124,-0.15285293757915497,-0.07766250520944595,0.1739504039287567
1789059027286138400,46.150138427734376,-0.13498768210411072,-0.07585474103689194,0.1274225115776062
1789059027296148200,46.160148193359376,-0.13098201155662537,-0.07776742428541183,0.05215812101960182
1789059027306158300,46.17015844726563,-0.12808477878570557,-0.05791919305920601,0.006191239692270756
1789059027316168200,46.18016821289063,-0.11350317299365997,-0.06512624025344849,-0.052455030381679535
1789059027326178300,46.19017822265625,-0.0940956324338913,-0.0620681494474411,-0.026308776810765266
1789059027336188400,46.2001884765625,-0.061220504343509674,-0.07758798450231552,0.029200822114944458
1789059027346198300,46.2101982421875,-0.03333909064531326,-0.09833602607250214,-0.00976378470659256
1789059027356208400,46.22020849609375,-0.05514451861381531,-0.09072737395763397,-0.06716475635766983
1789059027366218200,46.23021826171875,-0.0900425836443901,-0.0942164808511734,-0.10818007588386536
1789059027376228400,46.240228271484376,-0.1142515167593956,-0.08394759893417358,-0.05747775360941887
1789059027386238500,46.25023852539063,-0.14209726452827454,-0.05999097600579262,-0.028036143630743027
1789059027396248300,46.26024829101563,-0.1508161872625351,-0.07934603840112686,0.016251159831881523
1789059027406258400,46.27025854492187,-0.13561591506004333,-0.09212980419397354,0.01598239317536354
1789059027416268300,46.28026831054687,-0.12051552534103394,-0.11632728576660156,-0.00917515717446804
1789059027426278400,46.2902783203125,-0.10227847844362259,-0.1329025775194168,-0.028019608929753304
1789059027436288300,46.300288330078125,-0.12370547652244568,-0.1194930225610733,-0.05778016522526741
1789059027446298400,46.31029833984375,-0.12018931657075882,-0.11093483865261078,0.032520003616809845
1789059027456308500,46.32030859375,-0.07413128018379211,-0.12779264152050018,0.060255762189626694
1789059027466318300,46.330318359375,-0.05195936933159828,-0.13109450042247772,0.17043641209602356
1789059027476328400,46.34032836914062,-0.04088061675429344,-0.13442638516426086,0.18957816064357758
1789059027486338300,46.35033837890625,-0.017235202714800835,-0.14184868335723877,0.11777447909116745
1789059027496348400,46.36034838867187,-0.015398153103888035,-0.13934718072414398,0.05927601829171181
1789059027506358300,46.37035815429687,-0.01640642248094082,-0.17366376519203186,-0.05311606079339981
1789059027516368400,46.380368408203125,-0.02627076953649521,-0.15509328246116638,-0.009024500846862793
1789059027526378500,46.39037841796875,-0.017071133479475975,-0.15133126080036163,-0.011344725266098976
1789059027536388400,46.40038842773438,0.014733669348061085,-0.1756933182477951,0.023273706436157227
1789059027546398500,46.4103984375,0.033717717975378036,-0.17312131822109222,0.015825534239411354
1789059027556408300,46.420408203125,0.024038460105657578,-0.16678911447525024,-0.007794574834406376
1789059027566418400,46.43041845703125,0.012465151958167553,-0.16034899652004242,-0.020092466846108437
1789059027576428300,46.44042822265625,0.03696117177605629,-0.17035050690174103,-0.011560233309864998
1789059027586438400,46.4504384765625,0.04919892176985741,-0.1873222440481186,-0.06354055553674698
1789059027596448300,46.4604482421875,0.04838346317410469,-0.18177513778209686,-0.07534182071685791
1789059027606458000,46.4704580078125,0.042052388191223145,-0.15994226932525635,-0.022839007899165154
1789059027616468200,46.48046826171875,0.07636375725269318,-0.16784094274044037,-0.03773939609527588
1789059027626477300,46.490477294921874,0.11825843900442123,-0.1518639177083969,-0.012419300153851509
1789059027636487200,46.500487060546874,0.18597809970378876,-0.18705306947231293,-0.019061757251620293
1789059027646497300,46.510497314453126,0.24621905386447906,-0.19046679139137268,-0.011326647363603115
1789059027656507100,46.520507080078126,0.2738181948661804,-0.20237086713314056,-0.059494707733392715
1789059027666517200,46.53051733398438,0.28970181941986084,-0.17426812648773193,-0.014725176617503166
1789059027676527400,46.54052734375,0.3210466802120209,-0.1656637191772461,-0.04428892955183983
1789059027686537200,46.550537109375,0.3384334146976471,-0.1506328582763672,-0.031415268778800964
1789059027696547300,46.56054736328125,0.3508131206035614,-0.13175371289253235,-0.02692278102040291
1789059027706557200,46.57055712890625,0.3912961184978485,-0.11066881567239761,-0.01815088838338852
1789059027716567300,46.5805673828125,0.41711387038230896,-0.1034359410405159,0.008282316848635674
1789059027726577400,46.590577392578126,0.44700518250465393,-0.09011927992105484,0.023062648251652718
1789059027736587300,46.600587158203126,0.531993567943573,-0.1236327663064003,0.02932320535182953
1789059027746597400,46.61059741210938,0.5959793925285339,-0.1134391650557518,-0.025075208395719528
1789059027756607200,46.62060717773438,0.5656169652938843,-0.08375317603349686,-0.036927077919244766
1789059027766617300,46.63061743164062,0.5280486345291138,-0.05451551824808121,-0.07655281573534012
1789059027776627500,46.64062744140625,0.5140678286552429,0.00023321295157074928,-0.050290051847696304
1789059027786637300,46.65063720703125,0.5159373879432678,-0.010862067341804504,-0.021087022498250008
1789059027796647400,46.6606474609375,0.5661951899528503,-0.021557055413722992,0.004280385561287403
1789059027806657300,46.6706572265625,0.5900893807411194,-0.04381132870912552,0.03728070482611656
1789059027816667400,46.68066748046875,0.5891676545143127,-0.03058687038719654,0.030037442222237587
1789059027826677200,46.69067724609375,0.5816404819488525,-0.004243947099894285,0.06605775654315948
1789059027836687400,46.70068725585938,0.5410928130149841,0.02350352704524994,0.07338783890008926
1789059027846697200,46.710697265625,0.515786349773407,0.02903459593653679,0.0698891282081604
1789059027856707300,46.72070727539062,0.48536962270736694,0.06343437731266022,0.058715302497148514
1789059027866717400,46.730717529296875,0.46085602045059204,0.0463465191423893,0.021818460896611214
1789059027876727300,46.740727294921875,0.45345109701156616,0.046515628695487976,0.03270306438207626
1789059027886737400,46.7507373046875,0.41989046335220337,0.05768880620598793,0.04641737416386604
1789059027896747300,46.76074731445313,0.37088191509246826,0.06317838281393051,-0.01558234728872776
1789059027906757400,46.77075732421875,0.33250176906585693,0.08609489351511002,0.008427847176790237
1789059027916767200,46.78076733398437,0.2669121026992798,0.07594771683216095,-0.04065847396850586
1789059027926777300,46.79077734375,0.24918821454048157,0.06940041482448578,0.042199037969112396
1789059027936787500,46.800787353515624,0.2063123732805252,0.07824902981519699,0.04368668049573898
1789059027946797300,46.81079736328125,0.17216506600379944,0.08162203431129456,0.06160912662744522
1789059027956807400,46.820807373046875,0.1018884927034378,0.09778529405593872,0.0017135716043412685
1789059027966817300,46.8308173828125,0.07045099139213562,0.10071228444576263,0.00042954832315444946
1789059027976827400,46.84082739257813,0.06766798347234726,0.06380167603492737,-0.014925173483788967
1789059027986837500,46.85083740234375,0.05060143023729324,0.07535896450281143,0.018624531105160713
1789059027996847400,46.86084741210937,0.004781211726367474,0.08830272406339645,0.008567636832594872
1789059028006857500,46.870857421875,-0.016654346138238907,0.08029989898204803,0.04664891958236694
1789059028016866600,46.88086645507813,-0.0410531610250473,0.08067193627357483,0.033002085983753204
1789059028026876400,46.89087646484375,-0.051243267953395844,0.0926176980137825,0.025127284228801727
1789059028036886500,46.90088647460937,-0.05404597893357277,0.08884000033140182,-0.006849822588264942
1789059028046896400,46.910896484375,-0.06975407153367996,0.09941954910755157,-0.02614286169409752
1789059028056906500,46.920906494140624,-0.06519447267055511,0.10644896328449249,-0.041037123650312424
1789059028066916400,46.930916259765624,-0.01984298788011074,0.07717645913362503,-0.028493143618106842
1789059028076926500,46.940926513671876,0.022669851779937744,0.06684845685958862,-0.04532086104154587
1789059028086936600,46.9509365234375,0.03910878673195839,0.06111501529812813,0.012039280496537685
1789059028096946400,46.96094653320313,0.030654579401016235,0.08587042987346649,-0.016630448400974274
1789059028106956500,46.97095654296875,0.03953433036804199,0.10304687917232513,0.032730214297771454
1789059028116966400,46.98096630859375,0.05647176876664162,0.09941433370113373,-0.015498833730816841
1789059028126976500,46.9909765625,0.0846024826169014,0.1084258109331131,-0.02080342173576355
1789059028136986400,47.000986328125,0.09561492502689362,0.11127272993326187,-0.02151927910745144
1789059028146996500,47.01099658203125,0.1282855123281479,0.1021629199385643,-0.041890282183885574
1789059028157006600,47.021006591796876,0.13019180297851562,0.12338511645793915,-0.04111876338720322
1789059028167016400,47.031016357421876,0.13649095594882965,0.12077603489160538,-0.03198052570223808
1789059028177026600,47.04102661132813,0.14873963594436646,0.12812235951423645,-0.04056868702173233
1789059028187036400,47.05103637695313,0.1610400378704071,0.13766714930534363,-0.014791760593652725
1789059028197046500,47.06104663085937,0.1762533336877823,0.10615528374910355,-0.03796552121639252
1789059028207056600,47.071056640625,0.15457384288311005,0.14389368891716003,0.016475001350045204
1789059028217066500,47.08106640625,0.11930400878190994,0.1570664793252945,0.022006120532751083
1789059028227076600,47.09107666015625,0.10956616699695587,0.1574767678976059,0.005030425265431404
1789059028237086500,47.10108642578125,0.09389213472604752,0.1556844562292099,0.005523376166820526
1789059028247096600,47.1110966796875,0.09079861640930176,0.13861054182052612,-0.011330276727676392
1789059028257106400,47.1211064453125,0.08496150374412537,0.12342014163732529,-0.006548038683831692
1789059028267116300,47.1311162109375,0.052371565252542496,0.13601389527320862,0.012795655056834221
1789059028277126400,47.14112646484375,0.033048465847969055,0.1470489650964737,0.02958821691572666
1789059028287136300,47.15113623046875,0.017258625477552414,0.1508379727602005,0.016941694542765617
1789059028297146400,47.161146484375,-0.00004126864951103926,0.16221313178539276,0.021334845572710037
1789059028307156200,47.17115625,-0.020928479731082916,0.172920823097229,0.02248195745050907
1789059028317166300,47.181166259765625,-0.037838757038116455,0.14769083261489868,-0.01783910021185875
1789059028327176400,47.19117651367188,-0.002854942576959729,0.15007053315639496,0.015639524906873703
1789059028337186300,47.20118627929688,-0.011093164794147015,0.08712565153837204,-0.0023099149111658335
1789059028347196400,47.21119653320312,-0.058694690465927124,0.11074133217334747,-0.015459309332072735
1789059028357206300,47.22120629882812,-0.17662400007247925,0.20933794975280762,-0.016565585508942604
1789059028367216400,47.23121630859375,-0.2229178100824356,0.18172988295555115,0.006857295520603657
1789059028377226200,47.241226318359374,-0.2255663275718689,0.16173405945301056,0.008893548510968685
1789059028387236400,47.251236328125,-0.1973319798707962,0.13992509245872498,-0.0001530572772026062
1789059028397246500,47.26124658203125,-0.14675961434841156,0.0633309856057167,-0.005994434468448162
1789059028407256300,47.27125634765625,-0.17271213233470917,0.07899133861064911,0.046082839369773865
1789059028417266400,47.28126635742188,-0.28290122747421265,0.07951731234788895,0.03258061408996582
1789059028427275500,47.291275634765626,-0.3141571581363678,0.06333312392234802,-0.006232322659343481
1789059028437285400,47.301285400390626,-0.38715413212776184,0.09895716607570648,-0.05193323269486427
1789059028447295500,47.31129541015625,-0.3892607092857361,0.035926394164562225,-0.04567822813987732
1789059028457305300,47.32130541992188,-0.39573460817337036,0.03425339609384537,-0.020693518221378326
1789059028467315500,47.3313154296875,-0.4445156753063202,0.040486712008714676,0.008732898160815239
1789059028477325300,47.3413251953125,-0.4501064717769623,0.007660588249564171,-0.03271281346678734
1789059028487335400,47.35133544921875,-0.4498846232891083,-0.00426472956314683,-0.01475606206804514
1789059028497345500,47.361345458984374,-0.4500372111797333,-0.007588620763272047,-0.00985877588391304
1789059028507355400,47.37135546875,-0.40454697608947754,-0.04753587394952774,-0.0037965956144034863
1789059028517365500,47.381365478515626,-0.4233874976634979,-0.047203775495290756,-0.024273907765746117
1789059028527375400,47.391375244140626,-0.4310307800769806,-0.04933016002178192,-0.011436312459409237
1789059028537385500,47.40138549804688,-0.4301162362098694,-0.042913537472486496,-0.00829804316163063
1789059028547395600,47.4113955078125,-0.3996198773384094,-0.047127269208431244,-0.038032416254282
1789059028557405400,47.42140551757812,-0.33268505334854126,-0.059821221977472305,-0.03666514903306961
1789059028567415600,47.43141552734375,-0.3246251940727234,-0.059081923216581345,-0.023331573233008385
1789059028577425400,47.44142529296875,-0.29932650923728943,-0.06946505606174469,-0.029151644557714462
1789059028587435500,47.451435546875,-0.2668503522872925,-0.07929642498493195,-0.015649339184165
1789059028597445400,47.4614453125,-0.22058351337909698,-0.08513353765010834,0.011215564794838428
1789059028607455500,47.47145556640625,-0.19430850446224213,-0.09988082945346832,0.03420884162187576
1789059028617465600,47.48146557617188,-0.1724141240119934,-0.10065314918756485,0.039639562368392944
1789059028627475500,47.49147534179688,-0.20370061695575714,-0.06838835030794144,0.03333902731537819
1789059028637485600,47.50148559570312,-0.15516451001167297,-0.10653707385063171,-0.0368587002158165
1789059028647495400,47.51149536132812,-0.1128019168972969,-0.11909843236207962,-0.0372995100915432
1789059028657505500,47.521505615234375,-0.07987965643405914,-0.13860554993152618,-0.019035281613469124
1789059028667515400,47.531515380859375,-0.06676174700260162,-0.1519579291343689,-0.03319168835878372
1789059028677525500,47.541525390625,-0.020758571103215218,-0.11764123290777206,0.024565614759922028
1789059028687535600,47.55153564453125,-0.010337880812585354,-0.1332477480173111,-0.027731848880648613
1789059028697545500,47.56154541015625,0.06896013766527176,-0.09332801401615143,0.03612755611538887
1789059028707555600,47.5715556640625,0.12236157059669495,-0.13332922756671906,-0.020998913794755936
1789059028717565400,47.5815654296875,0.1878116875886917,-0.1317955106496811,0.021666789427399635
1789059028727575600,47.59157543945312,0.1993408054113388,-0.13764101266860962,-0.023802194744348526
1789059028737585400,47.60158544921875,0.23171205818653107,-0.09951306134462357,0.02052319422364235
1789059028747595300,47.61159521484375,0.2656172811985016,-0.10037564486265182,0.014829818159341812
1789059028757605400,47.62160546875,0.3274447023868561,-0.08270956575870514,0.04331685230135918
1789059028767615200,47.631615234375,0.33446770906448364,-0.0859014168381691,0.016548434272408485
1789059028777625900,47.6416259765625,0.37455761432647705,-0.06357506662607193,0.02017912268638611
1789059028787635700,47.6516357421875,0.4034966230392456,-0.085051529109478,-0.021456226706504822
1789059028797645800,47.661645751953124,0.4478619396686554,-0.07925143092870712,-0.015352263115346432
1789059028807656000,47.671656005859376,0.4446442723274231,-0.08116280287504196,-0.06384295970201492
1789059028817665800,47.681665771484376,0.41299208998680115,-0.020872294902801514,-0.03312952071428299
1789059028827676000,47.69167602539063,0.41613438725471497,0.003514183685183525,0.011586437001824379
1789059028837685800,47.70168579101563,0.4829791784286499,-0.0062412419356405735,0.032276004552841187
1789059028847696000,47.71169580078125,0.542676568031311,-0.025823445990681648,0.018038609996438026
1789059028857705700,47.72170581054687,0.5351254343986511,-0.008252443745732307,-0.019330067560076714
1789059028867715800,47.7317158203125,0.5232317447662354,0.00012021651491522789,-0.05900915712118149
1789059028877725000,47.74172485351563,0.4883262515068054,0.029422178864479065,-0.012525810860097408
1789059028887734800,47.75173486328125,0.4410775303840637,0.04678767919540405,-0.006439648102968931
1789059028897745000,47.76174487304687,0.4308896064758301,0.05953570082783699,0.07267781347036362
1789059028907755000,47.771755126953124,0.4338022768497467,0.052139535546302795,0.07807657867670059
1789059028917764900,47.781764892578124,0.42406338453292847,0.051227934658527374,0.09692776203155518
1789059028927775000,47.79177490234375,0.4207909107208252,0.049309007823467255,0.06863343715667725
1789059028937784800,47.801784912109376,0.36819347739219666,0.06313906610012054,0.023435331881046295
1789059028947795000,47.811794921875,0.29928842186927795,0.06377030909061432,0.005922902841120958
1789059028957804800,47.8218046875,0.23414164781570435,0.09233244508504868,0.009431350976228714
1789059028967814700,47.83181469726563,0.18591979146003723,0.0904727578163147,-0.02905398979783058
1789059028977824800,47.84182470703125,0.1621846705675125,0.0957225114107132,0.010279596783220768
1789059028987834600,47.85183471679687,0.14992693066596985,0.10676968097686768,0.06933696568012238
1789059028997844700,47.8618447265625,0.13958027958869934,0.09821666777133942,0.07427393645048141
1789059029007854600,47.8718544921875,0.13285952806472778,0.10300034284591675,0.0336066372692585
1789059029017864700,47.88186474609375,0.1243792250752449,0.1070382297039032,0.00960463285446167
1789059029027874800,47.89187475585938,0.09176985174417496,0.10633815824985504,-0.009752901270985603
1789059029037884700,47.901884765625,0.056502677500247955,0.12458507716655731,0.01680600456893444
1789059029047894800,47.91189477539063,0.02665664628148079,0.13487322628498077,0.05606769770383835
1789059029057904600,47.92190454101563,0.007744475733488798,0.13222816586494446,0.02490951307117939
1789059029067914800,47.93191479492187,-0.03345516696572304,0.145300954580307,0.02664952725172043
1789059029077924600,47.94192456054687,-0.05495619773864746,0.12470432370901108,0.030034139752388
1789059029087934700,47.951934814453125,-0.0640631765127182,0.11657899618148804,0.042435355484485626
1789059029097944800,47.96194482421875,-0.09675188362598419,0.13042902946472168,0.06017813831567764
1789059029107954700,47.97195458984375,-0.12153072655200958,0.12309308350086212,0.047068264335393906
1789059029117964800,47.98196484375,-0.14564484357833862,0.12436900287866592,0.06074412912130356
1789059029127974700,47.991974609375,-0.1634323000907898,0.11961564421653748,0.057946570217609406
1789059029137984800,48.00198486328125,-0.1553030014038086,0.11167223006486893,0.05676625669002533
1789059029147995000,48.01199487304687,-0.15278203785419464,0.11313685029745102,0.011207188479602337
1789059029158004700,48.02200463867187,-0.18532054126262665,0.12216389924287796,0.0067578451707959175
1789059029168014800,48.032014892578125,-0.1800442934036255,0.11957179009914398,-0.00417401734739542
1789059029178024700,48.042024658203125,-0.15332959592342377,0.1012929230928421,0.011804682202637196
1789059029188034800,48.05203491210938,-0.12285904586315155,0.09339495748281479,0.07601878046989441
1789059029198044700,48.06204467773438,-0.10486406832933426,0.10533417761325836,0.09540686011314392
1789059029208054800,48.0720546875,-0.12972895801067352,0.11741561442613602,0.06210982799530029
1789059029218065000,48.08206494140625,-0.14318910241127014,0.1313631236553192,0.019585533067584038
1789059029228074800,48.09207470703125,-0.135212704539299,0.1408916711807251,-0.03959483653306961
1789059029238084900,48.1020849609375,-0.1045788824558258,0.1251949965953827,-0.029743267223238945
1789059029248094700,48.1120947265625,-0.09063666313886642,0.11227010935544968,-0.05672008916735649
1789059029258104800,48.122104736328126,-0.0773853063583374,0.11839111894369125,0.014627061784267426
1789059029268114700,48.13211474609375,-0.06282259523868561,0.11453554034233093,-0.022335324436426163
1789059029278124800,48.14212475585938,-0.065559521317482,0.12292130291461945,-0.004442610777914524
1789059029288135000,48.15213500976562,-0.06246757134795189,0.109626904129982,-0.025564102455973625
1789059029298144800,48.16214477539062,-0.06984053552150726,0.11475934088230133,-0.019173314794898033
1789059029308155000,48.17215478515625,-0.07892677932977676,0.11792253702878952,-0.0028749280609190464
1789059029318164700,48.182164794921874,-0.07851585745811462,0.1096893697977066,-0.0044616395607590675
1789059029328174800,48.1921748046875,-0.110601045191288,0.12023136019706726,0.02504993975162506
1789059029338185000,48.20218505859375,-0.1626562476158142,0.13939866423606873,0.03294514864683151
1789059029348194800,48.21219482421875,-0.1542694866657257,0.1240835040807724,0.008646903559565544
1789059029358205000,48.22220483398438,-0.153018057346344,0.10614684969186783,0.03691955655813217
1789059029368214800,48.23221484375,-0.15279939770698547,0.08683960884809494,-0.024867750704288483
1789059029378223900,48.242223876953126,-0.18501992523670197,0.08943165838718414,-0.013970894739031792
1789059029388234000,48.25223388671875,-0.222349151968956,0.09157750755548477,-0.016365382820367813
1789059029398243800,48.26224389648438,-0.26491495966911316,0.11640375852584839,0.021299438551068306
1789059029408254000,48.27225390625,-0.27887579798698425,0.08252286165952682,0.00906990934163332
1789059029418263800,48.28226391601562,-0.28941231966018677,0.09276671707630157,0.021411795169115067
1789059029428274000,48.29227392578125,-0.3000756800174713,0.06388603895902634,-0.009450565092265606
1789059029438283800,48.30228369140625,-0.329011470079422,0.07184142619371414,0.012430232018232346
1789059029448293600,48.312293701171875,-0.35000646114349365,0.052026499062776566,-0.008700765669345856
1789059029458303700,48.3223037109375,-0.36230599880218506,0.04358401149511337,0.012471098452806473
1789059029468313600,48.33231372070313,-0.37120339274406433,0.03977137804031372,-0.03327760100364685
1789059029478323700,48.34232373046875,-0.377913236618042,0.031369905918836594,-0.03039100021123886
1789059029488333800,48.35233374023438,-0.3714233338832855,0.021147076040506363,-0.027915723621845245
1789059029498343700,48.36234375,-0.36405304074287415,-0.004410482011735439,-0.018392261117696762
1789059029508353800,48.37235375976562,-0.3689114451408386,0.017636282369494438,0.033576782792806625
1789059029518363600,48.38236376953125,-0.3684435188770294,-0.010206799954175949,0.0006302855908870697
1789059029528373800,48.392373779296875,-0.37371471524238586,0.013645801693201065,-0.0014419200597330928
1789059029538383600,48.402383544921875,-0.38523155450820923,-0.018231438472867012,-0.03885560482740402
1789059029548393700,48.41239379882813,-0.35683107376098633,-0.04281314089894295,-0.05241696536540985
1789059029558403800,48.42240380859375,-0.3285565674304962,-0.054720137268304825,-0.029467975720763206
1789059029568413700,48.43241357421875,-0.33476123213768005,-0.0808187872171402,0.0004686708562076092
1789059029578423800,48.442423828125,-0.33866462111473083,-0.06931180506944656,0.005126805976033211
1789059029588433700,48.45243359375,-0.3406006395816803,-0.08479942381381989,0.0019048978574573994
1789059029598443800,48.46244384765625,-0.3150596022605896,-0.0747356042265892,-0.020321577787399292
1789059029608453600,48.47245361328125,-0.29914140701293945,-0.09768827259540558,-0.04071053862571716
1789059029618463700,48.482463623046876,-0.2837315797805786,-0.11065440624952316,-0.029290370643138885
1789059029628473900,48.49247387695313,-0.280353844165802,-0.08788265287876129,-0.008977082557976246
1789059029638483700,48.50248364257813,-0.2734362781047821,-0.10440250486135483,-0.042197085916996
1789059029648493800,48.51249389648437,-0.26514938473701477,-0.08832800388336182,-0.014018152840435505
1789059029658503700,48.52250366210937,-0.2633317708969116,-0.11828722804784775,-0.030223220586776733
1789059029668513800,48.532513671875,-0.23897182941436768,-0.11619292199611664,0.026025136932730675
1789059029678524000,48.54252392578125,-0.21902263164520264,-0.12455391138792038,0.006905505433678627
1789059029688533800,48.55253369140625,-0.2245982438325882,-0.12496870756149292,-0.0013094432651996613
1789059029698543900,48.5625439453125,-0.21713365614414215,-0.12614263594150543,-0.016091318801045418
1789059029708553700,48.5725537109375,-0.19209139049053192,-0.12806738913059235,-0.001983407186344266
1789059029718563800,48.58256372070313,-0.15520022809505463,-0.13190659880638123,0.026433587074279785
1789059029728573700,48.59257373046875,-0.12396107614040375,-0.14169904589653015,-0.015757009387016296
1789059029738583800,48.60258374023437,-0.10457859188318253,-0.1373133510351181,-0.013169215992093086
1789059029748594000,48.612593994140624,-0.07684045284986496,-0.1408364325761795,-0.018604261800646782
1789059029758603800,48.622603759765624,-0.0661635771393776,-0.12700024247169495,-0.0016276759561151266
1789059029768614000,48.63261376953125,-0.02726169116795063,-0.11820069700479507,0.012393880635499954
1789059029778624000,48.6426240234375,0.019928457215428352,-0.1175820454955101,0.010707567445933819
1789059029788634000,48.65263403320313,0.05478604510426521,-0.12250367552042007,-0.006448956206440926
1789059029798644000,48.66264404296875,0.08771656453609467,-0.11993425339460373,-0.006343495100736618
1789059029808654000,48.67265405273437,0.11510611325502396,-0.10373691469430923,-0.008551521226763725
1789059029818664200,48.682664306640625,0.13232557475566864,-0.10002526640892029,0.014508257620036602
1789059029828674000,48.692674072265625,0.1770688146352768,-0.11154626309871674,0.013634713366627693
1789059029838684200,48.70268408203125,0.20132674276828766,-0.11534206569194794,0.039467643946409225
1789059029848694000,48.71269409179688,0.21753765642642975,-0.11694565415382385,-0.012784415856003761
1789059029858704100,48.7227041015625,0.23482583463191986,-0.09682174026966095,-0.0015296315541490912
1789059029868714000,48.7327138671875,0.2544536590576172,-0.09533605724573135,-0.02097429148852825
1789059029878724000,48.74272412109375,0.2587277591228485,-0.08240427821874619,-0.0014139065751805902
1789059029888734200,48.75273413085937,0.2747945487499237,-0.06427174061536789,-0.0039742933586239815
1789059029898744000,48.762744140625,0.2675025463104248,-0.058167509734630585,-0.015500187873840332
1789059029908754200,48.772754150390625,0.27298253774642944,-0.05084417015314102,-0.024177605286240578
1789059029918764000,48.782763916015625,0.27083444595336914,-0.05398004502058029,-0.04386049509048462
1789059029928774100,48.79277416992188,0.26612117886543274,-0.054368119686841965,-0.01955953799188137
1789059029938784000,48.80278393554688,0.24468165636062622,-0.0526365302503109,-0.02425016462802887
1789059029948794000,48.81279418945312,0.21671298146247864,-0.04269177466630936,0.03084542229771614
1789059029958804200,48.82280419921875,0.18505705893039703,-0.04436850547790527,0.013330078683793545
1789059029968815000,48.83281518554688,0.1491474211215973,-0.010867787525057793,0.03989400342106819
1789059029978824200,48.84282421875,0.09103564918041229,-0.024194778874516487,-0.01981114037334919
1789059029988834000,48.852833984375,0.08560386300086975,-0.025081345811486244,-0.01735224388539791
1789059029998844200,48.86284423828125,0.055489636957645416,-0.028739728033542633,-0.00724900932982564
1789059030008854300,48.87285424804688,0.04340794309973717,-0.033208247274160385,0.010219994932413101
1789059030018864000,48.88286401367188,0.04837473854422569,-0.02909952402114868,0.006090231705456972
1789059030028874200,48.89287426757812,0.03372929245233536,-0.04037012904882431,-0.01865372247993946
1789059030038884000,48.90288403320312,0.0145718427374959,-0.03880205750465393,-0.04146662726998329
1789059030048894200,48.912894287109374,-0.0026045488193631172,-0.03229111433029175,-0.04642842337489128
1789059030058904000,48.922904052734374,-0.013603935949504375,-0.025010831654071808,-0.010674419812858105
1789059030068914200,48.9329140625,-0.0029419451020658016,-0.008195650763809681,0.01985272765159607
1789059030078924300,48.94292431640625,-0.00420987606048584,-0.0163491852581501,0.033543772995471954
1789059030088934100,48.95293408203125,-0.009533017873764038,-0.019068846479058266,0.017869286239147186
1789059030098944300,48.9629443359375,-0.012056629173457623,-0.004081909079104662,0.010005504824221134
1789059030108954000,48.9729541015625,-0.00895620509982109,-0.03210212290287018,-0.03664134815335274
1789059030118964200,48.98296411132812,0.009060878306627274,-0.03676904737949371,-0.041920796036720276
1789059030128974000,48.99297412109375,0.024027634412050247,-0.029383238404989243,-0.02120516076683998
1789059030138984200,49.002984130859375,0.02349500171840191,-0.01704135164618492,-0.004925523418933153
1789059030148994300,49.012994384765626,0.014162981882691383,-0.019506292417645454,-0.010247396305203438
1789059030159004200,49.023004150390626,0.023615872487425804,-0.006506605539470911,-0.012618940323591232
1789059030169014300,49.03301416015625,0.03921693190932274,-0.023266460746526718,-0.03010803833603859
1789059030179024100,49.04302416992188,0.04061375930905342,-0.022217176854610443,-0.016194088384509087
1789059030189034200,49.0530341796875,0.04561144858598709,0.0028466321527957916,0.012255130335688591
1789059030199044400,49.06304443359375,0.04735264182090759,0.006446520797908306,0.0007487155962735415
1789059030209054200,49.07305419921875,0.05687052011489868,-0.0017516519874334335,0.02792598120868206
1789059030219064300,49.083064208984375,0.05985192954540253,-0.004079787060618401,-0.005495358724147081
1789059030229074200,49.09307421875,0.06470984220504761,0.010167296975851059,0.05905000865459442
1789059030239084300,49.10308422851563,0.03741723671555519,-0.00033913925290107727,0.0039896853268146515
1789059030249094100,49.11309423828125,0.031465064734220505,0.006324304733425379,0.0010723387822508812
1789059030259104000,49.12310400390625,0.011930247768759727,-0.0006744824349880219,-0.01491008885204792
1789059030269114000,49.13311401367187,0.0058225542306900024,0.004400437232106924,0.012697303667664528
1789059030279124000,49.1431240234375,0.004723991733044386,-0.008870781399309635,-0.02501847594976425
1789059030289133000,49.15313305664063,-0.00245828740298748,-0.005300014279782772,-0.023097006604075432
1789059030299143200,49.16314306640625,-0.0008782615186646581,-0.0048475246876478195,0.015230013988912106
1789059030309153000,49.17315307617187,-0.011108285747468472,-0.006517790723592043,0.03475203365087509
1789059030319163100,49.1831630859375,-0.03469936549663544,-0.0004705507308244705,0.05001141503453255
1789059030329173000,49.19317309570312,-0.036102570593357086,0.005959377158433199,0.042335186153650284
1789059030339183000,49.20318310546875,-0.031643375754356384,0.0013249441981315613,0.048356328159570694
1789059030349193200,49.213193115234375,-0.03248627856373787,-0.004988869186490774,0.01887666806578636
1789059030359203000,49.223203125,-0.03888825327157974,0.012338189408183098,0.007647715508937836
1789059030369213200,49.23321313476563,-0.02585075981914997,0.009773573838174343,0.014662681147456169
1789059030379223000,49.24322314453125,-0.006056281737983227,0.005835824180394411,0.004324822220951319
1789059030389233200,49.25323315429687,0.0004179043462499976,0.022856110706925392,0.060431286692619324
1789059030399243000,49.26324291992187,0.013357670977711678,-0.006553709041327238,0.0037996990140527487
1789059030409253000,49.273253173828124,0.03654341772198677,-0.027012910693883896,0.002359461272135377
1789059030419263200,49.28326318359375,0.03317851573228836,-0.024827254936099052,-0.008191184140741825
1789059030429273000,49.293273193359376,0.017804093658924103,-0.019906379282474518,0.01790895313024521
1789059030439283200,49.303283203125,-0.02506321296095848,0.008018995635211468,0.038160428404808044
1789059030449293000,49.31329296875,-0.06764397770166397,0.02794605679810047,0.031386226415634155
1789059030459303200,49.32330322265625,-0.04722365736961365,0.0008699642494320869,0.005387915298342705
1789059030469313000,49.33331298828125,-0.02156967483460903,0.002692458452656865,0.00786442682147026
1789059030479323100,49.3433232421875,-0.010841930285096169,-0.015103582292795181,0.011607233434915543
1789059030489333200,49.353333251953124,-0.0003837436670437455,-0.024349939078092575,-0.000320822698995471
1789059030499343000,49.363343017578124,-0.00787015538662672,0.0071123805828392506,0.06225227564573288
1789059030509353200,49.373353271484376,-0.033417537808418274,0.031125586479902267,0.01428247056901455
1789059030519363000,49.383363037109376,0.0015495008556172252,0.023989113047719002,-0.002709827618673444
1789059030529373200,49.39337329101563,0.052637968212366104,0.009110307320952415,-0.052096351981163025
1789059030539383300,49.40338330078125,0.058072950690984726,-0.03147493675351143,-0.03526410833001137
1789059030549393200,49.41339306640625,0.0298900343477726,-0.012223733589053154,-0.03122335858643055
1789059030559403300,49.4234033203125,0.016620567068457603,0.01271730288863182,0.006698190234601498
1789059030569413000,49.4334130859375,0.01660059206187725,0.016404664143919945,0.0033643259666860104
1789059030579423200,49.44342333984375,0.021516786888241768,0.014193441718816757,0.017593862488865852
1789059030589433000,49.45343310546875,-0.013812694698572159,-0.0035727820359170437,0.013724088668823242
1789059030599443200,49.46344311523438,-0.030811119824647903,0.006885983981192112,0.027574123814702034
1789059030609453300,49.47345336914063,-0.04882821813225746,-0.00018927780911326408,0.028365163132548332
1789059030619463200,49.48346313476563,-0.047401830554008484,-0.00407403102144599,0.02793453074991703
1789059030629473300,49.49347338867187,-0.06258075684309006,-0.006386841647326946,-0.011745345778763294
1789059030639483100,49.50348315429687,-0.06885915994644165,-0.008929361589252949,-0.020930588245391846
1789059030649493200,49.5134931640625,-0.07945935428142548,-0.01951318420469761,-0.03795280680060387
1789059030659503000,49.523503173828125,-0.08659715950489044,0.006405498832464218,-0.02353791519999504
1789059030669513200,49.53351318359375,-0.0818551555275917,0.0022637168876826763,-0.0049104210920631886
1789059030679523300,49.5435234375,-0.05768590793013573,-0.01623007282614708,0.00355816469527781
1789059030689533200,49.553533203125,-0.06403163075447083,0.013899031095206738,0.018353616818785667
1789059030699543300,49.56354321289062,-0.06838856637477875,-0.006303975358605385,-0.01569276489317417
1789059030709553200,49.57355322265625,-0.06440775096416473,0.002208024263381958,-0.033131927251815796
1789059030719563300,49.583563232421874,-0.07906392961740494,0.008914129808545113,-0.05459407716989517
1789059030729573400,49.593573486328125,-0.06213412806391716,0.0059349508956074715,-0.015658704563975334
1789059030739583000,49.6035830078125,-0.050303567200899124,0.014424309134483337,-0.01232549175620079
1789059030749593000,49.613593017578125,-0.061227113008499146,0.022916531190276146,-0.003846221836283803
1789059030759603000,49.62360302734375,-0.05594659596681595,0.021101320162415504,-0.01686854660511017
1789059030769613000,49.63361303710938,-0.04212399199604988,0.003910083323717117,-0.006621235981583595
1789059030779622700,49.64362255859375,-0.04410059005022049,0.018802478909492493,0.009362790733575821
1789059030789632500,49.65363256835938,-0.07105948030948639,0.011342200450599194,-0.020328273996710777
1789059030799642600,49.663642578125,-0.08695615082979202,0.015220561996102333,-0.03309573605656624
1789059030809652500,49.67365258789062,-0.09427687525749207,0.00415116548538208,-0.03606970235705376
1789059030819661600,49.68366162109375,-0.09587237983942032,-0.00842747651040554,-0.03310427442193031
1789059030829671700,49.69367163085938,-0.10161872208118439,-0.011902238242328167,0.0027989100199192762
1789059030839681500,49.703681640625,-0.0982050821185112,-0.00909207109361887,-0.0034312892239540815
1789059030849691400,49.71369140625,-0.08898472040891647,-0.009304778650403023,0.026774471625685692
1789059030859701500,49.72370141601562,-0.08265012502670288,-0.024359894916415215,0.0028065545484423637
1789059030869711400,49.73371142578125,-0.06813450902700424,-0.019005758687853813,0.01959281414747238
1789059030879721500,49.743721435546874,-0.06901734322309494,-0.034602295607328415,0.006096980068832636
1789059030889731300,49.7537314453125,-0.06000043451786041,-0.02976853772997856,-0.0010095569305121899
1789059030899741400,49.763741455078126,-0.05906566604971886,-0.04321110621094704,-0.026617448776960373
1789059030909751300,49.773751220703126,-0.05865690857172012,-0.04677705466747284,-0.0396767221391201
1789059030919761400,49.78376147460938,-0.051625363528728485,-0.034776315093040466,0.004117362201213837
1789059030929771500,49.793771484375,-0.023908205330371857,-0.06760609149932861,-0.03354062885046005
1789059030939781400,49.80378149414062,-0.007841620594263077,-0.048534929752349854,0.0371394008398056
1789059030949791500,49.81379150390625,0.0014506783336400986,-0.07131645828485489,-0.03799275681376457
1789059030959801300,49.82380126953125,0.015648789703845978,-0.06885650008916855,-0.05367637798190117
1789059030969811500,49.8338115234375,0.02601856365799904,-0.05642249062657356,-0.0737990066409111
1789059030979821600,49.843821533203126,0.04969113692641258,-0.05421898886561394,-0.046076297760009766
1789059030989831400,49.85383154296875,0.07786770164966583,-0.044013261795043945,0.013624577783048153
1789059030999841500,49.86384155273438,0.09433668851852417,-0.05037395656108856,0.013561992906033993
1789059031009851400,49.87385131835938,0.12232597917318344,-0.0463208369910717,0.009022489190101624
1789059031019861500,49.88386157226562,0.13586735725402832,-0.04739249497652054,-0.015580059960484505
1789059031029871400,49.89387133789062,0.13128435611724854,-0.042232856154441833,-0.010064404457807541
1789059031039881500,49.903881591796875,0.12116168439388275,-0.03119884617626667,-0.0016248463653028011
1789059031049891600,49.9138916015625,0.12242823094129562,-0.028642870485782623,0.008543082512915134
1789059031059901400,49.9239013671875,0.11878715455532074,-0.02909001335501671,-0.0005124646704643965
1789059031069911600,49.93391162109375,0.0961197093129158,-0.03162069246172905,-0.020253391936421394
1789059031079921400,49.94392138671875,0.07447034120559692,-0.025215519592165947,-0.06122053414583206
1789059031089931500,49.953931640625,0.05637887865304947,0.0015651695430278778,0.005431698635220528
1789059031099941400,49.96394140625,0.05729686841368675,-0.021296469494700432,-0.00455755228176713
1789059031109951500,49.97395141601562,0.05540924519300461,-0.015158752910792828,-0.00962526910007
1789059031119961600,49.983961669921875,0.05392692983150482,-0.03727018088102341,0.00905707199126482
1789059031129971500,49.993971435546875,0.034959882497787476,-0.02979521080851555,0.0074079763144254684
1789059031139981600,50.00398168945313,0.015152623876929283,-0.016725746914744377,-0.01189994066953659
1789059031149991400,50.01399145507813,0.011958993040025234,-0.020236507058143616,0.004800846334546804
1789059031160001500,50.02400146484375,-0.0063331956043839455,-0.015836965292692184,0.02277398854494095
1789059031170011600,50.03401171875,-0.03614487498998642,-0.014841802418231964,0.03731958568096161
1789059031180021500,50.044021484375,-0.04015559330582619,-0.018357975408434868,0.031764499843120575
1789059031190031600,50.054031494140624,-0.05333932116627693,-0.016459930688142776,0.026731325313448906
1789059031200041500,50.06404150390625,-0.07160274684429169,-0.01220579631626606,-0.021250581368803978
1789059031210051600,50.074051513671876,-0.06964268535375595,-0.012055154889822006,-0.020249005407094955
1789059031220061400,50.0840615234375,-0.05122159421443939,-0.032881610095500946,-0.03439171984791756
1789059031230071600,50.09407153320313,-0.043819859623909,-0.03196176141500473,-0.022360026836395264
1789059031240081700,50.10408154296875,-0.050078023225069046,-0.033674709498882294,-0.018831605091691017
1789059031250091500,50.11409155273437,-0.04215754568576813,-0.022624002769589424,0.01441013254225254
1789059031260101600,50.1241015625,-0.0333414152264595,-0.012102119624614716,0.03918924927711487
1789059031270111500,50.134111572265624,-0.019200803712010384,-0.017142703756690025,0.028497587889432907
1789059031280121600,50.14412158203125,-0.0032506000716239214,-0.015928301960229874,0.005483882501721382
1789059031290131500,50.15413134765625,-0.00274377828463912,-0.006487784907221794,-0.005178724881261587
1789059031300141600,50.1641416015625,0.011903074570000172,-0.0006834249943494797,0.018944453448057175
1789059031310151700,50.17415161132813,0.03605661541223526,0.006600320339202881,-0.003839154727756977
1789059031320161500,50.18416162109375,0.05255436524748802,0.018416499719023705,0.014710028655827045
1789059031330171600,50.19417163085937,0.06225143000483513,0.019235819578170776,0.0166280809789896
1789059031340181500,50.20418139648437,0.0814988985657692,0.013046366162598133,0.011254886165261269
1789059031350191600,50.214191650390624,0.09750344604253769,0.01310904324054718,-0.002271803095936775
1789059031360201500,50.224201416015624,0.09103329479694366,0.023688985034823418,-0.02420586347579956
1789059031370211600,50.234211669921876,0.07602053880691528,0.03992684930562973,-0.0226136427372694
1789059031380221700,50.2442216796875,0.07628685235977173,0.036047160625457764,-0.00843204278498888
1789059031390231600,50.2542314453125,0.09352359920740128,0.021943988278508186,-0.0004766045603901148
1789059031400241700,50.26424169921875,0.09493481367826462,0.026211170479655266,0.020997263491153717
1789059031410251500,50.27425146484375,0.08917709439992905,0.028771240264177322,0.0035385729279369116
1789059031420261600,50.28426171875,0.09293747693300247,0.02616000920534134,0.024704046547412872
1789059031430271700,50.294271728515625,0.08119317144155502,0.033350296318531036,0.04962444677948952
1789059031440281300,50.30428125,0.07689189910888672,0.025462280958890915,0.039622679352760315
1789059031450291500,50.31429150390625,0.07800107449293137,0.03633572906255722,0.0606854185461998
1789059031460301300,50.32430126953125,0.06741154193878174,0.04829012602567673,0.04583350569009781
1789059031470311400,50.3343115234375,0.07883119583129883,0.03142569959163666,0.010829633101820946
1789059031480321300,50.3443212890625,0.08432849496603012,0.037001825869083405,-0.020058240741491318
1789059031490331400,50.35433129882812,0.08515433967113495,0.03998563438653946,-0.027735870331525803
1789059031500341500,50.36434155273437,0.09779077023267746,0.029070399701595306,-0.023312624543905258
1789059031510351400,50.37435131835937,0.10047794133424759,0.039969462901353836,0.001614200184121728
1789059031520361500,50.384361572265625,0.11385420709848404,0.03756595775485039,0.05040304735302925
1789059031530371300,50.394371337890625,0.12319843471050262,0.029660630971193314,0.025932321324944496
1789059031540381400,50.40438134765625,0.10844902694225311,0.03860247880220413,0.02363494783639908
1789059031550391600,50.4143916015625,0.10840778797864914,0.03351837396621704,-0.016677362844347954
1789059031560401400,50.4244013671875,0.1108589619398117,0.03574051707983017,-0.0033711453434079885
1789059031570411500,50.43441162109375,0.09486927837133408,0.04406996816396713,0.01077787484973669
1789059031580421400,50.44442138671875,0.06954767554998398,0.05766380578279495,0.010487856343388557
1789059031590431500,50.454431396484374,0.05590193718671799,0.05704444274306297,0.000613226555287838
1789059031600441300,50.46444140625,0.054318420588970184,0.05131411924958229,0.00498959980905056
1789059031610451500,50.474451416015626,0.032458920031785965,0.04661699756979942,0.005539036355912685
1789059031620461600,50.48446166992188,0.008464906364679337,0.044100042432546616,0.014245442114770412
1789059031630471400,50.49447143554688,-0.02202056720852852,0.03757072240114212,-0.001158933388069272
1789059031640481500,50.5044814453125,-0.06076689809560776,0.04021070897579193,0.020201748237013817
1789059031650491400,50.51449145507812,-0.0862586721777916,0.03167511895298958,-0.005441322922706604
1789059031660501500,50.52450146484375,-0.11715160310268402,0.04306891933083534,-0.0151637252420187
1789059031670511400,50.534511474609374,-0.1210041493177414,0.02983775921165943,-0.019855068996548653
1789059031680521500,50.544521484375,-0.1126474142074585,0.024860577657818794,-0.005424731411039829
1789059031690531600,50.554531494140626,-0.1223418340086937,0.03151489794254303,0.021030470728874207
1789059031700541400,50.56454150390625,-0.11401040107011795,0.026990719139575958,0.01292593777179718
1789059031710551600,50.57455151367188,-0.10136682540178299,0.03124760463833809,-0.00879095308482647
1789059031720561400,50.5845615234375,-0.09261967241764069,0.032254014164209366,0.011382758617401123
1789059031730571500,50.59457153320312,-0.06692516058683395,0.01796903647482395,0.002263625618070364
1789059031740581600,50.60458154296875,-0.050641000270843506,0.023003211244940758,-0.00821431539952755
1789059031750591500,50.614591552734375,-0.03643839806318283,0.02085758000612259,0.016180429607629776
1789059031760601600,50.6246015625,-0.013070225715637207,0.017628498375415802,0.020871054381132126
1789059031770611500,50.63461157226563,-0.007027790416032076,0.020022740587592125,0.01905163750052452
1789059031780620300,50.64462036132812,0.0032086018472909927,0.02853553555905819,0.01405181922018528
1789059031790630400,50.65463037109375,0.01688980497419834,0.023483242839574814,-0.014882827177643776
1789059031800640300,50.66464013671875,0.025987163186073303,0.025880353525280952,-0.026507260277867317
1789059031810650400,50.674650390625,0.05081239342689514,0.014652756974101067,-0.037445876747369766
1789059031820660500,50.68466040039063,0.06465736776590347,0.01574545167386532,-0.005459715612232685
1789059031830670300,50.69467041015625,0.07052774727344513,0.014221558347344398,0.0012972732074558735
1789059031840680400,50.70468041992188,0.07626233249902725,0.008163932710886002,-0.002960854908451438
1789059031850690300,50.71469018554688,0.08762846887111664,0.014771749265491962,0.02920919470489025
1789059031860700400,50.72470043945312,0.09206422418355942,0.008990825153887272,0.012533546425402164
1789059031870710300,50.73471020507812,0.08026137202978134,0.019105613231658936,-0.008119828067719936
1789059031880720400,50.744720458984375,0.07434915751218796,0.017905326560139656,-0.04775858297944069
1789059031890730500,50.75473046875,0.08513146638870239,0.014763614162802696,-0.027968497946858406
1789059031900740400,50.764740234375,0.09744139015674591,0.012983557768166065,0.010396202094852924
1789059031910750500,50.77475048828125,0.10133920609951019,0.00885767675936222,0.01444669533520937
1789059031920760300,50.78476025390625,0.08976191282272339,0.021321270614862442,0.026004282757639885
1789059031930770400,50.7947705078125,0.07506547123193741,0.012867686338722706,0.01814940944314003
1789059031940780300,50.8047802734375,0.0744691863656044,0.010735293850302696,0.004453572910279036
1789059031950790400,50.81479028320312,0.07383649051189423,0.0008413372561335564,-0.005225890316069126
1789059031960800500,50.824800537109375,0.060880742967128754,0.02249869704246521,0.014448211528360844
1789059031970810400,50.834810302734375,0.04942486435174942,0.015071742236614227,0.011638833209872246
1789059031980820500,50.84482055664063,0.06302136927843094,0.0007343483157455921,0.017616031691432
1789059031990830300,50.85483032226563,0.06889840215444565,-0.0027299760840833187,0.0060937609523534775
1789059032000840400,50.86484033203125,0.05765160173177719,0.01566927134990692,0.0010619841050356627
1789059032010850300,50.87485034179687,0.04969944432377815,0.01549986656755209,-0.019144020974636078
1789059032020860400,50.8848603515625,0.03920898586511612,0.03140319883823395,0.01066314335912466
1789059032030870500,50.89487060546875,0.043684396892786026,0.0321570560336113,0.05407256633043289
1789059032040880400,50.90488037109375,0.047231461852788925,0.03035729192197323,0.05147651582956314
1789059032050890500,50.914890380859376,0.04789940267801285,0.020764464512467384,0.03140229731798172
1789059032060900400,50.924900390625,0.04117412120103836,0.017750298604369164,0.023991785943508148
1789059032070910500,50.93491040039063,-0.003026933642104268,0.036120545119047165,0.021176893264055252
1789059032080920600,50.94492065429687,-0.029005536809563637,0.030524976551532745,-0.012129132635891438
1789059032090930400,50.95493041992187,-0.055232565850019455,0.03977186605334282,-0.027103528380393982
1789059032100940500,50.9649404296875,-0.08451774716377258,0.03490973263978958,-0.006211830303072929
1789059032110950400,50.974950439453124,-0.08277391642332077,0.018198078498244286,0.02014615386724472
1789059032120960500,50.98496044921875,-0.09880135208368301,0.0011879359371960163,-0.010161417536437511
1789059032130970400,50.994970458984376,-0.13997836410999298,0.007516415324062109,0.036142099648714066
1789059032140980500,51.00498046875,-0.1716606616973877,0.009463186375796795,0.033797454088926315
1789059032150990600,51.01499047851563,-0.21276041865348816,0.0036440668627619743,0.007963551208376884
1789059032161000400,51.02500048828125,-0.2355373650789261,-0.011910924687981606,-0.0018251636065542698
1789059032171010600,51.03501049804687,-0.2557917833328247,-0.030178489163517952,-0.018660495057702065
1789059032181020400,51.0450205078125,-0.285543292760849,-0.024468939751386642,0.0035561274271458387
1789059032191030300,51.0550302734375,-0.2955072522163391,-0.0361468605697155,0.015598061494529247
1789059032201040400,51.065040283203125,-0.32054653763771057,-0.0371873565018177,-0.0019990410655736923
1789059032211050200,51.07505029296875,-0.3340814709663391,-0.0485912524163723,0.009105589240789413
1789059032221060400,51.08506030273438,-0.3272494077682495,-0.059642571955919266,0.003744380082935095
1789059032231070200,51.0950703125,-0.33973464369773865,-0.06302639096975327,-0.0009674644097685814
1789059032241080300,51.10508032226563,-0.32549232244491577,-0.0805254876613617,0.01821315474808216
1789059032251090200,51.11509008789063,-0.32258760929107666,-0.0871577188372612,0.020224545150995255
1789059032261100300,51.12510034179687,-0.3383426070213318,-0.08357150107622147,0.012082464061677456
1789059032271110400,51.1351103515625,-0.33525195717811584,-0.08075828850269318,0.005312265828251839
1789059032281120300,51.145120361328125,-0.32739511132240295,-0.08813897520303726,-0.015517914667725563
1789059032291130400,51.15513037109375,-0.3094787299633026,-0.10347815603017807,-0.014038139022886753
1789059032301140200,51.16514013671875,-0.2969762682914734,-0.11032301187515259,0.004168561659753323
1789059032311150300,51.175150390625,-0.2962268590927124,-0.11343736946582794,0.010631401091814041
1789059032321160200,51.18516015625,-0.2858903408050537,-0.11896263062953949,0.0013007496017962694
1789059032331170300,51.19517041015625,-0.273816853761673,-0.11348264664411545,-0.01123255304992199
1789059032341180400,51.205180419921874,-0.2705739140510559,-0.11080563813447952,-0.025219473987817764
1789059032351190300,51.215190185546874,-0.25036823749542236,-0.1160137876868248,-0.002280591521412134
1789059032361200400,51.225200439453126,-0.22729727625846863,-0.1226101741194725,-0.012422973290085793
1789059032371210200,51.235210205078126,-0.19124580919742584,-0.13840681314468384,-0.015034508891403675
1789059032381220400,51.24522045898438,-0.1555008590221405,-0.13624697923660278,-0.011263738386332989
1789059032391230500,51.25523046875,-0.13822336494922638,-0.1356598287820816,-0.010798590257763863
1789059032401240300,51.265240234375,-0.11314891278743744,-0.14320723712444305,0.008584961295127869
1789059032411250400,51.27525048828125,-0.08398725092411041,-0.13371342420578003,0.014939939603209496
1789059032421260300,51.28526025390625,-0.06081854924559593,-0.1340484470129013,0.007849540561437607
1789059032431270400,51.2952705078125,-0.02989686280488968,-0.15092989802360535,-0.01149400882422924
1789059032441280300,51.3052802734375,-0.034869518131017685,-0.1224236860871315,-0.005774870980530977
1789059032451290400,51.315290283203126,-0.01745457388460636,-0.1381927877664566,-0.007227092981338501
1789059032461300500,51.32530053710938,0.012139536440372467,-0.13432428240776062,-0.005148495547473431
1789059032471310300,51.33531030273438,0.01738032139837742,-0.13294073939323425,-0.0013279239647090435
1789059032481320400,51.34532055664062,0.036798227578401566,-0.14071929454803467,0.021989649161696434
1789059032491330300,51.35533032226562,0.051536764949560165,-0.1254047304391861,0.020405372604727745
1789059032501340400,51.36534033203125,0.06108259782195091,-0.13047219812870026,0.015932859852910042
1789059032511350300,51.375350341796874,0.09850795567035675,-0.13638539612293243,0.013741200789809227
1789059032521360400,51.3853603515625,0.11968274414539337,-0.13116134703159332,-0.013878708705306053
1789059032531370500,51.39537060546875,0.15727408230304718,-0.13587920367717743,-0.00829564593732357
1789059032541380400,51.40538037109375,0.19575436413288116,-0.13457292318344116,0.01643260382115841
1789059032551390500,51.41539038085938,0.21530650556087494,-0.1273757368326187,0.020972028374671936
1789059032561400300,51.425400390625,0.2505715489387512,-0.12908069789409637,0.019168535247445107
1789059032571410400,51.43541040039062,0.25282779335975647,-0.10463538020849228,0.02393168956041336
1789059032581420500,51.445420654296875,0.2549799084663391,-0.10318129509687424,0.003964108414947987
1789059032591430400,51.455430419921875,0.29468676447868347,-0.1115994080901146,0.005325491540133953
1789059032601440500,51.4654404296875,0.3059016168117523,-0.10829415917396545,-0.004417682997882366
1789059032611450400,51.47545043945313,0.31623631715774536,-0.10774065554141998,-0.00013101892545819283
1789059032621460500,51.48546044921875,0.3394244611263275,-0.11546915024518967,0.0008668673690408468
1789059032631470300,51.49547021484375,0.3498544991016388,-0.1051333099603653,0.013925498351454735
1789059032641480400,51.50548046875,0.37467464804649353,-0.11194194853305817,0.01010386273264885
1789059032651490600,51.51549047851562,0.40776702761650085,-0.121330127120018,-0.01144521962851286
1789059032661500400,51.52550048828125,0.42066577076911926,-0.1205892413854599,-0.004906093701720238
1789059032671510500,51.535510498046875,0.4469187557697296,-0.1131448969244957,-0.002693159505724907
1789059032681520400,51.545520263671875,0.4714805483818054,-0.09585965424776077,0.011924665421247482
1789059032691530500,51.55553051757813,0.5025736689567566,-0.08220946788787842,0.040750902146101
1789059032701540400,51.56554028320313,0.5191571712493896,-0.06125811114907265,0.02366858720779419
1789059032711549200,51.57554907226562,0.5528384447097778,-0.0639154314994812,0.02556142583489418
1789059032721560600,51.585560546875,0.5846176743507385,-0.049626775085926056,0.008096948266029358
1789059032731569400,51.5955693359375,0.6211962103843689,-0.047214966267347336,-0.012418060563504696
1789059032741579300,51.60557934570313,0.6445540189743042,-0.03750135377049446,-0.010451050475239754
1789059032751589400,51.61558935546875,0.6329038143157959,-0.014933528378605843,-0.025011872872710228
1789059032761599200,51.62559912109375,0.6524825692176819,-0.01449250802397728,-0.0017789882840588689
1789059032771609300,51.635609375,0.6591662168502808,-0.007971208542585373,0.014901058748364449
1789059032781619200,51.645619140625,0.6454850435256958,-0.004839596804231405,0.012891435995697975
1789059032791629300,51.65562939453125,0.6470794677734375,-0.010145610198378563,0.05111763998866081
1789059032801639400,51.665639404296876,0.6197088360786438,0.004011488985270262,0.04326371103525162
1789059032811649300,51.675649169921876,0.5682893991470337,0.014838000759482384,0.009668196551501751
1789059032821659400,51.68565942382813,0.5340496301651001,0.023729495704174042,-0.008252747356891632
1789059032831669200,51.69566918945313,0.47119975090026855,0.03321317210793495,-0.027492906898260117
1789059032841679400,51.70567944335937,0.44254255294799805,0.03410293534398079,-0.019708756357431412
1789059032851689200,51.71568920898437,0.4223014712333679,0.030604811385273933,-0.016264276579022408
1789059032861699300,51.72569921875,0.3839154541492462,0.04127556458115578,0.021078836172819138
1789059032871709400,51.73570947265625,0.3454327881336212,0.05467770993709564,0.02776588499546051
1789059032881719300,51.74571923828125,0.33909177780151367,0.041571229696273804,0.020145516842603683
1789059032891729400,51.7557294921875,0.3367801904678345,0.048218734562397,0.010935040190815926
1789059032901739300,51.7657392578125,0.3234817087650299,0.055640432983636856,-0.004743521101772785
1789059032911749400,51.77574926757813,0.320713609457016,0.06617094576358795,0.020580917596817017
1789059032921759500,51.78575952148437,0.325571209192276,0.05801980942487717,-0.013854021206498146
1789059032931769300,51.79576928710937,0.32025474309921265,0.061032429337501526,-0.005014604423195124
1789059032941779500,51.805779541015625,0.30905643105506897,0.07862554490566254,0.014588391408324242
1789059032951789000,51.8157890625,0.27198976278305054,0.09990855306386948,-0.004616688936948776
1789059032961799200,51.825799072265625,0.2605762481689453,0.09987286478281021,-0.019282450899481773
1789059032971809000,51.83580908203125,0.27317798137664795,0.09381959587335587,0.007994231767952442
1789059032981819100,51.845819091796876,0.24760819971561432,0.07508372515439987,0.017604781314730644
1789059032991829200,51.85582934570313,0.19886626303195953,0.073848195374012,0.02739284373819828
1789059033001839000,51.86583911132813,0.13991214334964752,0.08786707371473312,0.0542881041765213
1789059033011849200,51.87584912109375,0.09123995155096054,0.08322747051715851,0.02387969382107258
1789059033021859000,51.88585913085937,0.04405059665441513,0.07855468988418579,0.00974736362695694
1789059033031869200,51.895869140625,0.00012013909872621298,0.06901515275239944,0.016003090888261795
1789059033041879300,51.90587939453125,-0.02803400158882141,0.05451211333274841,0.009486068040132523
1789059033051889200,51.91588916015625,-0.05471810698509216,0.05036495253443718,0.011214619502425194
1789059033061899300,51.92589916992188,-0.0705585926771164,0.04759206995368004,0.004552189260721207
1789059033071909000,51.9359091796875,-0.08016565442085266,0.044737622141838074,0.02000599540770054
1789059033081919200,51.94591918945312,-0.07769849896430969,0.04321642592549324,0.01604693941771984
1789059033091929000,51.95592919921875,-0.06420853734016418,0.04822392389178276,0.01966199278831482
1789059033101939200,51.96593920898437,-0.036066651344299316,0.03805437684059143,0.0032444046810269356
1789059033111949300,51.97594921875,-0.011864866130053997,0.034166187047958374,-0.004520788323134184
1789059033121959200,51.985959228515625,0.018559085205197334,0.028505638241767883,-0.003800935810431838
1789059033131969300,51.99596923828125,0.06055610999464989,0.024835722520947456,0.003152386983856559
1789059033141979100,52.00597924804688,0.08475678414106369,0.02684640884399414,0.0308828167617321
1789059033151989200,52.0159892578125,0.09369214624166489,0.03678985685110092,0.028595980256795883
1789059033161999000,52.0259990234375,0.10917123407125473,0.0381680466234684,0.010367174632847309
1789059033172009200,52.03600927734375,0.13128776848316193,0.043954942375421524,0.02886665053665638
1789059033182019300,52.046019287109374,0.14827874302864075,0.05169728398323059,0.008745400235056877
1789059033192029200,52.056029296875,0.1800651252269745,0.033307500183582306,-0.021105995401740074
1789059033202039300,52.066039306640626,0.20763789117336273,0.03850625827908516,-0.01728888787329197
1789059033212049200,52.076049072265626,0.23099222779273987,0.03544622287154198,-0.03091047704219818
1789059033222059300,52.08605932617188,0.2685078978538513,0.03192499279975891,-0.026676051318645477
1789059033232069400,52.0960693359375,0.2991364002227783,0.04552377760410309,0.03245500847697258
1789059033242079200,52.10607934570312,0.3232865035533905,0.06035865098237991,0.04489037021994591
1789059033252089300,52.11608935546875,0.34399816393852234,0.06904982775449753,0.0044884998351335526
1789059033262099200,52.12609912109375,0.383405476808548,0.07765849679708481,0.02505556121468544
1789059033272109300,52.136109375,0.4150265157222748,0.07351474463939667,0.005270177032798529
1789059033282119200,52.146119140625,0.4690508544445038,0.06922998279333115,0.002005940768867731
1789059033292129300,52.15612939453125,0.5237333178520203,0.0738125741481781,0.03022410348057747
1789059033302139400,52.16613940429688,0.5658144354820251,0.08044890314340591,0.07849815487861633
1789059033312149200,52.17614916992188,0.5844893455505371,0.06898657232522964,0.04624202847480774
1789059033322159400,52.18615942382812,0.587332010269165,0.09316647797822952,0.03389774262905121
1789059033332169200,52.19616918945312,0.564623236656189,0.13931530714035034,0.03472227603197098
1789059033342179300,52.206179443359375,0.5621312856674194,0.13624867796897888,0.034518808126449585
1789059033352189200,52.216189208984375,0.5776036977767944,0.1293795257806778,0.05992291867733002
1789059033362199300,52.22619921875,0.5706278681755066,0.13854798674583435,0.08837346732616425
1789059033372209400,52.23620947265625,0.5927042961120605,0.11947659403085709,0.06744980812072754
1789059033382219300,52.24621923828125,0.5857654809951782,0.12893427908420563,0.07437802106142044
1789059033392229400,52.2562294921875,0.5291552543640137,0.14075015485286713,0.07455991953611374
1789059033402239200,52.2662392578125,0.46033915877342224,0.151795893907547,0.05203729867935181
1789059033412249300,52.27624926757812,0.41421425342559814,0.16382458806037903,0.05276567116379738
1789059033422259500,52.286259521484375,0.37292808294296265,0.15778134763240814,0.05426609516143799
1789059033432269300,52.296269287109375,0.3372073769569397,0.15213319659233093,0.038102664053440094
1789059033442279400,52.30627954101563,0.28727442026138306,0.14802101254463196,0.02821887657046318
1789059033452289300,52.31628930664063,0.2516075074672699,0.1556364893913269,0.029118184000253677
1789059033462299400,52.32629931640625,0.2231617569923401,0.15153948962688446,0.01691371761262417
1789059033472309200,52.33630932617187,0.20318403840065002,0.1473608762025833,0.029244180768728256
1789059033482319400,52.3463193359375,0.17722567915916443,0.1427522748708725,0.03690529614686966
1789059033492329500,52.35632958984375,0.12759023904800415,0.13861247897148132,0.03311112895607948
1789059033502339300,52.36633935546875,0.07280422002077103,0.15693023800849915,0.0730913057923317
1789059033512349400,52.376349365234375,0.01901843771338463,0.1546720266342163,0.05932645872235298
1789059033522359300,52.386359375,-0.02057371288537979,0.15155266225337982,0.030638091266155243
1789059033532369400,52.39636938476563,-0.057520776987075806,0.15853747725486755,0.04389633238315582
1789059033542379300,52.40637915039063,-0.09434590488672256,0.1438474804162979,0.0352352000772953
1789059033552388000,52.41638818359375,-0.1268831342458725,0.1516909897327423,0.029338309541344643
1789059033562398200,52.426398193359375,-0.1523195207118988,0.145102858543396,0.04150921851396561
1789059033572408300,52.436408203125,-0.17897556722164154,0.1390828639268875,0.033309321850538254
1789059033582418200,52.44641821289063,-0.19651354849338531,0.15339788794517517,0.03348375856876373
1789059033592428300,52.45642822265625,-0.20103402435779572,0.13509543240070343,0.025455966591835022
1789059033602438100,52.46643823242187,-0.20233950018882751,0.13616123795509338,0.03337034955620766
1789059033612448300,52.4764482421875,-0.22403064370155334,0.13945217430591583,0.04589090496301651
1789059033622458000,52.4864580078125,-0.2239486128091812,0.14357714354991913,0.05010322481393814
1789059033632468200,52.49646826171875,-0.20736518502235413,0.13312162458896637,0.027567358687520027
1789059033642478300,52.506478271484376,-0.20485782623291016,0.14196252822875977,0.04035345837473869
1789059033652488200,52.51648828125,-0.19192811846733093,0.13316860795021057,0.034640345722436905
1789059033662498300,52.52649829101563,-0.17261753976345062,0.14466841518878937,0.020195091143250465
1789059033672508200,52.53650805664063,-0.14741449058055878,0.13570652902126312,0.012427542358636856
1789059033682518300,52.54651831054687,-0.09952738136053085,0.13415417075157166,0.008710036054253578
1789059033692528000,52.55652807617187,-0.06665489077568054,0.12705299258232117,0.011522294022142887
1789059033702538200,52.566538330078124,-0.03530655428767204,0.12283481657505035,0.025017596781253815
1789059033712548400,52.57654833984375,-0.0011512462515383959,0.13014258444309235,0.020373430103063583
1789059033722558200,52.58655810546875,0.02156791463494301,0.14117738604545593,0.02889367938041687
1789059033732568300,52.596568359375,0.04679495096206665,0.15284337103366852,0.023221280425786972
1789059033742578200,52.606578125,0.06676839292049408,0.15067343413829803,0.02326682209968567
1789059033752588300,52.61658837890625,0.08729580044746399,0.1455371379852295,0.02593287080526352
1789059033762598400,52.62659838867187,0.10672888904809952,0.13665789365768433,-0.018337920308113098
1789059033772608300,52.63660815429687,0.11313027888536453,0.1314355731010437,-0.044441718608140945
1789059033782619000,52.64661889648438,0.12427401542663574,0.1409531682729721,-0.0285346582531929
1789059033792628700,52.65662866210938,0.12358961999416351,0.1399485021829605,0.0038828973192721605
1789059033802638800,52.66663891601563,0.14143571257591248,0.1525987833738327,0.021783068776130676
1789059033812648700,52.67664868164063,0.162565216422081,0.16241735219955444,0.050332751125097275
1789059033822658800,52.68665893554687,0.18075139820575714,0.14342261850833893,0.01955460011959076
1789059033832668700,52.69666870117187,0.18956144154071808,0.1509210467338562,-0.006862637586891651
1789059033842678800,52.7066787109375,0.17390498518943787,0.15516851842403412,0.007186868228018284
1789059033852689000,52.71668896484375,0.18097543716430664,0.14238165318965912,-0.0034655239433050156
1789059033862698500,52.726698486328125,0.17719107866287231,0.15886636078357697,0.02407342568039894
1789059033872708600,52.73670849609375,0.1690436452627182,0.15959997475147247,0.04020095616579056
1789059033882718500,52.74671850585938,0.16413357853889465,0.16051876544952393,0.027607135474681854
1789059033892728600,52.756728515625,0.14696073532104492,0.16960184276103973,0.042159684002399445
1789059033902738700,52.76673876953125,0.12429536134004593,0.16952407360076904,0.03064071387052536
1789059033912748500,52.77674853515625,0.1088130921125412,0.17045046389102936,0.02086574025452137
1789059033922758700,52.786758544921874,0.09454121440649033,0.1716824322938919,0.027257326990365982
1789059033932768500,52.7967685546875,0.08142060041427612,0.16421058773994446,0.0061559975147247314
1789059033942778600,52.806778564453126,0.06517931073904037,0.16607771813869476,-0.009874100796878338
1789059033952788500,52.81678857421875,0.046667348593473434,0.17466449737548828,0.016436556354165077
1789059033962798600,52.82679858398438,0.03317843750119209,0.17205193638801575,0.02668839506804943
1789059033972809700,52.836809814453126,0.01260418351739645,0.18964052200317383,0.032015517354011536
1789059033982819600,52.846819580078126,-0.015405879355967045,0.18292748928070068,0.018515685573220253
1789059033992829400,52.856829345703126,-0.0479036346077919,0.17874659597873688,0.018092243000864983
1789059034002839600,52.86683959960938,-0.08438973873853683,0.17570605874061584,0.0014847712591290474
1789059034012849700,52.876849609375,-0.0981459990143776,0.16748715937137604,-0.0051116496324539185
1789059034022859500,52.88685961914062,-0.11724219471216202,0.15463261306285858,0.005747389048337936
1789059034032869600,52.89686962890625,-0.16111989319324493,0.16417396068572998,0.01254955492913723
1789059034042879500,52.90687939453125,-0.19309674203395844,0.16057603061199188,-0.003284800797700882
1789059034052889600,52.9168896484375,-0.2135884314775467,0.1570330560207367,0.010082842782139778
1789059034062899700,52.926899658203126,-0.21545957028865814,0.1432275027036667,-0.00028457678854465485
1789059034072909600,52.93690966796875,-0.23174533247947693,0.13586077094078064,0.008078254759311676
1789059034082919700,52.94691967773438,-0.24951979517936707,0.127855584025383,0.006758125964552164
1789059034092929500,52.95692944335938,-0.28443625569343567,0.136453315615654,-0.006264199502766132
1789059034102939600,52.96693969726562,-0.2891295254230499,0.12120326608419418,-0.0023714567068964243
1789059034112949500,52.97694946289062,-0.3000410199165344,0.1141757145524025,0.0104476697742939
1789059034122959600,52.986959716796875,-0.32230105996131897,0.1070299744606018,0.009373469278216362
1789059034132969700,52.9969697265625,-0.3346993923187256,0.10115578025579453,0.008518542163074017
1789059034142979600,53.0069794921875,-0.34717148542404175,0.09225177019834518,0.006917982362210751
1789059034152989700,53.01698974609375,-0.36542725563049316,0.09470466524362564,0.002064943080767989
1789059034162999600,53.02699951171875,-0.38010287284851074,0.09673692286014557,-0.005392440594732761
1789059034173008600,53.037008544921875,-0.3740721344947815,0.07173140347003937,-0.009053142741322517
1789059034183018800,53.04701879882813,-0.3687591552734375,0.0572214312851429,-0.021088767796754837
1789059034193028600,53.05702856445313,-0.36459845304489136,0.04166823625564575,-0.011671547777950764
1789059034203038700,53.06703881835937,-0.3589261770248413,0.03870493918657303,0.01215175911784172
1789059034213048600,53.07704858398437,-0.38263124227523804,0.05313847213983536,-0.0007025201339274645
1789059034223058700,53.08705859375,-0.38710644841194153,0.055870357900857925,0.006197861861437559
1789059034233068800,53.09706884765625,-0.37351128458976746,0.04571972042322159,0.020106753334403038
1789059034243078700,53.10707861328125,-0.35433462262153625,0.030139770358800888,-0.03723998740315437
1789059034253088800,53.1170888671875,-0.3341350853443146,0.02653205767273903,-0.04200226068496704
1789059034263098600,53.1270986328125,-0.3101695775985718,0.02371896058320999,-0.04135404899716377
1789059034273108700,53.13710864257813,-0.30112016201019287,0.023928765207529068,-0.04048172011971474
1789059034283117800,53.147117919921875,-0.26868367195129395,0.018146511167287827,-0.029465552419424057
1789059034293127700,53.157127685546875,-0.25064605474472046,0.016518503427505493,-0.02001252770423889
1789059034303137800,53.1671376953125,-0.2556796967983246,0.03804749622941017,-0.0013480301713570952
1789059034313148000,53.17714794921875,-0.23281560838222504,0.03579960763454437,-0.020492857322096825
1789059034323157800,53.18715771484375,-0.21645554900169373,0.03879113495349884,-0.007898236624896526
1789059034333167900,53.19716796875,-0.19502514600753784,0.031294483691453934,-0.006023462861776352
1789059034343177500,53.20717749023437,-0.15596510469913483,0.01202278584241867,-0.003865503706037998
1789059034353187600,53.2171875,-0.13909661769866943,0.005788634996861219,-0.017711091786623
1789059034363197400,53.227197509765624,-0.15353654325008392,0.02673918940126896,-0.014597855508327484
1789059034373207600,53.23720751953125,-0.15105712413787842,0.02365688979625702,-0.023458804935216904
1789059034383217700,53.2472177734375,-0.14895589649677277,0.026041485369205475,-0.0091443145647645
1789059034393227500,53.2572275390625,-0.13846144080162048,0.007100765593349934,-0.029497375711798668
1789059034403237600,53.26723754882813,-0.12160950154066086,0.009028362110257149,-0.01886017806828022
1789059034413247500,53.27724755859375,-0.1170104518532753,0.0004238751716911793,-0.009257274679839611
1789059034423257600,53.28725756835937,-0.1275046318769455,0.00494112865999341,0.008841834962368011
1789059034433267700,53.297267822265624,-0.13614344596862793,0.007893004454672337,-0.004180688410997391
1789059034443277600,53.307277587890624,-0.13608965277671814,0.0027770723681896925,0.0072754318825900555
1789059034453287700,53.31728759765625,-0.12986396253108978,-0.010070979595184326,-0.02067473717033863
1789059034463297500,53.327297607421876,-0.1466434746980667,-0.02129433862864971,-0.030799008905887604
1789059034473307600,53.3373076171875,-0.16299714148044586,-0.015260312706232071,-0.018612146377563477
1789059034483317500,53.3473173828125,-0.1772240251302719,-0.020875588059425354,-0.02813481166958809
1789059034493327600,53.35732763671875,-0.18768097460269928,-0.026948770508170128,-0.03556812182068825
1789059034503337700,53.36733764648437,-0.1881435662508011,-0.031128069385886192,-0.022632084786891937
1789059034513347600,53.37734765625,-0.17735986411571503,-0.04255950078368187,0.0006323088891804218
1789059034523357700,53.387357666015625,-0.17821820080280304,-0.04911460354924202,0.0013505634851753712
1789059034533367600,53.397367431640625,-0.19563233852386475,-0.03606049343943596,0.01424589566886425
1789059034543377700,53.40737768554688,-0.2004214972257614,-0.032115817070007324,0.0008147759363055229
1789059034553387500,53.41738745117188,-0.18800081312656403,-0.045807063579559326,-0.028797727078199387
1789059034563397600,53.42739770507813,-0.18010267615318298,-0.05461626499891281,-0.03223932906985283
1789059034573406700,53.43740673828125,-0.17357151210308075,-0.05519455671310425,-0.028307808563113213
1789059034583416600,53.44741650390625,-0.15535469353199005,-0.06576357781887054,-0.0317896269261837
1789059034593426700,53.4574267578125,-0.14731140434741974,-0.0541108138859272,-0.006497345864772797
1789059034603436800,53.46743676757813,-0.14001114666461945,-0.059925828129053116,-0.0030956899281591177
1789059034613446700,53.47744677734375,-0.12757235765457153,-0.05730333551764488,0.004980797413736582
1789059034623456800,53.48745678710937,-0.12491825222969055,-0.05982455238699913,-0.005716588348150253
1789059034633466600,53.49746655273437,-0.1137276291847229,-0.06645093113183975,0.006835729815065861
1789059034643476700,53.507476806640625,-0.10384251177310944,-0.07358527183532715,-0.017003823071718216
1789059034653486800,53.51748681640625,-0.11338622123003006,-0.06805452704429626,-0.013210922479629517
1789059034663496700,53.52749658203125,-0.11114490777254105,-0.07025615870952606,-0.02509501203894615
1789059034673506800,53.5375068359375,-0.10535356402397156,-0.07135015726089478,-0.016409657895565033
1789059034683516700,53.5475166015625,-0.09888288378715515,-0.06562302261590958,0.024675194174051285
1789059034693526800,53.55752685546875,-0.10920824855566025,-0.061516307294368744,0.020563112571835518
1789059034703536600,53.56753662109375,-0.12496377527713776,-0.051536113023757935,-0.015860674902796745
1789059034713546800,53.57754663085937,-0.11731702834367752,-0.056904252618551254,-0.013845926150679588
1789059034723556900,53.587556884765625,-0.10353117436170578,-0.0699087381362915,-0.017731212079524994
1789059034733566700,53.597566650390625,-0.09737397730350494,-0.07055079936981201,-0.014160380698740482
1789059034743576800,53.60757690429688,-0.098985455930233,-0.07302433997392654,-0.005278471857309341
1789059034753586700,53.61758666992188,-0.10228938609361649,-0.0643482357263565,-0.004004097543656826
1789059034763596800,53.6275966796875,-0.09631405025720596,-0.052855364978313446,-0.008394584991037846
1789059034773606700,53.63760668945312,-0.07478449493646622,-0.055868543684482574,-0.008954297751188278
1789059034783617000,53.647616943359374,-0.05534927546977997,-0.049380816519260406,-0.0071404194459319115
1789059034793627100,53.657627197265626,-0.04186541959643364,-0.04495320841670036,-0.01414855383336544
1789059034803637000,53.667636962890626,-0.024981778115034103,-0.04041438177227974,-0.018809352070093155
1789059034813647000,53.67764721679688,-0.0028413378167897463,-0.03766076639294624,-0.037034206092357635
1789059034823657000,53.68765698242188,0.005603279452770948,-0.029607104137539864,-0.025231607258319855
1789059034833667000,53.6976669921875,0.001312656095251441,-0.02719837799668312,-0.020910602062940598
1789059034843677000,53.70767700195312,-0.019266653805971146,-0.01612255722284317,-0.019972369074821472
1789059034853687000,53.71768701171875,-0.027534209191799164,-0.015698924660682678,-0.021507594734430313
1789059034863697200,53.727697265625,-0.042889997363090515,-0.013423786498606205,0.0013705561868846416
1789059034873707000,53.73770703125,-0.07222732156515121,-0.014272313565015793,-0.005089132580906153
1789059034883717000,53.747717041015626,-0.09334725141525269,-0.017821773886680603,-0.016416622325778008
1789059034893727000,53.75772705078125,-0.11056437343358994,-0.02770930901169777,-0.02312551811337471
1789059034903737000,53.76773706054688,-0.13503828644752502,-0.025238696485757828,-0.027953827753663063
1789059034913747200,53.77774731445312,-0.14957590401172638,-0.02190924435853958,-0.033780284225940704
1789059034923757000,53.78775708007812,-0.16703373193740845,-0.025071481242775917,-0.024334853515028954
1789059034933767200,53.79776708984375,-0.1804097294807434,-0.021262096241116524,-0.01624203845858574
1789059034943777000,53.807777099609375,-0.18506892025470734,-0.03068063035607338,-0.020388314500451088
1789059034953787100,53.817787109375,-0.17620383203029633,-0.027096834033727646,0.02049880661070347
1789059034963797000,53.827796875,-0.1743372231721878,-0.03096187859773636,-0.013724145479500294
1789059034973807000,53.83780712890625,-0.1709510236978531,-0.034400973469018936,-0.04443368315696716
1789059034983817200,53.84781713867188,-0.18418000638484955,-0.01195238996297121,-0.02469060570001602
1789059034993825800,53.85782568359375,-0.18779389560222626,-0.013333634473383427,-0.038094062358140945
1789059035003836000,53.8678359375,-0.16605983674526215,-0.01933053880929947,-0.04250292852520943
1789059035013846000,53.87784594726563,-0.14832505583763123,-0.020524170249700546,-0.019091077148914337
1789059035023855900,53.88785595703125,-0.15667672455310822,-0.00997911673039198,-0.019668716937303543
1789059035033866000,53.89786596679688,-0.13892385363578796,-0.03662050515413284,-0.058701422065496445
1789059035043875800,53.90787573242188,-0.12721820175647736,0.04413639381527901,0.07593308389186859
1789059035053886000,53.91788598632812,-0.15080581605434418,0.06838181614875793,0.13839752972126007
1789059035063896000,53.92789599609375,-0.09847469627857208,0.025726227089762688,0.12938618659973145
1789059035073906000,53.937906005859375,-0.08243819326162338,-0.021141204982995987,0.09787055850028992
1789059035083916000,53.947916015625,-0.10798616707324982,-0.022894099354743958,0.009141488932073116
1789059035093926000,53.95792578125,-0.1784083992242813,0.0013034339062869549,-0.23582953214645386
1789059035103936000,53.96793603515625,-0.08533304929733276,-0.0802081972360611,-0.4762607514858246
1789059035113945900,53.97794580078125,-0.013465013355016708,-0.060548085719347,-0.20808255672454834
1789059035123956000,53.9879560546875,-0.15117201209068298,0.0035872228909283876,-0.03158341720700264
1789059035133966000,53.997966064453124,-0.08567101508378983,0.02773270383477211,0.15549114346504211
1789059035143976000,54.007975830078124,-0.09115446358919144,-0.05796462297439575,0.07738649100065231
1789059035153986000,54.017986083984376,0.009974852204322815,-0.04122423380613327,-0.016242999583482742
1789059035163996000,54.027995849609376,-0.025171417742967606,-0.025734223425388336,-0.034181784838438034
1789059035174006000,54.03800610351563,-0.05791155993938446,-0.014896033331751823,-0.017493266612291336
1789059035184016000,54.04801586914063,-0.06205703690648079,-0.00560852512717247,-0.04042468219995499
1789059035194026000,54.05802587890625,-0.03200725093483925,-0.019596358761191368,-0.07362967729568481
1789059035204036000,54.0680361328125,-0.10222282260656357,-0.00811067782342434,-0.04534158110618591
1789059035214046000,54.0780458984375,-0.11410664767026901,-0.01654176414012909,-0.014786455780267715
1789059035224056000,54.08805615234375,-0.11786117404699326,-0.026870569214224815,0.0416744239628315
1789059035234066000,54.09806591796875,-0.11610428243875504,-0.02368340827524662,0.020470162853598595
1789059035244076000,54.108075927734376,-0.09109320491552353,-0.028519444167613983,-0.017917172983288765
1789059035254086100,54.11808618164063,-0.12171369791030884,-0.018398098647594452,-0.02451515570282936
1789059035264096000,54.12809594726563,-0.15282714366912842,-0.0018180576153099537,-0.01861092634499073
1789059035274106000,54.13810620117187,-0.16781702637672424,-0.008726607076823711,-0.012928994372487068
1789059035284116000,54.14811596679687,-0.1635381281375885,-0.025933824479579926,-0.02653082273900509
1789059035294126000,54.1581259765625,-0.17402884364128113,-0.024636056274175644,-0.04878533259034157
1789059035304136000,54.168135986328124,-0.18333393335342407,-0.029322156682610512,-0.031976524740457535
1789059035314145000,54.17814501953125,-0.18583092093467712,-0.026167897507548332,-0.006081348285079002
1789059035324155100,54.18815502929687,-0.1877337545156479,-0.026164168491959572,-0.012253756634891033
1789059035334165000,54.1981650390625,-0.17996634542942047,-0.027464300394058228,-0.002463115379214287
1789059035344175000,54.208175048828124,-0.17256595194339752,-0.03440982103347778,-0.023231778293848038
1789059035354185200,54.218185302734376,-0.1781456023454666,-0.025266505777835846,-0.01579880714416504
1789059035364195000,54.228195068359376,-0.1703025996685028,-0.033867985010147095,0.0024899195414036512
1789059035374205200,54.238205078125,-0.1654747873544693,-0.0368117019534111,0.0024400881957262754
1789059035384215000,54.24821508789063,-0.16108110547065735,-0.03575975447893143,-0.0031964920926839113
1789059035394225200,54.25822509765625,-0.15851223468780518,-0.035136185586452484,-0.01995646208524704
1789059035404235000,54.26823510742187,-0.1679459512233734,-0.032427217811346054,-0.024276642128825188
1789059035414244900,54.27824487304687,-0.16565322875976562,-0.031896255910396576,-0.01208839938044548
1789059035424255000,54.2882548828125,-0.17016887664794922,-0.029560396447777748,0.0056605031713843346
1789059035434264800,54.298264892578125,-0.16896700859069824,-0.030904477462172508,0.00183233548887074
1789059035444275000,54.30827490234375,-0.1814069002866745,-0.023917941376566887,-0.011982280761003494
1789059035454284800,54.31828491210938,-0.20194624364376068,-0.023266006261110306,-0.009930243715643883
1789059035464295000,54.328294921875,-0.2063753455877304,-0.03189677745103836,-0.025233833119273186
1789059035474305000,54.33830493164062,-0.2079349309206009,-0.04229326546192169,-0.038091037422418594
1789059035484315000,54.34831494140625,-0.21278561651706696,-0.04732024669647217,0.004471601918339729
1789059035494325000,54.35832495117187,-0.22287708520889282,-0.0380244106054306,0.007770982570946217
1789059035504334800,54.3683349609375,-0.2433764934539795,-0.03897462785243988,-0.0060878414660692215
1789059035514345000,54.378344970703125,-0.2456899881362915,-0.03915800526738167,0.010230583138763905
1789059035524354800,54.388354736328125,-0.24322310090065002,-0.048643119633197784,-0.007625379133969545
1789059035534365000,54.39836499023438,-0.23538944125175476,-0.052768025547266006,-0.002599747385829687
1789059035544375000,54.408375,-0.2463049441576004,-0.048553306609392166,0.00012147077359259129
1789059035554385000,54.41838500976562,-0.25380921363830566,-0.05336877703666687,0.01657026819884777
1789059035564395000,54.42839501953125,-0.2523631155490875,-0.05492112785577774,0.014667972922325134
1789059035574404000,54.43840405273438,-0.26967495679855347,-0.05595939978957176,0.008972582407295704
1789059035584414000,54.4484140625,-0.28672531247138977,-0.052297286689281464,0.0035021824296563864
1789059035594424000,54.45842407226562,-0.2908068895339966,-0.06302247196435928,-0.00813846942037344
1789059035604434000,54.46843383789062,-0.2995236814022064,-0.0630754679441452,-0.007784801535308361
1789059035614444000,54.478444091796874,-0.3090023994445801,-0.06930769234895706,-0.009349966421723366
1789059035624454100,54.4884541015625,-0.30965539813041687,-0.07515360414981842,-0.00353122572414577
1789059035634464000,54.498464111328126,-0.30177855491638184,-0.0762343555688858,-0.005080844275653362
1789059035644474000,54.50847412109375,-0.30046749114990234,-0.09629222005605698,-0.055134423077106476
1789059035654484000,54.51848388671875,-0.29060742259025574,-0.09691634029150009,0.004778278060257435
1789059035664494000,54.528494140625,-0.28710511326789856,-0.0845680683851242,-0.0007951855659484863
1789059035674504000,54.53850390625,-0.296086847782135,-0.08128727972507477,-0.003946507815271616
1789059035684514000,54.54851416015625,-0.2829827666282654,-0.0746040791273117,0.024404970929026604
1789059035694524200,54.558524169921874,-0.2757760286331177,-0.06884992867708206,0.029434379190206528
1789059035704534000,54.568533935546874,-0.25531601905822754,-0.08749951422214508,0.033206481486558914
1789059035714544000,54.578544189453126,-0.23335610330104828,-0.08101111650466919,0.03681990131735802
1789059035724554000,54.588553955078126,-0.2309826910495758,-0.1037856712937355,-0.016213489696383476
1789059035734564000,54.59856420898438,-0.21378716826438904,-0.10392172634601593,-0.00840430986136198
1789059035744574000,54.60857397460938,-0.21765033900737762,-0.09577351808547974,0.00697224959731102
1789059035754584000,54.618583984375,-0.22586065530776978,-0.10280897468328476,-0.008476374670863152
1789059035764594200,54.62859423828125,-0.218129500746727,-0.09369990229606628,0.002662296872586012
1789059035774604000,54.63860400390625,-0.23027800023555756,-0.09487342089414597,0.014514664188027382
1789059035784614000,54.64861376953125,-0.22225762903690338,-0.10028043389320374,0.01450640894472599
1789059035794623700,54.658623779296875,-0.2162085473537445,-0.10951988399028778,0.0036149800289422274
1789059035804633900,54.6686337890625,-0.22598206996917725,-0.10880668461322784,0.00945902056992054
1789059035814642700,54.678642578125,-0.22418341040611267,-0.11331438273191452,0.00527805695310235
1789059035824652500,54.68865258789062,-0.22864633798599243,-0.11927187442779541,0.0015432396903634071
1789059035834662700,54.69866259765625,-0.24339090287685394,-0.12169759720563889,0.007867349311709404
1789059035844672800,54.7086728515625,-0.25918319821357727,-0.11099675297737122,0.015101826749742031
1789059035854682600,54.7186826171875,-0.2659279406070709,-0.12477175891399384,-0.002236074535176158
1789059035864692700,54.728692626953126,-0.25456157326698303,-0.1339530050754547,-0.007606072351336479
1789059035874702600,54.73870263671875,-0.25335434079170227,-0.14068245887756348,-0.01257575023919344
1789059035884712700,54.74871264648438,-0.24606022238731384,-0.15389733016490936,-0.02001502364873886
1789059035894722800,54.75872290039062,-0.23140563070774078,-0.14984582364559174,-0.0003162287175655365
1789059035904732700,54.76873266601562,-0.22158202528953552,-0.1401551067829132,0.03679785132408142
1789059035914742800,54.77874267578125,-0.20387840270996094,-0.14872035384178162,0.04734043404459953
1789059035924752600,54.788752685546875,-0.1881931871175766,-0.14165684580802917,0.04637956619262695
1789059035934762800,54.7987626953125,-0.18646186590194702,-0.14259839057922363,0.02313346229493618
1789059035944772600,54.80877270507813,-0.17041391134262085,-0.14552201330661774,0.018547765910625458
1789059035954782700,54.81878271484375,-0.16476987302303314,-0.14616304636001587,-0.00030967057682573795
1789059035964792800,54.82879272460937,-0.14875468611717224,-0.15444600582122803,-0.010132473893463612
1789059035974802700,54.838802734375,-0.1316118985414505,-0.15468880534172058,0.007797036319971085
1789059035984812800,54.84881274414062,-0.12459633499383926,-0.15524061024188995,-0.004063883796334267
1789059035994822700,54.85882275390625,-0.106222964823246,-0.14846336841583252,0.011608464643359184
1789059036004832800,54.868832763671875,-0.08539118617773056,-0.14712698757648468,0.020019259303808212
1789059036014842600,54.878842529296875,-0.05347239971160889,-0.14890705049037933,0.03750957176089287
1789059036024852700,54.88885278320313,-0.02676781639456749,-0.15164077281951904,0.03262479975819588
1789059036034861800,54.89886181640625,-0.0026744308415800333,-0.14847511053085327,0.039883263409137726
1789059036044871700,54.90887158203125,0.019732873886823654,-0.15086635947227478,0.022807873785495758
1789059036054881800,54.9188818359375,0.04438972473144531,-0.14113052189350128,0.01988827995955944
1789059036064892000,54.92889184570313,0.056200314313173294,-0.1378721445798874,0.017278648912906647
1789059036074901800,54.93890185546875,0.08075014501810074,-0.1463388204574585,0.015327542088925838
1789059036084911900,54.94891186523437,0.09749183803796768,-0.14490044116973877,0.01951030269265175
1789059036094921700,54.95892163085937,0.10328499972820282,-0.13706152141094208,0.023268243297934532
1789059036104931800,54.968931884765624,0.10561126470565796,-0.1349208801984787,0.01959015056490898
1789059036114942000,54.97894189453125,0.10871360450983047,-0.12643419206142426,0.019249407574534416
1789059036124951800,54.988951904296876,0.1102617010474205,-0.12094142287969589,0.019240086898207664
1789059036134962000,54.9989619140625,0.12179741263389587,-0.12969908118247986,0.029302725568413734
1789059036144971800,55.0089716796875,0.13033869862556458,-0.13462033867835999,0.027303757146000862
1789059036154982000,55.01898193359375,0.13980761170387268,-0.13523893058300018,0.012549839913845062
1789059036164991700,55.02899169921875,0.13837642967700958,-0.1262209266424179,0.013487271964550018
1789059036175001900,55.039001953125,0.13728371262550354,-0.12407355010509491,-0.0025359238497912884
1789059036185012000,55.049011962890624,0.14452804625034332,-0.12497955560684204,-0.0032693585380911827
1789059036195021800,55.059021728515624,0.14719972014427185,-0.11835478246212006,0.004876743070781231
1789059036205032000,55.069031982421876,0.14202359318733215,-0.10430288314819336,0.034004271030426025
1789059036215041800,55.079041748046876,0.13328789174556732,-0.09763804823160172,0.03612726926803589
1789059036225051600,55.0890517578125,0.13369402289390564,-0.09469552338123322,0.006462051533162594
1789059036235061800,55.09906176757813,0.13938280940055847,-0.08705293387174606,-0.014692332595586777
1789059036245070600,55.109070556640624,0.16018475592136383,-0.09372921288013458,-0.015218839049339294
1789059036255080700,55.119080810546876,0.18446961045265198,-0.08648468554019928,-0.009212588891386986
1789059036265090800,55.1290908203125,0.2146080732345581,-0.08731479197740555,-0.002863347064703703
1789059036275100700,55.1391005859375,0.256916344165802,-0.07920406758785248,0.02187659777700901
1789059036285110800,55.14911083984375,0.28823405504226685,-0.07434592396020889,0.025777596980333328
1789059036295120600,55.15912060546875,0.31335458159446716,-0.06332015991210938,0.009997689165174961
1789059036305130800,55.169130859375,0.34520038962364197,-0.05246458575129509,0.004895605146884918
1789059036315140600,55.179140625,0.36970070004463196,-0.046247679740190506,-0.003032482462003827
1789059036325150700,55.189150634765625,0.38153472542762756,-0.033049050718545914,-0.002647122833877802
1789059036335160800,55.19916088867188,0.3902411460876465,-0.026898428797721863,-0.0027239674236625433
1789059036345170700,55.20917065429688,0.4042573571205139,-0.023441381752490997,0.01176123134791851
1789059036355180800,55.21918090820313,0.39999842643737793,-0.019038479775190353,0.0033541894517838955
1789059036365190700,55.22919067382813,0.3831978738307953,-0.009490516036748886,0.010723156854510307
1789059036375200800,55.23920068359375,0.3590531647205353,-0.013177737593650818,0.0007489114068448544
1789059036385211000,55.2492109375,0.33783069252967834,-0.005045775324106216,0.0003052288666367531
1789059036395220700,55.259220703125,0.30133336782455444,0.002551241312175989,-0.0014297181041911244
1789059036405230800,55.26923095703125,0.2620008885860443,0.0008619981817901134,0.0005772400181740522
1789059036415240700,55.27924072265625,0.2232619971036911,-0.0005065407603979111,0.01326858252286911
1789059036425250800,55.28925073242188,0.20140516757965088,-0.013169072568416595,0.002212469931691885
1789059036435260700,55.2992607421875,0.17452587187290192,-0.014695847406983376,-0.007391833234578371
1789059036445269800,55.309269775390625,0.1345701962709427,-0.00978737510740757,-0.007800628896802664
1789059036455279900,55.31927978515625,0.10880570858716965,-0.014316355809569359,-0.02194300666451454
1789059036465289700,55.32928979492188,0.09461905062198639,-0.01703570783138275,-0.015688838437199593
1789059036475299800,55.3392998046875,0.0750030055642128,-0.016793834045529366,-0.00694882869720459
1789059036485310000,55.34931005859375,0.05779871344566345,-0.0137554332613945,0.014889093115925789
1789059036495319800,55.35931982421875,0.05309399217367172,-0.016347400844097137,0.005735928192734718
1789059036505330000,55.369329833984374,0.0461101159453392,-0.013761471956968307,-0.0025781942531466484
1789059036515339800,55.37933984375,0.04455377161502838,-0.005879424512386322,0.016441931948065758
1789059036525350000,55.389349853515625,0.05790632963180542,-0.018178701400756836,-0.005742466077208519
1789059036535359700,55.39935986328125,0.06386544555425644,-0.014787137508392334,-0.03645050898194313
1789059036545369900,55.40936987304688,0.06043316423892975,0.00046851392835378647,-0.006807662546634674
1789059036555380000,55.4193798828125,0.06017428636550903,0.0004802481271326542,0.00547283049672842
1789059036565389800,55.42938989257812,0.07241524010896683,0.001809165347367525,0.0011944619473069906
1789059036575400000,55.43939990234375,0.0727529227733612,0.0019761021248996258,-0.002790085505694151
1789059036585409500,55.44940942382812,0.06910731643438339,0.0054946704767644405,0.007587986532598734
1789059036595419600,55.459419677734374,0.062222760170698166,0.011286528781056404,0.010499210096895695
1789059036605429800,55.4694296875,0.06416154652833939,0.007265421561896801,-0.003246695501729846
1789059036615439600,55.479439697265626,0.06009996309876442,0.007382859475910664,-0.01239325013011694
1789059036625449700,55.48944970703125,0.041245315223932266,0.008002310991287231,-0.0017320836195722222
1789059036635458800,55.499458740234374,0.03442469611763954,-0.001513747964054346,0.00797262042760849
1789059036645468700,55.50946875,0.029995325952768326,-0.004001140594482422,0.0038702874444425106
1789059036655478800,55.519478759765626,0.016170065850019455,-0.003881254233419895,0.0059133912436664104
1789059036665488600,55.529488525390626,-0.0053536007180809975,0.0041497740894556046,0.010123848915100098
1789059036675498800,55.53949877929688,-0.017781510949134827,0.005567056126892567,-0.00010866951197385788
1789059036685508600,55.54950854492188,-0.023419689387083054,-0.001737462356686592,-0.007831569761037827
1789059036695518700,55.55951879882812,-0.03216151148080826,-0.00803285650908947,-0.013481611385941505
1789059036705528800,55.56952880859375,-0.04254411160945892,-0.010721051134169102,-0.01849980652332306
1789059036715538700,55.57953857421875,-0.04670052230358124,-0.007806900888681412,-0.004193739965558052
1789059036725548800,55.589548828125,-0.04583179950714111,-0.012112700380384922,0.003922509029507637
1789059036735558700,55.59955859375,-0.049363963305950165,-0.008494033478200436,0.0044511472806334496
1789059036745568800,55.60956884765625,-0.04853598773479462,-0.005105959251523018,0.02566162683069706
1789059036755579000,55.61957885742188,-0.04285624623298645,-0.005635204259306192,0.01735665649175644
1789059036765588700,55.62958862304688,-0.04021705314517021,0.0006104409694671631,-0.0037459658924490213
1789059036775598800,55.63959887695312,-0.03501322492957115,0.0005465173162519932,-0.024367017671465874
1789059036785608700,55.64960864257812,-0.011585664004087448,-0.003986715339124203,-0.013918636366724968
1789059036795618800,55.659618896484375,-0.00015567929949611425,-0.002934409771114588,-0.013858159072697163
1789059036805628700,55.669628662109375,0.012423229403793812,0.0013793781399726868,-0.026461835950613022
1789059036815637800,55.6796376953125,0.02345537208020687,0.007342143915593624,-0.03247750550508499
1789059036825647900,55.68964794921875,0.0355844721198082,0.001753500197082758,-0.03786054998636246
1789059036835657700,55.69965771484375,0.05789059400558472,-0.005911520682275295,-0.04595830291509628
1789059036845667800,55.709667724609375,0.07897324115037918,-0.004261160269379616,-0.019692078232765198
1789059036855678000,55.71967797851563,0.0944637879729271,0.000006340444087982178,0.016915855929255486
1789059036865687800,55.72968774414063,0.10357898473739624,0.008781190030276775,0.029544031247496605
1789059036875698000,55.73969799804688,0.11092613637447357,0.017174119129776955,0.03944028541445732
1789059036885707800,55.74970776367188,0.1203707754611969,0.019959785044193268,0.036153946071863174
1789059036895718000,55.7597177734375,0.13120397925376892,0.021448448300361633,0.02584093064069748
1789059036905727700,55.76972778320312,0.1410219818353653,0.024590712040662766,0.03191293776035309
1789059036915737900,55.77973779296875,0.1511227935552597,0.016546715050935745,0.021347742527723312
1789059036925748000,55.789748046875,0.14628168940544128,0.020331867039203644,0.007723808288574219
1789059036935757800,55.7997578125,0.13653187453746796,0.01481766626238823,-0.015466488897800446
1789059036945768000,55.80976782226563,0.13687542080879211,0.012479410506784916,-0.010336708277463913
1789059036955777800,55.81977783203125,0.1163317933678627,0.012373320758342743,-0.0054176319390535355
1789059036965788000,55.82978784179687,0.09258971363306046,0.022870169952511787,0.005903997924178839
1789059036975798000,55.839798095703124,0.08509638160467148,0.020058292895555496,0.01047594379633665
1789059036985808000,55.849807861328124,0.08466468751430511,0.020174941048026085,0.010989135131239891
1789059036995816700,55.85981665039063,0.08964293450117111,0.013792037963867188,0.002034280216321349
1789059037005826800,55.86982690429687,0.09985268861055374,0.014148369431495667,0.0005618184804916382
1789059037015836700,55.87983666992187,0.10239148139953613,0.021403826773166656,0.022450823336839676
1789059037025846800,55.8898466796875,0.1173403412103653,0.017771273851394653,0.023822085931897163
1789059037035856600,55.899856689453124,0.12612609565258026,0.021001651883125305,0.01425920519977808
1789059037045866800,55.90986669921875,0.12713010609149933,0.0280076302587986,0.0033538274001330137
1789059037055876600,55.919876708984376,0.13218797743320465,0.035554394125938416,0.015760455280542374
1789059037065886700,55.92988671875,0.1347978711128235,0.03517089784145355,0.012545485980808735
1789059037075896800,55.93989672851563,0.14042620360851288,0.03330188989639282,-0.007191201206296682
1789059037085906700,55.94990673828125,0.1411183625459671,0.029126852750778198,-0.00586894154548645
1789059037095916800,55.95991674804687,0.12652187049388885,0.029584404081106186,0.008008403703570366
1789059037105926700,55.9699267578125,0.09899649769067764,0.040898047387599945,0.01868874579668045
1789059037115936800,55.979936767578124,0.07771144807338715,0.04367716610431671,0.04026317968964577
1789059037125947000,55.98994677734375,0.05620642378926277,0.03938787803053856,0.006925199646502733
1789059037135956700,55.999956787109376,0.02338668331503868,0.044496629387140274,-0.007922261953353882
1789059037145966800,56.009966796875,0.00025499891489744186,0.040175117552280426,-0.00466361828148365
1789059037155976700,56.01997680664063,-0.010101504623889923,0.03259965032339096,-0.004972254391759634
1789059037165985800,56.02998583984375,-0.020338162779808044,0.023079384118318558,-0.017390307039022446
1789059037175996000,56.039995849609376,-0.03335331380367279,0.019197309389710426,-0.01650948077440262
1789059037186005800,56.050005859375,-0.050218045711517334,0.021598946303129196,0.00013021589256823063
1789059037196015900,56.06001586914063,-0.06064935028553009,0.027668312191963196,0.014889334328472614
1789059037206025700,56.07002563476563,-0.06294872611761093,0.028376180678606033,-0.002811632351949811
1789059037216035800,56.08003588867187,-0.05932926386594772,0.03213948756456375,-0.011629119515419006
1789059037226046000,56.0900458984375,-0.047844648361206055,0.027709318324923515,-0.006633827928453684
1789059037236055800,56.100055908203124,-0.029226738959550858,0.02858808822929859,0.008661871775984764
1789059037246066000,56.11006591796875,-0.014249919913709164,0.02846531569957733,0.0017365871462970972
1789059037256075800,56.12007568359375,-0.00514669343829155,0.03453550487756729,-0.012411528266966343
1789059037266086000,56.1300859375,-0.0015050872461870313,0.04079340025782585,-0.001823865226469934
1789059037276095700,56.140095703125,0.00812408048659563,0.046267446130514145,0.002276940271258354
1789059037286105900,56.15010595703125,0.00517223309725523,0.039360273629426956,-0.00854454841464758
1789059037296116000,56.16011596679687,0.013771593570709229,0.03499240800738335,-0.005982706323266029
1789059037306125800,56.17012573242187,0.008318504318594933,0.03668990358710289,-0.001320576760917902
1789059037316136000,56.180135986328125,-0.019753355532884598,0.04099550470709801,0.005522123537957668
1789059037326144800,56.19014477539063,-0.03409341350197792,0.04023011401295662,0.013100681826472282
1789059037336154600,56.20015454101563,-0.04181657359004021,0.03346146643161774,0.0022266563028097153
1789059037346164700,56.21016479492187,-0.05278187245130539,0.026849903166294098,0.004527361132204533
1789059037356174600,56.22017456054687,-0.06102781370282173,0.021504826843738556,0.016685055568814278
1789059037366184700,56.230184814453125,-0.06680420786142349,0.01219947636127472,-0.0018060710281133652
1789059037376194800,56.24019482421875,-0.07685286551713943,0.016083238646388054,0.004404320381581783
1789059037386204700,56.25020458984375,-0.07473618537187576,0.014746330678462982,0.01626763679087162
1789059037396214800,56.26021484375,-0.06278920918703079,0.008563919924199581,0.018414342775940895
1789059037406224600,56.270224609375,-0.051245734095573425,0.006511687766760588,0.014072591438889503
1789059037416234800,56.28023486328125,-0.041899390518665314,0.00782294012606144,0.021004412323236465
1789059037426244600,56.29024462890625,-0.035095810890197754,0.0073150754906237125,0.007903257384896278
1789059037436254700,56.30025463867187,-0.022405853495001793,0.009325606748461723,-0.00592823326587677
1789059037446264800,56.310264892578125,-0.010243462398648262,0.00957754161208868,-0.0070614079013466835
1789059037456274700,56.320274658203125,0.0001535193296149373,0.004001733381301165,-0.003432729747146368
1789059037466284800,56.33028491210938,0.0001236919779330492,0.009790646843612194,-0.0004894041921943426
1789059037476294700,56.34029467773438,0.007179995533078909,0.005429410375654697,-0.007583194877952337
1789059037486303700,56.3503037109375,0.015667755156755447,0.0020959312096238136,-0.009318243712186813
1789059037496313900,56.36031396484375,0.012228811159729958,0.00823990348726511,-0.0063596912659704685
1789059037506323700,56.37032373046875,0.012707114219665527,0.005618554074317217,0.005225325468927622
1789059037516333800,56.38033374023438,0.01719747483730316,0.0033800555393099785,-0.0062493388541042805
1789059037526344000,56.39034399414062,0.017994824796915054,0.0006401953287422657,-0.011326655745506287
1789059037536353800,56.40035375976562,0.018173541873693466,-0.005114969797432423,-0.02788183093070984
1789059037546364000,56.410364013671874,0.014247510582208633,-0.00470723956823349,-0.011659451760351658
1789059037556373800,56.420373779296874,0.013555062003433704,0.001332092098891735,0.0008332640863955021
1789059037566383900,56.4303837890625,0.01926834136247635,0.0019861645996570587,-0.0005225511267781258
1789059037576393700,56.440393798828126,0.02140180766582489,0.008520755916833878,-0.005056242924183607
1789059037586403800,56.45040380859375,0.01814476028084755,0.004130534362047911,-0.013126419857144356
1789059037596414000,56.4604140625,0.015067225322127342,0.005125476513057947,0.0037709514144808054
1789059037606423800,56.470423828125,0.021051349118351936,0.003994698636233807,-0.001756705460138619
1789059037616434000,56.48043383789062,0.022646021097898483,0.011365825310349464,0.0007730028592050076
1789059037626443800,56.49044384765625,0.026618126779794693,0.00908003468066454,-0.00029146275483071804
1789059037636454000,56.500453857421874,0.03447633609175682,0.005613640882074833,-0.0010915210004895926
1789059037646463000,56.510462890625,0.04211641475558281,0.003897233633324504,-0.0008467764127999544
1789059037656472600,56.52047265625,0.039420999586582184,0.010266110301017761,0.004720022436231375
1789059037666482700,56.53048266601562,0.03934962674975395,0.006433555390685797,-0.0008302717469632626
1789059037676492800,56.540492919921874,0.03721325471997261,0.0036005727015435696,0.004325201269239187
1789059037686502700,56.550502685546874,0.03137826919555664,0.0020820382051169872,0.010540486313402653
1789059037696512800,56.5605126953125,0.019274460151791573,-0.0008307048119604588,0.002662393730133772
1789059037706522600,56.570522705078126,0.0223312359303236,0.0027512467931956053,0.0038640121929347515
1789059037716532700,56.58053271484375,0.00535840168595314,0.011936621740460396,0.019143152981996536
1789059037726542600,56.59054248046875,0.012388081289827824,0.016020845621824265,0.004543171264231205
1789059037736552700,56.600552734375,0.007700115442276001,0.019551826640963554,0.009867386892437935
1789059037746562800,56.61056274414062,0.01949179358780384,0.010233959183096886,-0.0009658199269324541
1789059037756572700,56.62057275390625,0.01761532947421074,0.012131624855101109,0.0013141361996531487
1789059037766582800,56.630582763671875,0.026353958994150162,0.009969670325517654,-0.00615549786016345
1789059037776592600,56.640592529296875,0.0312307458370924,0.009037556126713753,-0.009157073684036732
1789059037786602500,56.6506025390625,0.030196374282240868,0.009888703003525734,-0.014778473414480686
1789059037796611600,56.66061157226562,0.016559896990656853,0.007307863794267178,0.009632030501961708
1789059037806621400,56.67062133789062,0.01076885499060154,0.014583353884518147,0.01166482176631689
1789059037816631600,56.680631591796875,0.0008749484550207853,0.012875624001026154,0.017214149236679077
1789059037826641700,56.6906416015625,0.003776462282985449,0.002707940759137273,0.007957800291478634
1789059037836651500,56.70065161132813,-0.0006350383046083152,0.012797510251402855,0.014942379668354988
1789059037846661600,56.71066162109375,-0.003297134069725871,0.016825275495648384,0.002272124635055661
1789059037856671500,56.72067138671875,-0.002961578778922558,0.01961536705493927,-0.002233120845630765
1789059037866681600,56.730681640625,0.004557590465992689,0.021096084266901016,0.0016223376151174307
1789059037876691500,56.74069140625,0.02092241682112217,0.01722867786884308,0.001168164424598217
1789059037886701600,56.75070166015625,0.014353197067975998,0.0190390944480896,0.004940531682223082
1789059037896711700,56.760711669921875,0.02480664849281311,0.0242439117282629,-0.01972164399921894
1789059037906721500,56.770721435546875,0.0051338765770196915,0.02375708520412445,-0.010788336396217346
1789059037916731600,56.78073168945313,0.007623924873769283,0.024031879380345345,-0.012598682194948196
1789059037926741500,56.79074145507813,-0.0020774381700903177,0.025968529284000397,0.002547247102484107
1789059037936751600,56.80075170898437,0.0005665518110617995,0.015819378197193146,-0.017114505171775818
1789059037946760400,56.810760498046875,-0.01600363664329052,0.021123062819242477,-0.005217366851866245
1789059037956770300,56.820770263671875,-0.022003455087542534,0.023064913228154182,-0.0003216983750462532
1789059037966780400,56.83078051757813,-0.027417128905653954,0.022117894142866135,0.004246422089636326
1789059037976790500,56.84079052734375,-0.02339976280927658,0.018783099949359894,-0.011425097472965717
1789059037986800400,56.85080029296875,-0.03701118007302284,0.01484295167028904,0.004620980471372604
1789059037996810500,56.860810546875,-0.03424282371997833,0.013974443078041077,-0.003913773223757744
1789059038006820400,56.8708203125,-0.06495093554258347,0.011084647849202156,0.0043204547837376595
1789059038016830500,56.88083056640625,-0.08307667821645737,0.009880254976451397,0.011734526604413986
1789059038026840600,56.890840576171875,-0.10036991536617279,0.009644033387303352,0.004644126631319523
1789059038036850400,56.900850341796875,-0.1330426186323166,0.00024406472221016884,0.003346201730892062
1789059038046860500,56.91086059570313,-0.14454294741153717,-0.0032750358805060387,0.0019360578153282404
1789059038056870400,56.92087036132813,-0.1518421620130539,-0.010354915633797646,-0.0005441966932266951
1789059038066880500,56.93088061523437,-0.15693704783916473,-0.01297386921942234,0.001693923957645893
1789059038076890400,56.94089038085937,-0.15268689393997192,-0.018484074622392654,-0.004586895927786827
1789059038086900500,56.950900390625,-0.15624141693115234,-0.025158222764730453,-0.004920590203255415
1789059038096909600,56.96090966796875,-0.15505073964595795,-0.023971399292349815,0.0006359240505844355
1789059038106919400,56.97091943359375,-0.16480296850204468,-0.022090142592787743,-0.003110610879957676
1789059038116929500,56.98092944335937,-0.1732233464717865,-0.017123399302363396,0.0004938563797622919
1789059038126939600,56.990939697265624,-0.16458618640899658,-0.010045517235994339,-0.003418060950934887
1789059038136949500,57.000949462890624,-0.15480893850326538,-0.011107465252280235,-0.005115998908877373
1789059038146959600,57.010959716796876,-0.1173931136727333,-0.014494474977254868,-0.00028529088012874126
1789059038156969500,57.020969482421876,-0.07658415287733078,-0.02156032808125019,0.009635180234909058
1789059038166979600,57.0309794921875,-0.03192134574055672,-0.02335583232343197,-0.0066340710036456585
1789059038176989400,57.04098950195313,-0.00427106861025095,-0.026887407526373863,0.0015151314437389374
1789059038186999600,57.05099951171875,0.007090775296092033,-0.021377060562372208,-0.0014660111628472805
1789059038197009700,57.061009765625,0.015335123986005783,-0.013723881915211678,-0.00406353734433651
1789059038207019500,57.07101953125,0.026124123483896255,-0.014116432517766953,0.00604342482984066
1789059038217029600,57.081029541015624,0.0499010905623436,-0.006351023446768522,0.006863169837743044
1789059038227039500,57.09103955078125,0.0817817896604538,-0.013528509065508842,0.008669326081871986
1789059038237049600,57.101049560546876,0.12199048697948456,-0.010151969268918037,0.006208737380802631
1789059038247058400,57.11105834960937,0.16217198967933655,-0.011437477543950081,0.0030334496404975653
1789059038257068300,57.121068359375,0.20839138329029083,-0.01618627831339836,0.0016966101247817278
1789059038267078400,57.131078369140624,0.23700305819511414,-0.005580504424870014,0.013139680027961731
1789059038277088500,57.141088623046876,0.27157944440841675,-0.006098905112594366,0.00854592677205801
1789059038287098400,57.151098388671876,0.2982206344604492,0.00391085259616375,0.011703104712069035
1789059038297108500,57.1611083984375,0.3311775326728821,0.003421592991799116,-0.0007517016492784023
1789059038307118300,57.17111840820313,0.3482734262943268,0.024132464081048965,0.020347725600004196
1789059038317128400,57.18112841796875,0.3816566467285156,0.009972763247787952,0.018771180883049965
1789059038327138300,57.19113818359375,0.39284777641296387,0.006423301994800568,0.03195702284574509
1789059038337148400,57.2011484375,0.43816229701042175,0.001812933012843132,0.00044388859532773495
1789059038347158500,57.211158447265625,0.43948641419410706,0.008558453992009163,0.0066724903881549835
1789059038357168400,57.22116845703125,0.4662855267524719,0.015494199469685555,-0.0018334799678996205
1789059038367178500,57.23117846679688,0.47001978754997253,0.02726057730615139,0.012538268230855465
1789059038377188400,57.24118823242188,0.47154343128204346,0.030960319563746452,0.0150117427110672
1789059038387197400,57.251197509765625,0.4840395152568817,0.032130781561136246,0.010766398161649704
1789059038397207600,57.26120751953125,0.4903527498245239,0.029357735067605972,0.007004285231232643
1789059038407217400,57.27121752929688,0.4774947166442871,0.023790130391716957,0.000009758630767464638
1789059038417227500,57.2812275390625,0.45736685395240784,0.035331130027770996,0.004349483177065849
1789059038427237600,57.29123754882813,0.42562490701675415,0.0386587493121624,-0.00008334871381521225
1789059038437247500,57.30124755859375,0.369998961687088,0.05501288175582886,0.018708283081650734
1789059038447257600,57.31125756835937,0.3406786322593689,0.050974730402231216,0.006967470049858093
1789059038457267500,57.32126733398437,0.28721189498901367,0.05746595188975334,0.014180080033838749
1789059038467277600,57.331277587890625,0.25377219915390015,0.056949030607938766,-0.005048742517828941
1789059038477287400,57.341287353515625,0.2029697149991989,0.05637843534350395,0.004106499254703522
1789059038487297500,57.35129760742188,0.16865195333957672,0.058443982154130936,0.0007330733351409435
1789059038497307600,57.3613076171875,0.09824436157941818,0.0498533621430397,0.0024608857929706573
1789059038507317500,57.3713173828125,0.04482534900307655,0.047148920595645905,0.002724272198975086
1789059038517326600,57.38132666015625,-0.012657102197408676,0.04264991730451584,-0.008209619671106339
1789059038527336700,57.39133666992188,-0.06692886352539062,0.04562493786215782,-0.00900057889521122
1789059038537346600,57.4013466796875,-0.13349883258342743,0.04777682200074196,-0.0036485695745795965
1789059038547356700,57.41135668945312,-0.19968105852603912,0.0533316433429718,-0.0009417326655238867
1789059038557366500,57.42136645507812,-0.25293973088264465,0.04614359512925148,0.0015646917745471
1789059038567376600,57.431376708984374,-0.2863493263721466,0.03910113126039505,0.008839381858706474
1789059038577386500,57.441386474609374,-0.3073361814022064,0.025362994521856308,-0.013372892513871193
1789059038587396600,57.451396728515626,-0.34329044818878174,0.02351769059896469,-0.004920551553368568
1789059038597406700,57.46140673828125,-0.3572579026222229,0.020068548619747162,-0.003818624187260866
1789059038607416300,57.471416259765626,-0.3799821138381958,0.020912237465381622,-0.003481467952951789
1789059038617426400,57.48142651367188,-0.40048709511756897,0.02409730851650238,-0.0015961900353431702
1789059038627436300,57.49143627929688,-0.40166181325912476,0.021319633349776268,-0.001426014001481235
1789059038637446400,57.5014462890625,-0.39673152565956116,0.02238214574754238,0.011945859529078007
1789059038647456500,57.51145654296875,-0.3674998879432678,0.01588083803653717,-0.00018750200979411602
1789059038657466400,57.52146630859375,-0.3400256335735321,0.014216037467122078,-0.006593517027795315
1789059038667475500,57.53147534179688,-0.3075699806213379,0.007637762930244207,-0.009199419990181923
1789059038677485600,57.54148559570312,-0.2775295078754425,0.019965320825576782,-0.006636272184550762
1789059038687495400,57.55149536132812,-0.2577781677246094,0.02247162163257599,0.0043953401036560535
1789059038697505500,57.561505615234374,-0.232399582862854,0.017599375918507576,0.0006351484917104244
1789059038707515400,57.571515380859374,-0.21286876499652863,0.011070103384554386,0.006556686945259571
1789059038717525500,57.581525390625,-0.1862504780292511,0.014323487877845764,0.004616014659404755
1789059038727535400,57.591535400390626,-0.15395087003707886,0.009901309385895729,-0.011527535505592823
1789059038737545500,57.60154541015625,-0.12249599397182465,0.0079190069809556,-0.0053534312173724174
1789059038747555600,57.6115556640625,-0.0830061063170433,0.002659796504303813,-0.010130343958735466
1789059038757565400,57.6215654296875,-0.05138504132628441,0.0008226661011576653,0.005944937467575073
1789059038767575600,57.63157543945312,-0.029940469190478325,0.002666905289515853,-0.005716778337955475
1789059038777585400,57.64158544921875,-0.010665826499462128,0.0031454600393772125,-0.0051539065316319466
1789059038787594800,57.6515947265625,0.008465791121125221,0.0020386502146720886,-0.004988524131476879
1789059038797604900,57.66160498046875,0.02090298756957054,-0.0014755157753825188,-0.004074119031429291
1789059038807614000,57.67161401367188,0.04109853506088257,-0.0068015712313354015,0.00003141001798212528
1789059038817623800,57.68162377929688,0.05914649739861488,-0.00637928256765008,-0.0045006172731518745
1789059038827634000,57.69163403320312,0.0804363414645195,-0.008987849578261375,0.005347485654056072
1789059038837643800,57.70164379882812,0.09615965932607651,-0.0045555648393929005,0.016416799277067184
1789059038847654000,57.71165380859375,0.11436103284358978,0.0016671773046255112,0.00374308112077415
1789059038857663700,57.721663818359374,0.1374991238117218,0.0004122811369597912,-0.004838274791836739
1789059038867673900,57.731673828125,0.1539025902748108,-0.0026620724238455296,0.0026928787119686604
1789059038877684000,57.74168408203125,0.16573208570480347,-0.008566781878471375,0.0004452920984476805
1789059038887693800,57.75169384765625,0.1611780822277069,-0.009363599121570587,0.0027031200006604195
1789059038897704000,57.76170385742188,0.1428784281015396,0.007123617455363274,0.00848254095762968
