time,seconds_elapsed,z,y,x
1789061912781716700,0.049716796875,-9.264931479251384,-3.1897710233330723,-0.39596437082607294
1789061912791725600,0.0597255859375,-9.264300780132412,-3.192518860736489,-0.3885053600570187
1789061912801735700,0.069735595703125,-9.264635711175202,-3.192154995860159,-0.38348259999156
1789061912811745500,0.07974560546875,-9.265285699516534,-3.190551360055804,-0.3811167111104354
1789061912821754600,0.089754638671875,-9.266107537293433,-3.188701056014001,-0.3765956169568002
1789061912831764700,0.0997646484375,-9.266669847351313,-3.1872567024245857,-0.37497992538847025
1789061912841774600,0.109774658203125,-9.265753317028283,-3.1914360339358447,-0.36184995631091293
1789061912851783700,0.11978369140625,-9.26509046920538,-3.194318603634834,-0.35328945057336236
1789061912861793800,0.129793701171875,-9.265176978445053,-3.1941859171658753,-0.3522202504392713
1789061912871803600,0.1398037109375,-9.26622736428082,-3.1907983205541965,-0.35527335439957675
1789061912881812700,0.149812744140625,-9.267330357086658,-3.186767165341973,-0.36260461060311644
1789061912891822800,0.15982275390625,-9.267013546222447,-3.187239166767895,-0.3665354837786406
1789061912901832700,0.169832763671875,-9.266718947190046,-3.1882141492798923,-0.36550895374249665
1789061912911841800,0.179841796875,-9.266013429269194,-3.1903996766254306,-0.3643259910356253
1789061912921851600,0.1898515625,-9.265307911348343,-3.1922678085848686,-0.365889952416718
1789061912931861800,0.19986181640625,-9.265026171797514,-3.1922929430261253,-0.37274792855270206
1789061912941870600,0.20987060546875,-9.264520560362934,-3.192793293763697,-0.3809420486632734
1789061912951880700,0.219880615234375,-9.264651493266225,-3.1913468943476677,-0.38977567225378007
1789061912961890800,0.229890869140625,-9.265557502195238,-3.1875387342363593,-0.39928387063760307
1789061912971899600,0.239899658203125,-9.265726429021358,-3.186813927093148,-0.4011411524094641
1789061912981909800,0.24990966796875,-9.265660962569713,-3.185901780684292,-0.4098105618815869
1789061912991919900,0.259919921875,-9.263454392436147,-3.192068194359541,-0.4117028419015929
1789061913001928700,0.2699287109375,-9.261958600920439,-3.1957337311297653,-0.41688521297555414
1789061913011938800,0.279938720703125,-9.261630099618435,-3.195646052846312,-0.4247855012387037
1789061913021949000,0.289948974609375,-9.262426218432187,-3.1919989285156127,-0.43473048360459504
1789061913031958800,0.299958740234375,-9.262704450851679,-3.1901845725700255,-0.44205973051413894
1789061913041967900,0.3099677734375,-9.26301717006266,-3.1878722039744254,-0.45207302887588735
1789061913051977700,0.319977783203125,-9.26163945196867,-3.1915652132734653,-0.4542335313780233
1789061913061987600,0.329987548828125,-9.261380508771538,-3.190788091421127,-0.46485593808144327
1789061913071996700,0.33999658203125,-9.26066739206612,-3.191394240620732,-0.4747879513679072
1789061913082006800,0.3500068359375,-9.260318432497977,-3.191200471614301,-0.48283144749402995
1789061913092016600,0.3600166015625,-9.26025705769956,-3.191030668005347,-0.48512204264923925
1789061913102025700,0.370025634765625,-9.261065451472998,-3.1890900553315875,-0.4824495720369741
1789061913112035800,0.380035888671875,-9.261854556024074,-3.1867423231616616,-0.48281654218584297
1789061913122045700,0.390045654296875,-9.262350230586529,-3.185062699511647,-0.48438203793689605
1789061913132054800,0.4000546875,-9.26268223901987,-3.18273484108597,-0.4932576740382239
1789061913142065000,0.41006494140625,-9.262948196479678,-3.180626178368926,-0.5017933010628447
1789061913152074800,0.42007470703125,-9.262239755949377,-3.1828996762588617,-0.5004474759444594
1789061913162083800,0.430083740234375,-9.262302884313463,-3.1829394237473605,-0.49902069454435255
1789061913172094000,0.440093994140625,-9.262406929209828,-3.1829373779207466,-0.49710755439940835
1789061913182103600,0.450103515625,-9.263051656854152,-3.180872262084484,-0.4983060434689745
1789061913192112600,0.460112548828125,-9.263474266180395,-3.1791727646902204,-0.5012870320411399
1789061913202122800,0.470122802734375,-9.262927738213538,-3.1801898327782747,-0.5049286034138873
1789061913212132600,0.480132568359375,-9.261929374825954,-3.182424459962547,-0.509137599411048
1789061913222141700,0.4901416015625,-9.260851516461372,-3.1852441935583946,-0.5111087898861617
1789061913232151800,0.50015185546875,-9.260731104952097,-3.184290546095371,-0.5191719405608252
1789061913242161700,0.51016162109375,-9.260376300165056,-3.1843285400182006,-0.5252274046748876
1789061913252170800,0.520170654296875,-9.260073517826198,-3.1835154700696466,-0.5353991084687412
1789061913262180900,0.530180908203125,-9.25982860315442,-3.1822721920102834,-0.5468998323766514
1789061913272190700,0.540190673828125,-9.260489112889767,-3.1776936320483684,-0.5621320344304666
1789061913282200800,0.550200927734375,-9.260469239145516,-3.1748408729657527,-0.5783385248765349
1789061913292210000,0.5602099609375,-9.260113849836587,-3.1717385230362414,-0.600626563725993
1789061913302219800,0.5702197265625,-9.259896992215513,-3.1693159720644353,-0.616542144934088
1789061913312230000,0.58022998046875,-9.258979877370596,-3.168634419541061,-0.6335893605206161
1789061913322239000,0.590239013671875,-9.257564749875664,-3.1701530074104665,-0.646536885703355
1789061913332248800,0.600248779296875,-9.256616655370593,-3.1693641951203344,-0.6637509822893888
1789061913342259000,0.610259033203125,-9.256074219056963,-3.1675399023026225,-0.6798265763647854
1789061913352267800,0.620267822265625,-9.256811301159859,-3.1620252305343746,-0.6952881301950663
1789061913362277600,0.630277587890625,-9.25751681908071,-3.156128865972161,-0.7124752657089382
1789061913372287700,0.640287841796875,-9.256915346056223,-3.1543899133503435,-0.7278219609878956
1789061913382296800,0.650296875,-9.255760330802202,-3.1546468107208607,-0.7412726133871823
1789061913392306700,0.660306640625,-9.254335850957036,-3.1576033224388955,-0.7464527194388211
1789061913402316800,0.67031689453125,-9.254097366026043,-3.156667795154452,-0.7533385334298014
1789061913412326000,0.680325927734375,-9.25511092698276,-3.152048026399314,-0.7601981900662184
1789061913422335700,0.690335693359375,-9.255534120830893,-3.14807356981039,-0.771434600482136
1789061913432345900,0.700345947265625,-9.254517637264728,-3.1486811803147194,-0.7810819150757045
1789061913442355000,0.71035498046875,-9.253117707338928,-3.152915749144554,-0.7805914281450211
1789061913452364800,0.72036474609375,-9.25171485480368,-3.1564643815368414,-0.7828736938633024
1789061913462375000,0.730375,-9.250733442550898,-3.1592893758296965,-0.7830769613504409
1789061913472383700,0.7403837890625,-9.251106367516517,-3.1586434791415927,-0.7812735651902853
1789061913482393900,0.750393798828125,-9.252063229849934,-3.15606544534713,-0.7803569618020206
1789061913492403700,0.76040380859375,-9.252676393312216,-3.155726130390167,-0.7744361203856766
1789061913502413800,0.770413818359375,-9.252889743801951,-3.1559844890654087,-0.770828451282531
1789061913512423000,0.7804228515625,-9.25216376761496,-3.1605963667750356,-0.7605777639683335
1789061913522432800,0.790432861328125,-9.2511186424762,-3.1651237810716033,-0.7544372884519398
1789061913532443000,0.80044287109375,-9.250835733881592,-3.1678976296991106,-0.74622154103145
1789061913542452000,0.810451904296875,-9.250252381035684,-3.172835378362238,-0.7323474025230854
1789061913552461800,0.8204619140625,-9.25014892066121,-3.1756700172662735,-0.7212804303899407
1789061913562472000,0.830471923828125,-9.250272254779935,-3.1775401950523254,-0.711395288452506
1789061913572481000,0.84048095703125,-9.250556916940212,-3.1788138682499527,-0.7019424735177308
1789061913582491000,0.850490966796875,-9.251573985028266,-3.1774846654728055,-0.694520360692963
1789061913592501000,0.8605009765625,-9.253034705230593,-3.174413295203447,-0.6890846724450588
1789061913602509800,0.870509765625,-9.25335911487937,-3.175950003251433,-0.6775454066250473
1789061913612519700,0.880519775390625,-9.254576673975587,-3.1735584319397807,-0.6721032886363566
1789061913622529800,0.89052978515625,-9.255004543998837,-3.1746608402237295,-0.660910205905512
1789061913632539000,0.900538818359375,-9.254843215957283,-3.1769939593464134,-0.6518938826918602
1789061913642548700,0.910548828125,-9.253966433122754,-3.181763657966256,-0.6409918918620795
1789061913652558800,0.920558837890625,-9.254080414891243,-3.1832410370424387,-0.6319447351187467
1789061913662568700,0.930568603515625,-9.25561361580789,-3.1795266926944254,-0.6281807064101099
1789061913672577800,0.940577880859375,-9.257208191522956,-3.1752275341957805,-0.6264266292843967
1789061913682588000,0.950587890625,-9.258423412531613,-3.171534232635796,-0.6271804433263838
1789061913692597800,0.96059765625,-9.25941826878786,-3.1679578354537483,-0.6305548881955444
1789061913702606800,0.97060693359375,-9.259747939133643,-3.1658857053548095,-0.6360957903835922
1789061913712617000,0.980616943359375,-9.258825563591719,-3.1685026098549365,-0.6364896850720048
1789061913722626800,0.990626708984375,-9.25813232063055,-3.1706673866733905,-0.6357950538713485
1789061913732635600,1.0006357421875,-9.258457314801216,-3.169178317159414,-0.63848012823686
1789061913742645800,1.010645751953125,-9.259095028182864,-3.1666283404156563,-0.6418750313721597
1789061913752656000,1.02065576171875,-9.260009804940223,-3.163294519817829,-0.6451145247500389
1789061913762664700,1.030664794921875,-9.260932180482149,-3.1591850386723874,-0.6519727200817317
1789061913772674800,1.0406748046875,-9.260821705844998,-3.1586756278455255,-0.656002779315412
1789061913782685000,1.050684814453125,-9.260908799606561,-3.155967245669663,-0.6676985508713871
1789061913792693800,1.06069384765625,-9.26103973250985,-3.153005180993676,-0.6797722158290446
1789061913802704000,1.070703857421875,-9.26051833898425,-3.152115538677573,-0.6909072116971016
1789061913812714000,1.0807138671875,-9.259657922762631,-3.151946319590509,-0.7031026033382862
1789061913822722800,1.090722900390625,-9.258716842520236,-3.153014825604856,-0.7106631017204373
1789061913832733000,1.10073291015625,-9.258273774927854,-3.152626995331049,-0.7181203589238226
1789061913842743000,1.110742919921875,-9.25902547007799,-3.148154526092112,-0.7279785397890954
1789061913852753000,1.1207529296875,-9.259652077543734,-3.1430896439179774,-0.7417652922749519
1789061913862761700,1.13076171875,-9.25826383805573,-3.1459491250023244,-0.7469548237420618
1789061913872771800,1.140771728515625,-9.25753669282496,-3.1456407897055145,-0.7571959395103156
1789061913882781700,1.15078173828125,-9.258045226868987,-3.141132956892252,-0.7695906531158834
1789061913892790800,1.160790771484375,-9.257976837807893,-3.139070179143548,-0.7787712269805371
1789061913902801000,1.17080078125,-9.25712752750218,-3.137652713561058,-0.7944219467073679
1789061913912810800,1.180810791015625,-9.25496421198845,-3.1419302447497843,-0.8026836521614342
1789061913922819800,1.19081982421875,-9.253523365530372,-3.1432369434341787,-0.8140974649708718
1789061913932830000,1.200829833984375,-9.252288855299353,-3.1446392114475366,-0.8226694784831255
1789061913942839800,1.21083984375,-9.25072701281011,-3.148042590150237,-0.8272006191067397
1789061913952849000,1.220848876953125,-9.250806507787107,-3.1455998731732366,-0.8355657118700445
1789061913962859000,1.23085888671875,-9.251173587533831,-3.1416055428400633,-0.8464560122620314
1789061913972868900,1.240868896484375,-9.250085792297124,-3.1434143458276984,-0.8516117875900119
1789061913982877700,1.250877685546875,-9.25018516101837,-3.139953976240754,-0.863222292015329
1789061913992887800,1.2608876953125,-9.249472044312954,-3.139559131704271,-0.8722516939062624
1789061914002897700,1.270897705078125,-9.249006764888763,-3.1385958396300673,-0.8806136448644101
1789061914012907800,1.28090771484375,-9.249327082884312,-3.1347718974277377,-0.8908078527510166
1789061914022916900,1.290916748046875,-9.248741976472735,-3.1336256500020623,-0.9008607524707913
1789061914032926700,1.3009267578125,-9.247708541771768,-3.134690356624126,-0.9077361911982298
1789061914042936800,1.310936767578125,-9.247999633672833,-3.129702046817541,-0.9218764332968741
1789061914052946000,1.32094580078125,-9.247320419237017,-3.1306209152281284,-0.9255636704422533
1789061914062955800,1.330955810546875,-9.247292362186313,-3.1303537887245416,-0.9267425780285149
1789061914072966000,1.3409658203125,-9.247589299306274,-3.127178958080709,-0.9344690075621008
1789061914082975000,1.35097509765625,-9.247569425562023,-3.121055799025297,-0.9549098841749131
1789061914092984800,1.36098486328125,-9.245396757698058,-3.1213524438843128,-0.9747749336611479
1789061914102995000,1.370994873046875,-9.243812703377008,-3.118791068963706,-0.9977238475721328
1789061914113003800,1.381003662109375,-9.242903771838545,-3.11797303057909,-1.0086411090362817
1789061914123013600,1.391013671875,-9.24196269159615,-3.1177541271314024,-1.0178973054204135
1789061914133023700,1.401023681640625,-9.241341929349304,-3.1144211833164093,-1.0336146606426686
1789061914143033900,1.411033935546875,-9.239647400391101,-3.1150676645264026,-1.046733889130503
1789061914153042700,1.421042724609375,-9.237898510897159,-3.1144699908941984,-1.0638086503110826
1789061914163052800,1.431052734375,-9.236493904796243,-3.1141230771526693,-1.0769430763680488
1789061914173063000,1.44106298828125,-9.235886002030968,-3.1120111995652318,-1.0881985568106174
1789061914183071700,1.45107177734375,-9.235485604536533,-3.1086881926223633,-1.101022967070341
1789061914193081900,1.461081787109375,-9.234529911246895,-3.107865770323574,-1.111311282981187
1789061914203092000,1.471092041015625,-9.233411720871924,-3.107077834816277,-1.1227486227966845
1789061914213100800,1.481100830078125,-9.232876298820972,-3.104541009815037,-1.134110778484121
1789061914223111000,1.49111083984375,-9.231942232841252,-3.1053067334905267,-1.1396022885724901
1789061914233121000,1.50112109375,-9.231614316061139,-3.1034140516117215,-1.1473908966220914
1789061914243129900,1.5111298828125,-9.230561007615924,-3.1033611523807045,-1.1559748197678477
1789061914253139700,1.5211396484375,-9.22943054228127,-3.105630266356468,-1.1589007902171462
1789061914263149800,1.53114990234375,-9.229396055489778,-3.104607937571406,-1.16191246618852
1789061914273159000,1.541158935546875,-9.230594909885525,-3.101193452952802,-1.1615095844760537
1789061914283168800,1.551168701171875,-9.23224618422389,-3.0964129406780003,-1.1611381208151579
1789061914293178400,1.561178466796875,-9.234135943493246,-3.0894162136584518,-1.164740748417005
1789061914303188200,1.571188232421875,-9.234752029564977,-3.0832272958904503,-1.176201249912381
1789061914313197300,1.581197265625,-9.234133605405688,-3.083246877373755,-1.1809944755382835
1789061914323207400,1.59120751953125,-9.232902017784118,-3.0879151614457365,-1.178424771180749
1789061914341349400,1.609349365234375,-9.231333745554089,-3.0953496953606603,-1.1711848830550908
1789061914351358500,1.6193583984375,-9.231505594989656,-3.0954578319102524,-1.169540842175111
1789061914361368300,1.629368408203125,-9.231792010715603,-3.095667383007705,-1.166726296211034
1789061914371378400,1.63937841796875,-9.232342630335689,-3.0952617248162624,-1.163436607015878
1789061914381388500,1.649388427734375,-9.231962106585502,-3.099348701868951,-1.1555481918536126
1789061914391397400,1.6593974609375,-9.231544173434376,-3.104428781612217,-1.1452040541023016
1789061914401407500,1.669407470703125,-9.231913006746769,-3.106801940484345,-1.1357597147349268
1789061914411417600,1.67941748046875,-9.231965029194951,-3.1090549801081417,-1.12915169477202
1789061914421426200,1.68942626953125,-9.231410317921638,-3.1141289223715662,-1.1196664388723672
1789061914431436300,1.699436279296875,-9.230749223664402,-3.1195997549980876,-1.10984150268957
1789061914441446400,1.7094462890625,-9.231005244252085,-3.1245804660201073,-1.0935833185888826
1789061914451455200,1.719455322265625,-9.230835148382186,-3.130155343542993,-1.078979623696953
1789061914461465300,1.72946533203125,-9.230096897235512,-3.1366195711210367,-1.0664463053382933
1789061914471475500,1.739475341796875,-9.2289640938133,-3.1438503991574045,-1.0548994407337158
1789061914481485300,1.7494853515625,-9.227937088853121,-3.150295045252144,-1.0446076176915318
1789061914491494400,1.759494384765625,-9.227930074590445,-3.1560344656869765,-1.0271976332072168
1789061914501504500,1.76950439453125,-9.229233558404445,-3.1585897031277415,-1.0074418162491172
1789061914511514400,1.779514404296875,-9.230646347811817,-3.1603917841136453,-0.9886750833936035
1789061914521523500,1.7895234375,-9.231496242639421,-3.162505123005807,-0.9738706052325665
1789061914531533600,1.799533447265625,-9.231417916706205,-3.1674580692380663,-0.958395315137878
1789061914541543400,1.80954345703125,-9.23043591993153,-3.175133426171541,-0.942320670910552
1789061914551552300,1.81955224609375,-9.230921073099971,-3.1780329470053315,-0.9276754749644547
1789061914561562400,1.829562255859375,-9.231343682426214,-3.181489517199993,-0.9114842186201363
1789061914571572200,1.839572265625,-9.23138693704605,-3.1864237587317823,-0.893637742414698
1789061914581581300,1.849581298828125,-9.23069778573811,-3.1941201584532855,-0.8730383142393082
1789061914591591400,1.85959130859375,-9.229415344712137,-3.2041409094691273,-0.8495648649975657
1789061914601601300,1.869601318359375,-9.229081582713127,-3.2109467900916933,-0.8271987924758344
1789061914611611400,1.879611328125,-9.230508985167742,-3.2121377534419295,-0.8063886441592126
1789061914621620500,1.889620361328125,-9.232361335036158,-3.2107164884671566,-0.79068802087605
1789061914631630300,1.89963037109375,-9.233224673867225,-3.2125089248418806,-0.773133148028329
1789061914641640400,1.909640380859375,-9.23267288520336,-3.219207253436744,-0.7515609292980283
1789061914651649500,1.9196494140625,-9.231416747662424,-3.2296485679522156,-0.7215927112095057
1789061914661659400,1.929659423828125,-9.231147867593169,-3.23663418905586,-0.6931787368256598
1789061914671669500,1.93966943359375,-9.232371856430172,-3.2387913670897484,-0.6662781626794487
1789061914681678300,1.94967822265625,-9.234730986776947,-3.2375299688518044,-0.6391618999559432
1789061914691688200,1.959688232421875,-9.237366011455654,-3.234875654950738,-0.6140313311569392
1789061914701698300,1.9696982421875,-9.239548616191744,-3.232303758636117,-0.594427088031359
1789061914711708400,1.97970849609375,-9.240055981191992,-3.234895820955932,-0.5720130847146734
1789061914721717200,1.98971728515625,-9.24011735599041,-3.2387004739359018,-0.5490269440658391
1789061914731727400,1.999727294921875,-9.24103096370399,-3.239754659163952,-0.526992953042686
1789061914741737500,2.009737548828125,-9.242574101492762,-3.2386396836593745,-0.5063766467977315
1789061914751746300,2.019746337890625,-9.243739053618908,-3.2386361765280363,-0.484669330445677
1789061914761756400,2.02975634765625,-9.24552593703568,-3.2357354866504666,-0.46972895094528794
1789061914771766500,2.0397666015625,-9.246905408695339,-3.2337361295267937,-0.45614966719765215
1789061914781775400,2.049775390625,-9.245928088095784,-3.2384009064674375,-0.44266668343134224
1789061914791785500,2.059785400390625,-9.244923879489303,-3.242478823430836,-0.4336968297079205
1789061914801795600,2.069795654296875,-9.244664936292171,-3.2440275141775605,-0.4275950422341004
1789061914811805400,2.079805419921875,-9.244221868699789,-3.2455159991696476,-0.4258764382805675
1789061914821814300,2.089814208984375,-9.244030145519972,-3.2464638014137743,-0.422801122488454
1789061914831824400,2.099824462890625,-9.243736715531348,-3.2481253048852086,-0.4164118233101442
1789061914841834200,2.109834228515625,-9.244951352018118,-3.244976485465467,-0.41398039491213856
1789061914851843300,2.11984326171875,-9.246310365411638,-3.2412244394555687,-0.41303259266801173
1789061914861853400,2.129853515625,-9.24793241365552,-3.236797562924027,-0.41142588812373576
1789061914871863300,2.13986328125,-9.249584857037663,-3.23195275324136,-0.4123676990184933
1789061914881872400,2.149872314453125,-9.248911487820743,-3.233983966808021,-0.4115387739136815
1789061914891882500,2.159882568359375,-9.248274943482876,-3.2359730947986245,-0.41021804670393464
1789061914901892400,2.169892333984375,-9.247984436103701,-3.2370793024748563,-0.40803010820560154
1789061914911901400,2.1799013671875,-9.249283828264474,-3.2335049511194227,-0.406918128375709
1789061914921911600,2.18991162109375,-9.25031843200922,-3.2305022621721027,-0.4072424284266308
1789061914931921400,2.19992138671875,-9.250064164987206,-3.231649386380613,-0.40390736571978775
1789061914941931500,2.209931640625,-9.249881209635735,-3.232725198918581,-0.39946532815173263
1789061914951940400,2.2199404296875,-9.250314924877882,-3.232370686392486,-0.3922214579707011
1789061914961950200,2.2299501953125,-9.25210823803544,-3.227998754918575,-0.3858758518036455
1789061914971960300,2.239960205078125,-9.252938259118794,-3.226058726766705,-0.38218645923379807
1789061914981969400,2.249969482421875,-9.252319250437617,-3.228927267940342,-0.3728233318764716
1789061914991979300,2.259979248046875,-9.252452521428465,-3.2293498772665856,-0.3657899261083454
1789061915001989400,2.2699892578125,-9.253872325098515,-3.2258477143645283,-0.3607470365703106
1789061915011999500,2.27999951171875,-9.256205151960254,-3.219386409395933,-0.3586133855424821
1789061915022008300,2.29000830078125,-9.258326381897925,-3.2131577441394326,-0.3597148805109784
1789061915032018400,2.300018310546875,-9.260234261345863,-3.2071304466739297,-0.364360185566172
1789061915042028500,2.310028564453125,-9.26025588865578,-3.207300542543828,-0.3623135552346706
1789061915052037400,2.320037353515625,-9.258899797871708,-3.2122368299022317,-0.3531187701815739
1789061915062047500,2.330047607421875,-9.257903188049793,-3.2156311485156417,-0.34832262194622304
1789061915072057600,2.3400576171875,-9.258072114875912,-3.2150644545435902,-0.34905897339675573
1789061915082066200,2.350066162109375,-9.258643192762136,-3.2131212115213272,-0.35179471850357946
1789061915092076300,2.360076171875,-9.258507583683729,-3.213063343854248,-0.3558723432060331
1789061915102086400,2.37008642578125,-9.257583454576134,-3.216320299823582,-0.35044852805901316
1789061915112096300,2.38009619140625,-9.255572114753722,-3.223092278176546,-0.3412465095475316
1789061915122105300,2.390105224609375,-9.254171600306034,-3.2279826805666088,-0.33290366514865305
1789061915132115500,2.400115478515625,-9.25293066033423,-3.232240045750141,-0.32600948518812656
1789061915142125300,2.410125244140625,-9.252342631313205,-3.2346073594033715,-0.31914595609419044
1789061915152134400,2.420134521484375,-9.253410552805661,-3.2321123277172443,-0.31341504775937645
1789061915162144500,2.43014453125,-9.255249458670615,-3.2272873917788267,-0.3088025124626234
1789061915172154400,2.440154296875,-9.255878404223917,-3.226320592573285,-0.29991339582521465
1789061915182163500,2.45016357421875,-9.257395823049544,-3.222482329584658,-0.2942945878290571
1789061915192173600,2.460173583984375,-9.258503492030501,-3.220265822578966,-0.28351730109117923
1789061915202183400,2.470183349609375,-9.26037103946805,-3.2155674356296657,-0.27575901511460543
1789061915212193500,2.480193603515625,-9.260711815729737,-3.2158287169143556,-0.26086585402311757
1789061915222202400,2.490202392578125,-9.26232801875472,-3.2116999465465543,-0.2542619987786747
1789061915232212200,2.500212158203125,-9.262679900932312,-3.2118212348386646,-0.23948654578272252
1789061915242222300,2.510222412109375,-9.262243263080716,-3.214121620735526,-0.22508370722513646
1789061915252231400,2.5202314453125,-9.262546629941463,-3.214276519036293,-0.20984717605607583
1789061915262241300,2.5302412109375,-9.263902720725536,-3.2112016416355966,-0.19666724862325935
1789061915272251400,2.54025146484375,-9.266509688353539,-3.2042285877525805,-0.1873626465201378
1789061915282260500,2.550260498046875,-9.267748874759674,-3.2013807971060273,-0.17429425317039712
1789061915292270300,2.560270263671875,-9.268042889270186,-3.201020147100091,-0.16501487684007732
1789061915302280400,2.570280517578125,-9.266907747760415,-3.2051240752875803,-0.1482754302947782
1789061915312290300,2.580290283203125,-9.266689721095561,-3.206226483571529,-0.13770299107977188
1789061915322299400,2.59029931640625,-9.2666534807384,-3.206823864942789,-0.12568207922265864
1789061915332309500,2.6003095703125,-9.268014832219482,-3.2033263782158494,-0.11393772841775789
1789061915342319600,2.610319580078125,-9.270317263942957,-3.1970126650243995,-0.10348677842426113
1789061915352328400,2.620328369140625,-9.2729785921067,-3.189344614614546,-0.10164192687571048
1789061915362338600,2.630338623046875,-9.272086027181148,-3.191797560724616,-0.10598318008356727
1789061915372348700,2.6403486328125,-9.265097483468056,-3.212431767952442,-0.09290347988852299
1789061915382358500,2.650358642578125,-9.256512610474228,-3.2374232936069367,-0.08031669604326598
1789061915392367400,2.660367431640625,-9.2518270830065,-3.251141730096936,-0.06444481241300236
1789061915402377500,2.67037744140625,-9.253052825409174,-3.2479514096230266,-0.04702285892968066
1789061915412387300,2.68038720703125,-9.259629865711927,-3.229345785613358,-0.031039537114463743
1789061915422396400,2.690396484375,-9.269227130618692,-3.201778564251959,-0.020550691379548514
1789061915432406500,2.700406494140625,-9.278362623232603,-3.1751310880839823,-0.03019145065145567
1789061915442416400,2.71041650390625,-9.281447729766368,-3.166021314433217,-0.03773127157175913
1789061915452425500,2.720425537109375,-9.277152662920951,-3.178753077973425,-0.018616068913514028
1789061915462435600,2.730435546875,-9.272742445263265,-3.191647923120856,0.003832760263024829
1789061915472445400,2.740445556640625,-9.271828837549686,-3.1942391086578366,0.020159255792992187
1789061915482455600,2.75045556640625,-9.27333105880618,-3.189754656720161,0.034286147503007666
1789061915492464600,2.760464599609375,-9.276218596941233,-3.1812390495702623,0.04330122632435523
1789061915502474500,2.770474609375,-9.279825681522489,-3.170735775734484,0.04063240440732334
1789061915512484600,2.780484619140625,-9.28262028067708,-3.1626424856498834,0.03215847640810534
1789061915522493400,2.790493408203125,-9.281734145492315,-3.1651956772640344,0.036562613668164705
1789061915532503300,2.80050341796875,-9.27876068263948,-3.1737150838062167,0.050208064837055276
1789061915542513400,2.810513427734375,-9.277109408301115,-3.1783719697013497,0.05983893518589902
1789061915552522500,2.8205224609375,-9.276194631543754,-3.1808973965257406,0.06702178219496271
1789061915562532400,2.830532470703125,-9.27702757523656,-3.178388044053316,0.07068245099382475
1789061915572542500,2.84054248046875,-9.27790085093975,-3.175810010258853,0.07186668320917523
1789061915582552300,2.85055224609375,-9.279288505905866,-3.1718843612477183,0.06583772350954822
1789061915592561400,2.8605615234375,-9.2785157679677,-3.1740298488438126,0.07116710183876566
1789061915602571500,2.870571533203125,-9.279291428515315,-3.1717902532234787,0.06982804438788444
1789061915612581400,2.880581298828125,-9.278638517564534,-3.173505532708764,0.07822461000168696
1789061915622590500,2.890590576171875,-9.278951821297406,-3.172684279453754,0.07420519545960705
1789061915632600600,2.9006005859375,-9.27519802172184,-3.1833465432435273,0.08594660995532757
1789061915642610400,2.9106103515625,-9.270124956241249,-3.197813752274215,0.09571166917704976
1789061915652620500,2.92062060546875,-9.266156637132168,-3.2090865491777656,0.10243419149825349
1789061915662629400,2.93062939453125,-9.265453457298875,-3.2112171314656734,0.0992065438217949
1789061915672639500,2.940639404296875,-9.26762729420662,-3.2047882674619554,0.10394010254917666
1789061915682649300,2.9506494140625,-9.272533770948648,-3.190253253892064,0.11306341153495013
1789061915692658400,2.960658447265625,-9.278641440173983,-3.1723814971148965,0.11487152040284127
1789061915702668500,2.97066845703125,-9.283952406063676,-3.1573209983661767,0.09966594149447046
1789061915712678400,2.980678466796875,-9.282791545590758,-3.1605519431114195,0.10524768714956008
1789061915722687500,2.9906875,-9.279532251533865,-3.169887342211604,0.11170680016106925
1789061915732697600,3.000697509765625,-9.277599237644672,-3.1749846653506157,0.1265370886167977
1789061915742707500,3.01070751953125,-9.281508520042896,-3.1634947185650466,0.12759681766964495
1789061915752717600,3.020717529296875,-9.285695450338721,-3.151306268121302,0.12455771483522839
1789061915762726700,3.0307265625,-9.28957550664246,-3.1401582666411993,0.1165216256974265
1789061915772736500,3.040736572265625,-9.290535291585325,-3.137470050470531,0.11232653949460945
1789061915782746600,3.05074658203125,-9.289746187034249,-3.139858699172735,0.11084619214320554
1789061915792755500,3.06075537109375,-9.28629107814431,-3.1499145215019584,0.11499330188529565
1789061915802765300,3.070765380859375,-9.281197554397583,-3.164726598447561,0.11943192365355788
1789061915812775400,3.080775390625,-9.277778685864806,-3.1748803281933067,0.11551827560747041
1789061915822784500,3.090784423828125,-9.276002908363937,-3.180402306485176,0.10583383474075235
1789061915832794400,3.10079443359375,-9.276528393542765,-3.1792671649754047,0.0930883440692909
1789061915842804500,3.110804443359375,-9.277509221273661,-3.176732093539834,0.08116210649199783
1789061915852814300,3.120814453125,-9.27730405409038,-3.177449594159424,0.0763523635561345
1789061915862823400,3.130823486328125,-9.277520911711454,-3.1769524582922455,0.07041585877977777
1789061915872833500,3.14083349609375,-9.276617825391888,-3.179626645937562,0.06873329425400589
1789061915882843400,3.150843505859375,-9.277166691446304,-3.178179369738698,0.06117959550539963
1789061915892852500,3.1608525390625,-9.27603505706787,-3.181528680166602,0.05860889563402161
1789061915902862600,3.170862548828125,-9.276369403588772,-3.18064575985223,0.05332511001219973
1789061915912872400,3.18087255859375,-9.276983151572942,-3.1789386636734007,0.04810032913519535
1789061915922882600,3.190882568359375,-9.276340177494287,-3.1808284229427572,0.04722164660452399
1789061915932891400,3.200891357421875,-9.278355608969926,-3.1750989393800495,0.03539501749378396
1789061915942901200,3.2109013671875,-9.278262669989466,-3.1753762950167057,0.03472289495245786
1789061915952911400,3.220911376953125,-9.276195216065645,-3.18131796002537,0.042388824187172575
1789061915962920400,3.23092041015625,-9.276803703352808,-3.179480807726085,0.046908575767092404
1789061915972930300,3.240930419921875,-9.277944690081476,-3.176116299729049,0.049088267026888205
1789061915982940400,3.2509404296875,-9.279464446994663,-3.1716563977107404,0.05024197623981162
1789061915992950500,3.260950439453125,-9.281942235285044,-3.1644457356795668,0.04704836783027276
1789061916002959600,3.270959716796875,-9.282790376546979,-3.162015001401305,0.042946654432755894
1789061916012969500,3.280969482421875,-9.281254837542772,-3.166525172302127,0.04261644979743287
1789061916022979600,3.2909794921875,-9.276927621993423,-3.1791806557357307,0.04247918305147905
1789061916032988700,3.30098876953125,-9.273757759785651,-3.1884257462039587,0.04177313540766481
1789061916042998500,3.31099853515625,-9.272168444767594,-3.1930276870414613,0.04303019539720844
1789061916053008600,3.321008544921875,-9.273357362291216,-3.189622554773092,0.039221016939170655
1789061916063017500,3.331017578125,-9.27362974949181,-3.188844848398864,0.03798296304419636
1789061916073027300,3.34102734375,-9.272204685124754,-3.1930031371220946,0.03661127283219248
1789061916083037400,3.351037353515625,-9.269579597318172,-3.200613027603924,0.03678034122220706
1789061916093047300,3.36104736328125,-9.267702113008498,-3.206021608649194,0.03877378006174695
1789061916103056400,3.371056396484375,-9.266666340219974,-3.208962338276207,0.04295196992869023
1789061916113066500,3.38106640625,-9.268093742674589,-3.20478914424479,0.04633987706762273
1789061916123076400,3.391076416015625,-9.271377002128958,-3.195344439551234,0.04160891215612646
1789061916133085400,3.40108544921875,-9.271952756190299,-3.1936522486805914,0.043157159944856534
1789061916143095600,3.411095458984375,-9.270637581938505,-3.1972792070060967,0.055371352184633724
1789061916153105400,3.42110546875,-9.269403071707487,-3.200643130481243,0.06658079239523504
1789061916163115500,3.431115478515625,-9.268378989356755,-3.2032813700303433,0.08078489807690493
1789061916173124600,3.44112451171875,-9.26911548693776,-3.2009011968955394,0.09008362756166606
1789061916183134500,3.451134521484375,-9.268556684011221,-3.2022438436761496,0.09940326283713802
1789061916193144600,3.46114453125,-9.267491685128212,-3.205018276825547,0.10880807391172274
1789061916203153400,3.4711533203125,-9.267212283664941,-3.205732562574744,0.1115601490988396
1789061916213163300,3.481163330078125,-9.267329772564768,-3.2052447790578005,0.11573303260300308
1789061916223173400,3.49117333984375,-9.268514598435162,-3.2017458310261366,0.11768927210415712
1789061916233183500,3.50118359375,-9.269495426166056,-3.1989266819521784,0.11709873146563768
1789061916243192300,3.5111923828125,-9.269942585411668,-3.1975828661277887,0.11839884514561853
1789061916253202400,3.521202392578125,-9.27036811734736,-3.196528680899739,0.1134356880465988
1789061916263212500,3.531212646484375,-9.268758928585052,-3.2011987185373902,0.1132278448490426
1789061916273221400,3.541221435546875,-9.267612681159376,-3.204686268392205,0.1082547234784346
1789061916283231500,3.5512314453125,-9.267930076545476,-3.203960876727104,0.10240904792384244
1789061916293241600,3.56124169921875,-9.270172887036203,-3.197703569898009,0.09469320371635258
1789061916303250400,3.57125048828125,-9.272393485695122,-3.191523127697408,0.08537162307896651
1789061916313260500,3.581260498046875,-9.274610577222704,-3.185344146801531,0.07458811666285618
1789061916323270700,3.591270751953125,-9.274890563207864,-3.1847040953323242,0.06669098847117275
1789061916333280500,3.601280517578125,-9.274895239382982,-3.184941118958592,0.053406559484265745
1789061916343289300,3.611289306640625,-9.275417801952361,-3.1835885353058573,0.04214498266105074
1789061916353299500,3.621299560546875,-9.276941065996885,-3.1793294165566564,0.02474351712662028
1789061916363309300,3.631309326171875,-9.27817849883735,-3.175808841215074,0.005604314250746392
1789061916373318400,3.641318359375,-9.277205854412912,-3.1786306206375357,-0.011823286376183385
1789061916383328500,3.65132861328125,-9.274496010932326,-3.1864903942272065,-0.019770571569236926
1789061916393338400,3.66133837890625,-9.272351400119065,-3.1926573924243447,-0.02869840821526013
1789061916403348500,3.671348388671875,-9.27266061219871,-3.1915950238898394,-0.04319892586050555
1789061916413357600,3.681357666015625,-9.27454452624917,-3.185851511801779,-0.0597023260270711
1789061916423367400,3.691367431640625,-9.277215791285037,-3.1776559303864835,-0.07847279434278608
1789061916433377500,3.70137744140625,-9.280322525128721,-3.168026224514842,-0.09803774663759394
1789061916443386600,3.71138671875,-9.285507234290241,-3.1522134460940956,-0.11526976247280836
1789061916453396500,3.721396484375,-9.293297742035984,-3.1274130590975284,-0.1558679129840806
1789061916463406600,3.731406494140625,-9.293770620244741,-3.124460054510832,-0.1842928654196672
1789061916473415400,3.74141552734375,-9.285911723437906,-3.1470646850287913,-0.19547109764125198
1789061916483425300,3.75142529296875,-9.279058204281329,-3.16665873555392,-0.20428943233108146
1789061916493435400,3.761435302734375,-9.278929024943709,-3.166565504312515,-0.21148902497896924
1789061916503445500,3.771445556640625,-9.28426044909954,-3.1500057069167493,-0.22439901289660483
1789061916513454300,3.781454345703125,-9.289673706319928,-3.1320120773255824,-0.2507054022756405
1789061916523464400,3.79146435546875,-9.293719766840338,-3.1156188686683772,-0.30012497448297215
1789061916533474600,3.801474609375,-9.293070363020897,-3.1125375615268944,-0.3483339105252176
1789061916543483400,3.8114833984375,-9.285916399613022,-3.130921944001317,-0.3734549443108961
1789061916553493500,3.821493408203125,-9.278229352241754,-3.151408851712942,-0.39175690919887274
1789061916563503600,3.831503662109375,-9.271420256748796,-3.1682667552724477,-0.41621761591229584
1789061916573513500,3.841513427734375,-9.266084740939736,-3.1800372725650665,-0.44432234168387946
1789061916583522600,3.8515224609375,-9.264392550069093,-3.180845666338503,-0.4728963289350271
1789061916593532700,3.86153271484375,-9.266347775790095,-3.16954072073102,-0.5091172142101451
1789061916603542500,3.87154248046875,-9.268505830606818,-3.1553023520201444,-0.5561021066164598
1789061916613551400,3.88155126953125,-9.266112213468551,-3.1534421111062167,-0.6044459028184413
1789061916623561500,3.8915615234375,-9.261012844502925,-3.16289149197489,-0.6325701004754751
1789061916633571300,3.9015712890625,-9.25738354808986,-3.167652715027332,-0.66122146381177
1789061916643581400,3.91158154296875,-9.257121097761392,-3.161994835396111,-0.6912942382533103
1789061916653590500,3.921590576171875,-9.257119928717612,-3.1539851319417354,-0.7269786420315504
1789061916663600400,3.931600341796875,-9.253027690967917,-3.159227124248445,-0.75574464472346
1789061916673610500,3.941610595703125,-9.24772549290657,-3.167120800107717,-0.7869556294146924
1789061916683619600,3.95161962890625,-9.242441999545694,-3.177072577540576,-0.8086171338636428
1789061916693629400,3.96162939453125,-9.242165520691872,-3.171319420841336,-0.8339630989789962
1789061916703639600,3.9716396484375,-9.246433115008474,-3.151897219751775,-0.8598870831780135
1789061916713649400,3.9816494140625,-9.249842631191015,-3.128342741163075,-0.9078913817599416
1789061916723658500,3.991658447265625,-9.243971693331003,-3.1345109084039926,-0.9456259960662573
1789061916733668600,4.001668701171875,-9.233936621528864,-3.159287914524972,-0.9610901802450418
1789061916743678500,4.011678466796875,-9.225124954041839,-3.182946438010037,-0.9676275461245327
1789061916753687300,4.021687255859375,-9.224753782641887,-3.1826378104522823,-0.9721720576863735
1789061916763697400,4.031697509765625,-9.225815274393558,-3.180271665842831,-0.9698376233894377
1789061916773707300,4.041707275390625,-9.229232973882555,-3.169909846304357,-0.9712453712955117
1789061916783717400,4.05171728515625,-9.232510388118028,-3.1599127684250474,-0.972671970032528
1789061916793726500,4.0617265625,-9.235010388240218,-3.145967829702794,-0.993908819328621
1789061916803736600,4.071736572265625,-9.232474732282757,-3.1519112482771274,-0.998623938217014
1789061916813746400,4.081746337890625,-9.228100170460342,-3.167182759428024,-0.9907097310263663
1789061916823755500,4.091755615234375,-9.226206319537757,-3.1719545038744807,-0.9930810632675886
1789061916833765600,4.101765625,-9.225048966196178,-3.175503428527713,-0.9924897463109343
1789061916843775500,4.111775390625,-9.220647516366839,-3.186543585719168,-0.9979899511624127
1789061916853785600,4.12178564453125,-9.214758458328246,-3.2087732454448936,-0.9810126590069382
1789061916863794700,4.131794677734375,-9.21441826658845,-3.212776343606412,-0.9710583973560482
1789061916873804500,4.141804443359375,-9.220616536706686,-3.1991146057397124,-0.9572230564881116
1789061916883814700,4.151814697265625,-9.229816911250353,-3.174038908933103,-0.9520192772999405
1789061916893823500,4.161823486328125,-9.235161194887757,-3.1572771592244506,-0.9559233720663934
1789061916903833300,4.171833251953125,-9.235929256650804,-3.1542911291509865,-0.9583531564965844
1789061916913843500,4.181843505859375,-9.23366306528449,-3.166915925185382,-0.9383470180392265
1789061916923853300,4.191853271484375,-9.232211697432398,-3.175133133910596,-0.9247625831924379
1789061916933862400,4.2018623046875,-9.232849410814046,-3.1768942983642217,-0.9122614135377108
1789061916943872500,4.21187255859375,-9.23147987602651,-3.1854473149150606,-0.8961544744759797
1789061916953882400,4.22188232421875,-9.231495073595642,-3.189057322105765,-0.88306176866889
1789061916963891500,4.231891357421875,-9.23095848250091,-3.195282480230927,-0.8660014013398438
1789061916973901600,4.241901611328125,-9.229774825674294,-3.201974379085004,-0.8538139738094062
1789061916983911400,4.251911376953125,-9.22907807558179,-3.2056440075084565,-0.847553817436099
1789061916993921500,4.261921630859375,-9.230239520576596,-3.2018545520976183,-0.8492301531504839
1789061917003930600,4.2719306640625,-9.23287863690853,-3.1952909557983276,-0.8452497052121907
1789061917013940500,4.2819404296875,-9.235271085003017,-3.1919527512863275,-0.8316173395704477
1789061917023950600,4.29195068359375,-9.235250626736878,-3.1939480167567726,-0.8241527758434415
1789061917033959400,4.30195947265625,-9.23323285717368,-3.2019530440360304,-0.8156525854583829
1789061917043969300,4.31196923828125,-9.232728414782882,-3.2051199836343525,-0.808897265979275
1789061917053979400,4.3219794921875,-9.237230986899137,-3.1923227536424994,-0.8081013663612305
1789061917063988500,4.331988525390625,-9.244755537185073,-3.167830117420852,-0.8183726580720394
1789061917073998300,4.341998291015625,-9.246945740705728,-3.1605779543355106,-0.8216600091796368
1789061917084008400,4.352008544921875,-9.245565684524179,-3.1684932575047013,-0.8065670694660395
1789061917094018600,4.3620185546875,-9.244182705733179,-3.174436091557145,-0.7990159964993596
1789061917104027400,4.37202734375,-9.245845670509338,-3.171910956993699,-0.7897519821349531
1789061917114037500,4.38203759765625,-9.254078661325574,-3.1480855525091287,-0.7886473088286816
1789061917124047600,4.392047607421875,-9.26085736168027,-3.1201246556550264,-0.8195913131467998
1789061917134056400,4.402056396484375,-9.261433700263499,-3.117318658323586,-0.8237463139344007
1789061917144066600,4.412066650390625,-9.255585558757186,-3.132201170156896,-0.8329668544832617
1789061917154076700,4.42207666015625,-9.24807795960605,-3.1587744120448824,-0.815833860309422
1789061917164086300,4.432086181640625,-9.24513138476014,-3.165875768482685,-0.8216841937728225
1789061917174095400,4.442095458984375,-9.247339123937486,-3.15618673363924,-0.8340215511679648
1789061917184105500,4.45210546875,-9.251768630817532,-3.1379025966688987,-0.8536562259644269
1789061917194115300,4.462115234375,-9.256044408440589,-3.1173075524076816,-0.8822794591847807
1789061917204124400,4.47212451171875,-9.254286751118302,-3.1205268067151306,-0.8893100884739309
1789061917214134500,4.482134521484375,-9.249245249819754,-3.140095722799003,-0.8727226724188775
1789061917224144400,4.492144287109375,-9.247834798499941,-3.1412863938882944,-0.8833233422145247
1789061917234154500,4.502154541015625,-9.24966435201466,-3.130785458140075,-0.9012655338793992
1789061917244163600,4.51216357421875,-9.254619928595423,-3.110682581309974,-0.9198068604812025
1789061917254173400,4.52217333984375,-9.260487943845988,-3.0876784300804134,-0.9380783571656793
1789061917264183600,4.53218359375,-9.26570304814577,-3.064745005999505,-0.961495765371248
1789061917274192600,4.542192626953125,-9.267493438693881,-3.0532468759074805,-0.9806280436035245
1789061917284202500,4.552202392578125,-9.267509805306792,-3.049851680511236,-0.9909851869668811
1789061917294212600,4.562212646484375,-9.264878872281312,-3.054968877394497,-0.9997847256246953
1789061917304222500,4.572222412109375,-9.264296688479185,-3.051677434633672,-1.0151156388126312
1789061917314231600,4.5822314453125,-9.264552124544977,-3.0454198355436324,-1.031445938301459
1789061917324241700,4.59224169921875,-9.266551189407705,-3.032482904820144,-1.0514089682694523
1789061917334251500,4.60225146484375,-9.265428322857618,-3.0319013055399058,-1.0629193733211606
1789061917344260600,4.612260498046875,-9.26374723790288,-3.0314936015218494,-1.0786159049510955
1789061917354270700,4.622270751953125,-9.261261850827932,-3.0387931108802557,-1.0794237872678787
1789061917364280600,4.632280517578125,-9.261779737222193,-3.033585020843148,-1.0895793436445296
1789061917374290400,4.64229052734375,-9.260233676823972,-3.0350629844412205,-1.0985687788512557
1789061917384299500,4.652299560546875,-9.258463744542002,-3.0334315838471055,-1.117821249397099
1789061917394309600,4.6623095703125,-9.25430662486255,-3.0468913694009183,-1.115637840943411
1789061917404319500,4.672319580078125,-9.252119343951344,-3.052235360777378,-1.1191644076343625
1789061917414328600,4.68232861328125,-9.250778450736403,-3.057330930350721,-1.1163359062101692
1789061917424338700,4.692338623046875,-9.248161546236275,-3.0650749686062335,-1.116784672890976
1789061917434348500,4.7023486328125,-9.242152076688408,-3.081202512064576,-1.122142985053733
1789061917444358700,4.712358642578125,-9.235493787842989,-3.1032214516490697,-1.1162691976495087
1789061917454367700,4.72236767578125,-9.234176275503636,-3.1106893033117053,-1.1063378054175526
1789061917464377600,4.732377685546875,-9.239130683040619,-3.1002880285456773,-1.0941058811582625
1789061917474387700,4.7423876953125,-9.245378637519478,-3.082263711555302,-1.0922479052666574
1789061917484396800,4.752396728515625,-9.247194747030735,-3.0710502436235547,-1.1083443229343741
1789061917494406700,4.76240673828125,-9.245288621148466,-3.084040658099949,-1.087987690538913
1789061917504416800,4.772416748046875,-9.239079245114326,-3.105815267534554,-1.0787558979436755
1789061917514426400,4.78242626953125,-9.232891496390105,-3.1357232068032026,-1.0446730841431766
1789061917524435500,4.792435546875,-9.230955559891461,-3.1482866280391812,-1.0237851213499902
1789061917534445600,4.802445556640625,-9.232876883342861,-3.1472426719442006,-1.009569329797104
1789061917544455400,4.812455322265625,-9.233788737490773,-3.146571056292951,-1.0033051548358052
1789061917554465500,4.822465576171875,-9.232698604166508,-3.1537466470107436,-0.9907309930101036
1789061917564474600,4.832474609375,-9.231692057472467,-3.1637501546308395,-0.9679514443166554
1789061917574484500,4.842484375,-9.23271204816997,-3.167416275922954,-0.9459852578327059
1789061917584494600,4.85249462890625,-9.23276757774949,-3.170960816662013,-0.9334887643530965
1789061917594503700,4.862503662109375,-9.232385300433636,-3.174968883259594,-0.9235933932825923
1789061917604513500,4.872513427734375,-9.23354849899411,-3.1755656801089645,-0.9098096364714204
1789061917614523600,4.882523681640625,-9.236955677089094,-3.168978702934086,-0.898117225916311
1789061917624532700,4.89253271484375,-9.240122032165527,-3.161539492844045,-0.8917371694903821
1789061917634542600,4.90254248046875,-9.238630916824937,-3.1723020021378994,-0.868669743766263
1789061917644552400,4.912552490234375,-9.237419202947615,-3.181548846171796,-0.8474813367217778
1789061917654562600,4.9225625,-9.240185745051503,-3.180591691577434,-0.8204829282242805
1789061917664571600,4.932571533203125,-9.247728415516018,-3.1644685320332644,-0.7975202049836516
1789061917674581500,4.94258154296875,-9.255863791176676,-3.1385411868333817,-0.8055645413599908
1789061917684591600,4.952591552734375,-9.2552786847651,-3.1378675253555177,-0.8148539093613624
1789061917694601500,4.9626015625,-9.248401200211047,-3.1649089692771435,-0.7879164372708648
1789061917704610600,4.972610595703125,-9.242571763405204,-3.190730223754048,-0.7513306276734918
1789061917714620700,4.98262060546875,-9.24175518632531,-3.1996012202128767,-0.7231159021887927
1789061917724630500,4.992630615234375,-9.244602976971864,-3.1968726720318195,-0.6983604503124952
1789061917734639600,5.0026396484375,-9.249710529243945,-3.1855583740741014,-0.6822464969880878
1789061917744649700,5.012649658203125,-9.254358062788844,-3.17099442667067,-0.6870505362689495
1789061917754659600,5.02265966796875,-9.254938493025302,-3.1701345949709414,-0.6831872849695384
1789061917764669700,5.032669677734375,-9.25070655454397,-3.188996531829238,-0.6520074260689318
1789061917774678500,5.042678466796875,-9.248061592993139,-3.2020310777083036,-0.6250909237012267
1789061917784688400,5.0526884765625,-9.247986189669371,-3.2053920785740018,-0.6087703418888152
1789061917794698500,5.062698486328125,-9.249245834341645,-3.205497292514145,-0.588742977980338
1789061917804707600,5.07270751953125,-9.252152661699055,-3.200292125086486,-0.5711240999856964
1789061917814717400,5.082717529296875,-9.261567555776239,-3.173777627648413,-0.5664700636347756
1789061917824727600,5.0927275390625,-9.271071881702541,-3.140638451373577,-0.5949785844342783
1789061917834737700,5.102737548828125,-9.273837839284539,-3.1304394211813804,-0.6055285104233771
1789061917844746500,5.11274658203125,-9.268665405082702,-3.14678762165308,-0.5999638255009427
1789061917854756600,5.122756591796875,-9.261941649785637,-3.172233028554916,-0.5689950520677491
1789061917864766700,5.1327666015625,-9.263357361802457,-3.1712963322266936,-0.5508804264454171
1789061917874775600,5.142775634765625,-9.270314925855399,-3.153331928730011,-0.5367932297082617
1789061917884785700,5.15278564453125,-9.278905644068121,-3.1281200383231043,-0.5358692832637578
1789061917894795800,5.162795654296875,-9.283413476881384,-3.1105171616151925,-0.5597360426720231
1789061917904805600,5.1728056640625,-9.281004662173986,-3.1163834233000873,-0.5670040243810043
1789061917914814500,5.182814453125,-9.281327902778983,-3.1118869886636733,-0.5860862894590944
1789061917924824600,5.192824462890625,-9.282691592347621,-3.1056518936663866,-0.5974537789087743
1789061917934834400,5.20283447265625,-9.286630100840329,-3.0892656992718575,-0.6207394504934549
1789061917944843500,5.212843505859375,-9.286883783340453,-3.0853482335671782,-0.6362381214637309
1789061917954853600,5.222853515625,-9.28450361020565,-3.0879362042337655,-0.6580480214074254
1789061917964863500,5.232863525390625,-9.281562880578637,-3.0966070019453764,-0.6587852496407925
1789061917974873600,5.24287353515625,-9.277683993318677,-3.106828243969381,-0.6652678165931254
1789061917984882700,5.252882568359375,-9.276533654239774,-3.105804453879595,-0.6857722599614411
1789061917994892500,5.262892578125,-9.273970525753498,-3.1089582417353987,-0.7058529249597341
1789061918004902700,5.272902587890625,-9.276360051238536,-3.0971245960786935,-0.7261873455233872
1789061918014911700,5.282911865234375,-9.284804638978839,-3.064403937476873,-0.7564462901867925
1789061918024921600,5.292921630859375,-9.29056393315792,-3.0369042283937335,-0.7956265001915395
1789061918034931700,5.302931640625,-9.28873788677454,-3.0395407143771647,-0.8067969326991588
1789061918044941600,5.312941650390625,-9.284681889382004,-3.051520782767236,-0.8082655439469962
1789061918054950400,5.322950439453125,-9.282515066736936,-3.0552254825040697,-0.8190795642323792
1789061918064960500,5.33296044921875,-9.28265535199046,-3.0527555852591988,-0.8266639549467713
1789061918076847600,5.34484765625,-9.282809665769339,-3.0461960806131363,-0.8488351624835282
1789061918086857500,5.354857421875,-9.281105199939011,-3.0482959755018353,-0.8598604874320328
1789061918096867600,5.36486767578125,-9.278060425415635,-3.053459057353437,-0.8742799848634749
1789061918106877400,5.37487744140625,-9.274318316277862,-3.0647932290554043,-0.8743266735494136
1789061918116886500,5.384886474609375,-9.272301715758442,-3.071805153644085,-0.871104058241099
1789061918126896600,5.394896728515625,-9.27316388554573,-3.070133713300526,-0.8678142229154705
1789061918136906500,5.404906494140625,-9.273072700130939,-3.0721020907640457,-0.8617947434302419
1789061918146915600,5.41491552734375,-9.27409736700356,-3.070120853818953,-0.8578221865374595
1789061918156925700,5.42492578125,-9.2778640260607,-3.0548680473685264,-0.871438843153417
1789061918166935800,5.434935791015625,-9.280207374316454,-3.045074967628717,-0.8807111138895154
1789061918176945700,5.444945556640625,-9.279773659074307,-3.046110448156297,-0.8816995404049753
1789061918186954500,5.45495458984375,-9.277647168439627,-3.0561639323979612,-0.8692028277296573
1789061918196964600,5.464964599609375,-9.277004194360972,-3.061408555053174,-0.8575266376569867
1789061918206974500,5.474974365234375,-9.276140271008014,-3.066017217892408,-0.8503808575555681
1789061918216983600,5.484983642578125,-9.272857011553645,-3.0793612681120632,-0.8378812953360378
1789061918226993700,5.49499365234375,-9.2708135230273,-3.0817887875199315,-0.8514553549192845
1789061918237003500,5.50500341796875,-9.26654534418881,-3.0963316921353337,-0.8451300243552774
1789061918247013600,5.515013671875,-9.26141441104114,-3.1107129764482377,-0.8485573684554547
1789061918257022700,5.525022705078125,-9.25637875496149,-3.126207190439105,-0.8465601302236319
1789061918267032600,5.535032470703125,-9.255382145139574,-3.130442343790829,-0.8417950347136706
1789061918277042700,5.545042724609375,-9.255998815733193,-3.130276047313213,-0.8356067745327949
1789061918287051800,5.5550517578125,-9.25876594235897,-3.12116159748733,-0.839040986765176
1789061918297060900,5.565060791015625,-9.259519391074775,-3.11803820476979,-0.8423331601783632
1789061918307071000,5.575071044921875,-9.256789673849939,-3.1228529115751384,-0.854410040006414
1789061918317081000,5.5850810546875,-9.252252030420303,-3.142266344836354,-0.8320925558667629
1789061918327090000,5.59508984375,-9.250158857533336,-3.15171046500802,-0.8195498851578682
1789061918337100000,5.60510009765625,-9.254390796014667,-3.1414854235917327,-0.8109921924319118
1789061918347110100,5.615110107421875,-9.259099119836092,-3.1191213238313793,-0.8429409898784012
1789061918357118700,5.62511865234375,-9.254613498854637,-3.134572575463354,-0.8348495994899422
1789061918367128800,5.63512890625,-9.246537159904838,-3.1603210569649933,-0.8272247306346893
1789061918377139000,5.645138916015625,-9.240425983548164,-3.1863907332450148,-0.7948750973023474
1789061918387148800,5.655148681640625,-9.24171836144626,-3.186858350756764,-0.7777949292942881
1789061918397158000,5.665157958984375,-9.24699951671958,-3.1743004824787375,-0.7662871545910834
1789061918407793200,5.675793212890625,-9.25110286038518,-3.1615392005831002,-0.7695144460745156
1789061918417803000,5.685802978515625,-9.251979058697819,-3.161903357720375,-0.7573853976678103
1789061918427811800,5.695811767578125,-9.252510389095544,-3.1631986582279206,-0.7453935657747089
1789061918437822000,5.705822021484375,-9.250621798869966,-3.172703568676114,-0.728238652030006
1789061918447831800,5.715831787109375,-9.24694281809628,-3.189247876241803,-0.7022320310488342
1789061918457842000,5.725842041015625,-9.2454680693686,-3.1974028333857656,-0.684338793092221
1789061918467851000,5.73585107421875,-9.243967017155885,-3.2065099766880274,-0.6616239801980555
1789061918477860900,5.74586083984375,-9.245308494892717,-3.207491096679866,-0.6376938732299954
1789061918487871000,5.75587109375,-9.248172067630291,-3.2033351460441946,-0.6167182321533561
1789061918497880000,5.765880126953125,-9.251690304884313,-3.194336139291525,-0.6105974477181211
1789061918507890000,5.775889892578125,-9.250985371485353,-3.197707077029347,-0.603593560305424
1789061918517900000,5.785900146484375,-9.246142607629299,-3.2167569376751777,-0.5759408526176586
1789061918527910000,5.795909912109375,-9.242591637149452,-3.229009393265843,-0.5642528259767219
1789061918537919000,5.8059189453125,-9.241019857788086,-3.2358912617340683,-0.5504030547246337
1789061918547929000,5.81592919921875,-9.240066502586007,-3.2416873807922,-0.531998140918836
1789061918557939000,5.82593896484375,-9.242181887304783,-3.237857301110029,-0.5183952936325222
1789061918567947800,5.83594775390625,-9.245999984288215,-3.2278172608718276,-0.5128932621501386
1789061918577958000,5.8459580078125,-9.249446909871697,-3.2161092874214052,-0.5241728541206568
1789061918587968000,5.855968017578125,-9.24785525676608,-3.22122853013128,-0.5208163102343678
1789061918597977900,5.865977783203125,-9.241447143289447,-3.2409549748644233,-0.5121090895025059
1789061918607987000,5.875987060546875,-9.236499750015138,-3.255095436158776,-0.5116746801406145
1789061918617997000,5.8859970703125,-9.235750977474451,-3.2566260067269206,-0.515431694586575
1789061918628007000,5.8960068359375,-9.236876182112097,-3.2522000069782138,-0.5231591470334679
1789061918638017000,5.90601708984375,-9.239823341479896,-3.2423587041825055,-0.5321248725710437
1789061918648026000,5.916026123046875,-9.238889860022068,-3.2431010469824075,-0.543684888918139
1789061918658036000,5.926035888671875,-9.236078309732674,-3.2510788939937947,-0.5438115475051105
1789061918668046000,5.936046142578125,-9.236262434127926,-3.248772955138981,-0.5543547880250961
1789061918678055200,5.94605517578125,-9.240558670017123,-3.232557148875296,-0.5770909359682351
1789061918688065000,5.95606494140625,-9.240289789947866,-3.232144768682122,-0.5836703874237835
1789061918698075100,5.9660751953125,-9.239264538553357,-3.2334114276170727,-0.5928105927454307
1789061918708085000,5.9760849609375,-9.236926450994611,-3.2403111240029334,-0.5915704930238426
1789061918718093800,5.98609375,-9.23772783050537,-3.2362118719905615,-0.6014201617890969
1789061918728104000,5.99610400390625,-9.236436037129163,-3.2388544954538343,-0.6070013229222968
1789061918738113800,6.00611376953125,-9.238422242510318,-3.230593739847839,-0.620644173425436
1789061918748123000,6.016122802734375,-9.239124837821722,-3.2276044949039817,-0.6257237417120486
1789061918758133000,6.026133056640625,-9.24102979466021,-3.2205235967323182,-0.6340201531533152
1789061918768142800,6.036142822265625,-9.241572230973839,-3.2183588199138637,-0.6371015333600342
1789061918778153000,6.046153076171875,-9.243470173549651,-3.211114547874033,-0.6460557511229068
1789061918788162000,6.056162109375,-9.245191005992888,-3.2039173298463224,-0.6570730388954281
1789061918798172000,6.066171875,-9.242821354252099,-3.2094743794515725,-0.6632585225973278
1789061918808182000,6.07618212890625,-9.237418618425727,-3.2274627483457325,-0.6511235559064894
1789061918818192100,6.086192138671875,-9.23342224226594,-3.239674579665065,-0.6471577940806746
1789061918828201000,6.096200927734375,-9.235236598211527,-3.2351299219727516,-0.6439946538746356
1789061918838211000,6.106211181640625,-9.240809429907799,-3.217605371198058,-0.6517941486444324
1789061918848221200,6.11622119140625,-9.245341228118539,-3.2001717135772108,-0.6730166771542281
1789061918858229800,6.126229736328125,-9.243815041464567,-3.20432269577682,-0.6742321173585951
1789061918868240000,6.136239990234375,-9.237911370378733,-3.2271585047021505,-0.6456224742721766
1789061918878250000,6.14625,-9.234021377202868,-3.2383284257531164,-0.6453406616561115
1789061918888259800,6.156259765625,-9.231293413543701,-3.246240514051914,-0.6446189232528209
1789061918898269000,6.16626904296875,-9.2346713655442,-3.2361721245020627,-0.6468495318491011
1789061918908279000,6.176279052734375,-9.239184459054469,-3.222583159610629,-0.6502392473526298
1789061918918289000,6.186288818359375,-9.243201878002285,-3.2107372389942404,-0.6517445373490452
1789061918928298000,6.196298095703125,-9.242721401008962,-3.2156662198290227,-0.6340131388906389
1789061918938308000,6.20630810546875,-9.24309783310592,-3.2162370054543015,-0.6255768805872649
1789061918948318000,6.21631787109375,-9.243505244863032,-3.21505597897619,-0.6256275878611952
1789061918958328000,6.226328125,-9.244158155813812,-3.215253255113959,-0.614874796243757
1789061918968337200,6.236337158203125,-9.246468186321854,-3.209548321470618,-0.6099290104046463
1789061918978347000,6.246346923828125,-9.247738352388144,-3.206513483819365,-0.6066232103249057
1789061918988357000,6.256357177734375,-9.24787454598844,-3.208115658318996,-0.5959826103776693
1789061918998367000,6.266366943359375,-9.246357127162813,-3.214861625447869,-0.5830317241940647
1789061919008375800,6.276375732421875,-9.246468770843745,-3.2164906879544257,-0.5721819019429385
1789061919018386000,6.286385986328125,-9.248346839675307,-3.213213273718953,-0.5601094060290605
1789061919028395800,6.296395751953125,-9.250760915079713,-3.2081779099002476,-0.5489963662644848
1789061919038404900,6.30640478515625,-9.253528041705488,-3.20200068257004,-0.5383239098742604
1789061919048415000,6.3164150390625,-9.255383898705244,-3.197712922248244,-0.531869911429286
1789061919058424800,6.3264248046875,-9.256986657726765,-3.1954560832321643,-0.5173439579486847
1789061919068435000,6.33643505859375,-9.260148921149968,-3.1846205087020993,-0.5274677309475839
1789061919078444000,6.346444091796875,-9.258400031656027,-3.192494310817122,-0.5102834815105423
1789061919088454000,6.356453857421875,-9.25622911735773,-3.199449536782503,-0.5060914731808006
1789061919098464000,6.366464111328125,-9.254257525023817,-3.207087776575982,-0.49364882878027855
1789061919108473000,6.37647314453125,-9.255645764511824,-3.2042139747053384,-0.48622456053104246
1789061919118483000,6.38648291015625,-9.259143543499707,-3.1945044815957546,-0.48351427865903823
1789061919128493000,6.3964931640625,-9.263251563340425,-3.1818054512813685,-0.4885381347030401
1789061919138503200,6.406503173828125,-9.2638027674824,-3.1807235012635586,-0.48511524758227165
1789061919148512000,6.416511962890625,-9.265117357212304,-3.1769203095883127,-0.484937918253988
1789061919158521900,6.42652197265625,-9.267034589010477,-3.171677732759714,-0.4826147725360468
1789061919168532000,6.436531982421875,-9.27240108447969,-3.1536154218465087,-0.49767059510964895
1789061919178541800,6.446541748046875,-9.27424583556354,-3.1489141122877595,-0.49303866099268195
1789061919188551000,6.456551025390625,-9.276124488916993,-3.1434868265420195,-0.49232543468941
1789061919198561000,6.46656103515625,-9.277593392425775,-3.140929251013696,-0.48083830091543495
1789061919208571000,6.47657080078125,-9.282857596564293,-3.1251664492145177,-0.4819506460715085
1789061919218580000,6.486580078125,-9.287387641209364,-3.111478407862782,-0.4832369230223819
1789061919228590000,6.496590087890625,-9.289384367984534,-3.1053219310596583,-0.484462080903165
1789061919238600000,6.506599853515625,-9.28998408744335,-3.103617757490277,-0.4838720060555264
1789061919248610000,6.516610107421875,-9.289379107287525,-3.1076041967779395,-0.4697035973083228
1789061919258619100,6.526619140625,-9.288914996907115,-3.1085765489414334,-0.47243718699067827
1789061919268629000,6.53662890625,-9.285427154791355,-3.120391197636723,-0.46301502292249347
1789061919278639000,6.54663916015625,-9.282532602393626,-3.1295003867655993,-0.45956079081539064
1789061919288649200,6.556649169921875,-9.279066972109675,-3.1412080679550765,-0.44956911976356057
1789061919298658000,6.566657958984375,-9.280598419460654,-3.13746215942502,-0.44407720781639215
1789061919308668200,6.576668212890625,-9.28142551793456,-3.1364038825437426,-0.4341619264690205
1789061919318678000,6.586677978515625,-9.282697437566519,-3.133428081603348,-0.42842469799127425
1789061919328687000,6.59668701171875,-9.283004311558603,-3.1318609784170985,-0.4331998034385964
1789061919338697200,6.606697265625,-9.2823414637357,-3.1352795546889305,-0.4225362975398078
1789061919348707000,6.61670703125,-9.282149156033991,-3.1369945419132708,-0.41395244745928794
1789061919358717200,6.62671728515625,-9.28295579624176,-3.1357381121113894,-0.40529374204427
1789061919368726300,6.636726318359375,-9.281058438187838,-3.1425285029038785,-0.3960476286627352
1789061919378736400,6.646736328125,-9.278019508883357,-3.1530209630846975,-0.3836591986674815
1789061919388746200,6.656746337890625,-9.273528042683004,-3.167664113204181,-0.37144101067259905
1789061919398755300,6.66675537109375,-9.271518456426262,-3.1749481327325104,-0.3592120090227574
1789061919408765400,6.676765380859375,-9.272471227106452,-3.173234606812894,-0.3496408284053206
1789061919418775300,6.686775390625,-9.273280205401777,-3.172438195738196,-0.3351092489015311
1789061919428785400,6.696785400390625,-9.274316562712192,-3.1698636690750717,-0.330764607293345
1789061919438794200,6.706794189453125,-9.273155117717385,-3.1746979573637244,-0.3166551256591454
1789061919448804000,6.71680419921875,-9.273339826634526,-3.174574038723111,-0.3124552628165111
1789061919458814200,6.726814208984375,-9.273822641715407,-3.174010851882398,-0.3037362420490011
1789061919468824000,6.736823974609375,-9.274818667015433,-3.171365890331566,-0.3009337153162807
1789061919478833200,6.746833251953125,-9.274092106306552,-3.173398857463896,-0.30188250394109634
1789061919488843300,6.75684326171875,-9.272804404583573,-3.176787330858409,-0.305778890325129
1789061919498853000,6.76685302734375,-9.273907397389411,-3.171823278710246,-0.32335557314585894
1789061919508862200,6.7768623046875,-9.270893602526188,-3.181018977078795,-0.3194279513733461
1789061919518872300,6.786872314453125,-9.267061477017402,-3.1918472450852393,-0.3225933931343257
1789061919528882200,6.796882080078125,-9.262133372965454,-3.206275291149318,-0.3210405742017552
1789061919538892300,6.806892333984375,-9.260010389462114,-3.21206176559627,-0.3244300339769572
1789061919548901400,6.8169013671875,-9.26152547020018,-3.2067373557031154,-0.3337107072152197
1789061919558911200,6.8269111328125,-9.262339124670625,-3.2033556043103335,-0.34346714473906903
1789061919568921300,6.83692138671875,-9.26320655515492,-3.199057614855468,-0.35974900197628884
1789061919578931200,6.84693115234375,-9.261474616795777,-3.2039810427322983,-0.360517757859081
1789061919588940000,6.85693994140625,-9.259607653880119,-3.207562116089463,-0.376295063107647
1789061919598950100,6.8669501953125,-9.257750043314696,-3.2128003090038892,-0.377311911999993
1789061919608960300,6.876960205078125,-9.255359933307766,-3.2192280039638277,-0.3811430511280894
1789061919618969000,6.886968994140625,-9.256201644828915,-3.215134012648463,-0.3950076180905103
1789061919628979200,6.896979248046875,-9.256785582196711,-3.210950881744921,-0.41484979815781114
1789061919638989300,6.9069892578125,-9.254994022604823,-3.2137039798453446,-0.4331041245117783
1789061919648999200,6.916999267578125,-9.252543122321367,-3.218667739732563,-0.4483446925351396
1789061919659008300,6.92700830078125,-9.250488527879119,-3.2227816047921776,-0.46100280631724744
1789061919669018400,6.937018310546875,-9.248577141299844,-3.226551770980656,-0.472828378265351
1789061919679028200,6.9470283203125,-9.248166806933284,-3.226551770980656,-0.4807858400758356
1789061919689037300,6.957037353515625,-9.252105899947882,-3.212961052523553,-0.49578763090725986
1789061919699047400,6.96704736328125,-9.25595030041635,-3.200062407983839,-0.5073221109542996
1789061919709057000,6.97705712890625,-9.259279152578115,-3.18678265517205,-0.5296743010811508
1789061919719067100,6.987067138671875,-9.258045811390875,-3.190913471366465,-0.5263469102241098
1789061919729076200,6.997076171875,-9.256555280572176,-3.193882842566073,-0.5344914921045303
1789061919739086000,7.007086181640625,-9.255714738094806,-3.19397198215425,-0.5483374274317174
1789061919749096200,7.01709619140625,-9.252560657978057,-3.20327815515995,-0.5472776161804795
1789061919759106000,7.02710595703125,-9.250788972130417,-3.2085122564211486,-0.5465723174553364
1789061919769115100,7.037115234375,-9.249425282561779,-3.213309719830751,-0.541441895764321
1789061919779125200,7.047125244140625,-9.250469823178648,-3.2112039797231553,-0.536060312323831
1789061919789135000,7.057135009765625,-9.250804169699549,-3.209296684797108,-0.5416809286845847
1789061919799144200,7.067144287109375,-9.248470173794031,-3.215915226154029,-0.5422842283399776
1789061919809154300,7.077154296875,-9.244055279961227,-3.229643307255208,-0.5359401200102641
1789061919819164200,7.0871640625,-9.238089065033197,-3.24950185393542,-0.5184924338640645
1789061919829174300,7.09717431640625,-9.235485020014643,-3.2579055251434443,-0.5121049978492781
1789061919839183000,7.10718310546875,-9.23370047468543,-3.26470234567672,-0.5008756016960367
1789061919849193200,7.117193115234375,-9.233326380676031,-3.2678406437024474,-0.4871196462072432
1789061919859203000,7.127203125,-9.232294115018844,-3.2724823320284484,-0.4753840175649151
1789061919869213200,7.137213134765625,-9.232051538434623,-3.274746769829094,-0.4643693966735154
1789061919879222300,7.14722216796875,-9.232000100508332,-3.2764187946945427,-0.4534772331180051
1789061919889232100,7.157232177734375,-9.23146175584793,-3.2798207120925187,-0.4396292154315859
1789061919899242200,7.1672421875,-9.229833277863264,-3.286496244333684,-0.42368071833457793
1789061919909251300,7.177251220703125,-9.229005594867468,-3.2911639438837765,-0.4050723543785512
1789061919919261200,7.18726123046875,-9.230046628353,-3.290379515507817,-0.3873289732214063
1789061919929271300,7.197271240234375,-9.232135125064849,-3.2857194147422906,-0.37697058774903414
1789061919939281200,7.20728125,-9.232961054494977,-3.2841774459972974,-0.37012192743066696
1789061919949290200,7.217290283203125,-9.232214620041846,-3.2875919306159016,-0.35824097203351557
1789061919959300400,7.22730029296875,-9.231339006251096,-3.2921596769228576,-0.3383111502153799
1789061919969310200,7.237310302734375,-9.23153774369359,-3.292649506266415,-0.3279481251005083
1789061919979320300,7.2473203125,-9.232287100756167,-3.292271320603788,-0.31017613890338686
1789061919989329200,7.2573291015625,-9.234439894875884,-3.286750511355698,-0.30458157029934224
1789061919999339000,7.267339111328125,-9.234142373234032,-3.288495893718302,-0.294619618532341
1789061920009349000,7.27734912109375,-9.231571061441302,-3.2962887395516036,-0.288028202644363
1789061920019358200,7.287358154296875,-9.228635592511296,-3.3053476597979663,-0.2781083912523463
1789061920029368000,7.2973681640625,-9.226212164756655,-3.312418621097505,-0.2743586650636978
1789061920039378200,7.307378173828125,-9.22374139072895,-3.319773952296376,-0.26848279530024155
1789061920049388300,7.31738818359375,-9.220360516119003,-3.3301082993060347,-0.2563545506111346
1789061920059397000,7.327397216796875,-9.221871505203843,-3.3260102163374423,-0.2552072254732251
1789061920069407200,7.3374072265625,-9.224813988396525,-3.3176991918489334,-0.2570316461551003
1789061920079417300,7.347417236328125,-9.225284528517722,-3.316747005690634,-0.25239346496043724
1789061920089426200,7.35742626953125,-9.223881675982474,-3.3209424115538595,-0.2484539700870402
1789061920099436300,7.367436279296875,-9.222116419875622,-3.325773777233064,-0.24937250970406458
1789061920109446400,7.3774462890625,-9.222433230739831,-3.3247245604410764,-0.2516390298639424
1789061920119456300,7.387456298828125,-9.226489812654256,-3.3132118173018097,-0.25476110740723085
1789061920129465000,7.397465087890625,-9.23259981996715,-3.295741919323802,-0.25994786239536477
1789061920139475200,7.40747509765625,-9.240237182977795,-3.2729689465016123,-0.27581500135185194
1789061920149485000,7.417485107421875,-9.241053760057687,-3.270130800466239,-0.28205283629549666
1789061920159495200,7.4274951171875,-9.238892198109626,-3.276633021967113,-0.27737346457391976
1789061920169504300,7.437504150390625,-9.237951117867231,-3.2794626924350854,-0.27525625322423874
1789061920179514000,7.44751416015625,-9.241415579107404,-3.2693615696594116,-0.2791100060429424
1789061920189524200,7.457524169921875,-9.248172067630291,-3.249739462083578,-0.28441576603455465
1789061920199533300,7.467533203125,-9.255047214096784,-3.229334971958399,-0.29305001286175103
1789061920209543200,7.477543212890625,-9.259591287267208,-3.214905172328651,-0.30779048587586727
1789061920219553300,7.48755322265625,-9.259403071218728,-3.2144121281147,-0.31843294898662716
1789061920229563100,7.497563232421875,-9.25600524547398,-3.2239901037991046,-0.3203763381393626
1789061920239572200,7.507572265625,-9.251289907389879,-3.236063403430581,-0.33454007071144876
1789061920249582300,7.517582275390625,-9.247499867457151,-3.2452871588498353,-0.34963830765467135
1789061920259592200,7.52759228515625,-9.246488644587993,-3.2466610775515434,-0.36335283515453337
1789061920269602300,7.537602294921875,-9.248691123068332,-3.2396561672255393,-0.369763578979671
1789061920279611100,7.547611083984375,-9.251271787211298,-3.231583335407078,-0.37580534336194393
1789061920289622000,7.5576220703125,-9.25201529905498,-3.2283976911082863,-0.38476383544113485
1789061920299632000,7.567632080078125,-9.252104730904101,-3.226460001043975,-0.39862211879324166
1789061920309641200,7.57764111328125,-9.249557384508847,-3.2327924189358948,-0.4063643669504672
1789061920319651000,7.587651123046875,-9.252833045178651,-3.2212358366549014,-0.42321014168076215
1789061920329661200,7.5976611328125,-9.255074102103709,-3.213912946420908,-0.42982988861408084
1789061920339671000,7.607671142578125,-9.259483735239506,-3.1996421367451546,-0.44117878296114504
1789061920349680000,7.61768017578125,-9.263805105569958,-3.1858380677983162,-0.4502626184530556
1789061920359690200,7.627690185546875,-9.267876885053514,-3.1723049247473476,-0.46186775258351115
1789061920369700000,7.6377001953125,-9.267398161625861,-3.172259624300897,-0.47167763732764867
1789061920379710200,7.647710205078125,-9.264465030783414,-3.181785577537119,-0.46509325396865603
1789061920389719000,7.657718994140625,-9.264086845120787,-3.1820588415205475,-0.470721907505393
1789061920399729000,7.66772900390625,-9.266575739327072,-3.173896870113909,-0.4767969165701419
1789061920409739000,7.677739013671875,-9.267816679298877,-3.169420893743634,-0.48242250136695797
1789061920419748000,7.687748046875,-9.269485489293933,-3.1634821513444185,-0.48928727256990967
1789061920429758000,7.697758056640625,-9.271984320372342,-3.154548026521504,-0.49952013196647166
1789061920439768000,7.70776806640625,-9.27329540297091,-3.1476962609305974,-0.5180564901322126
1789061920449778200,7.717778076171875,-9.271066036483646,-3.1525974769756195,-0.5280629934269935
1789061920459787000,7.727787109375,-9.266796688601374,-3.164945501895249,-0.529132010897994
1789061920469797000,7.737797119140625,-9.265148921394347,-3.1680028436392544,-0.5395934548860416
1789061920479807200,7.74780712890625,-9.266805456429719,-3.161483378742635,-0.5492953492110595
1789061920489817000,7.757817138671875,-9.27114962311387,-3.145906747165322,-0.5651886455221101
1789061920499826200,7.767826171875,-9.272110577100515,-3.1414968217685817,-0.573884102750942
1789061920509836300,7.777836181640625,-9.2687051525712,-3.1508117626026273,-0.5778223920479416
1789061920519846100,7.78784619140625,-9.262247939255833,-3.1710870733901855,-0.5703969182223081
1789061920529855000,7.79785498046875,-9.260573868563771,-3.175371034319699,-0.5737418447360396
1789061920539865000,7.807864990234375,-9.26216143001616,-3.1701191051408646,-0.5771436890687793
1789061920549875000,7.817875,-9.265112681037188,-3.1588349100604654,-0.5914676171712577
1789061920559885000,7.827885009765625,-9.263817965051532,-3.162971863734722,-0.5896324741659685
1789061920569894100,7.83789404296875,-9.262651843881606,-3.1650483777478335,-0.5967697786999866
1789061920579904000,7.847904052734375,-9.259853153073788,-3.174975020739436,-0.5873977008512243
1789061920589914000,7.8579140625,-9.260568023344874,-3.1725574382036923,-0.5891920003894716
1789061920599924000,7.867924072265625,-9.261278217440843,-3.1711767975002525,-0.5854455804027616
1789061920609933000,7.87793310546875,-9.26435923232138,-3.1631071805521844,-0.5803325847705826
1789061920619943200,7.887943115234375,-9.268393602403998,-3.1511314960762857,-0.5810686804927885
1789061920629953000,7.897953125,-9.269313055336475,-3.148732033719122,-0.579404254411906
1789061920639962000,7.907962158203125,-9.268506999650597,-3.1529537430673837,-0.569247309795767
1789061920649972200,7.91797216796875,-9.268729702490567,-3.1519816831648346,-0.5710061361618339
1789061920659982000,7.927982177734375,-9.271402721092104,-3.144846424457431,-0.5669320551233366
1789061920669992200,7.9379921875,-9.273168561720848,-3.139295220071077,-0.5688200242944061
1789061920680001000,7.9480009765625,-9.27316388554573,-3.1415272169068453,-0.5564410927798599
1789061920690011100,7.95801123046875,-9.274218363034725,-3.139452456459403,-0.5505433399781584
1789061920700021000,7.96802099609375,-9.275803001877666,-3.135505764660239,-0.5463260510766879
1789061920710030000,7.978030029296875,-9.274080415868758,-3.1433027021467685,-0.5305379321731627
1789061920720040200,7.988040283203125,-9.273734963431954,-3.14668445353955,-0.5163339406559243
1789061920730050000,7.998050048828125,-9.274688318634032,-3.14495076161474,-0.5097338482711464
1789061920740060200,8.00806005859375,-9.274639218795299,-3.145928082214296,-0.5045622543195262
1789061920750069200,8.0180693359375,-9.27228885627687,-3.1535137150377035,-0.5003931519413367
1789061920760079000,8.0280791015625,-9.26885420565307,-3.165485892382264,-0.4882835388874635
1789061920770089200,8.038089111328125,-9.268460822421313,-3.1671088174089785,-0.4852171735867858
1789061920780099000,8.04809912109375,-9.26887291035354,-3.1663042230278253,-0.48259818672742694
1789061920790108200,8.058108154296875,-9.268049319010972,-3.169765761658549,-0.47564149945732204
1789061920800118300,8.0681181640625,-9.266664002132416,-3.1740120209261775,-0.47431379451751704
1789061920810128100,8.078128173828125,-9.26469708597362,-3.179985542377829,-0.4727173191063106
1789061920820137000,8.088136962890625,-9.26342925799489,-3.1828950000837444,-0.4779596402065828
1789061920830147000,8.09814697265625,-9.26236601267755,-3.1853099522709845,-0.4824506314828992
1789061920840157000,8.108156982421875,-9.260516000896692,-3.190137518557906,-0.48605271109547465
1789061920850167000,8.1181669921875,-9.258875247952341,-3.194675454248488,-0.48750038915313776
1789061920860176100,8.128176025390625,-9.258044057825208,-3.197010034675896,-0.48798915905077006
1789061920870186000,8.13818603515625,-9.259558554041385,-3.192222800399363,-0.49058684739377345
1789061920880196000,8.148196044921875,-9.263027691456674,-3.1803622667357323,-0.5019926230272278
1789061920890206200,8.158206298828125,-9.265897109413146,-3.169047968778014,-0.5202654714185744
1789061920900215000,8.168215087890625,-9.26551892375052,-3.1672794978007675,-0.5374832943316549
1789061920910225200,8.17822509765625,-9.261846957239507,-3.177441995374858,-0.5407790479414165
1789061920920235300,8.1882353515625,-9.25906404852271,-3.1834277917861935,-0.5530842566326261
1789061920930244000,8.198244140625,-9.257060892006754,-3.188089646117389,-0.5597235485166311
1789061920940254200,8.208254150390625,-9.258478942111134,-3.1830089818522334,-0.5651555469701066
1789061920950264300,8.218264404296875,-9.26352278149724,-3.1654420532405374,-0.5809588269101456
1789061920960274200,8.228274169921875,-9.265848009574412,-3.153161832860112,-0.6099305082419887
1789061920970283000,8.238282958984374,-9.259987593108415,-3.1664266803637147,-0.6298831264138222
1789061920980293000,8.248293212890625,-9.253203047534823,-3.1855504830285906,-0.6331551338218152
1789061920990303000,8.258302978515625,-9.25033479862213,-3.191821818383038,-0.6433970533076674
1789061921000313000,8.26831298828125,-9.251806040218472,-3.1856057203471657,-0.6529815317980945
1789061921010322200,8.278322265625,-9.253626825904846,-3.1795141254737973,-0.6568559620786458
1789061921020332000,8.28833203125,-9.254089767241478,-3.17755013192445,-0.6598362199984491
1789061921030342100,8.298342041015625,-9.255681420347093,-3.170781952963769,-0.6699916302446276
1789061921040351200,8.308351318359374,-9.256681537300349,-3.163676212611794,-0.6894833894390613
1789061921050361000,8.318361083984374,-9.256364141914247,-3.164702925311029,-0.6890333075840026
1789061921060371200,8.32837109375,-9.258620980930328,-3.1547011712566015,-0.7044019954990595
1789061921070381000,8.338381103515625,-9.26068668128848,-3.1490131887480617,-0.7026957030378281
1789061921080390100,8.34839013671875,-9.263019508150219,-3.1401468684643503,-0.711573056172207
1789061921090400300,8.358400146484374,-9.26229119387567,-3.1418533801212907,-0.7135138149764388
1789061921100410000,8.36841015625,-9.26044352018237,-3.1466631184905767,-0.7163010345421731
1789061921110420200,8.378420166015625,-9.259930309963226,-3.147164638271928,-0.7207132249612361
1789061921120429000,8.388428955078124,-9.260622968402505,-3.144523183852434,-0.7233396279420703
1789061921130439200,8.398439208984374,-9.261458250182866,-3.1413743644326924,-0.7263228815365582
1789061921140449000,8.408448974609374,-9.260564516213536,-3.14258227891773,-0.7324679601628333
1789061921150458000,8.4184580078125,-9.258721518695355,-3.148819712002575,-0.7289687198702246
1789061921160468200,8.42846826171875,-9.25699250294566,-3.153575966618955,-0.7303620008595287
1789061921170478000,8.43847802734375,-9.256014597824215,-3.157125183533132,-0.7274173987749963
1789061921180488200,8.44848828125,-9.256196968653798,-3.1565088052004575,-0.7277769528023899
1789061921190497300,8.458497314453124,-9.255218479010463,-3.160731975853443,-0.7218695553895086
1789061921200507100,8.468507080078124,-9.252683407574892,-3.1687557078331707,-0.7191806085664778
1789061921210517200,8.478517333984374,-9.25166049426794,-3.173276107867062,-0.7123755316615105
1789061921220527000,8.488527099609374,-9.252882145017384,-3.170288616488874,-0.7098051697168499
1789061921230536200,8.4985361328125,-9.254103795766829,-3.166662534946203,-0.7100675469800829
1789061921240546300,8.50854638671875,-9.254144712299109,-3.1679297784030434,-0.7038578786849975
1789061921250556200,8.51855615234375,-9.255106250807643,-3.16555866535753,-0.701874961239472
1789061921260565000,8.52856494140625,-9.252945857903361,-3.171916802212596,-0.701654888748005
1789061921270575000,8.5385751953125,-9.248763603782653,-3.1872552411198614,-0.6871386529438197
1789061921280585000,8.5485849609375,-9.248401784732938,-3.187515353360772,-0.6907911110367626
1789061921290594600,8.558594482421874,-9.25041195551157,-3.1825872493088245,-0.6865876679975539
1789061921300603600,8.568603759765624,-9.253551422581076,-3.1723215836212035,-0.6917656551573426
1789061921310613800,8.57861376953125,-9.252588715028763,-3.1781904756546018,-0.6775630884122104
1789061921320623600,8.58862353515625,-9.251614901560544,-3.180520964428782,-0.6799220726285129
1789061921330633700,8.5986337890625,-9.250617707216739,-3.183309426103532,-0.6804369633480906
1789061921340642800,8.608642822265624,-9.25033479862213,-3.183908561040461,-0.681478873616457
1789061921350652700,8.618652587890624,-9.250642841657996,-3.1820857295274734,-0.6857960792284459
1789061921360662800,8.628662841796874,-9.248847190412878,-3.1877024003654717,-0.6839315274655818
1789061921370671600,8.638671630859376,-9.24746362709999,-3.1911598473429676,-0.6865092689990997
1789061921380681500,8.648681396484376,-9.246541836079954,-3.19344094401747,-0.6883171952039003
1789061921390691600,8.658691650390624,-9.24688611947298,-3.1922549491032957,-0.6891929551251232
1789061921400701400,8.668701416015624,-9.248553760424256,-3.1854896927520633,-0.6980664358019828
1789061921410710500,8.67871044921875,-9.249261616432666,-3.182894415561855,-0.7005184320639819
1789061921420720600,8.688720703125,-9.251309781134127,-3.173962628826499,-0.7138703733291476
1789061921430730500,8.69873046875,-9.250819367268681,-3.176369689968228,-0.7095056022483855
1789061921440740600,8.70874072265625,-9.251876767367124,-3.172996414142847,-0.7108116433456539
1789061921450749700,8.718749755859376,-9.253757174286246,-3.1648046321198344,-0.7227577364008874
1789061921460759600,8.728759521484376,-9.253252731895445,-3.166183519257605,-0.7231728930730372
1789061921470769700,8.738769775390624,-9.250367531847953,-3.173362032584846,-0.7285993751011789
1789061921480778800,8.74877880859375,-9.248293063661455,-3.1800922176226973,-0.7255878452602773
1789061921490788600,8.75878857421875,-9.250494957619905,-3.1735017333164808,-0.7263675974611192
1789061921500798700,8.768798828125,-9.25259280668199,-3.167444625234604,-0.726090607150644
1789061921510808800,8.778808837890624,-9.255195682656764,-3.1569860673233863,-0.7383580411147326
1789061921520817400,8.7888173828125,-9.255596664673089,-3.154481098765135,-0.7440157015502452
1789061921530827500,8.79882763671875,-9.255066503319144,-3.1552664039239287,-0.7472783566080033
1789061921540837600,8.808837646484376,-9.253886353623866,-3.15743644143939,-0.7527072497889399
1789061921550847500,8.818847412109376,-9.252482916566729,-3.1606863831460474,-0.7563081238251179
1789061921560856600,8.828856689453126,-9.250536458674073,-3.1657813681975004,-0.758803813098371
1789061921570866700,8.83886669921875,-9.250495542141795,-3.165524763087928,-0.7603764692425727
1789061921580876500,8.84887646484375,-9.253312353128194,-3.157350808982551,-0.7600881538204848
1789061921590885600,8.8588857421875,-9.2581521943748,-3.143070354695618,-0.7603328492965549
1789061921600895700,8.868895751953126,-9.263506999406218,-3.125391197881102,-0.7679553069990128
1789061921610905600,8.878905517578126,-9.265098652511835,-3.115143652372062,-0.7900683546077459
1789061921620915700,8.888915771484376,-9.260912891259789,-3.1285446934759613,-0.7861797496713697
1789061921630924800,8.8989248046875,-9.257018221908806,-3.1425249957725403,-0.7762287028908729
1789061921640934700,8.9089345703125,-9.25884193020463,-3.1380247617438433,-0.7726748828668147
1789061921650944800,8.91894482421875,-9.264127177131176,-3.1226006903797385,-0.7718156356889754
1789061921660954600,8.92895458984375,-9.267019975963235,-3.1124659575954077,-0.7780015577822923
1789061921670963500,8.93896337890625,-9.266502089568972,-3.1163667644262314,-0.7684904367890208
1789061921680973600,8.9489736328125,-9.265910553416608,-3.115720575477183,-0.7781840016771108
1789061921690983400,8.9589833984375,-9.26352044340968,-3.1250726334512233,-0.7690876720298081
1789061921700992500,8.968992431640626,-9.259817497238517,-3.135786919689178,-0.7700652848903089
1789061921711002600,8.979002685546876,-9.257931829622388,-3.139770728628337,-0.7764825315214693
1789061921721012500,8.989012451171876,-9.255179316043852,-3.1480294384077188,-0.7758534398376942
1789061921731022600,8.999022705078126,-9.253645530605315,-3.153443864671886,-0.7721503475360572
1789061921741031700,9.00903173828125,-9.252897342586516,-3.157524119722843,-0.7644094510857016
1789061921751041500,9.01904150390625,-9.255888341096043,-3.1473768197178837,-0.7700196191176771
1789061921761051600,9.0290517578125,-9.259280321621894,-3.1352883225172756,-0.7785091419782489
1789061921771060700,9.039060791015626,-9.263386003375054,-3.117004770068824,-0.8027084212765098
1789061921781070600,9.049070556640626,-9.263519858887792,-3.1143837739154696,-0.8112929289441555
1789061921791080700,9.059080810546876,-9.261255421087146,-3.123467536342144,-0.8021717571165412
1789061921801090800,9.0690908203125,-9.25964214067161,-3.127316905246675,-0.8057927240926772
1789061921811099600,9.079099609375,-9.259317731022835,-3.1274069216176867,-0.8091639540914446
1789061921821109500,9.089109619140626,-9.261512610718608,-3.118875532376766,-0.8169390450723468
1789061921831119600,9.09911962890625,-9.263840761405229,-3.1089085573747752,-0.8284470389712602
1789061921841129500,9.10912939453125,-9.266998348653315,-3.0941514254868028,-0.8481471071541309
1789061921851138600,9.119138671875,-9.267375949794053,-3.091185853679478,-0.8548061266519129
1789061921861148700,9.129148681640626,-9.26562998290956,-3.0939754843980074,-0.8635988702427595
1789061921871158500,9.139158447265626,-9.263469005483389,-3.098723847968876,-0.869733354409784
1789061921881167600,9.149167724609375,-9.26203049711287,-3.099938484455645,-0.8806554381795227
1789061921891177700,9.159177734375,-9.262910787078738,-3.093796912960708,-0.8929087705530225
1789061921901187600,9.1691875,-9.262668210494517,-3.090434158529341,-0.9069573888454586
1789061921911197700,9.17919775390625,-9.26055633290708,-3.0929934876233336,-0.9197150174792855
1789061921921206800,9.189206787109375,-9.255458717507123,-3.1044919099763035,-0.9321993090644478
1789061921931216600,9.199216552734375,-9.252382378801704,-3.110600748245418,-0.9423194288015365
1789061921941226800,9.209226806640626,-9.253183758312463,-3.1029443882733583,-0.959537251714617
1789061921951236600,9.219236572265626,-9.252413358461856,-3.1035981760069724,-0.9648390113845468
1789061921961245400,9.229245361328125,-9.246803701886535,-3.120881026980281,-0.9628655924197286
1789061921971255600,9.239255615234375,-9.24465032324493,-3.1283450792506335,-0.9593128683742135
1789061921981265700,9.249265625,-9.245529444167017,-3.12693404340893,-0.9554351501580327
1789061921991274500,9.2592744140625,-9.249466199094057,-3.1161572133287785,-0.9525381866075098
1789061922001284600,9.26928466796875,-9.25218305683732,-3.108532709799707,-0.9510616112489253
1789061922011294700,9.279294677734375,-9.25373028627932,-3.102053284652531,-0.9571427577935159
1789061922021304600,9.2893046875,-9.253011908876895,-3.1041508414536714,-0.9572907148968428
1789061922031313700,9.299313720703125,-9.251288153824209,-3.111915337975323,-0.9487013118583708
1789061922041323800,9.30932373046875,-9.250734611594677,-3.1211136666923758,-0.9235499194670468
1789061922051333600,9.319333740234375,-9.253964095035196,-3.116971452321112,-0.9049999711673706
1789061922061343700,9.32934375,-9.258168560987711,-3.1080259293213484,-0.8926806608855724
1789061922072605700,9.340605712890625,-9.260048967906831,-3.104531657464802,-0.8853037754420191
1789061922083240400,9.351240478515624,-9.259393134346604,-3.1034634437113997,-0.8958441664177924
1789061922093249500,9.36124951171875,-9.257874546477199,-3.1102786766842008,-0.8878693150810897
1789061922103259600,9.371259765625,-9.258768864968419,-3.1056966095909475,-0.894555149520561
1789061922113269500,9.38126953125,-9.259227130129933,-3.1080960719481108,-0.8813813413012772
1789061922123279600,9.391279541015624,-9.258999166592956,-3.110555740059912,-0.8750756652858108
1789061922133288700,9.401288818359374,-9.259228883695602,-3.111397159320116,-0.8696375658851117
1789061922143298600,9.411298583984374,-9.259373845124244,-3.11323606518507,-0.8614774941746145
1789061922153308700,9.42130859375,-9.258252147617936,-3.1190719317317006,-0.852377072874084
1789061922163317800,9.43131787109375,-9.26050021880567,-3.1117072481825945,-0.8548700587335973
1789061922173327600,9.44132763671875,-9.261758694434166,-3.1070486087217923,-0.8581747263021766
1789061922183337700,9.451337646484374,-9.25912074714601,-3.1141587329879403,-0.8608610427767038
1789061922193347600,9.46134765625,-9.254985254776477,-3.129747347263992,-0.8487105131905526
1789061922203356700,9.471356689453126,-9.254743847236037,-3.1326477448806167,-0.8406077246252447
1789061922213366500,9.481366455078126,-9.258364960342645,-3.124606477244198,-0.830599540830031
1789061922223376600,9.491376708984374,-9.262415697038174,-3.1127792613282796,-0.8298482110060751
1789061922233385500,9.501385498046876,-9.263999751359224,-3.106070119078457,-0.8372675473518669
1789061922243395600,9.5113955078125,-9.262381210246682,-3.107739805856347,-0.8489037707403302
1789061922253405700,9.52140576171875,-9.259597132486105,-3.11486717351824,-0.8531381934396922
1789061922263415600,9.53141552734375,-9.257335032773018,-3.1207337274640796,-0.8562420777391642
1789061922273424600,9.541424560546876,-9.255610693198442,-3.125375415790081,-0.8579515120055526
1789061922283434800,9.551434814453126,-9.254503024217486,-3.1293282450690865,-0.8554896519366652
1789061922293444400,9.5614443359375,-9.253405292108654,-3.1316292154878376,-0.858938331085816
1789061922303454500,9.571454345703126,-9.250518338495493,-3.137132196818292,-0.8698846725139766
1789061922313463600,9.581463623046876,-9.247672885936499,-3.1432953956231473,-0.8778542631536722
1789061922323473400,9.591473388671876,-9.245295635411143,-3.1493761768415567,-0.8810939757272601
1789061922333483300,9.601483154296876,-9.245247120094298,-3.148612791253626,-0.8843222901239991
1789061922343492400,9.611492431640626,-9.246950416880846,-3.1407699687987565,-0.8943469135973602
1789061922353502200,9.621502197265626,-9.246033886557816,-3.1433269598051905,-0.8948423689641057
1789061922363512300,9.63151220703125,-9.243017169085144,-3.1514412926778195,-0.8974624152693897
1789061922373522200,9.641522216796876,-9.23813933391571,-3.1683439121618866,-0.888122778385505
1789061922383531300,9.65153125,-9.23495193605125,-3.179133601723611,-0.8827001688148826
1789061922393541400,9.661541259765626,-9.234673119109868,-3.181795222148299,-0.8760026439376175
1789061922404176100,9.672176025390625,-9.233896874040365,-3.1861879041492935,-0.868183129293099
1789061922414186200,9.682186279296875,-9.234004426068067,-3.187390850198269,-0.8626041601169854
1789061922424196400,9.6921962890625,-9.234216022992134,-3.1896517808675764,-0.8519132547546178
1789061922434205200,9.702205078125,-9.236430191910266,-3.183520730766654,-0.8508480366759001
1789061922444215300,9.71221533203125,-9.235030261984466,-3.1902909555539485,-0.8406193419978022
1789061922454225400,9.722225341796875,-9.231054928612709,-3.200566265852749,-0.8452160952035337
1789061922464235300,9.7322353515625,-9.223636176788807,-3.2299560264661906,-0.8138203285299241
1789061922474244400,9.742244384765625,-9.21751330999434,-3.25045404009372,-0.801485820678994
1789061922484254500,9.75225439453125,-9.214475549733638,-3.2644320043027397,-0.7792994886383414
1789061922494264300,9.762264404296875,-9.218748404747247,-3.2567849966809153,-0.760532171260938
1789061922504274400,9.7722744140625,-9.225266992861032,-3.243251561369002,-0.739022204111889
1789061922514283500,9.782283447265625,-9.232869869080185,-3.222666453979909,-0.7341122933037578
1789061922524293400,9.79229345703125,-9.234217776557802,-3.2237215159907935,-0.7121976178113371
1789061922534303500,9.802303466796875,-9.234694161897897,-3.225036690242588,-0.6999643783777951
1789061922544312300,9.812312255859375,-9.232390561130643,-3.2392525548607107,-0.6637722442731261
1789061922554322200,9.822322265625,-9.231984318417311,-3.245670312948525,-0.6375517613455652
1789061922564332300,9.832332275390625,-9.23424115743339,-3.2456852182567117,-0.6039075946906581
1789061922574342100,9.842342041015625,-9.24075039319694,-3.232741857792437,-0.5729696913197636
1789061922584351200,9.852351318359375,-9.246847541028261,-3.2169363858953117,-0.5634880521493032
1789061922594361300,9.862361328125,-9.246302182105183,-3.221333451810479,-0.5470780384877696
1789061922604371200,9.87237109375,-9.242824861383438,-3.2370687810808416,-0.5118157691117375
1789061922614381300,9.88238134765625,-9.242332109430432,-3.2432115216195583,-0.4808929171795025
1789061922624390400,9.892390380859375,-9.24216902782321,-3.249904881778359,-0.4368179574031383
1789061922634400300,9.902400146484375,-9.242716724833846,-3.2532416249856353,-0.39874081326946614
1789061922644410400,9.912410400390625,-9.242730753359199,-3.2576512581214305,-0.3605834069738164
1789061922654420500,9.92242041015625,-9.246067204305529,-3.252237708640098,-0.32183493944983926
1789061922664429300,9.93242919921875,-9.25400968774259,-3.2327219840481876,-0.28844454662660135
1789061922674439400,9.942439453125,-9.264327668139337,-3.2038197146907446,-0.27956187799628823
1789061922684449500,9.952449462890625,-9.26980989894271,-3.18843305272758,-0.273689150037989
1789061922694458400,9.962458251953125,-9.268265592110156,-3.1953836025178433,-0.2432271936157718
1789061922704468200,9.97246826171875,-9.263265007343888,-3.2128415177971124,-0.1998928413399495
1789061922714478300,9.982478271484375,-9.261921776041389,-3.218433346454799,-0.1699474744040519
1789061922724488200,9.99248828125,-9.263196618282795,-3.215837192481756,-0.1482126763900276
1789061922734497300,10.002497314453125,-9.265140738087892,-3.210780785875022,-0.13577784083662553
1789061922744507400,10.01250732421875,-9.26294293578267,-3.217579359973967,-0.12433311229911632
1789061922754517200,10.022517333984375,-9.25977190453112,-3.2271029751226306,-0.11318867274927906
1789061922764527400,10.03252734375,-9.258736131742596,-3.230577957756817,-0.09775356853450648
1789061922774536400,10.042536376953125,-9.262630216571688,-3.219541015435755,-0.09285188669860363
1789061922784546300,10.05254638671875,-9.268082052236794,-3.2038296515628693,-0.0922928554432001
1789061922794556400,10.062556396484375,-9.26999460785985,-3.198412887211144,-0.08799091133242473
1789061922804565500,10.0725654296875,-9.272814925977586,-3.190040487924218,-0.09447867504968308
1789061922814575400,10.082575439453125,-9.271247238269448,-3.194339061900973,-0.10272805987829342
1789061922824585500,10.09258544921875,-9.266736482846737,-3.206944568713009,-0.11611186671960166
1789061922834595300,10.10259521484375,-9.257491100117564,-3.233455559019744,-0.11834632950709201
1789061922844604200,10.112604248046875,-9.24983327884078,-3.2551094646841285,-0.12339766721306368
1789061922854614300,10.1226142578125,-9.246410318654775,-3.264603561477363,-0.12902180897146462
1789061922864624400,10.132624267578125,-9.248588831737637,-3.257816970077157,-0.14358896211213432
1789061922874634200,10.14263427734375,-9.24780089623034,-3.259409499965608,-0.15751125974431632
1789061922884643300,10.152643310546875,-9.243905642357468,-3.269764012980461,-0.17098841655803843
1789061922894653400,10.1626533203125,-9.236616069871186,-3.2900290946349497,-0.17612201658682897
1789061922904663300,10.172663330078125,-9.235854437848925,-3.2911022768244145,-0.1949957169481553
1789061922914672400,10.18267236328125,-9.24002558605373,-3.27826997551918,-0.2127450529220514
1789061922924682500,10.1926826171875,-9.245149504938722,-3.262335616545379,-0.23399750164607538
1789061922934692400,10.2026923828125,-9.248931946086882,-3.2496599671065804,-0.2595200289047323
1789061922944702500,10.212702392578125,-9.246300428539515,-3.2564512346819043,-0.2680221737848595
1789061922954711600,10.222711669921875,-9.240382728928328,-3.2729148782268163,-0.27155970026124265
1789061922964721400,10.232721435546875,-9.23314167175889,-3.2928608109295365,-0.27667033953955394
1789061922974731500,10.2427314453125,-9.22413418943882,-3.317293241396546,-0.28512566786957905
1789061922984741400,10.252741455078125,-9.221530144420266,-3.3239152898848054,-0.2921502327441238
1789061922994750200,10.262750244140625,-9.223700474196672,-3.3165804169520734,-0.30664675920084117
1789061923004760300,10.27276025390625,-9.227439076203106,-3.3033518098056316,-0.33558581690471617
1789061923014770200,10.282770263671875,-9.22859175336957,-3.298419321839511,-0.35199919156711545
1789061923024780300,10.2927802734375,-9.225845085009931,-3.306396292068064,-0.34916363934762773
1789061923034789400,10.302789306640625,-9.225396756720542,-3.307466843909025,-0.3508677763843909
1789061923044799200,10.31279931640625,-9.227487591519951,-3.301226488214731,-0.354627786505036
1789061923054809300,10.322809326171875,-9.228734961232542,-3.297956965024769,-0.352578854618594
1789061923064818400,10.332818359375,-9.231535405606031,-3.289996653670072,-0.35363493954278524
1789061923074828300,10.342828369140625,-9.23619989028573,-3.276856309328973,-0.35385172409862276
1789061923084838400,10.35283837890625,-9.24214798503518,-3.2587031052619215,-0.3659717854812741
1789061923094848500,10.3628486328125,-9.24282018520832,-3.255327199088037,-0.3788155580285936
1789061923104857300,10.372857421875,-9.239389626237749,-3.265090760472417,-0.37848365919310595
1789061923114867500,10.382867431640625,-9.236860400021076,-3.2719992246866223,-0.38054187036454673
1789061923124877600,10.392877685546875,-9.23532252292931,-3.2772003004610535,-0.3730378879426047
1789061923134887200,10.40288720703125,-9.23534298119545,-3.278450885044038,-0.36137141554635016
1789061923144896300,10.412896240234375,-9.240932179504632,-3.262872499901056,-0.3594747881447896
1789061923154906400,10.42290625,-9.245798908758163,-3.248905933868885,-0.3608302578743547
1789061923164916200,10.432916259765625,-9.24850758319497,-3.2406466395676135,-0.36565504768230017
1789061923174925300,10.44292529296875,-9.245950884449481,-3.250557500468194,-0.3415402317970991
1789061923184935400,10.452935302734375,-9.247460704490543,-3.2463068572863936,-0.3410967988785356
1789061923194945300,10.4629453125,-9.24826442208886,-3.2443127608597275,-0.3382707086071372
1789061923204955400,10.472955322265625,-9.249006764888763,-3.242152660216391,-0.3386831983981654
1789061923214964500,10.482964599609375,-9.247419203436374,-3.247706494951248,-0.32867625671196726
1789061923224974300,10.492974365234375,-9.247955794531107,-3.246161603596806,-0.3288402151020244
1789061923234984400,10.502984375,-9.24639979726076,-3.250496710191667,-0.32977241791822015
1789061923244994300,10.512994384765625,-9.243237533837556,-3.2602830679297443,-0.32170437187273054
1789061923255003400,10.52300341796875,-9.242214036008715,-3.263335441237688,-0.32017292452175167
1789061923265013200,10.53301318359375,-9.24640096630454,-3.250933348043263,-0.32540213041212407
1789061923275023000,10.543023193359375,-9.250340643841028,-3.239669903489947,-0.32576354760304094
1789061923285033200,10.553033203125,-9.253577141544222,-3.230113262854516,-0.3287317132262513
1789061923295042300,10.563042236328124,-9.2533006626904,-3.231649386380613,-0.3213249075684696
1789061923305052200,10.57305224609375,-9.252811417868733,-3.232510094863176,-0.3267189486317336
1789061923315062300,10.583062255859375,-9.253291310340165,-3.2306983692660927,-0.33101880125012245
1789061923325071000,10.593071044921874,-9.254842046913504,-3.2253947099000215,-0.3392823333350941
1789061923335081200,10.603081298828124,-9.257845320382714,-3.21536314522922,-0.3523165504205972
1789061923345091000,10.613091064453124,-9.257783945584297,-3.2149016651973126,-0.35809440316967667
1789061923355101200,10.62310107421875,-9.258102510014176,-3.2127216908097265,-0.36924620404206215
1789061923365110300,10.6331103515625,-9.258415229225157,-3.2109590650513766,-0.3766632753655314
1789061923375120100,10.6431201171875,-9.259548032647372,-3.206955382367968,-0.38287411270439625
1789061923385130200,10.653130126953124,-9.259500686374306,-3.205029382741451,-0.3997720560133457
1789061923395140000,10.66314013671875,-9.255871389961243,-3.215176975007355,-0.4023214117025956
1789061923405149200,10.673149169921874,-9.25408509106636,-3.218030610872805,-0.4202037264063954
1789061923415159300,10.6831591796875,-9.2504499494344,-3.2275504266291857,-0.4271712638640776
1789061923425169200,10.693169189453124,-9.25016820988357,-3.2269442774295807,-0.4377236375385895
1789061923435178200,10.70317822265625,-9.248912072342634,-3.230505769303441,-0.4379931386623531
1789061923445188400,10.713188232421874,-9.249862504935264,-3.225862327411771,-0.45193106312192977
1789061923455198200,10.7231982421875,-9.247567671996354,-3.232215788091719,-0.45349469570945944
1789061923465208300,10.733208251953124,-9.245487943112849,-3.237469178575277,-0.4583973730592057
1789061923475217200,10.743217041015624,-9.24373262387812,-3.2422333242371675,-0.4601205070573836
1789061923485227000,10.75322705078125,-9.244651492288709,-3.2388802144169806,-0.4652454853883013
1789061923495237000,10.763237060546874,-9.245801831367611,-3.234502437724173,-0.4727792784266174
1789061923505247200,10.773247314453124,-9.2477067882061,-3.2277947567790743,-0.4812894056838006
1789061923515256000,10.783256103515624,-9.250386236548422,-3.218595259018242,-0.49130679569877683
1789061923525266200,10.79326611328125,-9.252541953277587,-3.210904704515636,-0.5009434793004766
1789061923535276300,10.8032763671875,-9.254629865467548,-3.2038001332074404,-0.5078170548643917
1789061923545286100,10.8132861328125,-9.257985021114349,-3.19260098606199,-0.5171078841704875
1789061923555295200,10.823295166015624,-9.263077960339189,-3.1762378802821036,-0.5265793672731146
1789061923565305300,10.833305419921874,-9.26792247776091,-3.1577228571653366,-0.5520683941209689
1789061923575315200,10.843315185546874,-9.266956847599149,-3.158048435857892,-0.5662328938780352
1789061923585324300,10.85332421875,-9.26233094136417,-3.169545689167082,-0.5775734953207895
1789061923595334400,10.86333447265625,-9.257039264696836,-3.183563400864601,-0.5852611637465656
1789061923605344300,10.87334423828125,-9.255240690842271,-3.1872789142563938,-0.5934252540450543
1789061923615354400,10.883354248046874,-9.256114551067352,-3.1835648621693253,-0.5997031652707606
1789061923625363200,10.89336328125,-9.259695332163572,-3.17056538760364,-0.6131445383850485
1789061923635373000,10.903373046875,-9.262155584797263,-3.1563588753357528,-0.6482717466719449
1789061923645383200,10.913383056640624,-9.25878523158133,-3.1588232196226715,-0.6834571879521012
1789061923655393000,10.92339306640625,-9.24975787551701,-3.1833319301962852,-0.6919282983731478
1789061923665402000,10.933402099609374,-9.24241101988554,-3.2010370982348917,-0.7082230150919407
1789061923675412200,10.943412109375,-9.237955794042348,-3.211219761814177,-0.7201547142956406
1789061923685422000,10.953422119140624,-9.236365309980512,-3.2121523664891716,-0.7362182526070624
1789061923695432200,10.96343212890625,-9.234039497381449,-3.215307907910645,-0.7514637525338679
1789061923705441300,10.973441162109374,-9.233456144535541,-3.2116979007199404,-0.7737363746184855
1789061923715451100,10.983451171875,-9.233524533596634,-3.2059631564602253,-0.7963688429914414
1789061923725461200,10.993461181640624,-9.234925632566213,-3.1975530555114147,-0.8137493821855634
1789061923735470300,11.00347021484375,-9.237368934065103,-3.1853339176684616,-0.8336948764968662
1789061923745480200,11.013480224609374,-9.239024300056695,-3.1775670830592513,-0.8449137512560934
1789061923755490300,11.023490234375,-9.241170664435625,-3.168259448748827,-0.8563171157367527
1789061923765500400,11.03350048828125,-9.244823341724276,-3.1529034741848707,-0.8734015215285121
1789061923775509000,11.043509033203126,-9.24729411575198,-3.14204948721528,-0.8862616606887429
1789061923785519000,11.05351904296875,-9.248496477279067,-3.131850164762139,-0.909509338350594
1789061923795529200,11.063529296875,-9.247955794531107,-3.133058956030011,-0.9108465783037245
1789061923805539000,11.0735390625,-9.247503374588488,-3.13219415589422,-0.91838018867895
1789061923815548200,11.083548095703126,-9.248757758563757,-3.127098586320877,-0.9231024679604917
1789061923825558300,11.093558349609374,-9.249312469837069,-3.123969056123495,-0.9281272373199463
1789061923835568000,11.103568115234374,-9.248943636524677,-3.124467068773508,-0.9301256445955485
1789061923845577200,11.1135771484375,-9.249598885563016,-3.120598702907562,-0.9365705098859965
1789061923855587300,11.12358740234375,-9.248195448505879,-3.1190631639033555,-0.9553593084428459
1789061923865597200,11.13359716796875,-9.242087194758653,-3.1375732185840604,-0.953859717534855
1789061923875607300,11.143607177734374,-9.23438904147148,-3.1602281179845333,-0.9536271508879959
1789061923885616400,11.153616455078126,-9.230284528762102,-3.1714249270424246,-0.9561898409828543
1789061923895626200,11.163626220703126,-9.232593974748253,-3.1646085250258444,-0.9564747223388403
1789061923905636400,11.17363623046875,-9.23657281525135,-3.149741210761666,-0.9670754651997238
1789061923915646200,11.183646240234374,-9.237232155942916,-3.1438971609085797,-0.9797116594109684
1789061923925655000,11.193655029296876,-9.232513310727477,-3.1568013584062453,-0.9826932325050234
1789061923935665200,11.2036650390625,-9.226022195142507,-3.1780230101332068,-0.9752258922990411
1789061923945675000,11.213675048828126,-9.224687731668352,-3.1822344903483986,-0.9741195384923368
1789061923955685000,11.22368505859375,-9.229291426071525,-3.169415048524737,-0.9722995565235614
1789061923965694200,11.233694091796876,-9.236117472699284,-3.1467224474623796,-0.9811523597385734
1789061923975704300,11.243704345703126,-9.238415228247643,-3.1314094352573156,-1.0081370319716632
1789061923985714200,11.253714111328126,-9.236554695072769,-3.1397306888788936,-0.9992686658613383
1789061923995723300,11.26372314453125,-9.233929607266187,-3.1455905208230015,-1.0050796171624212
1789061924005733400,11.2737333984375,-9.234607652658223,-3.14440949434489,-1.00254571477063
1789061924015743200,11.2837431640625,-9.237910785856842,-3.1338281868368387,-1.005242041182518
1789061924025753300,11.29375341796875,-9.241316794908046,-3.1219086164623495,-1.0110072536457329
1789061924035762400,11.303762451171876,-9.243207138699292,-3.114179775775969,-1.0175406740024686
1789061924045772300,11.313772216796876,-9.243729116746783,-3.110546679970622,-1.0238915043339132
1789061924055782400,11.323782470703126,-9.244345787340402,-3.1062285245105623,-1.0314083827700464
1789061924065792300,11.333792236328126,-9.24461116027832,-3.101971451587975,-1.0417889070089905
1789061924075801000,11.343801025390626,-9.244027807432413,-3.0996698966473337,-1.0537442793492227
1789061924085811200,11.353811279296876,-9.243477187812328,-3.0968101233020424,-1.066902305477485
1789061924095821000,11.363821044921876,-9.242176626607774,-3.0951530037447808,-1.0828589493483305
1789061924105831200,11.3738310546875,-9.240799493035674,-3.0954122392028567,-1.0938162505619227
1789061924115840300,11.38384033203125,-9.237112328955531,-3.101366179171204,-1.1080037658683954
1789061924125850000,11.39385009765625,-9.232101222795247,-3.1122222119674086,-1.1192691101178527
1789061924135860200,11.403860107421876,-9.226513778051734,-3.1243206460401414,-1.1315673776116222
1789061924145869300,11.413869384765626,-9.22217662563026,-3.132239748601615,-1.1449535134073345
1789061924155879200,11.423879150390626,-9.219077490571141,-3.138209470660984,-1.153532979573682
1789061924165889300,11.43388916015625,-9.219101455968618,-3.134457716912031,-1.1634975434228778
1789061924175899400,11.4438994140625,-9.221738818734885,-3.117270143006742,-1.1885058010164649
1789061924185908200,11.453908203125,-9.221265356004238,-3.1153315761595963,-1.1972315437857062
1789061924195918300,11.46391845703125,-9.219916279482842,-3.11606076721698,-1.2056935941174625
1789061924205928400,11.473928466796876,-9.219327081418037,-3.116532768642902,-1.2089718120705335
1789061924215938000,11.48393798828125,-9.221890794426201,-3.106859223629534,-1.2143055012486874
1789061924225947100,11.493947021484376,-9.225696616449952,-3.0921044298291203,-1.2230296365827322
1789061924235957200,11.503957275390626,-9.228417565846442,-3.0795640972077845,-1.2340889368660748
1789061924245967000,11.513967041015626,-9.231254835098982,-3.065544339683652,-1.2477005519807338
1789061924255977200,11.523977294921876,-9.232948779535294,-3.060463967679441,-1.2476399078346787
1789061924265986300,11.533986328125,-9.232035756343603,-3.0607477530568836,-1.253683133521676
1789061924275996200,11.54399609375,-9.231579244747758,-3.0622724784061313,-1.253320583819598
1789061924286006300,11.55400634765625,-9.235241274386643,-3.0503210515886545,-1.2554865296818316
1789061924296015000,11.56401513671875,-9.240420722851157,-3.0298461265757677,-1.2669035573616623
1789061924306025000,11.57402490234375,-9.242385885444284,-3.0227000542134044,-1.2696359049350023
1789061924316035000,11.58403515625,-9.240738702759145,-3.030127866126597,-1.263907736546546
1789061924326045000,11.594044921875,-9.238854788708686,-3.038950639529526,-1.2564739332839845
1789061924336053800,11.6040537109375,-9.240697786226868,-3.03381503020674,-1.2553304623372852
1789061924346064000,11.61406396484375,-9.242002439084649,-3.0250016091540455,-1.2669430125892163
1789061924356074000,11.624073974609376,-9.239213100627063,-3.032906390929222,-1.2683861971348522
1789061924366083800,11.634083740234376,-9.232613848492502,-3.055638154958188,-1.2618662938468157
1789061924376093000,11.644093017578125,-9.226177677965163,-3.0790944338694213,-1.2518838290147483
1789061924386103000,11.65410302734375,-9.22323928642571,-3.091636520056426,-1.2425899309687316
1789061924396113000,11.66411279296875,-9.222541951811314,-3.0964085567638278,-1.2358639837145804
1789061924406123000,11.674123046875,-9.222107067525386,-3.097537560793757,-1.2362806016914545
1789061924416132000,11.684132080078125,-9.221365309247375,-3.1035835629597304,-1.226613486418873
1789061924426142000,11.694141845703125,-9.222133371010422,-3.099365945264697,-1.2314905909359455
1789061924436152000,11.704152099609376,-9.221218594253063,-3.110943570333719,-1.2089406862799077
1789061924446162000,11.714161865234376,-9.220599585571884,-3.111135293513536,-1.213161299649626
1789061924456171000,11.7241708984375,-9.219489578503369,-3.1195085695832967,-1.2000242432441561
1789061924466181000,11.73418115234375,-9.21995368888378,-3.123347417093813,-1.1863981612127275
1789061924476191000,11.74419091796875,-9.222975667053461,-3.121496236269176,-1.1676310630310327
1789061924486199800,11.75419970703125,-9.228169728565215,-3.1121605449080465,-1.1514010821115226
1789061924496210000,11.7642099609375,-9.23341990417838,-3.0949054587244986,-1.1558139301177113
1789061924506219800,11.7742197265625,-9.233891028821468,-3.0946181662157177,-1.1528154058888553
1789061924516230000,11.78422998046875,-9.23131387180984,-3.1087869768217202,-1.1351953588504344
1789061924526239000,11.794239013671875,-9.230414292621612,-3.1150512979134914,-1.125297138235718
1789061924536248800,11.804248779296875,-9.234352801114321,-3.1082661678180097,-1.1116627998325974
1789061924546259000,11.814259033203125,-9.237607418996095,-3.0986767939567565,-1.1113933352414518
1789061924556269000,11.82426904296875,-9.23664880309701,-3.10114084598273,-1.1124890945889054
1789061924566278000,11.83427783203125,-9.23276582418382,-3.1157907181039453,-1.1037536341432481
1789061924576288000,11.8442880859375,-9.228024767136572,-3.1369337516367435,-1.0833220368154346
1789061924586298000,11.854298095703125,-9.22407690629363,-3.1519357981964946,-1.0733536735739557
1789061924596308000,11.864307861328125,-9.221066034039854,-3.1642054971829054,-1.0630758790571242
1789061924606317000,11.874317138671875,-9.220659791326522,-3.1684970568969844,-1.0537789853364228
1789061924616327200,11.8843271484375,-9.220335381677746,-3.171871501766145,-1.0464392170328647
1789061924626337000,11.8943369140625,-9.219892898607254,-3.176388394668698,-1.036589438669756
1789061924636345900,11.904345947265625,-9.215974848380684,-3.1902345491915938,-1.028882079162821
1789061924646356000,11.91435595703125,-9.213506996962428,-3.1964439252257346,-1.031706927325204
1789061924656365800,11.92436572265625,-9.213075035285948,-3.1944372615784404,-1.0417288473848252
1789061924666376000,11.9343759765625,-9.212093038511275,-3.198425454431772,-1.038170862642303
1789061924676385000,11.944385009765625,-9.208445037397741,-3.2040158217847345,-1.0531910293806344
1789061924686395000,11.954394775390625,-9.201210409969091,-3.231782657371461,-1.0313540222343056
1789061924696405000,11.964405029296875,-9.198400613245367,-3.247378578171134,-1.0071455367162823
1789061924706414800,11.974414794921875,-9.200721749669313,-3.251740865033865,-0.9712276895083487
1789061924716424000,11.984423828125,-9.20574279270172,-3.245099235062301,-0.9455248737793415
1789061924726434000,11.99443408203125,-9.2113945348531,-3.2286201016873117,-0.9468935317840427
1789061924736444000,12.00444384765625,-9.214870686531066,-3.2158731405779717,-0.9564028992116451
1789061924746454000,12.0144541015625,-9.215895353403686,-3.209414758218825,-0.9681477706063538
1789061924756463000,12.024463134765625,-9.21615078946948,-3.2116695514082907,-0.9581913169983773
1789061924766473000,12.034472900390625,-9.215919903323053,-3.2127906643927093,-0.9566538052327931
1789061924776483000,12.044483154296875,-9.217788035282492,-3.2080829250931737,-0.9544477465558796
1789061924786493200,12.0544931640625,-9.218792243888974,-3.2079747885435816,-0.945064781986922
1789061924796501800,12.064501708984375,-9.220414876654743,-3.2045278629601,-0.9409247595727444
1789061924806511900,12.074511962890625,-9.221665168976783,-3.200831931051612,-0.941248000177741
1789061924816522000,12.08452197265625,-9.224045342111587,-3.1918837777033446,-0.9482887855347245
1789061924826530800,12.09453076171875,-9.223512842670083,-3.193091692188382,-0.9494023727998137
1789061924836541000,12.104541015625,-9.219987591153382,-3.2059698784619566,-0.9401972490157932
1789061924846551000,12.114551025390625,-9.21633725195229,-3.220339472337067,-0.9267834214955568
1789061924856561000,12.124560791015625,-9.21521789253354,-3.2265225448861714,-0.9163469292856752
1789061924866570000,12.134570068359375,-9.216452402764558,-3.2249019579470155,-0.9096141138993203
1789061924876580000,12.144580078125,-9.218115952062606,-3.2205753269195556,-0.9080857352882623
1789061924886590000,12.15458984375,-9.217320417770743,-3.225067669902742,-0.9001791999474167
1789061924896600000,12.16460009765625,-9.215600754371286,-3.232086608754098,-0.8925833379909396
1789061924906609200,12.174609130859375,-9.21576032884717,-3.232873959739506,-0.8880733862858265
1789061924916619000,12.184618896484375,-9.216700824567676,-3.230499924084544,-0.8869481816481798
1789061924926629000,12.194629150390625,-9.218920838704705,-3.2238451423704624,-0.8880885838549584
1789061924936639000,12.204638916015625,-9.223631500613688,-3.209486946672201,-0.8911812891732901
1789061924946647800,12.214647705078125,-9.225882494410872,-3.2023636706635354,-0.893498772335425
1789061924956658000,12.224657958984375,-9.226210411190985,-3.201855721141398,-0.8919331304538994
1789061924966667800,12.234667724609375,-9.228221751013397,-3.197140675318241,-0.888027793578431
1789061924976676900,12.2446767578125,-9.231696149125694,-3.1899235835462805,-0.8778126890342682
1789061924986687000,12.25468701171875,-9.238023014059662,-3.174361857277155,-0.8676041603613645
1789061924996696800,12.26469677734375,-9.242661779776215,-3.166047325657308,-0.8483724403426051
1789061925006707000,12.27470703125,-9.243682354995608,-3.170032888162136,-0.8219567271038889
1789061925016716000,12.284716064453125,-9.243667157426476,-3.1762726593345403,-0.7976819714166223
1789061925026726000,12.294725830078125,-9.244376182478666,-3.179915399751067,-0.7746200255852193
1789061925036736000,12.304736083984375,-9.247136294841766,-3.1772453037589785,-0.7523095557082444
1789061925046746000,12.31474609375,-9.249660260361432,-3.174894648979604,-0.7308974959757178
1789061925056755000,12.3247548828125,-9.251838773444295,-3.172500155058503,-0.7135192948691547
1789061925066765000,12.33476513671875,-9.251596781381965,-3.179792065632343,-0.6835700737420469
1789061925076775200,12.344775146484375,-9.250417216208577,-3.190151839344203,-0.6504564702998846
1789061925086785000,12.354784912109375,-9.248748990735411,-3.2024215383306145,-0.612795724947378
1789061925096793900,12.3647939453125,-9.248772956132889,-3.2089713983654975,-0.5771348116425797
1789061925106804000,12.374803955078125,-9.249009102976322,-3.213843388316035,-0.5453663757316768
1789061925116813800,12.384813720703125,-9.249472044312954,-3.2169018991038203,-0.5188425624759867
1789061925126823000,12.394822998046875,-9.24856486634016,-3.225143657748401,-0.48257465972136704
1789061925136833000,12.4048330078125,-9.249308962705731,-3.227922767072916,-0.44853170300722117
1789061925146843000,12.4148427734375,-9.249145881098508,-3.2343373102903366,-0.40341523482128977
1789061925156853000,12.42485302734375,-9.249615836697817,-3.237812292924523,-0.36271545056644827
1789061925166862000,12.434862060546875,-9.249237066513299,-3.24350670517385,-0.3188517223879695
1789061925176872000,12.444871826171875,-9.249697669762373,-3.2457579912319776,-0.28023026051083577
1789061925186882000,12.454882080078125,-9.251644127655029,-3.2432077222272753,-0.24303793638767673
1789061925196892000,12.464891845703125,-9.253851866832376,-3.2392738899096845,-0.20907062045931815
1789061925206901000,12.47490087890625,-9.256393368008732,-3.2336645255953074,-0.18159542476292698
1789061925216911000,12.4849111328125,-9.259227714651823,-3.2265450489789247,-0.16277173755578694
1789061925226921000,12.4949208984375,-9.259666106069087,-3.226410316683352,-0.13873057142868636
1789061925236930800,12.504930908203125,-9.25684695699513,-3.235587310351431,-0.11021184889557771
1789061925246940000,12.51493994140625,-9.254654999908805,-3.2425559803202746,-0.08702385639855638
1789061925256950000,12.524949951171875,-9.254386119839548,-3.2437770465478297,-0.0680423939469736
1789061925266960000,12.5349599609375,-9.254396641233562,-3.2440628777518867,-0.050842677512741644
1789061925276970000,12.544969970703125,-9.255227831360697,-3.2418571844011543,-0.03882341419002041
1789061925286979000,12.55497900390625,-9.257433232450484,-3.235620920360088,-0.032797710459982046
1789061925296989700,12.56498974609375,-9.2607819583565,-3.2260563886791465,-0.029352938017679842
1789061925306999800,12.574999755859375,-9.263280789434909,-3.218907393707335,-0.025548431168182287
1789061925317008400,12.58500830078125,-9.264246419596672,-3.216167447349429,-0.01981974447320681
1789061925327018500,12.5950185546875,-9.263395940247177,-3.218613671457767,-0.020150510797533206
1789061925337028600,12.605028564453125,-9.260776113137602,-3.226140852092206,-0.0205499675770523
1789061925347038500,12.61503857421875,-9.258253901183604,-3.2333754795208574,-0.020060686222766525
1789061925357047600,12.625047607421875,-9.258329889029264,-3.2331451778963207,-0.022071966679673642
1789061925367057700,12.6350576171875,-9.26447321408987,-3.2154575455144045,-0.0273403834857163
1789061925377067500,12.645067626953125,-9.275360518807172,-3.183466662491858,-0.060103741868236096
1789061925387077600,12.65507763671875,-9.278896876239775,-3.1711881956771015,-0.12659126648944802
1789061925397086700,12.665086669921875,-9.263768865212798,-3.21561478190273,-0.11308586996193043
1789061925407096600,12.6750966796875,-9.242610341849923,-3.2765205015033483,-0.09464762927526607
1789061925417106700,12.685106689453125,-9.228065099146962,-3.317112331871688,-0.09984203784689306
1789061925427116500,12.695116455078125,-9.22340762872994,-3.3293726785078643,-0.12006142632928676
1789061925437125600,12.705125732421875,-9.224433464646339,-3.3259386124059556,-0.13545041724685578
1789061925447135700,12.7151357421875,-9.229252847626805,-3.311527225215733,-0.15829556025611236
1789061925457145600,12.7251455078125,-9.235405525037645,-3.292962809999287,-0.1845551148187369
1789061925467154400,12.735154541015625,-9.240027924141287,-3.279398102766275,-0.19446542773004621
1789061925477164500,12.74516455078125,-9.242735429534315,-3.2718624465644357,-0.19270725895110516
1789061925487174400,12.75517431640625,-9.243675925254822,-3.269792362292111,-0.18246930325431748
1789061925497184500,12.7651845703125,-9.247339123937486,-3.2591678001642226,-0.18690209806999192
1789061925507193600,12.775193603515625,-9.253983968779444,-3.2399954821825028,-0.19129739215318112
1789061925517203500,12.785203369140625,-9.26496070534587,-3.207304634197056,-0.20996238166727124
1789061925527213600,12.795213623046875,-9.270948547583817,-3.187757929944992,-0.2410194544384256
1789061925537223700,12.8052236328125,-9.266009922137856,-3.2035777226284146,-0.22029703920418395
1789061925547232500,12.815232421875,-9.260180485332011,-3.2216327270179983,-0.20129907314237205
1789061925557242600,12.82524267578125,-9.260029094162583,-3.2222815463155507,-0.19784385465458035
1789061925567252700,12.835252685546875,-9.262749459037185,-3.2145681954592464,-0.19597060812860725
1789061925577262600,12.8452626953125,-9.263458484089375,-3.2126994789779184,-0.1930928242025897
1789061925587271700,12.855271728515625,-9.262257876127958,-3.2166122685074803,-0.18540270809140055
1789061925597281800,12.86528173828125,-9.260877819946408,-3.2209786470234394,-0.17839798042848706
1789061925607291600,12.875291748046875,-9.259068724697828,-3.2270074057936666,-0.16265039446474983
1789061925617301800,12.8853017578125,-9.26012612479627,-3.224505652105808,-0.15170296619120052
1789061925627310600,12.895310546875,-9.260309664669633,-3.224681885455549,-0.13593600880671292
1789061925637320400,12.905320556640625,-9.262764656606317,-3.2180057686924934,-0.12655571111887692
1789061925647330600,12.91533056640625,-9.262475318270921,-3.2190792431429025,-0.12025472954483703
1789061925657339600,12.925339599609375,-9.254056449493765,-3.243980167904496,-0.0970336110963486
1789061925667349500,12.935349609375,-9.248829070234299,-3.2592160232201217,-0.08398177615576423
1789061925677359600,12.945359619140625,-9.256735897836089,-3.2368840721637007,-0.07623634509418625
1789061925687369500,12.955369384765625,-9.274027224376796,-3.1867677498638627,-0.08554435843052342
1789061925697378600,12.965378662109375,-9.28276758019328,-3.1617583962917326,-0.06239183453910518
1789061925707388700,12.975388671875,-9.288471344792843,-3.145302643792331,-0.04194606712204404
1789061925717398500,12.9853984375,-9.290673823273181,-3.1390169876515865,-0.018460841819184132
1789061925727408600,12.99540869140625,-9.292930077767371,-3.132367174373567,-0.010551758328225696
1789061925737417700,13.005417724609375,-9.29319252809584,-3.131605542351305,-0.0007693388349209272
1789061925747427600,13.015427490234375,-9.296199308696389,-3.122665572309494,0.004793086345295888
1789061925757437400,13.0254375,-9.298472514325379,-3.1158909636080265,0.004297824487261823
1789061925767447600,13.035447509765625,-9.295324279427527,-3.125211165139079,0.019767100970516913
1789061925777456600,13.04545654296875,-9.290940365254878,-3.1382091784000394,0.02138842312861234
1789061925787466500,13.055466552734375,-9.28472923565507,-3.1565052980691193,0.025806719061476177
1789061925797476600,13.0654765625,-9.277449015519023,-3.1777748805910346,0.03270660267700441
1789061925807485700,13.075485595703125,-9.27193405148983,-3.1938387111634015,0.03189740061939228
1789061925817495600,13.08549560546875,-9.271082987618446,-3.1963340351104734,0.029212830860668327
1789061925827505700,13.095505615234375,-9.275916399124265,-3.182330059677362,0.02316773516028188
1789061925837515500,13.105515625,-9.280360519051552,-3.1694089110448953,0.011581192707509035
1789061925847524600,13.115524658203125,-9.275333046278357,-3.1839497698336836,0.03230678057130426
1789061925857534700,13.12553466796875,-9.270862038344145,-3.196865073247254,0.03939456970805768
1789061925867544600,13.135544677734375,-9.271189370602368,-3.195894474649429,0.04107580992642324
1789061925877554700,13.1455546875,-9.27348011188805,-3.1892525524169204,0.04023713517915457
1789061925887563500,13.1555634765625,-9.27592458243072,-3.182207310080528,0.03416805353169329
1789061925897573400,13.165573486328125,-9.276525470933318,-3.1804832627668973,0.031371954256470776
1789061925907583500,13.17558349609375,-9.276723623853922,-3.179977651332319,0.02301124997391598
1789061925917593600,13.185593505859375,-9.276212751722335,-3.1814941933751104,0.018900398855295496
1789061925927602400,13.1956025390625,-9.276808379527926,-3.179802879287302,0.008298554307647282
1789061925937612500,13.205612548828125,-9.277311652874946,-3.1783424513459204,0.00348429702474823
1789061925947622700,13.21562255859375,-9.27808906698823,-3.176071583804488,-0.003915893375045562
1789061925957631500,13.225631591796875,-9.278809782478213,-3.1739407092556355,-0.013157177886535646
1789061925967641600,13.2356416015625,-9.27982275891304,-3.170890089513361,-0.02697192691594828
1789061925977651700,13.245651611328125,-9.279718129494785,-3.1711361732289194,-0.03339859667929122
1789061925987661600,13.25566162109375,-9.280330708435176,-3.169182116551697,-0.046181640598876396
1789061925997670700,13.265670654296875,-9.280386822536586,-3.1688740735158323,-0.055156316627888
1789061926007680800,13.2756806640625,-9.280912892237305,-3.167117877498269,-0.06631854756274261
1789061926017690600,13.285690673828125,-9.281903656840324,-3.164002960348129,-0.07574826018314343
1789061926027700700,13.29570068359375,-9.28272958627045,-3.161341339923441,-0.08507596460063942
1789061926037709600,13.30570947265625,-9.283575973966718,-3.1586051929578183,-0.09387349396445788
1789061926047719400,13.315719482421875,-9.285241276830435,-3.1532673390612005,-0.10761013283142819
1789061926057729500,13.3257294921875,-9.285909385350346,-3.1508272524327037,-0.12064055052464827
1789061926067739400,13.335739501953125,-9.285687851554155,-3.151048201707005,-0.1314694943845272
1789061926077748500,13.34574853515625,-9.284364493995904,-3.1547073087364432,-0.13703208781457504
1789061926088384500,13.356384521484374,-9.28390856692195,-3.1556668014183638,-0.14558165203300305
1789061926098394600,13.36639453125,-9.283881094393134,-3.1554172105714677,-0.15257349281487986
1789061926108403700,13.37640380859375,-9.284214271870255,-3.1540280943006276,-0.16079667462315408
1789061926118413600,13.38641357421875,-9.284847309076785,-3.151550013749301,-0.17242007506266235
1789061926128423700,13.396423583984374,-9.285652195718884,-3.148327836832404,-0.18727997320536524
1789061926138433800,13.406433837890624,-9.285865546208619,-3.1468457815811037,-0.20112596333147956
1789061926148442600,13.416442626953126,-9.285369871646166,-3.147221921417117,-0.2174582173153758
1789061926158452500,13.426452392578126,-9.28429785850048,-3.149194975055754,-0.23402625281652434
1789061926168462600,13.436462646484374,-9.283972279807925,-3.148869980885088,-0.25072805249886587
1789061926178471700,13.4464716796875,-9.283647870159148,-3.1480083956196903,-0.2725897374287248
1789061926188481500,13.4564814453125,-9.281991919645666,-3.1513483536973594,-0.2898579570884816
1789061926198491600,13.46649169921875,-9.280741627323627,-3.1531922279983755,-0.30919048886690287
1789061926208501500,13.47650146484375,-9.281057853665947,-3.1501471612140532,-0.3300346855835989
1789061926218510600,13.486510498046876,-9.282744783839583,-3.1424311800092455,-0.3551857857139781
1789061926228520700,13.496520751953126,-9.28439079748094,-3.134872142931819,-0.37821967449467625
1789061926238530600,13.506530517578126,-9.284776581928133,-3.131181179459393,-0.3987701854944229
1789061926248540700,13.516540771484374,-9.284266878840327,-3.1304730311900375,-0.41583369462862607
1789061926258549800,13.5265498046875,-9.283409969750046,-3.1310178055912252,-0.4305883422985673
1789061926268559600,13.5365595703125,-9.282932999888063,-3.130231915910542,-0.44630500340107826
1789061926278569700,13.54656982421875,-9.283246888142823,-3.127246178098023,-0.4604760790294036
1789061926288579600,13.55657958984375,-9.285001038333773,-3.120217010113597,-0.4726417696520686
1789061926298588700,13.566588623046876,-9.287219298905134,-3.1111773790895936,-0.4883808252494782
1789061926308598800,13.576598876953126,-9.28707842912972,-3.1088173719599843,-0.5057804344702512
1789061926318608600,13.586608642578126,-9.285033187037707,-3.11343158775717,-0.514867813626118
1789061926328617700,13.59661767578125,-9.282381211224198,-3.120514824016392,-0.5197747287595644
1789061926338627800,13.6066279296875,-9.281696736091375,-3.121225602634251,-0.527675017022714
1789061926348637700,13.6166376953125,-9.281571063885092,-3.1207468792065978,-0.5326886439336463
1789061926358647800,13.626647705078126,-9.282161430993675,-3.1183538465902205,-0.5364049610430375
1789061926368656600,13.63665673828125,-9.281718363401293,-3.1189617493554946,-0.5405221140382811
1789061926378666800,13.646666748046876,-9.281353621742129,-3.1194094931229945,-0.5441957610497251
1789061926388676600,13.656676513671876,-9.281256591108441,-3.1193185999691484,-0.5463629124883562
1789061926398686700,13.666686767578126,-9.28140856679976,-3.118489455668628,-0.5485146106295288
1789061926408695800,13.67669580078125,-9.281019275221228,-3.119179776020348,-0.5511698013134301
1789061926418705700,13.68670556640625,-9.28027167172432,-3.1202400987282393,-0.5577171771302819
1789061926428715800,13.6967158203125,-9.278675342443584,-3.124263655155897,-0.5617344499476253
1789061926438725600,13.7067255859375,-9.278277283036708,-3.125320762993395,-0.5624244780384003
1789061926449359600,13.717359619140625,-9.278300663912296,-3.125220809750259,-0.5625946104409173
1789061926459369700,13.72736962890625,-9.279210179972647,-3.122976537954807,-0.5600561414718628
1789061926469378800,13.73737890625,-9.279338774788378,-3.1226527128279207,-0.5597305262466892
1789061926479388700,13.747388671875,-9.279313640347123,-3.1223043377816677,-0.5620834095157683
1789061926489398800,13.757398681640625,-9.277942351993918,-3.1263460143879054,-0.5622519344830885
1789061926499408600,13.76740869140625,-9.278357947057485,-3.1240140643090006,-0.5683253361126408
1789061926509417700,13.777417724609375,-9.278419906377792,-3.1235411861002444,-0.5699077099332586
1789061926519427800,13.787427734375,-9.278484203785657,-3.122802058170736,-0.5729078415973111
1789061926529437700,13.797437744140625,-9.277971578088403,-3.12409969676584,-0.5741340954566374
1789061926539447800,13.80744775390625,-9.278222337979077,-3.122762310682237,-0.5773453856533393
1789061926549456600,13.81745654296875,-9.278802183693648,-3.1201369306147098,-0.5822041142635047
1789061926559466500,13.827466552734375,-9.278450886037945,-3.11977248121649,-0.5897035666408017
1789061926569476600,13.8374765625,-9.276534823283553,-3.124761960066855,-0.5934203952068463
1789061926579486700,13.84748681640625,-9.274997530713676,-3.128676503162086,-0.5968157367335633
1789061926589495600,13.85749560546875,-9.274402487429976,-3.1293796829953786,-0.6023540085731074
1789061926599505700,13.867505615234375,-9.274974149838089,-3.126440122412145,-0.6087822149896994
1789061926609515800,13.877515869140625,-9.275902370598912,-3.123401485368609,-0.6102309890259057
1789061926619524600,13.887524658203125,-9.276767462995648,-3.119868050545454,-0.6151352007456123
1789061926629534700,13.89753466796875,-9.276697320368886,-3.1205396661967035,-0.6127795775301754
1789061926639544800,13.907544921875,-9.27622444216013,-3.1226267016038296,-0.6092965577200055
1789061926649554700,13.9175546875,-9.275929843127727,-3.1235075760915874,-0.6092666740383953
1789061926659563800,13.927563720703125,-9.275864961197971,-3.1237305711925027,-0.6091173286955803
1789061926669574000,13.937573974609375,-9.274284998530149,-3.1293823133438825,-0.6041457142954691
1789061926679583700,13.947583740234375,-9.27336788368523,-3.132598352780938,-0.6015524098666385
1789061926689593900,13.95759375,-9.272505129376054,-3.1374817409083247,-0.589275294758752
1789061926699602700,13.967602783203125,-9.273039382383226,-3.137145056299865,-0.5826198554575442
1789061926709612500,13.977612548828125,-9.273675342199207,-3.1367443665444847,-0.5745958312168717
1789061926719622700,13.98762255859375,-9.273560775908827,-3.139304864682257,-0.5623364344287664
1789061926729632500,13.997632568359375,-9.273357946813107,-3.1414296017512675,-0.5537529862070456
1789061926739641600,14.0076416015625,-9.27271380369067,-3.1449715121418236,-0.5443493441762403
1789061926749651700,14.017651611328125,-9.272310483586788,-3.147995828399062,-0.5336320987962186
1789061926759661600,14.02766162109375,-9.271687967774271,-3.1522730673268438,-0.5190007852450013
1789061926769670700,14.037670654296875,-9.271257759663461,-3.156285517838597,-0.5020203147517517
1789061926779680800,14.0476806640625,-9.271061944830418,-3.159232384945452,-0.48687630243804303
1789061926789690600,14.057690673828125,-9.271808963805437,-3.158843093366921,-0.4750335601594299
1789061926799700700,14.06770068359375,-9.270372209000588,-3.16585618699938,-0.4560049614973366
1789061926809709800,14.077709716796875,-9.268484203296898,-3.1740038376197215,-0.4373569596506655
1789061926819719700,14.0877197265625,-9.267166690957545,-3.180458420586586,-0.4179543035117909
1789061926829729800,14.097729736328125,-9.267471226862073,-3.1816523065462707,-0.4018118182126432
1789061926839740000,14.107739990234375,-9.267613850203157,-3.1829186732202768,-0.3882598608633503
1789061926849748700,14.117748779296875,-9.266566971498728,-3.188263249118626,-0.36890886184647675
1789061926859758600,14.127758544921875,-9.265585559245944,-3.193207135261595,-0.3503434967819601
1789061926869768700,14.137768798828125,-9.264964212477206,-3.197146520537138,-0.3302666677085683
1789061926879778600,14.147778564453125,-9.26583515009284,-3.1964605840995906,-0.3119706211047247
1789061926889787600,14.15778759765625,-9.266604965421557,-3.1959885826736687,-0.2933800302674062
1789061926899797800,14.1677978515625,-9.267375949794053,-3.1949475491881367,-0.2800691516649909
1789061926909807600,14.1778076171875,-9.26675051137209,-3.198390090857446,-0.2608041869637556
1789061926919817700,14.187817626953125,-9.266291661688685,-3.2013173764809966,-0.24038428007373586
1789061926929826800,14.197826904296875,-9.265930427160859,-3.203440067723393,-0.22558489821292457
1789061926939836700,14.207836669921875,-9.265395005109905,-3.2058342693835495,-0.21322092680549248
1789061926949846800,14.2178466796875,-9.265289206647873,-3.206922356881201,-0.20110356883658095
1789061926959855900,14.22785595703125,-9.266103445640205,-3.2053219359472394,-0.18873970702700316
1789061926969865700,14.23786572265625,-9.267098301896452,-3.2030402547508476,-0.1783516936013475
1789061926979875800,14.247875732421875,-9.266893719235062,-3.2042157282710075,-0.16753560922304167
1789061926989885700,14.2578857421875,-9.268140504425764,-3.200706258845329,-0.16564407812170684
1789061926999894500,14.26789453125,-9.269049435964225,-3.1982451294288037,-0.16229874974917619
1789061927009904600,14.277904541015625,-9.269220700877904,-3.1978204742759466,-0.1608584695466794
1789061927019914800,14.287914794921875,-9.268662482473253,-3.199599174386263,-0.1576139712001197
1789061927029924600,14.297924560546875,-9.26930311846435,-3.1976489171013234,-0.15950900943279264
1789061927039933700,14.30793359375,-9.270406695792078,-3.194140032197535,-0.1655601992305368
1789061927049943800,14.31794384765625,-9.270921659576892,-3.192308140595257,-0.17195008293073624
1789061927059953700,14.32795361328125,-9.27010625154078,-3.1943814397379753,-0.17732918215319513
1789061927069963800,14.3379638671875,-9.269646232813596,-3.1953228122413155,-0.18428208829732612
1789061927079972900,14.347972900390625,-9.270046045786142,-3.193785811932385,-0.19068258472308516
1789061927089982700,14.357982666015625,-9.271992503678797,-3.1872400435507298,-0.20504277144903316
1789061927099992800,14.367992919921875,-9.272181304249166,-3.1860373897626992,-0.21494815245689822
1789061927110002700,14.378002685546875,-9.271897226610779,-3.1858079649209974,-0.23007620001649481
1789061927120011800,14.38801171875,-9.27152430164516,-3.1858953509435057,-0.2435092254275456
1789061927130022000,14.39802197265625,-9.271791428148745,-3.1840248808965086,-0.25739784911898894
1789061927140031700,14.40803173828125,-9.271898980176449,-3.182366007773578,-0.27353074460588395
1789061927150040600,14.41804052734375,-9.27133667011857,-3.182970695668459,-0.285306906188
1789061927160050700,14.42805078125,-9.270150675204397,-3.185161483711004,-0.2990533449297771
1789061927170060500,14.438060546875,-9.268774126154185,-3.1879867702648044,-0.3113675406450406
1789061927180070700,14.448070556640625,-9.267303469079732,-3.191338126519322,-0.3206718504872173
1789061927190079700,14.458079833984375,-9.267628463250398,-3.189259274418652,-0.33177067906334995
1789061927200089600,14.468089599609375,-9.269262786453961,-3.183294520795345,-0.3432003835616633
1789061927210099700,14.478099609375,-9.270127878850698,-3.1795825145348906,-0.3540726003076881
1789061927220109800,14.48810986328125,-9.270192760780454,-3.1782281773164867,-0.36438641598597166
1789061927230118700,14.49811865234375,-9.26969767073989,-3.1792280020087955,-0.3682313644437119
1789061927240128800,14.508128662109375,-9.269814575117826,-3.178199535743892,-0.3741302497565746
1789061927250139000,14.518138916015625,-9.268698138308524,-3.1818858230412004,-0.37043716739229854
1789061927260148700,14.528148681640625,-9.268587079149484,-3.1818750093862413,-0.37330150731485334
1789061927270157800,14.53815771484375,-9.269576090186833,-3.1785376816570756,-0.3771458712507039
1789061927280168000,14.54816796875,-9.271630100107192,-3.172033998851478,-0.3813888791153207
1789061927290177300,14.55817724609375,-9.272945274358987,-3.167841515597701,-0.38424514532927423
1789061927300186400,14.568186279296874,-9.272761149963737,-3.1684225303560494,-0.3839055746439844
1789061927310196500,14.578196533203124,-9.27200477863848,-3.170388277471065,-0.3859448619192466
1789061927320206300,14.588206298828124,-9.270826382508874,-3.173749862858653,-0.38661351842842995
1789061927330216400,14.598216552734375,-9.270098652756214,-3.1757001201435924,-0.3880560453869402
1789061927340225500,14.6082255859375,-9.27038389943838,-3.175029089014232,-0.38672775592524555
1789061927350235400,14.6182353515625,-9.270977773678302,-3.1732465895116326,-0.3871170109711587
1789061927360245500,14.62824560546875,-9.271554112261533,-3.1711674451500174,-0.39033520583268255
1789061927370255400,14.63825537109375,-9.271155468332767,-3.1716929303288457,-0.395506215262413
1789061927380264400,14.648264404296874,-9.269879457047582,-3.17558292350471,-0.3942050695359707
1789061927390274600,14.658274658203124,-9.268968771943449,-3.1778836016625163,-0.39705991097781806
1789061927400284400,14.668284423828124,-9.268027691701054,-3.180447314670682,-0.39849787135906517
1789061927410294500,14.67829443359375,-9.267555982536077,-3.181125652323663,-0.40401400443203744
1789061927420303400,14.688303466796874,-9.267409267541765,-3.180920192879438,-0.4089766683407128
1789061927430313500,14.6983134765625,-9.26673063762784,-3.1821336603224277,-0.41486612823810426
1789061927440323300,14.7083232421875,-9.266085909983515,-3.1829914461955426,-0.4226136736249551
1789061927450333400,14.71833349609375,-9.266014013791084,-3.181359168818593,-0.43626357492338863
1789061927460342500,14.728342529296874,-9.265283361428976,-3.18251155372411,-0.44331152067352086
1789061927470352400,14.738352294921874,-9.264415930944681,-3.1839243431314825,-0.45122634891867636
1789061927480362500,14.748362548828124,-9.264037160760164,-3.183507286763191,-0.4618222694739699
1789061927490371600,14.75837158203125,-9.263059255638717,-3.1855279789358377,-0.46747101595066487
1789061927500381400,14.76838134765625,-9.261857478633523,-3.187559777024388,-0.47733021972924466
1789061927510391600,14.7783916015625,-9.260322524151205,-3.1906349466860293,-0.48647130183372644
1789061927520401400,14.7884013671875,-9.260169963937997,-3.1892484607636926,-0.49832854756172745
1789061927530410500,14.798410400390624,-9.260608355355263,-3.185840405885875,-0.511804115206562
1789061927540420600,14.808420654296874,-9.260082285654544,-3.1850191526308653,-0.5262253296710551
1789061927550430500,14.818430419921874,-9.258432180359959,-3.187987062525749,-0.5371753243610262
1789061927560440600,14.828440673828124,-9.256487476032971,-3.1913933638378977,-0.5503011652527376
1789061927570449400,14.838449462890624,-9.254220700144767,-3.196259800830483,-0.5600987750371917
1789061927580459300,14.848459228515624,-9.252015883576869,-3.2006103972554203,-0.5715566096514463
1789061927590469400,14.858469482421874,-9.250396173420548,-3.2030501916229723,-0.5839723295124247
1789061927600479500,14.8684794921875,-9.250474499353766,-3.200549899239838,-0.596310381027311
1789061927610488300,14.87848828125,-9.250975434613228,-3.197247058302164,-0.6061739321874454
1789061927620498400,14.88849853515625,-9.250949715650082,-3.1939594149336217,-0.6236461317203938
1789061927630508500,14.898508544921874,-9.248799259617924,-3.1985233618482947,-0.632097660658136
1789061927640517400,14.908517333984374,-9.24647461606264,-3.2027000630110503,-0.6448294972635805
1789061927650527500,14.918527587890624,-9.244705852824449,-3.2057085971772667,-0.655158218250051
1789061927660537600,14.92853759765625,-9.24335911439061,-3.2082842928841706,-0.661514674604684
1789061927670547500,14.93854736328125,-9.243720348918437,-3.2056872621282935,-0.6690205932553858
1789061927680556500,14.948556640625,-9.243725609615444,-3.204330294561386,-0.6754162125766277
1789061927690566700,14.958566650390624,-9.244379689610003,-3.2002155527189373,-0.6858913562964648
1789061927700576500,14.968576416015624,-9.244886470088362,-3.19623788125962,-0.6975119437243789
1789061927710586600,14.978586669921874,-9.244734494397044,-3.1945839765727517,-0.7070400158524512
1789061927720595500,14.988595458984374,-9.244076322749256,-3.194000039204955,-0.7181910860724747
1789061927730605300,14.998605224609374,-9.24352921026051,-3.193178785949945,-0.7288080494157969
1789061927740615400,15.008615478515624,-9.242488176774978,-3.194682468511164,-0.7353904234807938
1789061927750625300,15.018625244140624,-9.24136589474678,-3.196364430248737,-0.7421594792243092
1789061927760634400,15.02863427734375,-9.24091756645739,-3.1956089357063173,-0.7509370252460241
1789061927770644500,15.03864453125,-9.241236715409158,-3.1923803290486332,-0.7606845853436738
1789061927780654300,15.048654296875,-9.241517285916208,-3.188994193741679,-0.7714052282571792
1789061927790664400,15.05866455078125,-9.240791309729218,-3.1895366300553083,-0.7778278817158192
1789061927800673500,15.068673583984374,-9.239600054118037,-3.191168907432258,-0.7852498484101146
1789061927810683400,15.078683349609374,-9.237983266571163,-3.194447198450565,-0.7909191262181848
1789061927820693500,15.088693603515624,-9.23657281525135,-3.1970059430226683,-0.7970296449877321
1789061927830702600,15.09870263671875,-9.235794232094287,-3.1978593449816106,-0.802615628426522
1789061927840712400,15.10871240234375,-9.236029794415831,-3.1953564222499726,-0.8098344006989151
1789061927850722600,15.11872265625,-9.236094676345587,-3.1940418325200675,-0.8142726023420691
1789061927860732700,15.128732666015624,-9.236288153091072,-3.1923163239017125,-0.8188272699717432
1789061927870741200,15.1387412109375,-9.23593919352293,-3.190972800338268,-0.8279497569736093
1789061927880751400,15.14875146484375,-9.23401845459342,-3.1962744138777253,-0.8289260546598582
1789061927890761500,15.158761474609374,-9.232435569316149,-3.199946088127792,-0.8323803598321974
1789061927900771300,15.168771240234374,-9.231721283566952,-3.2011618936583397,-0.8356267213422804
1789061927910780400,15.178780517578126,-9.232164351159334,-3.1990850873842835,-0.8386799714330583
1789061927920790500,15.18879052734375,-9.232417449137568,-3.1975211990684267,-0.8418477147489786
1789061927930800400,15.19880029296875,-9.232840058463811,-3.195224904824793,-0.8459259970385581
1789061927940809500,15.2088095703125,-9.233654881978035,-3.1917592745408414,-0.8501052554845809
1789061927950819600,15.218819580078126,-9.234515298199653,-3.187352856275439,-0.8572572461310773
1789061927960829400,15.228829345703126,-9.23341990417838,-3.1904534526392814,-0.8575276605702936
1789061927970839600,15.238839599609374,-9.232204683169723,-3.192813459768891,-0.8618133750654756
1789061927980848600,15.2488486328125,-9.231551187697052,-3.1939336959704754,-0.8646583161678165
1789061927990858500,15.2588583984375,-9.231178847253322,-3.1936127934530374,-0.8698053236674517
1789061928000868600,15.26886865234375,-9.230449363934992,-3.1960674931287762,-0.868530043034628
1789061928010878500,15.27887841796875,-9.2300635794878,-3.1973645472019907,-0.8678530205558985
1789061928020887300,15.28888720703125,-9.230634657374024,-3.1956986598163843,-0.8679172448985278
1789061928030897400,15.2988974609375,-9.23099764546752,-3.194395176002383,-0.8688536489658057
1789061928040907300,15.3089072265625,-9.230779034280776,-3.194977067543566,-0.8690333163816482
1789061928050917400,15.31891748046875,-9.22944632437229,-3.1998975728109476,-0.8650810716245323
1789061928060926500,15.328926513671876,-9.228375480270385,-3.2035698315829038,-0.8629111802395433
1789061928070936300,15.338936279296876,-9.227854671266675,-3.2055297334790227,-0.8611984580375254
1789061928080946400,15.348946533203126,-9.228352683916688,-3.2053798036143184,-0.856408739542961
1789061928090956500,15.35895654296875,-9.229631033289431,-3.2018186040014025,-0.8559496706638484
1789061928100965400,15.36896533203125,-9.230783125934003,-3.1988685220241546,-0.854557339522615
1789061928110975500,15.3789755859375,-9.231860984298587,-3.1955788328289985,-0.8552196758888662
1789061928120985600,15.388985595703126,-9.231713684782385,-3.1974624546185133,-0.8497537386331707
1789061928130994400,15.398994384765626,-9.231358295473456,-3.1981559898406267,-0.8510006699543445
1789061928141004500,15.409004638671876,-9.230834563860297,-3.1997882672175764,-0.8505514648821204
1789061928151014700,15.4190146484375,-9.23030498702824,-3.2010882439002395,-0.8514038439277559
1789061928161024500,15.4290244140625,-9.230413123577833,-3.201073923113942,-0.8502828770738095
1789061928171033300,15.439033447265626,-9.232254952052235,-3.1961724148079753,-0.848728706434369
1789061928181043500,15.44904345703125,-9.23407106156349,-3.1915821644082665,-0.846241711924225
1789061928191053300,15.45905322265625,-9.235530028200149,-3.187386174023151,-0.8461352558750659
1789061928201063400,15.4690634765625,-9.235931594738364,-3.186671596013009,-0.8444405807863921
1789061928211072500,15.479072509765626,-9.235614199352264,-3.187625827997923,-0.84431162064448
1789061928221082400,15.489082275390626,-9.234862504202127,-3.1896944509655234,-0.8447207129020243
1789061928231092500,15.499092529296876,-9.234612328833341,-3.190778446809947,-0.8433580462466925
1789061928241102300,15.509102294921876,-9.234234143170713,-3.1929417623236773,-0.8393036562893539
1789061928251111400,15.519111328125,-9.234402485474943,-3.193278154671192,-0.8361614858061075
1789061928261121500,15.52912158203125,-9.23521087924838,-3.191775056631863,-0.8329675851356237
1789061928271131400,15.53913134765625,-9.237009453102946,-3.1866064218223094,-0.8328167054228485
1789061928281140500,15.549140380859376,-9.237459534958004,-3.186417036730051,-0.828533986602351
1789061928291150000,15.559150146484376,-9.23739056137502,-3.1884695853456853,-0.8213751278236507
1789061928301160200,15.56916015625,-9.236936972388625,-3.1919881148606537,-0.8127669470194727
1789061928311170000,15.579170166015626,-9.237586376208066,-3.1919302471935747,-0.8055812002338468
1789061928321179100,15.58917919921875,-9.23875366642177,-3.190436209243536,-0.798081784389168
1789061928331189200,15.599189208984376,-9.239396640500425,-3.1911545866459607,-0.7876980452798307
1789061928341199000,15.60919921875,-9.240682004135847,-3.1888688137963412,-0.7818510728172957
1789061928351209200,15.619209228515626,-9.24155001914203,-3.189059367932379,-0.7707389463681728
1789061928361218300,15.62921826171875,-9.24246538042128,-3.187240920333564,-0.7672804764773696
1789061928371228200,15.639228271484376,-9.241840526521205,-3.1917627816721796,-0.7559248966611921
1789061928381238300,15.64923828125,-9.240634073340892,-3.198441821044683,-0.7423171540040523
1789061928391248100,15.659248046875,-9.239939661335944,-3.2030849706754085,-0.7308548258777707
1789061928401257200,15.66925732421875,-9.240523014181852,-3.2043516296103594,-0.7178079319737851
1789061928411267300,15.679267333984376,-9.241707840052246,-3.2036370516002175,-0.7056389899481087
1789061928421277200,15.689277099609376,-9.24224267758131,-3.2043475379571316,-0.6953386913385242
1789061928431287300,15.699287353515626,-9.242823692339659,-3.2053172597721216,-0.6830380857571959
1789061928441296100,15.709296142578125,-9.244083337011933,-3.2029134135007857,-0.6772388248939066
1789061928451306000,15.719305908203125,-9.244819250071048,-3.2025054172217846,-0.6690764150958508
1789061928461316000,15.729316162109376,-9.244102626234293,-3.207902015568316,-0.6529260752838104
1789061928471325200,15.7393251953125,-9.243895120963455,-3.2111081181332466,-0.6399800114057957
1789061928481335000,15.7493349609375,-9.244989930462836,-3.2102786815717814,-0.6282138780273496
1789061928491345200,15.75934521484375,-9.24654885034263,-3.20870544090569,-0.6131314597077667
1789061928501355300,15.769355224609376,-9.247977421841025,-3.207174578076601,-0.5994436375517398
1789061928511364000,15.779364013671875,-9.248468420228361,-3.208225840695202,-0.5860897600578144
1789061928521374200,15.789374267578125,-9.248823225015402,-3.2090120226368306,-0.5760975775493309
1789061928531384300,15.79938427734375,-9.248999750626087,-3.210747760388255,-0.5634577666088938
1789061928541394200,15.809394287109376,-9.249714620897173,-3.2101796051114797,-0.5548947766533121
1789061928551403300,15.8194033203125,-9.249835616928339,-3.2119761331394314,-0.5423446167577057
1789061928561413400,15.829413330078125,-9.25002032584548,-3.212832165446877,-0.5340611378632486
1789061928571423200,15.83942333984375,-9.249960120090842,-3.214996065482497,-0.5219395421106368
1789061928581433300,15.849433349609376,-9.250251796513796,-3.215933638593554,-0.5108782690659165
1789061928591442200,15.859442138671875,-9.250763253167271,-3.2159438677266237,-0.5014637037822977
1789061928601452000,15.8694521484375,-9.250984786963462,-3.216789963161945,-0.49186461224462835
1789061928611462100,15.879462158203125,-9.251309781134127,-3.216829418389499,-0.4854451736563816
1789061928621471200,15.88947119140625,-9.250984786963462,-3.2191470476821062,-0.4761940918387845
1789061928631481000,15.899481201171875,-9.250382729417085,-3.221986070500314,-0.4686205513119697
1789061928641491200,15.9094912109375,-9.249268630695342,-3.2267627833828327,-0.45762017814163114
1789061928651501000,15.9195009765625,-9.248757758563757,-3.2296558744758364,-0.447420526894927
1789061928661510100,15.92951025390625,-9.249238235557078,-3.2295833937615153,-0.43791163439135994
1789061928671520300,15.939520263671875,-9.250631151220201,-3.226911251942813,-0.4280853465016931
1789061928681530000,15.949530029296875,-9.25153073040843,-3.2256261805683373,-0.41820842440333217
1789061928691540200,15.959540283203125,-9.252050954890251,-3.2249501810029146,-0.41187344922814517
1789061928701549300,15.96954931640625,-9.252588130506872,-3.224278565351665,-0.4049984854247421
1789061928711559200,15.97955908203125,-9.252828369003534,-3.2239488950058814,-0.4021276792287826
1789061928721569300,15.9895693359375,-9.251850463882088,-3.2275632861107586,-0.3955847238587215
1789061928731579400,15.999579345703125,-9.251573400506377,-3.2286636485680935,-0.39306992802619933
1789061928741588200,16.009588134765625,-9.25143486881852,-3.229517050527036,-0.3892992869136855
1789061928751598000,16.01959814453125,-9.250819367268681,-3.2318925474867224,-0.38419067519567907
1789061928761608200,16.029608154296874,-9.251021611842512,-3.231456786417961,-0.38297892478574064
1789061928771617300,16.0396171875,-9.251814223524928,-3.2292639525488016,-0.38233079960793254
1789061928781627100,16.049627197265625,-9.25293066033423,-3.226018102495372,-0.3827017518121749
1789061928791637200,16.05963720703125,-9.252614433991909,-3.227217541413009,-0.3802315623063594
1789061928801647000,16.069647216796874,-9.251965614694356,-3.229392255103588,-0.3775472916584462
1789061928811656200,16.07965625,-9.251843449619411,-3.230106540852785,-0.37441725000441073
1789061928821666300,16.089666259765625,-9.251952170690894,-3.2300527648389337,-0.3721872259300202
1789061928831676200,16.09967626953125,-9.251631852695345,-3.2312206395745275,-0.370009991488792
1789061928841686300,16.109686279296874,-9.25145532708466,-3.2321196342408656,-0.3665502064237371
1789061928851695400,16.1196953125,-9.250864959976077,-3.233937789578736,-0.36542105626333504
1789061928861705200,16.129705322265625,-9.251207489803432,-3.232798848676681,-0.36681923262346533
1789061928871715300,16.13971533203125,-9.25121158145666,-3.2328719139128923,-0.3660702043544501
1789061928881725200,16.14972509765625,-9.250050720983744,-3.2369349255681037,-0.35944658496361226
1789061928891734000,16.159734130859373,-9.249095027694105,-3.2401281686514616,-0.35523426449820394
1789061928901744000,16.169744140625,-9.248467251184582,-3.2422356623247266,-0.35235016042925416
1789061928911754200,16.179754150390625,-9.248831408321857,-3.240986831307411,-0.35426932845618575
1789061928921764000,16.18976416015625,-9.248424581086635,-3.2419071610227226,-0.3564665462395176
1789061928931773200,16.199773193359373,-9.24748291632235,-3.2444454473286863,-0.35780013293083757
1789061928941783300,16.209783203125,-9.246911253914236,-3.246026286779344,-0.3582338847056031
1789061928951793200,16.219793212890625,-9.24662366914451,-3.246887579783797,-0.35785569904297587
1789061928961802200,16.22980224609375,-9.246769215095043,-3.2460978907108307,-0.36122930366192013
1789061928971812400,16.239812255859373,-9.245311417502164,-3.250239520560205,-0.36131325561832633
1789061928981822200,16.249822265625,-9.244730987265706,-3.2514857212290167,-0.3649356473665684
1789061928991832300,16.259832275390625,-9.244283243498206,-3.252515064276755,-0.3670968805210665
1789061929001841400,16.26984130859375,-9.243860049650072,-3.2531752817511554,-0.3718740317950025
1789061929011851300,16.279851318359373,-9.242645413163304,-3.2562863995090123,-0.374816259259358
1789061929021861400,16.289861328125,-9.242548382529616,-3.2558924317553637,-0.38058837638739496
1789061929031871200,16.299871337890625,-9.24283947443068,-3.25433292735368,-0.3868063741194084
1789061929041880000,16.309880126953125,-9.24356603513956,-3.2513647251978512,-0.3943301572203636
1789061929051890200,16.31989013671875,-9.242400498491525,-3.254320067872107,-0.39726485896538943
1789061929061900000,16.329900146484373,-9.241334915086627,-3.25669176543951,-0.40258481187913564
1789061929071910100,16.33991015625,-9.239712282320857,-3.260498756507039,-0.4089623110217973
1789061929081919200,16.349919189453125,-9.238945974123478,-3.2616488033249973,-0.4170204201951623
1789061929091929000,16.35992919921875,-9.23827143586278,-3.2628102483198043,-0.4228418198250234
1789061929101939200,16.369939208984373,-9.23746830278635,-3.264028684198856,-0.4309097928052768
1789061929111948300,16.3799482421875,-9.236543004634976,-3.265826381270587,-0.4370754392955452
1789061929121958100,16.389958251953125,-9.236225609248876,-3.2656966174110766,-0.44469011555034665
1789061929131968300,16.39996826171875,-9.236341929104924,-3.264073692384362,-0.4540913098957389
1789061929141978400,16.409978271484373,-9.235247704127431,-3.266729467590153,-0.4572332977158948
1789061929151987200,16.4199873046875,-9.234231805083155,-3.268549961015582,-0.46468226201497015
1789061929161997300,16.429997314453125,-9.232803233584761,-3.27208719523102,-0.4681594731388613
1789061929172007400,16.44000732421875,-9.2323589969486,-3.272399622181058,-0.47468704827670005
1789061929182017300,16.450017333984373,-9.23269568155706,-3.2701842842191455,-0.48332975240498777
1789061929192026000,16.460026123046877,-9.233667741459607,-3.2658135217890143,-0.494190680572018
1789061929202036200,16.4700361328125,-9.23426103117764,-3.2629210152179002,-0.5021495671546087
1789061929212046000,16.480046142578125,-9.234535171943902,-3.261007875072956,-0.5094827595869079
1789061929222056200,16.49005615234375,-9.234854320895671,-3.258266175149381,-0.5211083154508843
1789061929232065300,16.500065185546877,-9.23478242470324,-3.2569144682794806,-0.5307457662375643
1789061929242075100,16.5100751953125,-9.234096780526638,-3.2569594764649867,-0.5422688846403733
1789061929252085200,16.520085205078125,-9.232652426937221,-3.2596529533326626,-0.5506162590838969
1789061929262095000,16.53009521484375,-9.23278628244996,-3.257281548026204,-0.5622805760556832
1789061929272104200,16.540104248046877,-9.233115952795744,-3.2551299229502675,-0.5692811390001327
1789061929282114300,16.5501142578125,-9.234528742203116,-3.2495494924694297,-0.5781817999448627
1789061929292124400,16.56012451171875,-9.235321353885531,-3.246143483418226,-0.5846214410709217
1789061929302133500,16.570133544921877,-9.235011557283997,-3.246100813320279,-0.5897254496790468
1789061929312143600,16.5801435546875,-9.234723387992382,-3.245283943979442,-0.5986675386127084
1789061929322153500,16.590153564453125,-9.235109172439575,-3.242267518767714,-0.6089720750059933
1789061929332163600,16.60016357421875,-9.235895938903093,-3.2376547642752525,-0.6214502291113138
1789061929342172400,16.61017236328125,-9.235914059081674,-3.2364053487360476,-0.6276559518836439
1789061929352182300,16.620182373046877,-9.235447026091814,-3.2360882456108926,-0.6361084306694567
1789061929362192400,16.6301923828125,-9.235054811903833,-3.2362320379957557,-0.6410489558115601
1789061929372202500,16.640202392578125,-9.235188082894682,-3.2343837797805666,-0.6484219687975943
1789061929382211300,16.65021142578125,-9.235133722358942,-3.2325539340049025,-0.6582406213700771
1789061929392221400,16.660221435546877,-9.235161194887757,-3.2301591478228566,-0.6695173637963832
1789061929402231600,16.6702314453125,-9.234517636287212,-3.229921831935644,-0.6794642458584159
1789061929412241400,16.680241455078125,-9.234172183850408,-3.2279780043914914,-0.693260935216397
1789061929422250500,16.69025048828125,-9.233132903930544,-3.2300477964028715,-0.6974446506418287
1789061929432260600,16.700260498046877,-9.232043355128168,-3.2314111937105654,-0.705507399457693
1789061929442270500,16.7102705078125,-9.232080764529108,-3.2295103285253046,-0.7136772619098425
1789061929452279600,16.720279541015625,-9.232702695819736,-3.225695446412265,-0.7228254678748548
1789061929462289700,16.73028955078125,-9.232757640877365,-3.223987473450601,-0.7297111357353627
1789061929472299500,16.740299560546877,-9.231727128785849,-3.225226075334847,-0.7372378779783845
1789061929482309400,16.750309326171877,-9.230682588168978,-3.226175338883698,-0.7461055865015834
1789061929492318500,16.760318359375,-9.230718828526138,-3.2242627832606434,-0.7538830886352806
1789061929502328300,16.770328369140625,-9.231113965323567,-3.2218419858545064,-0.7593767176155001
1789061929512338400,16.78033837890625,-9.23136940138936,-3.2200507185235616,-0.763858539204672
1789061929522348300,16.790348388671877,-9.231262433883547,-3.2201404426336286,-0.7647706856135279
1789061929532357400,16.800357421875,-9.232212866476178,-3.2168489998728034,-0.7671452327251433
1789061929542367500,16.810367431640625,-9.233524533596634,-3.21198811583817,-0.7717112985316663
1789061929552377300,16.82037744140625,-9.234030729553103,-3.209130680580437,-0.7775203501366078
1789061929562387500,16.830387451171877,-9.23284122750759,-3.2119887003600596,-0.7798441169090569
1789061929572396500,16.840396484375,-9.230911136227846,-3.2171327852502465,-0.7814843583967537
1789061929582406400,16.850406494140625,-9.229340525910258,-3.221576612916589,-0.7817273733723908
1789061929592416500,16.86041650390625,-9.228407044452428,-3.2246430147498844,-0.7801038638237864
1789061929602425600,16.870425537109377,-9.22810484663546,-3.226428144600987,-0.7762899315588175
1789061929612435500,16.880435546875,-9.22758520667553,-3.2292832417711614,-0.7705779105875641
1789061929622445300,16.8904453125,-9.227500451001525,-3.2306460545569657,-0.7658665180262177
1789061929632455400,16.900455322265625,-9.228386001664399,-3.228839881917834,-0.7628031118676066
1789061929642464500,16.910464599609377,-9.229332927125691,-3.22609642842859,-0.7629562566027045
1789061929652474400,16.920474365234377,-9.229040666180849,-3.2275518879339096,-0.7603305112089961
1789061929662484500,16.930484375,-9.227707371750473,-3.233515472513437,-0.7511155966833234
1789061929672494300,16.940494384765625,-9.227046277493239,-3.2375703008621928,-0.7417170692190528
1789061929682503400,16.95050341796875,-9.22786577718258,-3.237652133926749,-0.7310832278061657
1789061929692513500,16.960513427734377,-9.230395003399252,-3.2328175533771515,-0.7204737901821732
1789061929702523400,16.9705234375,-9.233443869575858,-3.225850929234922,-0.7125914394345134
1789061929712533500,16.980533447265625,-9.234870687508582,-3.2242326803833246,-0.7013315750777721
1789061929722542600,16.99054248046875,-9.235535873419046,-3.223627407966554,-0.6953354034028947
1789061929732552400,17.000552490234377,-9.235160025843978,-3.22726225733757,-0.6833626415364444
1789061929742562600,17.0105625,-9.234609406223893,-3.2314979952111837,-0.6706670452881605
1789061929752572400,17.020572509765625,-9.23381270288825,-3.2373645491570233,-0.6531167024850845
1789061929762581200,17.030581298828125,-9.234496008977294,-3.238027104718983,-0.640038317464292
1789061929772591400,17.04059130859375,-9.236137346443533,-3.2362980889692903,-0.6249203894399106
1789061929782601500,17.0506015625,-9.238077959117293,-3.233599643665552,-0.6100295116370543
1789061929792611300,17.060611328125,-9.240063579976558,-3.230039320835471,-0.5987083820797503
1789061929802620400,17.070620361328125,-9.240369869446754,-3.231736480142176,-0.5846566585147753
1789061929812630500,17.080630615234377,-9.240531782010198,-3.2335505438268184,-0.5719316535089165
1789061929822640400,17.090640380859377,-9.240816444170475,-3.2349785308033225,-0.5591179107736796
1789061929832649500,17.1006494140625,-9.242105314937234,-3.233414642487466,-0.5467245854075998
1789061929842659600,17.11065966796875,-9.24373262387812,-3.2309576047241686,-0.5335710893239826
1789061929852669400,17.12066943359375,-9.245159441810845,-3.228919961416721,-0.5210450409563258
1789061929862679600,17.130679443359377,-9.247079596218466,-3.224802589225769,-0.5123961628155782
1789061929872688600,17.140688720703125,-9.249235312947631,-3.2186160095453262,-0.512387760313414
1789061929882698500,17.150698486328125,-9.249923295211792,-3.2179400099799036,-0.5041441385053098
1789061929892708600,17.16070849609375,-9.249768981432915,-3.2198668863892554,-0.494581616118364
1789061929902718500,17.170718505859377,-9.250157688489555,-3.219843505513668,-0.48741643719673156
1789061929912727300,17.180727294921876,-9.250213802590965,-3.221537157689035,-0.475005174315162
1789061929922737400,17.1907373046875,-9.250493788576126,-3.2213308214619754,-0.47092689202558247
1789061929932747300,17.200747314453125,-9.250106835085154,-3.223539145161211,-0.4633669416327029
1789061929942757400,17.21075732421875,-9.25072818185389,-3.222338537199795,-0.4592832159830257
1789061929952766500,17.220766357421876,-9.25138226184845,-3.2210750931352377,-0.4549539180744439
1789061929962776300,17.2307763671875,-9.252588715028763,-3.217860807263851,-0.4531702129954472
1789061929972786400,17.240786376953125,-9.252458366647362,-3.219414758707583,-0.44470582457613195
1789061929982795500,17.25079541015625,-9.252595144769549,-3.220229874482751,-0.4358719452572986
1789061929992805400,17.260805419921876,-9.252502790310979,-3.2220199727699157,-0.4244610185246914
1789061930002815500,17.2708154296875,-9.253719764885306,-3.2194153432294725,-0.4176308437110856
1789061930012825600,17.28082568359375,-9.254231221538781,-3.219308083462715,-0.406991595470719
1789061930022834400,17.29083447265625,-9.25550255664885,-3.216689717657864,-0.39870731285866345
1789061930032844500,17.300844482421876,-9.25725495327413,-3.2125968953862785,-0.39094712718594815
1789061930042854700,17.310854736328125,-9.25908509131074,-3.2082831238403915,-0.38294736060369755
1789061930052864500,17.320864501953125,-9.260572114998102,-3.2048046340748666,-0.3760439744234085
1789061930062873300,17.330873291015624,-9.260514247331022,-3.2066338953286406,-0.3616024112906307
1789061930072883500,17.340883544921876,-9.260021495378016,-3.209117236576974,-0.35207134348787367
1789061930083519500,17.35151953125,-9.258155116984248,-3.2164646767303346,-0.33362726671546694
1789061930093529300,17.361529296875,-9.257390562352537,-3.2198081419393416,-0.32240166995450853
1789061930103539500,17.37153955078125,-9.257708542260527,-3.219619341368973,-0.31505748120415955
1789061930113549600,17.381549560546876,-9.257035173043608,-3.2224142327845096,-0.3061525276768021
1789061930123558400,17.391558349609376,-9.256368818089365,-3.2248698092430828,-0.30039321523141116
1789061930133568500,17.401568603515624,-9.254828602910042,-3.230300894381106,-0.2892896374149248
1789061930143578600,17.41157861328125,-9.254322406953573,-3.2324118951857086,-0.2818179498273879
1789061930153588500,17.42158837890625,-9.253611043813825,-3.2352325055643916,-0.2726481165524572
1789061930163597300,17.431597412109376,-9.25319077257514,-3.23669877872467,-0.26949922406747934
1789061930173607400,17.441607421875,-9.251130332913995,-3.2435929221525788,-0.25704523628903553
1789061930183617300,17.4516171875,-9.249891146507858,-3.2478336284622547,-0.2479342570618726
1789061930193626400,17.46162646484375,-9.249096196737884,-3.2508363174095747,-0.23805618418604135
1789061930203636500,17.471636474609376,-9.249933816605806,-3.24890564160794,-0.23178293086914345
1789061930213646300,17.481646240234376,-9.250226662072539,-3.2485333011642097,-0.2252149323893711
1789061930223656400,17.491656494140624,-9.250017987757921,-3.249316268235445,-0.2224781643692404
1789061930233665500,17.50166552734375,-9.249019039848447,-3.252531723150611,-0.2169536470604129
1789061930243675400,17.51167529296875,-9.247849996069073,-3.2562393454968928,-0.2110766995847225
1789061930253685500,17.521685546875,-9.245659208026527,-3.2630960795238613,-0.20092720762267707
1789061930263695400,17.5316953125,-9.244899914091825,-3.265657454444468,-0.1941456759900786
1789061930273704400,17.541704345703124,-9.245156519201398,-3.2652386445105073,-0.18888828518483786
1789061930283714600,17.551714599609376,-9.24580650754273,-3.263493846669793,-0.18723357678037136
1789061930293724400,17.561724365234376,-9.246217426431178,-3.262352859941125,-0.1868132690090686
1789061930303734000,17.571734130859376,-9.245694863861798,-3.263943051742017,-0.1848936808570288
1789061930313742800,17.581742919921876,-9.244175691470502,-3.2683114760845897,-0.18368024994665755
1789061930323753000,17.5917529296875,-9.242619109678268,-3.272561827005446,-0.18632122944211585
1789061930333762800,17.6017626953125,-9.241056098145245,-3.2768840741187333,-0.18788703572042284
1789061930343773000,17.61177294921875,-9.24067674343884,-3.2778888672471043,-0.18899578241361303
1789061930353782000,17.621781982421876,-9.240511908265947,-3.278247763687372,-0.19082274211244657
1789061930363792000,17.6317919921875,-9.241698487702012,-3.2745413103848695,-0.19691826424226164
1789061930373802000,17.641802001953124,-9.242873961222172,-3.2706074780672787,-0.20686428778776897
1789061930383811000,17.65181103515625,-9.243331057339907,-3.268605782856047,-0.2177790467675775
1789061930393821000,17.661821044921876,-9.242738936665654,-3.2699095589309928,-0.22327998227141796
1789061930403831000,17.6718310546875,-9.241958015421032,-3.2717993182003497,-0.2278650633056648
1789061930413841000,17.6818408203125,-9.242342630824446,-3.2700220793947574,-0.23758615552149712
1789061930423850000,17.69185009765625,-9.242157337385416,-3.270003082433343,-0.2449246634497307
1789061930434485000,17.702485107421875,-9.2417218685776,-3.2707749435886737,-0.2509756888506934
1789061930444494800,17.712494873046875,-9.241915929844975,-3.269983793210983,-0.2541333674303256
1789061930454505000,17.7225048828125,-9.243365544131398,-3.2655089858844875,-0.25890494748000054
1789061930464514000,17.73251416015625,-9.244975317415594,-3.260315801155567,-0.2667466922226362
1789061930474524000,17.74252392578125,-9.245593157052994,-3.258134073202312,-0.2719360775592737
1789061930484534000,17.752533935546875,-9.24500454351008,-3.2592771057575938,-0.278185913467966
1789061930494543000,17.762543212890623,-9.244349294471741,-3.260752146746218,-0.2826496331448667
1789061930504553000,17.772552978515623,-9.24388284600377,-3.2620497853413224,-0.2829220386117697
1789061930514562800,17.782562744140623,-9.244470875024795,-3.260224908001721,-0.2847457834402099
1789061930524573000,17.792572998046875,-9.244788854932784,-3.259461230152845,-0.28316127246143297
1789061930534582000,17.80258203125,-9.245591403487325,-3.257001562041044,-0.28523389575071634
1789061930544592000,17.812591796875,-9.246945740705728,-3.252868115498125,-0.28849203903013837
1789061930554602000,17.82260205078125,-9.247982098016143,-3.2498058053180574,-0.2897919609138742
1789061930564611800,17.83261181640625,-9.247629046794772,-3.251130624181032,-0.28617068341048435
1789061930574621000,17.842620849609375,-9.247302299058436,-3.2524209562525153,-0.28202518110359087
1789061930584631000,17.852631103515623,-9.247004777416587,-3.2539640940412875,-0.27387139300340785
1789061930594641000,17.862640869140623,-9.248100171437859,-3.2516216225683685,-0.26453752827318383
1789061930604651000,17.872651123046875,-9.249209593984483,-3.2496734111100434,-0.2492660536549054
1789061930614660000,17.88266015625,-9.250186330062151,-3.248008108246326,-0.23426976098250596
1789061930624670000,17.892669921875,-9.250194513368607,-3.2493051623195406,-0.21518713057823477
1789061930634680000,17.90268017578125,-9.25020445024073,-3.250533242809772,-0.19528925653463228
1789061930644690000,17.91268994140625,-9.250186330062151,-3.2516853354543445,-0.1760101171775721
1789061930654698800,17.92269873046875,-9.249940246346592,-3.253542653758824,-0.15313274326599202
1789061930664708900,17.932708984375,-9.249374429157376,-3.256137930949032,-0.13045375973703338
1789061930674719000,17.942718994140623,-9.248951235309242,-3.2582039235681295,-0.10673718592179939
1789061930684727800,17.952727783203127,-9.249804052746295,-3.256476076862216,-0.08292528023961931
1789061930694738000,17.962738037109375,-9.251991333657502,-3.250713275551796,-0.06248424836318008
1789061930704748000,17.972748046875,-9.25343159559369,-3.2468940095245835,-0.04541947428707499
1789061930714758000,17.9827578125,-9.253457899078727,-3.247003315117955,-0.029530746836576142
1789061930724767000,17.99276708984375,-9.252941181728243,-3.2485911688312887,-0.010703158630809048
1789061930734777000,18.002777099609375,-9.252705619406699,-3.249273013615608,0.006758868280463503
1789061930744787000,18.012786865234375,-9.251480461525917,-3.2526401519611476,0.028717343527881894
1789061930754797000,18.022797119140623,-9.250227831116318,-3.2558953543648124,0.05301631349108647
1789061930764806100,18.03280615234375,-9.250637580960989,-3.254402193197608,0.07042185926230159
1789061930774816000,18.04281591796875,-9.252049201324581,-3.2498695182040334,0.09120769055499695
1789061930784826000,18.052826171875,-9.253219414147734,-3.2459149353593584,0.11115892962049692
1789061930794836000,18.0628359375,-9.25346900499463,-3.244453338374197,0.13121955647775901
1789061930804844800,18.0728447265625,-9.254324160519241,-3.2413562491416927,0.14654815897759982
1789061930814855000,18.08285498046875,-9.255174055346846,-3.2383561905428766,0.15870105405077337
1789061930824864800,18.09286474609375,-9.255550487443804,-3.2367525547385214,0.16910979973720386
1789061930834875000,18.102875,-9.256186447259783,-3.234593330878019,0.1755191370565444
1789061930844884000,18.112884033203127,-9.257037511131166,-3.2319372634112833,0.17950495528969912
1789061930854893800,18.122893798828127,-9.258348593729734,-3.228308551520109,0.17715291227083652
1789061930864904000,18.132904052734375,-9.258923763269186,-3.2269998070091006,0.17084245048239827
1789061930874913000,18.1429130859375,-9.258035289996862,-3.2297125730991363,0.1677116051107645
1789061930884923000,18.1529228515625,-9.257285348412394,-3.2323394144713875,0.15823372879996894
1789061930894933000,18.16293310546875,-9.257923061794042,-3.2312019348740577,0.14343497712682002
1789061930904943000,18.172943115234375,-9.25874782218039,-3.229457137033343,0.12874435287010855
1789061930914952000,18.182951904296875,-9.260281023097038,-3.225828132881224,0.10777969897836447
1789061930924962000,18.192962158203127,-9.260283945706487,-3.2264813360929487,0.08571879254882224
1789061930934972200,18.20297216796875,-9.260440013051033,-3.22661899099797,0.059728099789144465
1789061930944982000,18.21298193359375,-9.260300312319398,-3.227403711634874,0.033072609278070736
1789061930954990800,18.222990966796875,-9.261844034630059,-3.223139916710555,0.0015482957377913407
1789061930965001000,18.2330009765625,-9.262240340471267,-3.221870627427101,-0.028926122873777056
1789061930975010800,18.2430107421875,-9.262081350517272,-3.2219504146650433,-0.057126324359490534
1789061930985021000,18.25302099609375,-9.261903071340917,-3.221776811663806,-0.08766511344416067
1789061930995030000,18.263030029296875,-9.261234962821007,-3.222747118000686,-0.1175102622754406
1789061931005039900,18.273039794921875,-9.260367532336712,-3.2239117778658866,-0.14956341514554805
1789061931015050000,18.283050048828127,-9.260133723580836,-3.222967190492153,-0.18106973865469916
1789061931025059000,18.29305908203125,-9.261330239889025,-3.21751798517555,-0.21382831811411304
1789061931035069000,18.30306884765625,-9.262391731640696,-3.2120038979291916,-0.2480259174006991
1789061931045079000,18.3130791015625,-9.262469473052024,-3.20921835886389,-0.2792220881152898
1789061931055089000,18.3230888671875,-9.261556449860334,-3.2091686745032666,-0.3085422906238586
1789061931065098000,18.333097900390626,-9.260521846115589,-3.209360105422139,-0.33635048113428057
1789061931075108000,18.343108154296875,-9.260041369122266,-3.2077322119593616,-0.36396026299577205
1789061931085118000,18.353117919921875,-9.260479176017641,-3.2031653424352404,-0.39196839652508497
1789061931095128000,18.363128173828127,-9.26159970448017,-3.196314161366224,-0.42039413441196083
1789061931105137000,18.373136962890626,-9.262792129135132,-3.1887603849858044,-0.4504186127323657
1789061931115146800,18.383146728515626,-9.262247354733944,-3.1851644063204527,-0.4856845719028264
1789061931125156900,18.393156982421875,-9.258046980434656,-3.1948806214317678,-0.5016800134140997
1789061931135167000,18.4031669921875,-9.254918619281053,-3.2008079656541346,-0.5212460068885236
1789061931145175800,18.41317578125,-9.253291310340165,-3.2025948490709064,-0.5388625833282247
1789061931155186000,18.42318603515625,-9.25393662250638,-3.1980817555606365,-0.5543604871135205
1789061931165196000,18.433196044921875,-9.254260447633266,-3.1942879162356257,-0.5705907602939755
1789061931175205000,18.443205078125,-9.253879339361191,-3.1923560713902113,-0.5873415867498144
1789061931185215000,18.453215087890626,-9.253930192765592,-3.1898867586672304,-0.5998219328122213
1789061931195225000,18.46322509765625,-9.254796454206108,-3.184436384306848,-0.6152186412453651
1789061931205235000,18.47323486328125,-9.254856659960746,-3.18211992405802,-0.6261970583122223
1789061931215244000,18.483244140625,-9.254043005490303,-3.18291282800138,-0.6341470674686134
1789061931225254100,18.493254150390626,-9.253232858151197,-3.1835484955564137,-0.6427126512400806
1789061931235264000,18.503263916015626,-9.251862154319882,-3.186625711044669,-0.6471802981734276
1789061931245274000,18.513274169921875,-9.250275761911272,-3.1916382785096764,-0.6451561719346791
1789061931255283000,18.523282958984375,-9.25028160713017,-3.1906919375702736,-0.6497343665704131
1789061931265292800,18.533292724609375,-9.251804286652803,-3.1855577895522114,-0.6532427400175481
1789061931275303000,18.543302978515626,-9.253909149977565,-3.177386758056283,-0.6631442485678941
1789061931285312800,18.553312744140626,-9.254577258497475,-3.1724200755596157,-0.6774436267510056
1789061931295322600,18.563322509765626,-9.253556683278083,-3.172968357092142,-0.688726068265736
1789061931305332700,18.573332763671875,-9.252540784233808,-3.1740754415512082,-0.697221217149496
1789061931315342600,18.583342529296875,-9.251649972873926,-3.1747017567560074,-0.7061343722496182
1789061931325351400,18.593351318359375,-9.250769682908057,-3.1760669076293704,-0.7115121197652071
1789061931335361500,18.603361572265626,-9.250325446271896,-3.174838827139139,-0.722677218510583
1789061931345371400,18.613371337890626,-9.250371038979292,-3.1711344196632503,-0.7381924752894788
1789061931355381500,18.623381591796875,-9.250623552435636,-3.1656635870367285,-0.7582325160164386
1789061931365390600,18.633390625,-9.25084041005671,-3.158471629706025,-0.7851053984381258
1789061931375400400,18.643400390625,-9.249210178506374,-3.1565944376572963,-0.8114212314989417
1789061931385410600,18.65341064453125,-9.247154999542236,-3.1562431400015947,-0.835849424182251
1789061931395420700,18.663420654296875,-9.24629049166739,-3.1526199810683724,-0.8587692581292241
1789061931405429500,18.673429443359375,-9.247708541771768,-3.140472739417851,-0.8875261276666074
1789061931415439600,18.683439697265626,-9.248817379796504,-3.1272464703589677,-0.9220049550473689
1789061931425449700,18.69344970703125,-9.248780554917454,-3.118370213203132,-0.9519489885427057
1789061931435458600,18.70345849609375,-9.24768808350563,-3.1116713000863787,-0.9839475434150546
1789061931445468700,18.71346875,-9.24705563082099,-3.103996819935739,-1.0136805645082145
1789061931455478800,18.723478759765626,-9.24572759708762,-3.09814780164659,-1.0432561300173402
1789061931465488600,18.733488525390626,-9.244328836205602,-3.0941631159245966,-1.0672023844026028
1789061931475497500,18.74349755859375,-9.242590468105673,-3.090736648607254,-1.0919047909174113
1789061931485507600,18.753507568359375,-9.241859815743565,-3.0845477308392524,-1.1153362276483327
1789061931495517400,18.763517333984375,-9.241260680806636,-3.0769699890613555,-1.1409396746560931
1789061931505527600,18.773527587890626,-9.241163065651058,-3.0706738115265964,-1.1585575297374278
1789061931515536600,18.78353662109375,-9.241873259747027,-3.060597530931234,-1.1793669474016875
1789061931525546500,18.79354638671875,-9.242536107569933,-3.052093029697239,-1.1960928220793605
1789061931535556600,18.803556640625,-9.24270971057117,-3.0462045561805366,-1.209684855710715
1789061931545566500,18.81356640625,-9.242402252057195,-3.040757688951492,-1.225634485318884
1789061931555575600,18.823575439453126,-9.241149621647596,-3.0410961271256207,-1.2342089099839328
1789061931565585700,18.833585693359375,-9.239903420978784,-3.0406434149220583,-1.244613399620354
1789061931575595500,18.843595458984375,-9.238646698915957,-3.0399808593600985,-1.2555106412097812
1789061931585604600,18.8536044921875,-9.237072581467032,-3.042044221630692,-1.2620800827279686
1789061931595614700,18.86361474609375,-9.235957898223399,-3.041297202655673,-1.2719973733693362
1789061931605624600,18.87362451171875,-9.234561475428938,-3.0449238687202334,-1.2734589703544974
1789061931615634700,18.883634765625,-9.233412889915703,-3.047412762926519,-1.2758331521399318
1789061931625643500,18.8936435546875,-9.23280264906287,-3.0509488280981776,-1.2717901603594421
1789061931635653400,18.9036533203125,-9.232086025226115,-3.0527286972522734,-1.2727191117726266
1789061931645663500,18.91366357421875,-9.231433698797225,-3.054811348745227,-1.27245622305274
1789061931655673600,18.923673583984375,-9.231449480888246,-3.0538883886814117,-1.2745559718109667
1789061931665682400,18.933682373046874,-9.232155583330988,-3.0516859102010727,-1.2747159846782683
1789061931675692500,18.943692626953126,-9.232630215105415,-3.048500265902281,-1.2788923935800791
1789061931685702700,18.95370263671875,-9.231581582835316,-3.0535750849485397,-1.2743472974963486
1789061931695711500,18.96371142578125,-9.229918033537269,-3.0585569650143385,-1.2744536804802715
1789061931705721600,18.9737216796875,-9.229085089844464,-3.0636890672057864,-1.2681402595497666
1789061931715731700,18.983731689453126,-9.230136644724011,-3.06349617498219,-1.2609313510842621
1789061931725741600,18.993741455078126,-9.230035522437095,-3.066951868394017,-1.2532489798881112
1789061931735750700,19.003750732421874,-9.229892314574123,-3.0696777862265705,-1.2476169653505087
1789061931745760800,19.0137607421875,-9.229750860276818,-3.075584379921853,-1.234042905767262
1789061931755770600,19.0237705078125,-9.229745599579811,-3.0786960822016,-1.226299452033639
1789061931765780700,19.03378076171875,-9.229980577379465,-3.0857649976745245,-1.2066069095700978
1789061931775789600,19.04378955078125,-9.232043355128168,-3.0870263959124684,-1.187448181722313
1789061931785799400,19.05379931640625,-9.234809312710166,-3.0849200712829825,-1.1713039063248782
1789061931795809500,19.0638095703125,-9.236192291501164,-3.082174571967125,-1.1676201763108371
1789061931805818600,19.073818603515626,-9.234736247473954,-3.092067897211015,-1.1528875943422316
1789061931815828500,19.083828369140626,-9.231620161280036,-3.110964320860803,-1.1267123387958853
1789061931825838600,19.093838623046874,-9.229515882477164,-3.126151076337695,-1.1016377379678188
1789061931835848400,19.103848388671874,-9.230534119608997,-3.1311557527571914,-1.078649734155461
1789061931845857500,19.113857421875,-9.232419787225126,-3.1329908592298623,-1.0569656525485216
1789061931855867600,19.12386767578125,-9.233890444299577,-3.1345351660624146,-1.039394924544543
1789061931865877500,19.13387744140625,-9.234134189927577,-3.13875775219351,-1.0243786302637308
1789061931875886600,19.143886474609374,-9.234031314074993,-3.1456299760505555,-1.004022070933506
1789061931885896700,19.153896728515626,-9.233116537317633,-3.15444281258136,-0.9845963627126068
1789061931895906600,19.163906494140626,-9.232392899218201,-3.1615044215306636,-0.9686042822021991
1789061931905916700,19.173916748046874,-9.233334563982487,-3.163947138507664,-0.9515026330146938
1789061931915925500,19.183925537109374,-9.236039146766066,-3.160981858961284,-0.9349670202121138
1789061931925935600,19.193935546875,-9.239072230851649,-3.154316263592243,-0.9274827288713305
1789061931935945500,19.203945556640626,-9.240200942620634,-3.1497523166775703,-0.9317359293363988
1789061931945955600,19.21395556640625,-9.238277865603566,-3.1579747860997913,-0.9229320798296481
1789061931955964700,19.223964599609374,-9.23550956993401,-3.165780783675611,-0.9238911341201513
1789061931965974500,19.233974609375,-9.23245018236339,-3.17871596083343,-0.9099514560949057
1789061931975984600,19.243984619140626,-9.231055513134597,-3.184325909669697,-0.904469152226299
1789061931985993700,19.25399365234375,-9.231314456331729,-3.1860785985559223,-0.8956129880104213
1789061931996003600,19.264003662109374,-9.232873960733412,-3.183758923436701,-0.8877491958327591
1789061932006013700,19.274013671875,-9.235375714421272,-3.177083098934591,-0.8856452092908322
1789061932016023600,19.2840234375,-9.236085908517241,-3.1759584788188335,-0.8822648461375385
1789061932026032600,19.29403271484375,-9.235310832491516,-3.176230281497538,-0.889370440359041
1789061932036042800,19.304042724609374,-9.232212281954288,-3.186944275474548,-0.8831937975507229
1789061932046052600,19.314052490234374,-9.229918618059157,-3.1936414350256324,-0.8829762823425232
1789061932056062700,19.324062744140626,-9.228284294855595,-3.1993776405900713,-0.8792818117387592
1789061932066071600,19.334071533203126,-9.228266759198904,-3.2013176687419413,-0.8723770738516002
1789061932076081400,19.344081298828126,-9.228826146647334,-3.201726249542832,-0.8649285844765603
1789061932086091500,19.354091552734374,-9.23095731345713,-3.1954774182811376,-0.8652971255280077
1789061932096100600,19.3641005859375,-9.231977304154634,-3.191340464606881,-0.8696707375023514
1789061932106110500,19.3741103515625,-9.230387989136576,-3.198734958772361,-0.8593131557475775
1789061932116120600,19.38412060546875,-9.227067904803157,-3.211105780045688,-0.8487648737262934
1789061932126130700,19.394130615234374,-9.225863205188512,-3.216816266646981,-0.8401964404106139
1789061932136139500,19.404139404296874,-9.2272467685014,-3.2158772322311995,-0.8285117017053067
1789061932146149600,19.414149658203126,-9.231097014188766,-3.2065818728804585,-0.821624718670547
1789061932156159700,19.42415966796875,-9.234302532231807,-3.1975363966375587,-0.8208524921890348
1789061932166168600,19.43416845703125,-9.234546862381697,-3.1990923939079043,-0.8119965471688657
1789061932176178700,19.4441787109375,-9.232942349794506,-3.205337718038261,-0.8055876299746334
1789061932186188800,19.454188720703126,-9.231382260870934,-3.211937846955657,-0.7971359549064189
1789061932196198700,19.46419873046875,-9.229603560760617,-3.219295223981142,-0.7879998777706175
1789061932206207500,19.47420751953125,-9.228838421607017,-3.2233649576380845,-0.7802840426962823
1789061932216217600,19.484217529296874,-9.23023075274825,-3.221577489699423,-0.7711475271690637
1789061932226227500,19.4942275390625,-9.233013661465048,-3.2151588548287746,-0.7645859766963868
1789061932236237600,19.504237548828126,-9.235189251938461,-3.211486303795874,-0.7536684960365295
1789061932246246700,19.51424658203125,-9.235088129651546,-3.213597012339532,-0.7458688551362603
1789061932256256500,19.524256591796874,-9.23369755207598,-3.2205864328354594,-0.7328247377112508
1789061932266266600,19.5342666015625,-9.234608237180113,-3.2195749177053568,-0.7257671473499387
1789061932276275700,19.544275634765626,-9.236327900579571,-3.2165809965863823,-0.717101610335335
1789061932286285600,19.55428564453125,-9.239283827775717,-3.2093066216692328,-0.7115984828744083
1789061932296295400,19.56429541015625,-9.240169962960481,-3.2086043186187743,-0.7032124934535473
1789061932306305500,19.574305419921874,-9.241151959735154,-3.2065535235688087,-0.6996520244929939
1789061932316314400,19.584314453125,-9.24074863963127,-3.2100062943711873,-0.6890600494604557
1789061932326324500,19.594324462890626,-9.241150206169486,-3.2100214919403194,-0.6835893629644065
1789061932336334600,19.60433447265625,-9.240042537188529,-3.2165675525829194,-0.6675991090849042
1789061932346343400,19.614343505859374,-9.24058380445838,-3.2162890279024836,-0.6614227585375309
1789061932356353500,19.624353515625,-9.241194629833101,-3.2157062595784662,-0.6556977319542319
1789061932366363600,19.63436376953125,-9.24110344441831,-3.2173806225314734,-0.6487285505287349
1789061932376373500,19.64437353515625,-9.241353035265206,-3.217683697131276,-0.6436522701777517
1789061932386382600,19.654382568359374,-9.242337370127439,-3.2163866430580614,-0.6359566011086106
1789061932396392700,19.664392822265626,-9.24231808090508,-3.219070767575502,-0.622514278146252
1789061932406402600,19.674402587890626,-9.242152661210298,-3.2209111347451804,-0.6154114604037255
1789061932416412700,19.68441259765625,-9.240798908513783,-3.227712046931684,-0.5999171002823859
1789061932426421500,19.69442138671875,-9.24130861160159,-3.2277789746880527,-0.591648965087533
1789061932436431400,19.704431396484374,-9.24218539443612,-3.227109404863417,-0.581518360489048
1789061932446441500,19.71444140625,-9.243880507916211,-3.2238746607258912,-0.5724375572044402
1789061932456450600,19.724450439453125,-9.244231805571912,-3.2242680439576503,-0.5644938681909815
1789061932466460400,19.73446044921875,-9.244118408325313,-3.225858235758543,-0.5572220140244811
1789061932476470500,19.744470458984374,-9.24274653545022,-3.2320521219626066,-0.5439341144388541
1789061932486480400,19.75448046875,-9.242664117863773,-3.233616010278463,-0.535983703423664
1789061932496489500,19.764489501953125,-9.242659441688657,-3.2353722062960264,-0.5253577895889059
1789061932506499600,19.77449951171875,-9.243872909131646,-3.2326497955948112,-0.5207445967050269
1789061932516509400,19.784509521484374,-9.243826731902361,-3.233756880053878,-0.5146532575599849
1789061932526518500,19.7945185546875,-9.243740807184576,-3.234246124875545,-0.5131255365360528
1789061932536528600,19.804528564453125,-9.242711464136839,-3.2374513506576417,-0.511445072635822
1789061932546538500,19.81453857421875,-9.240852100005746,-3.2430595459282396,-0.5095104147788136
1789061932556548600,19.824548583984374,-9.239005010834335,-3.2479034788280723,-0.5121454394575208
1789061932566557400,19.834557373046874,-9.238135826784372,-3.2500404908567666,-0.5142652446230873
1789061932576567300,19.8445673828125,-9.239206086364389,-3.246919436226785,-0.5147495940739288
1789061932586577400,19.854577392578125,-9.241131501469015,-3.240772604034841,-0.5189087961126119
1789061932596587500,19.86458740234375,-9.241349528133869,-3.240156810224056,-0.5188696696786209
1789061932606596400,19.874596435546874,-9.240742794412373,-3.2419980541765687,-0.5181767555110156
1789061932616606500,19.8846064453125,-9.24093627115786,-3.240863789449632,-0.5218068191090598
1789061932626616600,19.894616455078125,-9.241230870190263,-3.2389640933081507,-0.5283398010743782
1789061932636625400,19.90462548828125,-9.241481045559048,-3.2368399407610293,-0.53691185111925
1789061932646635500,19.914635498046874,-9.241856308612228,-3.2343589376002546,-0.5453451868131757
1789061932656645600,19.924645751953125,-9.241427269545197,-3.2343408174216743,-0.5526656658943743
1789061932666655500,19.934655517578125,-9.241918852454424,-3.231484843468666,-0.5610949830003082
1789061932676664600,19.94466455078125,-9.24212928033471,-3.229994312649965,-0.5661900411169976
1789061932686674700,19.9546748046875,-9.241321471083163,-3.2323721476972103,-0.565806192898564
1789061932696684500,19.9646845703125,-9.240845670264958,-3.2326284605458375,-0.5720745691109448
1789061932706693400,19.974693359375,-9.240300311341882,-3.232899678702652,-0.5793012324288487
1789061932716703500,19.984703369140625,-9.238368466496468,-3.2379569620922206,-0.5818685986988246
1789061932726713300,19.99471337890625,-9.236822990620135,-3.241851923704147,-0.5847106537243351
1789061932736723500,20.004723388671874,-9.236177093932032,-3.243844266565144,-0.5838561923194676
1789061932746732500,20.014732666015625,-9.237883897849917,-3.238989812271297,-0.5838050831867382
1789061932756742400,20.024742431640625,-9.240333044567704,-3.231989870381355,-0.5838408486198634
1789061932766752500,20.03475244140625,-9.243337487080693,-3.2232346092566844,-0.5846805508470162
1789061932776762400,20.044762451171874,-9.243766526147724,-3.2228079082772134,-0.580239134333469
1789061932786771500,20.054771484375,-9.24408918223083,-3.2226813592880963,-0.575785735121183
1789061932796781600,20.064781494140625,-9.244052941873669,-3.2226825283318754,-0.5763528309520334
1789061932806791400,20.07479150390625,-9.244269799494743,-3.2217367719143626,-0.5781596246456727
1789061932816800500,20.084800537109373,-9.243929023233056,-3.223285754922032,-0.5749670756820588
1789061932826810600,20.094810546875,-9.244586610358953,-3.2210829841807485,-0.5767341584198177
1789061932836820500,20.104820556640625,-9.244903421223164,-3.2200083406865594,-0.5776639500832185
1789061932846830600,20.11483056640625,-9.244955443671346,-3.21968071616739,-0.5786486502716317
1789061932856839400,20.12483935546875,-9.24436799917221,-3.221338712507486,-0.5788074575625359
1789061932866849500,20.134849609375,-9.24433058977127,-3.221512023247778,-0.5784382223913446
1789061932876859400,20.144859375,-9.24408684414327,-3.2217464165255425,-0.5810271063733845
1789061932886868500,20.154868408203125,-9.243459067633747,-3.2224528112292288,-0.5870678843749687
1789061932896878600,20.164878662109373,-9.241735312581062,-3.2281036765977738,-0.5831504186702892
1789061932906888400,20.174888427734373,-9.241353035265206,-3.22937004327178,-0.5821946157827973
1789061932916898600,20.184898681640625,-9.24183292773664,-3.2286826455295086,-0.5783700525259599
1789061932926907600,20.19490771484375,-9.242637229856848,-3.227096253120899,-0.5743646893421188
1789061932936917500,20.20491748046875,-9.24246479589939,-3.228376063798368,-0.5699228344371542
1789061932946927600,20.214927734375,-9.243290725329517,-3.226202811412513,-0.568839751908183
1789061932956936700,20.224936767578125,-9.244286750629543,-3.223933405175805,-0.565505017994903
1789061932966946600,20.234946533203125,-9.246538913470506,-3.2174323527187108,-0.5657182223541661
1789061932976956700,20.244956787109373,-9.247229818344115,-3.216700239051878,-0.5585427777668461
1789061932986966500,20.254966552734373,-9.247771085613966,-3.215824040739238,-0.5546073745466769
1789061932996975400,20.264975341796877,-9.24819135685265,-3.2159447445094584,-0.5468439740035682
1789061933006985500,20.2749853515625,-9.249126591876148,-3.214378225845098,-0.5401996040856465
1789061933016995300,20.284995361328125,-9.250527106323839,-3.21065452914685,-0.5383588350571692
1789061933027004400,20.29500439453125,-9.250361686629056,-3.2119732105299827,-0.5333088216586038
1789061933037014500,20.3050146484375,-9.248749575257301,-3.21757351475507,-0.5274785811351612
1789061933047024400,20.3150244140625,-9.247089533090591,-3.2238483572408554,-0.5181865097200498
1789061933057034500,20.325034423828125,-9.245427737358211,-3.2308862930536266,-0.5038057733964175
1789061933067043600,20.335043701171877,-9.246078310221433,-3.2300290917024013,-0.49732075875867154
1789061933077053400,20.345053466796877,-9.246618992969394,-3.2299098492369054,-0.48796080973912026
1789061933087063600,20.3550634765625,-9.247455443793534,-3.2290085164830087,-0.4779662160778418
1789061933097073700,20.36507373046875,-9.247226895734666,-3.231333160038292,-0.46654538900572806
1789061933107082500,20.37508251953125,-9.246797272145747,-3.2344244040518997,-0.4534618894184008
1789061933117092600,20.385092529296877,-9.246016935423016,-3.238159791187942,-0.4425774342453107
1789061933127102700,20.395102783203125,-9.245508985900878,-3.240345610794425,-0.4371633733073249
1789061933137111600,20.405111572265625,-9.245312002024054,-3.2412823071226478,-0.4343765556003898
1789061933147121400,20.415121337890625,-9.245672067508101,-3.2407027536690234,-0.43101588352825493
1789061933157131500,20.425131591796877,-9.245774943360686,-3.240749807681143,-0.42844665409475563
1789061933167141400,20.435141357421877,-9.245779035013914,-3.2413308224394917,-0.42394810056649146
1789061933177150500,20.445150390625,-9.246284061926604,-3.2402976799994705,-0.42081221369355915
1789061933187160600,20.45516064453125,-9.24662366914451,-3.2395664431154727,-0.4189763035032898
1789061933197170400,20.46517041015625,-9.247380040469766,-3.237001268802583,-0.42210572410281744
1789061933207179500,20.475179443359377,-9.247661195498704,-3.235928963395953,-0.4241608665343374
1789061933217189600,20.485189697265625,-9.24832170523405,-3.233642313763499,-0.427191502934508
1789061933227199500,20.495199462890625,-9.24774536665082,-3.2353207683697343,-0.4269608725164085
1789061933237209600,20.505209716796877,-9.247766409438848,-3.2343335108980535,-0.4339224186247214
1789061933247218700,20.51521875,-9.247738352388144,-3.234147925198078,-0.4358941570891067
1789061933257228500,20.525228515625,-9.24763430749178,-3.2339196694001555,-0.43978078926410524
1789061933267238700,20.53523876953125,-9.245907045307755,-3.2390313133254645,-0.43847668439559634
1789061933277247500,20.54524755859375,-9.245324861505628,-3.2397084819346667,-0.4456986715383827
1789061933287257300,20.55525732421875,-9.244961873412132,-3.239306330874562,-0.45602476217634974
1789061933297267000,20.565266845703125,-9.244806975111365,-3.238724147072434,-0.4632386025452986
1789061933307277000,20.575277099609377,-9.24550489424765,-3.2358757719039914,-0.4691816192608326
1789061933317286000,20.585285888671876,-9.245586142790318,-3.2352900809705254,-0.47161220740862186
1789061933327296000,20.5952958984375,-9.24569194125235,-3.2340456338673826,-0.4780309153445065
1789061933337306000,20.60530615234375,-9.243833161643147,-3.2392160222426054,-0.4789653466504067
1789061933347315200,20.615315185546876,-9.244095611971616,-3.2369615213140843,-0.4890407504629343
1789061933357325000,20.625324951171876,-9.244148218941689,-3.2361569269329307,-0.49335539879165585
1789061933367335000,20.6353349609375,-9.245249458181858,-3.2324834991171953,-0.4967818661089986
1789061933377344800,20.6453447265625,-9.246395705607533,-3.2283935994550585,-0.5020207896757871
1789061933387353900,20.655353759765624,-9.247797389099002,-3.224845259323716,-0.4990039991378784
1789061933397364000,20.665364013671876,-9.249711698287724,-3.218963507808745,-0.5014922722896561
1789061933407373800,20.675373779296876,-9.24975729099512,-3.21988646787256,-0.4946721804786473
1789061933417383000,20.6853828125,-9.249650323489307,-3.2209158109202978,-0.48995359099153424
1789061933427393000,20.69539306640625,-9.249676042452455,-3.221083568702638,-0.4883633626580238
1789061933437403000,20.70540283203125,-9.250153596836327,-3.2199320605799553,-0.4869120313385501
1789061933447413000,20.7154130859375,-9.251877351889014,-3.2157986140370367,-0.4814494916163385
1789061933457422000,20.725422119140624,-9.253462575253844,-3.2119173886895176,-0.47686296754367646
1789061933467432000,20.735431884765624,-9.254061125668883,-3.211161894147098,-0.4702927223078906
1789061933477442000,20.745442138671876,-9.253068022978304,-3.2160210246160625,-0.45642841107379645
1789061933487451100,20.755451171875,-9.252584038853644,-3.2183684645250437,-0.44964624012038107
1789061933497460700,20.765460693359376,-9.253183758312463,-3.217748871321976,-0.4416659088909626
1789061933507470800,20.775470947265624,-9.254891146752238,-3.2137995491743085,-0.43458387820813804
1789061933517481000,20.78548095703125,-9.25630627424717,-3.209880622164905,-0.4334120579497888
1789061933527489800,20.79548974609375,-9.255754485583305,-3.2121374611809848,-0.42844300083294506
1789061933537500000,20.8055,-9.254089182719587,-3.2186428975522516,-0.4153935496456921
1789061933547510000,20.815510009765624,-9.25369229235649,-3.220935684664547,-0.4063678740818053
1789061933557518800,20.825518798828124,-9.254785932812094,-3.2182050906568764,-0.4030786598106846
1789061933567529000,20.835529052734376,-9.255940363544225,-3.214693575404584,-0.4045959690384567
1789061933577539000,20.8455390625,-9.255438843762875,-3.2153254435673353,-0.41099995432924474
1789061933587549000,20.855548828125,-9.252247354245185,-3.2254747893989086,-0.40325723124798385
1789061933597558000,20.86555810546875,-9.250828719618916,-3.230378343531489,-0.39649942755084483
1789061933607568100,20.875568115234376,-9.252339124181866,-3.226865074713528,-0.38980551940277214
1789061933617578000,20.885577880859376,-9.25468130339384,-3.22068843190521,-0.3852560759374872
1789061933627586800,20.8955869140625,-9.256736482357978,-3.21486045640409,-0.384553517158702
1789061933637597000,20.905596923828124,-9.256670431384444,-3.2157264255836604,-0.3788651327913627
1789061933647606800,20.915606689453124,-9.25529797398746,-3.2200437042608856,-0.3757088241849094
1789061933657617000,20.925616943359376,-9.25225904468298,-3.2306542378634213,-0.35910931583326305
1789061933667626000,20.9356259765625,-9.251433699774742,-3.233267927493155,-0.35685233068671074
1789061933677635800,20.9456357421875,-9.251597365903853,-3.2324995734691617,-0.3595487666964531
1789061933687646000,20.95564599609375,-9.251488060310482,-3.2325559798315164,-0.3618572263019159
1789061933697655000,20.965655029296876,-9.251111628213524,-3.2335368075624107,-0.3627035409329459
1789061933707665000,20.975664794921876,-9.251302182349562,-3.233040548478067,-0.36226672041825947
1789061933717675000,20.985675048828124,-9.251568724331259,-3.231752846755087,-0.366930364847742
1789061933727684900,20.995684814453124,-9.25106369741857,-3.232255535580218,-0.3751462218660861
1789061933737694000,21.00569384765625,-9.24888050816059,-3.237958131136,-0.3797664290126413
1789061933747704000,21.0157041015625,-9.247998464629054,-3.2395909930348394,-0.3872457884499803
1789061933757714000,21.0257138671875,-9.247623786097764,-3.239716372980177,-0.3950633303331211
1789061933767722800,21.03572265625,-9.24742563317716,-3.23964652261436,-0.40024343638475984
1789061933777732900,21.04573291015625,-9.246628929841519,-3.2410356388852,-0.40733562313541766
1789061933787743000,21.055742919921876,-9.245845670509338,-3.241848708833754,-0.4184946209335699
1789061933797752800,21.0657529296875,-9.24520854164958,-3.2422838853806257,-0.42906248443815853
1789061933807762000,21.075761962890624,-9.245338890030979,-3.241113964818418,-0.43505993475466964
1789061933817772000,21.08577197265625,-9.246602626356482,-3.2367367726475,-0.44074159712027755
1789061933827782000,21.095781982421876,-9.24720468390286,-3.2334739714592695,-0.4519262042837217
1789061933837791000,21.105791015625,-9.246067204305529,-3.236802239099145,-0.4513732831086963
1789061933847801000,21.115801025390624,-9.245632904541491,-3.2367654142200943,-0.4604348337035626
1789061933857811000,21.12581103515625,-9.245687849599122,-3.2357264265611767,-0.4665989092912525
1789061933867821000,21.135821044921876,-9.247616771835089,-3.229082458502054,-0.47433399705532936
1789061933877830100,21.145830078125,-9.250454625609516,-3.2195740409225224,-0.4835413127964362
1789061933887840000,21.155840087890624,-9.251891380414365,-3.2137031030625103,-0.49497134608831256
1789061933897850000,21.16585009765625,-9.251725376197696,-3.2136583871379494,-0.4983640207339078
1789061933907859000,21.17585888671875,-9.251723038110136,-3.212470638658106,-0.5059985707329586
1789061933917868800,21.185868896484376,-9.252847073704004,-3.2082384079158306,-0.5122676410650834
1789061933927879000,21.19587890625,-9.254093274372815,-3.2034134719774126,-0.5198862263100221
1789061933937888800,21.205888671875,-9.255279269286989,-3.19896116874367,-0.5261541641309857
1789061933947897900,21.21589794921875,-9.257153246465325,-3.191819772556424,-0.5364510652070865
1789061933957908000,21.225907958984376,-9.258025353124737,-3.1880326552331444,-0.5438745662713423
1789061933967917800,21.235917724609376,-9.259249341961741,-3.1822964496687054,-0.5564896446293219
1789061933977927000,21.245927001953124,-9.257243262836337,-3.188587658767402,-0.553843258306384
1789061933987937000,21.25593701171875,-9.256370571655035,-3.189922999024391,-0.5606900554612279
1789061933997947000,21.26594677734375,-9.256063113141058,-3.190086957414448,-0.5648190084921195
1789061934007957000,21.27595703125,-9.256762201321125,-3.187515645621717,-0.567880405356735
1789061934017966000,21.285966064453124,-9.257526755952835,-3.184575500516593,-0.5718910292375833
1789061934027976000,21.295975830078124,-9.258144595590233,-3.1825182757258412,-0.5733409357849508
1789061934037986000,21.305986083984376,-9.258600522664189,-3.180802996240556,-0.5754961410574615
1789061934047995000,21.315994873046876,-9.260448780879377,-3.1742730099499226,-0.5817792033823207
1789061934058004700,21.326004638671876,-9.260192175769806,-3.1747017567560074,-0.5835143566118552
1789061934068014800,21.336014892578124,-9.257465965676307,-3.1824577777102587,-0.5845270773183554
1789061934078025000,21.34602490234375,-9.253758343330025,-3.19249840247035,-0.5884706273123621
1789061934088033800,21.35603369140625,-9.25203400375545,-3.195595783963799,-0.5986793751809746
1789061934098044000,21.3660439453125,-9.252820185697079,-3.1908564804822204,-0.6116692416680977
1789061934108054000,21.376053955078124,-9.253304754343628,-3.1876185214743016,-0.6211437935106456
1789061934118062800,21.386062744140624,-9.253557852321862,-3.184557380338013,-0.6329687444042414
1789061934128073000,21.396072998046876,-9.252532600927353,-3.185314336185157,-0.6440466032575816
1789061934138083000,21.4060830078125,-9.25177213794887,-3.1847599171727894,-0.6575754354596137
1789061934148093000,21.416093017578124,-9.248837253540755,-3.1911917037859556,-0.6676018124986439
1789061934158102000,21.42610205078125,-9.24694223357439,-3.1935873667508363,-0.6822365601159632
1789061934168112000,21.436112060546876,-9.24630861184597,-3.192735133835673,-0.6946958633903414
1789061934178122000,21.4461220703125,-9.247429724830388,-3.186552645808458,-0.708031145781651
1789061934188130800,21.456130859375,-9.246935219311714,-3.185229288250208,-0.7203367928642779
1789061934198141000,21.466140869140624,-9.246151959979533,-3.1844875299721953,-0.7335533442467451
1789061934208150800,21.47615087890625,-9.244290257760882,-3.188498519179225,-0.73956807449162
1789061934218161000,21.486160888671876,-9.243872324609756,-3.1873712687149642,-0.7495834186799823
1789061934228170000,21.496169921875,-9.243225258877873,-3.1874262137725946,-0.757289316882193
1789061934238179800,21.506179931640624,-9.243282542023062,-3.1855750329479573,-0.7643447152864188
1789061934248190000,21.51618994140625,-9.242548382529616,-3.186808666396141,-0.7680705308765172
1789061934258199000,21.526198974609375,-9.241674522304534,-3.1888089003026483,-0.7702810465328395
1789061934268209000,21.536208984375,-9.241993086734414,-3.187237413202226,-0.7729614447232336
1789061934278219000,21.546218994140624,-9.241992502212524,-3.187578481724858,-0.7715598342970014
1789061934288228900,21.556228759765624,-9.242536692091821,-3.1854604666575788,-0.7737848168700933
1789061934298239000,21.566239013671876,-9.241905408450961,-3.189833859436214,-0.763236461783573
1789061934308249000,21.5762490234375,-9.242399329447746,-3.1894629802972077,-0.7587883963335305
1789061934318259000,21.586259033203124,-9.241516116872429,-3.1937709066241977,-0.751393756037578
1789061934328268000,21.59626806640625,-9.239838539049028,-3.200248870466649,-0.7444312966138124
1789061934338278100,21.606278076171876,-9.239151141306758,-3.203457603380084,-0.739139693011716
1789061934348288000,21.6162880859375,-9.240960236555336,-3.2005925693377852,-0.7288681090399622
1789061934358297000,21.626297119140624,-9.24233620108366,-3.2003207666590807,-0.7124298921972513
1789061934368307200,21.63630712890625,-9.244088013187051,-3.197131030707061,-0.7039706183444708
1789061934378317000,21.646317138671876,-9.245313171067833,-3.195323981285095,-0.696044939911738
1789061934388327200,21.6563271484375,-9.24636238785982,-3.19378493514955,-0.6891315072614699
1789061934398336300,21.666336181640624,-9.246526053988934,-3.195445854099095,-0.679168331651762
1789061934408346000,21.67634619140625,-9.246592689484357,-3.198818837663531,-0.6621708004258573
1789061934418356200,21.686356201171876,-9.247508635285497,-3.1984602334842083,-0.6510189264882356
1789061934428365000,21.696364990234375,-9.249548032158613,-3.1941160668000577,-0.6433291026379913
1789061934438375000,21.706375,-9.251547681543231,-3.189863670052588,-0.6356230583053082
1789061934448385000,21.716385009765624,-9.252727246716619,-3.1883708011463283,-0.6258716257501393
1789061934458395000,21.726394775390624,-9.252791544124484,-3.1902927091196176,-0.6150292561531067
1789061934468404000,21.736404052734375,-9.251932296946645,-3.1946482739806172,-0.6052694941610097
1789061934478414000,21.7464140625,-9.251538329192995,-3.1970819308683276,-0.5984055997408926
1789061934488424000,21.756423828125,-9.251752848726511,-3.197650086145103,-0.5920206479441374
1789061934498433000,21.76643310546875,-9.252234494763613,-3.1972999575331804,-0.5863605398232117
1789061934508443100,21.776443115234375,-9.252703865841031,-3.1968907922103997,-0.5811599024401978
1789061934518453200,21.786453369140624,-9.252792713168263,-3.1972590410009025,-0.5777100177146494
1789061934528463000,21.796463134765624,-9.252318665915727,-3.199505358622968,-0.5728429231349379
1789061934538472200,21.80647216796875,-9.251713101238012,-3.2019007293269035,-0.5692274725841358
1789061934548482300,21.816482421875,-9.25033479862213,-3.207747117267549,-0.5586126281326637
1789061934558492200,21.8264921875,-9.250421307861805,-3.2079750808045264,-0.5558626718373969
1789061934568501000,21.8365009765625,-9.249748523166776,-3.212396112117171,-0.5413420155864208
1789061934578511000,21.846510986328123,-9.250629397654533,-3.2105715270385144,-0.5370975464170799
1789061934588521000,21.85652099609375,-9.250536458674073,-3.212122555872798,-0.5293700574375688
1789061934598531000,21.866531005859375,-9.251450066387653,-3.2105157051980493,-0.5231150886960327
1789061934608540200,21.8765400390625,-9.252544875887036,-3.2081355320632454,-0.518330777028948
1789061934618550000,21.886550048828123,-9.25410496481061,-3.2042543067157268,-0.514469608088769
1789061934628560100,21.89656005859375,-9.25346900499463,-3.2072748235806823,-0.5070302884008735
1789061934638569200,21.9065693359375,-9.252456028559804,-3.2117443702101705,-0.49713648823294787
1789061934648579000,21.9165791015625,-9.25249986770153,-3.2125910501673816,-0.49079964989423747
1789061934658589200,21.926589111328123,-9.253681770962476,-3.2099796986252067,-0.48558348614852875
1789061934668598300,21.936598388671875,-9.254320068866013,-3.209049139776826,-0.47953171182889487
1789061934678608100,21.946608154296875,-9.25466376773715,-3.2084783541515467,-0.4767122704939916
1789061934688618200,21.9566181640625,-9.25358064867556,-3.21307912594527,-0.46663525924626736
1789061934698628000,21.966628173828123,-9.252875715276598,-3.215668850177526,-0.4627679893588647
1789061934708637000,21.976636962890623,-9.251425516468286,-3.2205224276885387,-0.4579760789072141
1789061934718647000,21.98664697265625,-9.250998815488815,-3.221937262922525,-0.4566503101961687
1789061934728657000,21.996656982421875,-9.250081700643896,-3.2249259233444927,-0.45411724805459375
1789061934738666000,22.006666015625,-9.24889979738295,-3.2287378828480837,-0.4510976810377091
1789061934748676000,22.016676025390623,-9.247717894122005,-3.232486129465699,-0.4484770867431536
1789061934758686000,22.02668603515625,-9.247647166973351,-3.2327091245666146,-0.4483235036166385
1789061934768696000,22.036696044921875,-9.247676393067836,-3.232570592878759,-0.4487183846857398
1789061934778705200,22.046705078125,-9.248518689110874,-3.2301188158124683,-0.44902091129627075
1789061934788715000,22.056715087890623,-9.249687148368357,-3.22677768869102,-0.448977327882871
1789061934798725000,22.06672509765625,-9.250218478766083,-3.224617295786738,-0.4535208165314048
1789061934808734200,22.076734130859375,-9.249932063040136,-3.2256293954387307,-0.4521694019224494
1789061934818744000,22.086744140625,-9.249566152337193,-3.226300134307146,-0.4548568143755197
1789061934828754200,22.096754150390623,-9.248891614076495,-3.2278450256615874,-0.457611812172085
1789061934838764300,22.106764404296875,-9.24852745693922,-3.229066091889143,-0.45634705293327565
1789061934848773000,22.116773193359375,-9.249967134353518,-3.224218067336082,-0.4614183648481965
1789061934858783000,22.126782958984375,-9.249967718875407,-3.2246985443294047,-0.4580460023382678
1789061934868793000,22.13679296875,-9.249533419111371,-3.225806213310361,-0.45900575074851513
1789061934878802200,22.14680224609375,-9.249084506300091,-3.2265868422940374,-0.4625608859468251
1789061934888812000,22.15681201171875,-9.249244665297866,-3.225377174243331,-0.46775801619850094
1789061934898822100,22.166822265625,-9.249660260361432,-3.223344207111001,-0.4735176757037639
1789061934908831200,22.176831298828127,-9.249840877625346,-3.2213062715426086,-0.483749183393456
1789061934918841000,22.186841064453127,-9.247835383021831,-3.2268937162861224,-0.48485122635122385
1789061934928851200,22.196851318359375,-9.24677622935772,-3.2286896597921846,-0.4930240114128217
1789061934938861000,22.206861083984375,-9.244842046424745,-3.2335560967847705,-0.4973913397768512
1789061934948870100,22.2168701171875,-9.24345380693674,-3.2357246729955076,-0.5089570917449892
1789061934958880300,22.22688037109375,-9.242909617057443,-3.235228413911164,-0.5218302365172655
1789061934968890000,22.23689013671875,-9.242496944603323,-3.2341073009267447,-0.5358970480535179
1789061934978899000,22.24689892578125,-9.242182471826672,-3.232749164316058,-0.5493497462794185
1789061934988909000,22.256908935546875,-9.242389977097512,-3.229500099392235,-0.564752994051203
1789061934998919000,22.2669189453125,-9.24284122799635,-3.2253958789438006,-0.5806004053939133
1789061935008929000,22.276928955078127,-9.244454508411884,-3.216798146468401,-0.6022071474483236
1789061935018938000,22.286938232421875,-9.244452754846215,-3.2127608537763357,-0.6234112269859761
1789061935028948000,22.296947998046875,-9.242935336020588,-3.2134137647271155,-0.6422619848631322
1789061935038958000,22.3069580078125,-9.240307910126447,-3.2181115671545264,-0.6563972585257143
1789061935048967200,22.31696728515625,-9.238840175661444,-3.21848712246865,-0.674952248326689
1789061935058977000,22.32697705078125,-9.238180834969878,-3.2162370054543015,-0.6944225994069129
1789061935068987100,22.336987060546875,-9.23668679701984,-3.216644417211413,-0.7121783285889774
1789061935078997200,22.346997314453127,-9.235489696189761,-3.215551945799589,-0.7323507635239511
1789061935089006000,22.357006103515626,-9.235058319035172,-3.2129785881802437,-0.748900185656175
1789061935099016200,22.36701611328125,-9.233857126551866,-3.211575735644996,-0.7694470068614929
1789061935109026300,22.3770263671875,-9.232081933572887,-3.2135239471033215,-0.7825024493981152
1789061935119035000,22.387034912109375,-9.231317378941178,-3.2123376599282025,-0.7962708625096827
1789061935129045000,22.397044921875,-9.231468185588717,-3.208802179278433,-0.8086844269461929
1789061935139055000,22.40705517578125,-9.231024533474445,-3.206913589052856,-0.8211423419810832
1789061935149064200,22.417064208984375,-9.229792361330986,-3.207974204021692,-0.8307913370750843
1789061935159074000,22.427073974609375,-9.228270850852132,-3.2099004959091544,-0.8402004589986055
1789061935169084200,22.437084228515626,-9.22797332921028,-3.2075273370370265,-0.8524412972167134
1789061935179094000,22.447093994140626,-9.227707371750473,-3.2047581645846366,-0.8656343215931206
1789061935189103000,22.45710302734375,-9.229095026716589,-3.1966318490132686,-0.8807564143359661
1789061935199113200,22.46711328125,-9.228624486595391,-3.196504423241317,-0.8861361346129327
1789061935209123000,22.477123046875,-9.228286632943153,-3.1955268103808163,-0.8931502511586994
1789061935219132200,22.487132080078126,-9.228498229867219,-3.1928681125655767,-0.9004407004278152
1789061935229142300,22.497142333984375,-9.22939371740222,-3.188091691944003,-0.9081579237416386
1789061935239152000,22.507152099609375,-9.230365192782878,-3.1826766811579463,-0.9172274384472519
1789061935249162200,22.517162353515626,-9.230556331440805,-3.1790102676048875,-0.9279599909942596
1789061935259171000,22.527171142578126,-9.229864842045307,-3.1778464845225214,-0.938762759233266
1789061935269181000,22.537180908203126,-9.227856424832343,-3.1824183224827047,-0.9430072649352252
1789061935279191000,22.54719091796875,-9.226082400897145,-3.186593270079791,-0.9462595447294414
1789061935289200000,22.5572001953125,-9.226265356248616,-3.1849513480916616,-0.950000630953908
1789061935299209200,22.567209228515626,-9.22872093270719,-3.1768072046026585,-0.9534082474403083
1789061935309219000,22.577218994140626,-9.231159558030962,-3.167282128149271,-0.961459013557434
1789061935319228200,22.587228271484374,-9.23183409629166,-3.163658676955104,-0.9668938250225037
1789061935329238300,22.59723828125,-9.231478122460842,-3.164581929279864,-0.9672756639469414
1789061935339248000,22.607248046875,-9.231142022374272,-3.167652422766387,-0.96040818933025
1789061935349258200,22.61725830078125,-9.232050953912735,-3.1649884642541406,-0.9604497634496539
1789061935359267300,22.627267333984374,-9.233040549471975,-3.161843151965737,-0.961295420493558
1789061935369277200,22.637277099609374,-9.233983967801928,-3.1587992542251944,-0.962245706955716
1789061935379287300,22.647287353515626,-9.23495193605125,-3.156144063541293,-0.9616672494806349
1789061935389296400,22.65729638671875,-9.236421424081922,-3.1515047133028506,-0.9627703884169458
1789061935399306200,22.66730615234375,-9.237627292740344,-3.1490318934485315,-0.9592834230840206
1789061935409316400,22.67731640625,-9.237736013811826,-3.148747231288254,-0.9591679800108075
1789061935419326200,22.687326171875,-9.237347306755185,-3.1512104065313933,-0.9548175297163426
1789061935429335000,22.6973349609375,-9.237482915833592,-3.1512022232249377,-0.9535286589495837
1789061935439345200,22.70734521484375,-9.237632553437352,-3.1512776265487075,-0.9518306228600442
1789061935449355000,22.71735498046875,-9.23730054500401,-3.154019326472282,-0.9459541320420801
1789061935459364000,22.727364013671874,-9.236790841916203,-3.156806034581363,-0.941625747448951
1789061935469374200,22.737374267578126,-9.237416864860057,-3.1563539068996906,-0.9369887352980673
1789061935479384000,22.747384033203126,-9.238259745424985,-3.156070706044137,-0.929601109264791
1789061935489393200,22.75739306640625,-9.239187966185808,-3.154277100625634,-0.9264606192819773
1789061935499403300,22.7674033203125,-9.238905642113089,-3.157436733700335,-0.9184798496611416
1789061935509413000,22.7774130859375,-9.238777047297358,-3.1597444261208176,-0.9118104548998176
1789061935519423200,22.78742333984375,-9.239468536692858,-3.1601991841509935,-0.9031851768303663
1789061935529432300,22.797432373046874,-9.241370570921898,-3.1563562449872493,-0.8971469926446676
1789061935539442200,22.807442138671874,-9.241896640622615,-3.1585224831104277,-0.8840050408683717
1789061935549452300,22.817452392578126,-9.24239406875074,-3.160144531354308,-0.8729371919523924
1789061935559461000,22.827461181640626,-9.242900264707208,-3.1628979217156767,-0.8574711080774664
1789061935569471200,22.83747119140625,-9.244345202818513,-3.1615403696268793,-0.8468347824465483
1789061935579481000,22.847481201171874,-9.24461174480021,-3.1640418310537934,-0.8344948677681386
1789061935589490200,22.857490234375,-9.244905759310722,-3.16511092159003,-0.8271503502242267
1789061935599500300,22.867500244140626,-9.244803467980027,-3.1686455254569648,-0.814666643160954
1789061935609510100,22.87751025390625,-9.243910318532585,-3.175550774800777,-0.7977328978862613
1789061935619520300,22.887520263671874,-9.243612796890735,-3.18102949847281,-0.7791420330543071
1789061935629529300,22.897529296875,-9.244417099010944,-3.182938839225471,-0.7616005311448126
1789061935639539200,22.907539306640626,-9.244771319276094,-3.1856945676743984,-0.7456103503305465
1789061935649549300,22.91754931640625,-9.244799960848688,-3.188345958966017,-0.7338330379709601
1789061935659558400,22.927558349609374,-9.244839708337187,-3.1930951993197203,-0.7123676406159997
1789061935669568300,22.937568359375,-9.245390912479161,-3.1943831933036444,-0.6993183355592191
1789061935679578400,22.947578369140626,-9.244074569183587,-3.203490336605906,-0.6746214820023626
1789061935689587200,22.957587158203125,-9.242904940882324,-3.2110175172403452,-0.6545692393809557
1789061935699597000,22.96759716796875,-9.24382731642425,-3.2123058034852146,-0.6349290116265416
1789061935709607200,22.977607177734374,-9.246063112652301,-3.2095567970380183,-0.6159896986830979
1789061935719617000,22.987616943359374,-9.24923765103519,-3.2027059082299467,-0.6038716831270605
1789061935729626000,22.997626220703125,-9.250276930955051,-3.2034058731928465,-0.5839101875290275
1789061935739636200,23.00763623046875,-9.24973975533843,-3.2081264719739555,-0.56623453784585
1789061935749646000,23.01764599609375,-9.247983851581811,-3.21612886890471,-0.5492701782371848
1789061935759655200,23.0276552734375,-9.247651258626579,-3.2197549504473804,-0.5333956596918403
1789061935769665300,23.037665283203125,-9.248110108309984,-3.2210183945119377,-0.5175756843453273
1789061935779675100,23.047675048828125,-9.249873610851168,-3.218209182310104,-0.5033411880919709
1789061935789684200,23.057684326171874,-9.251054929590225,-3.2171859767422077,-0.48793326414506877
1789061935799694300,23.0676943359375,-9.251482799613475,-3.217823690123856,-0.4754597131496295
1789061935809704200,23.0777041015625,-9.250776697170734,-3.2216178217098115,-0.46334882145412265
1789061935819714300,23.08771435546875,-9.249171015539766,-3.2284476677298546,-0.44760234973523766
1789061935829723100,23.09772314453125,-9.247531431639194,-3.235878402252495,-0.42736466754432767
1789061935839733200,23.107733154296874,-9.250831057706474,-3.228644359345734,-0.4103211417522281
1789061935849743000,23.1177431640625,-9.25941943783164,-3.2048440893024206,-0.40312107418030496
1789061935859752200,23.127752197265625,-9.265279854297637,-3.185291832092404,-0.42295821274630724
1789061935869762300,23.13776220703125,-9.260921074566244,-3.1992899623066187,-0.4126364694898948
1789061935879772200,23.147772216796874,-9.252457782125472,-3.225428319908678,-0.39877153720129277
1789061935889781200,23.15778125,-9.243681185951829,-3.2532425017684696,-0.3757091529784724
1789061935899791400,23.167791259765625,-9.238909149244428,-3.267489346046746,-0.36940007942952213
1789061935909801200,23.17780126953125,-9.236066619294881,-3.275765883743763,-0.36718043061867356
1789061935919811300,23.187811279296874,-9.231821821331977,-3.2878400601580737,-0.3660059800118208
1789061935929820400,23.1978203125,-9.227636644601821,-3.298858297778666,-0.372338945893012
1789061935939830300,23.207830322265625,-9.220805921798943,-3.317853213366866,-0.37278548408411444
1789061935949840400,23.21784033203125,-9.213007815268636,-3.33906960439682,-0.37614706947170196
1789061935959849200,23.22784912109375,-9.20546222219467,-3.3585093411430713,-0.38764304413925854
1789061935969859000,23.237859130859373,-9.194484316584468,-3.3883047599479554,-0.38888982932996
1789061935979869200,23.247869140625,-9.181892546036838,-3.4223563748925923,-0.3882071442954242
1789061935989878300,23.257878173828125,-9.171115715956688,-3.4509783660039304,-0.38957167411427945
1789061935999888100,23.26788818359375,-9.163588827583194,-3.4699154139250514,-0.3983819533618167
1789061936009898200,23.277898193359373,-9.158219409504532,-3.4818715169176455,-0.41710722169578074
1789061936019908000,23.287908203125,-9.150708303222059,-3.498960014362633,-0.438401354137063
1789061936029917200,23.297917236328125,-9.14069252064228,-3.5218162815541025,-0.46361035846713927
1789061936039927300,23.30792724609375,-9.12829130423069,-3.5526579945415255,-0.4725555892059579
1789061936049937200,23.317937255859373,-9.116728876730798,-3.580835456755757,-0.4829665451157838
1789061936059946200,23.3279462890625,-9.106707248932123,-3.604521452769637,-0.4956784349117428
1789061936069956400,23.337956298828125,-9.098426327320933,-3.6233071095213294,-0.5105649288004264
1789061936079966200,23.34796630859375,-9.091025695675611,-3.6396290065079926,-0.5260614808788523
1789061936089975000,23.35797509765625,-9.08282134643197,-3.6576655984580513,-0.5424194720922038
1789061936099985200,23.367985107421877,-9.074684801727534,-3.6757039439737795,-0.5564933344237506
1789061936109995000,23.3779951171875,-9.066264763906597,-3.69374725792557,-0.5739840925266966
1789061936120005000,23.388005126953125,-9.05096841057539,-3.729400170587003,-0.5847466018205508
1789061936130014200,23.39801416015625,-9.034356882992386,-3.767892398327589,-0.5947857287432998
1789061936140024000,23.408024169921877,-9.02625599412322,-3.785248899058997,-0.6074331384683027
1789061936150034200,23.4180341796875,-9.027961628997325,-3.77734645537138,-0.6308307094622403
1789061936160043300,23.428043212890625,-9.025535863155126,-3.779600664038956,-0.6516987985111773
1789061936170053000,23.43805322265625,-9.021972617715596,-3.786911571574211,-0.6585580167561769
1789061936180063200,23.448063232421877,-9.018501726734637,-3.794177763184905,-0.6642459261994809
1789061936190072300,23.458072265625,-9.017290012857318,-3.7974230287164445,-0.6621472734197974
1789061936200082200,23.468082275390625,-9.018862961262464,-3.7938875480666754,-0.6609946693185716
1789061936210092300,23.47809228515625,-9.025291533005237,-3.778265323781967,-0.662726973003894
1789061936220102400,23.488102294921877,-9.037169602325559,-3.747493753421306,-0.6754527451947331
1789061936230111200,23.498111328125,-9.047377692607045,-3.7201395902886985,-0.6898552184261382
1789061936240121000,23.50812109375,-9.055913465762139,-3.697326285456121,-0.7004256392139941
1789061936250131200,23.518131103515625,-9.06377996135354,-3.678506141912937,-0.69775700452663
1789061936260140300,23.528140380859377,-9.074811642977595,-3.652000412303209,-0.6935888519965112
1789061936270150100,23.538150146484377,-9.087387631434202,-3.6219843364849686,-0.6862913153994828
1789061936280160300,23.54816015625,-9.10115253741443,-3.588742868879437,-0.6784726044725626
1789061936290169300,23.55816943359375,-9.11295871054232,-3.5587253317564724,-0.6781151693370193
1789061936300179000,23.568178955078125,-9.123631495726109,-3.532539043359458,-0.6714934131097048
1789061936310189000,23.57818896484375,-9.133753661289811,-3.507315170253813,-0.6660824939768761
1789061936320198100,23.5881982421875,-9.14576500160098,-3.476298100699484,-0.6638645256664604
1789061936330208000,23.5982080078125,-9.158931357166171,-3.442265190455317,-0.6596750380873679
1789061936340218000,23.608218017578125,-9.172467715087533,-3.40766441719532,-0.6511831040740013
1789061936350228000,23.61822802734375,-9.186539495059847,-3.371675696708262,-0.6400602370351552
1789061936360236800,23.62823681640625,-9.201056680712103,-3.3335347666233774,-0.6312625980734825
1789061936370247000,23.638246826171876,-9.215473328599334,-3.2947081923618913,-0.624763883703947
1789061936380256800,23.6482568359375,-9.229436387500167,-3.255030554229021,-0.6266281432058661
1789061936390265900,23.658265869140624,-9.24201880569756,-3.2199227082297206,-0.6225547562871128
1789061936400276000,23.66827587890625,-9.253439778900146,-3.189102914813161,-0.6114402552178129
1789061936410285800,23.678285888671876,-9.26600466144085,-3.153397395181656,-0.6063250676285475
1789061936420295000,23.688294921875,-9.279127177864313,-3.1158982701316473,-0.5994643150135874
1789061936430305000,23.698304931640624,-9.292244433590769,-3.0774358530074357,-0.5949520252209156
1789061936440315100,23.708315185546876,-9.305688437053561,-3.036845191682875,-0.593391534438543
1789061936450325000,23.718324951171876,-9.319051776495575,-2.9952041445225475,-0.595326776817441
1789061936460334000,23.728333984375,-9.33157515798211,-2.955695433215797,-0.5966178760739043
1789061936470344200,23.73834423828125,-9.344087433552742,-2.9141753820866345,-0.6049721917148679
1789061936480354000,23.74835400390625,-9.355136650833487,-2.8778374097704886,-0.6081566669698805
1789061936490363100,23.758363037109376,-9.364428210791944,-2.8461288508206604,-0.6143418584108352
1789061936500373000,23.768373046875,-9.372048622667789,-2.8203204558253288,-0.6171523127216846
1789061936510382800,23.7783828125,-9.379238826432823,-2.7951395450785754,-0.6224629132851958
1789061936520392000,23.788391845703124,-9.38609000750184,-2.770047481659055,-0.6312992037568241
1789061936530402000,23.798402099609376,-9.392250283697248,-2.747472369496524,-0.6382909623403101
1789061936540412000,23.808411865234376,-9.397675231355429,-2.728338337698579,-0.6405096613030881
1789061936550422000,23.818422119140624,-9.403046402999758,-2.709548004771769,-0.6414474536098539
1789061936560431000,23.82843115234375,-9.409277406343817,-2.6867729861229654,-0.6458578904632478
1789061936570441000,23.83844091796875,-9.41516471081674,-2.662596283982694,-0.6600312311138957
1789061936580451000,23.848451171875,-9.417547222039103,-2.6537343476131556,-0.6617297786600888
1789061936590460200,23.858460205078124,-9.418948905530572,-2.6493790750131008,-0.6592206453833729
1789061936600470000,23.868469970703124,-9.421998356229066,-2.6389696169406176,-0.6573981791965663
1789061936610480000,23.878480224609376,-9.427142733380197,-2.6211013672947883,-0.6551298689384013
1789061936620489200,23.8884892578125,-9.430773783358932,-2.6087974737778303,-0.6519730123426765
1789061936630498800,23.898498779296876,-9.431778576487302,-2.6064307446464894,-0.6468808037701994
1789061936640509000,23.908509033203124,-9.43105435386598,-2.6126278457209464,-0.6322756475735455
1789061936650518000,23.91851806640625,-9.42997357289195,-2.618772632086277,-0.6229018161591142
1789061936660527900,23.92852783203125,-9.427409859883785,-2.6295509234711525,-0.6162701230596751
1789061936670538000,23.9385380859375,-9.425114442422986,-2.639162801425159,-0.6102690560139715
1789061936680547800,23.9485478515625,-9.425269340723752,-2.63915140324831,-0.607919826006703
1789061936690557000,23.958556884765624,-9.425063589018583,-2.6335554829373953,-0.634782223566994
1789061936700567000,23.968567138671876,-9.417622625362872,-2.657946996872127,-0.6434940108761191
1789061936710577000,23.978576904296876,-9.40362274158299,-2.7090409320324658,-0.6351080214552581
1789061936720586000,23.9885859375,-9.386732981580495,-2.7779867502257227,-0.5851617950253188
1789061936730596000,23.99859619140625,-9.375517175561189,-2.8180659548968077,-0.573203061684221
1789061936740606000,24.00860595703125,-9.37010684095025,-2.8382831057563425,-0.5618146025117486
1789061936750615000,24.018614990234376,-9.368211236461997,-2.8460975788995624,-0.5538317139990627
1789061936760625000,24.028625,-9.366015772244333,-2.850618855716288,-0.5675470452165231
1789061936770635000,24.038635009765624,-9.358528631359338,-2.8729958149582147,-0.5781182697219773
1789061936780643800,24.048643798828124,-9.347325100299715,-2.9116096232518553,-0.5660618846926838
1789061936790654000,24.058654052734376,-9.335841583254933,-2.952705311489105,-0.5421990708071738
1789061936800664000,24.0686640625,-9.32816447275579,-2.978476004822552,-0.5332988117212429
1789061936810674000,24.078673828125,-9.321144949382543,-3.0019261462539433,-0.5244782302754
1789061936820683000,24.08868310546875,-9.3152190664649,-3.020727292835712,-0.5218040426300838
1789061936830693000,24.098693115234376,-9.309262788408994,-3.0391338871419427,-0.5212224798824637
1789061936840703000,24.108702880859376,-9.304398981764912,-3.052639265403151,-0.5290873315060511
1789061936850712000,24.118712158203124,-9.29610344710648,-3.0805341112837192,-0.5129898178597911
1789061936860722200,24.12872216796875,-9.2869264534384,-3.1104996259585023,-0.498176608403027
1789061936870732000,24.13873193359375,-9.278623319995402,-3.137939713808894,-0.4804838614545762
1789061936880741000,24.1487412109375,-9.272431479617953,-3.1579131190404293,-0.46902171599138526
1789061936890751000,24.1587509765625,-9.268528626960515,-3.1703502835482356,-0.46220929603017863
1789061936900760800,24.1687607421875,-9.265157689222693,-3.1799981095984577,-0.46352099968325344
1789061936910770000,24.17877001953125,-9.260229000648856,-3.1946871446862817,-0.4610005412949249
1789061936920780000,24.188780029296876,-9.253363206532597,-3.216848123089969,-0.4444603253824636
1789061936930790000,24.198789794921876,-9.248212399640678,-3.2334926761597393,-0.4306737190270796
1789061936940800000,24.208800048828124,-9.244749691966176,-3.245304402245581,-0.4159134088013321
1789061936950809000,24.21880908203125,-9.241002906653284,-3.257826614688337,-0.40101584552936254
1789061936960819000,24.22881884765625,-9.237202345326542,-3.270090176194906,-0.3885709361065179
1789061936970829000,24.2388291015625,-9.23420257898867,-3.2800250024929642,-0.3759239282403141
1789061936980838100,24.248838134765624,-9.235929256650804,-3.276886119945347,-0.36056883045919236
1789061936990848000,24.258847900390624,-9.245601924881338,-3.24898952049911,-0.3650901438085362
1789061937000858000,24.268858154296876,-9.249089766997098,-3.2420696581080555,-0.3372026775168255
1789061937010867200,24.2788671875,-9.250704800978303,-3.2387218089848755,-0.32485516405384984
1789061937020876800,24.288876708984375,-9.247100639006495,-3.2523031750917433,-0.28989564048405736
1789061937030887000,24.298886962890624,-9.247326264455914,-3.252906693942845,-0.2755791467693634
1789061937040896000,24.30889599609375,-9.249298441311716,-3.248301830495894,-0.26343373174974694
1789061937050905900,24.31890576171875,-9.252042771583795,-3.2410748018518087,-0.25596613581543787
1789061937060916000,24.328916015625,-9.254479058820008,-3.234509451986849,-0.2508878279041499
1789061937070925000,24.338925048828123,-9.254926218065618,-3.2338392976403236,-0.24292042922154067
1789061937080935000,24.348934814453123,-9.254277398768068,-3.2367388184741137,-0.228583915632125
1789061937090945000,24.358945068359375,-9.2536180580765,-3.2391616617068646,-0.2208476953568868
1789061937100955100,24.368955078125,-9.25430662486255,-3.237651841665804,-0.21401682642353698
1789061937110964000,24.3789638671875,-9.254404824540018,-3.2377684537827967,-0.20792568820789456
1789061937120974000,24.38897412109375,-9.254744431757926,-3.2371514909282326,-0.20233336635986343
1789061937130984200,24.398984130859375,-9.254672535565495,-3.237698603416979,-0.19678018921213222
1789061937140993000,24.408992919921875,-9.254892315796017,-3.2371418463170527,-0.19562223308235405
1789061937151003000,24.4190029296875,-9.255172886303066,-3.23627032417953,-0.19676647121403365
1789061937161013000,24.429012939453123,-9.255570945709943,-3.2352623161807657,-0.19459977643312884
1789061937171021800,24.439021728515623,-9.255733442795275,-3.234699713861942,-0.1962229571881704
1789061937181032000,24.449031982421875,-9.25492446449995,-3.2371091130912304,-0.1946282170763239
1789061937191042000,24.4590419921875,-9.253719180363417,-3.2406030926868317,-0.19378966562664135
1789061937201051000,24.46905078125,-9.253601691463588,-3.2406776192277666,-0.1981184338122606
1789061937211061000,24.47906103515625,-9.253718595841526,-3.239854320146143,-0.20595117326453327
1789061937221071000,24.489071044921875,-9.253329304262996,-3.240626765823364,-0.21123243813570589
1789061937231080000,24.499079833984375,-9.253385418364404,-3.2399805768743155,-0.21856906463410705
1789061937241090000,24.509090087890623,-9.252181303271652,-3.2432296417981386,-0.22132736863261088
1789061937251100200,24.51910009765625,-9.2511753410995,-3.245283651718497,-0.23296726354919373
1789061937261110000,24.529110107421875,-9.250507817101479,-3.2463200090289113,-0.24472769783921539
1789061937271119000,24.539119140625,-9.250694279584287,-3.2447458915799854,-0.25820125619005413
1789061937281129000,24.54912890625,-9.251925867205857,-3.239857242755592,-0.27490261748097833
1789061937291138800,24.559138916015623,-9.252772254902125,-3.2361472823217508,-0.2897254350163042
1789061937301149000,24.56914892578125,-9.252866947448252,-3.2343446168139574,-0.3063614029208198
1789061937311158800,24.57915869140625,-9.252494022482633,-3.234188257208466,-0.31900051974151283
1789061937321169000,24.5891689453125,-9.251804871174693,-3.2350048342883584,-0.33050478731337934
1789061937331178000,24.599177978515623,-9.252214621019363,-3.2322330314874645,-0.3458057437544688
1789061937341187800,24.609187744140623,-9.252407513242959,-3.230155056169629,-0.35977939711455253
1789061937351197700,24.61919775390625,-9.253175575006008,-3.2265029634028672,-0.3725634022986516
1789061937361206800,24.629206787109375,-9.253367298185825,-3.2244638587906955,-0.38524464122802016
1789061937371217000,24.639216796875,-9.253716842275857,-3.222029032859206,-0.39703243844900277
1789061937381226800,24.649226806640623,-9.254784179246425,-3.2173148638188835,-0.41016554933171717
1789061937391235800,24.65923583984375,-9.255645179989934,-3.2131635893583295,-0.4230820948543027
1789061937401246000,24.669245849609375,-9.255867298308015,-3.211230575469136,-0.4327835142552852
1789061937411255800,24.679255859375,-9.255723505923152,-3.210546100336313,-0.4408603281291201
1789061937421266000,24.689265869140623,-9.255468654379248,-3.210176682502031,-0.4488377367490902
1789061937431275000,24.69927490234375,-9.255896524402498,-3.2075241221666335,-0.45885764751471575
1789061937441284900,24.709284912109375,-9.25678850480616,-3.203566908973455,-0.46841604171581563
1789061937451295000,24.719294921875,-9.257378287392854,-3.2004496537357565,-0.4779703077310696
1789061937461304000,24.729303955078127,-9.258203632301091,-3.1963734903380274,-0.48913007271420206
1789061937471314000,24.73931396484375,-9.259107887664436,-3.1918443224757906,-0.5014361947208643
1789061937481323800,24.74932373046875,-9.259125423321127,-3.189354259225726,-0.5167165832979604
1789061937491332900,24.759332763671875,-9.258298324847221,-3.189745888891816,-0.5289760896839201
1789061937501342700,24.7693427734375,-9.257530263084172,-3.1906115658104417,-0.5371398511888459
1789061937511352800,24.779352783203127,-9.258678264075517,-3.1849820354908704,-0.5505951066980138
1789061937521362000,24.78936181640625,-9.259431712791324,-3.1807781540602442,-0.5621025891402736
1789061937531371800,24.799371826171875,-9.260302650406956,-3.1758900897577402,-0.5752424585573375
1789061937541382000,24.8093818359375,-9.26104031703174,-3.1713962854698297,-0.5880129832053557
1789061937551391000,24.819390869140626,-9.262124605137108,-3.165269327022135,-0.6037407502237707
1789061937561400800,24.82940087890625,-9.261354205286501,-3.166127405156195,-0.6110196186529472
1789061937571411000,24.839410888671875,-9.260957314923406,-3.165668555472791,-0.6193544258758426
1789061937581420800,24.8494208984375,-9.26143136217594,-3.162731332977116,-0.6272157338354736
1789061937591430000,24.859429931640626,-9.263228766986726,-3.155701872731745,-0.6360222867559642
1789061937601440000,24.86943994140625,-9.263473681658505,-3.1552497450500723,-0.6346989291977136
1789061937611449600,24.87944970703125,-9.263730286768078,-3.1546380428925156,-0.6339891004279256
1789061937621458700,24.889458740234375,-9.263598184821008,-3.1553990903928875,-0.63212747127451
1789061937631468800,24.89946875,-9.264746185812353,-3.1505110260903835,-0.6396393082093447
1789061937641478700,24.909478759765626,-9.26471695971787,-3.1503198874324556,-0.6410053358655422
1789061937651487700,24.91948779296875,-9.264797623738646,-3.1498171986073253,-0.6423100617885589
1789061937661497900,24.929497802734375,-9.26559198898673,-3.148694039796293,-0.6363261650733649
1789061937671507700,24.9395078125,-9.26703108187914,-3.145901486468315,-0.629148017072305
1789061937681516800,24.949516845703126,-9.267926569414138,-3.1444249841749667,-0.6233047709368169
1789061937691527000,24.95952685546875,-9.267660027432441,-3.1462516150802373,-0.6180311413828283
1789061937701536800,24.969536865234375,-9.267990282300113,-3.14589154959619,-0.614908771578595
1789061937711545900,24.9795458984375,-9.268601692196727,-3.145041654768586,-0.6100185518516227
1789061937721556000,24.989555908203126,-9.26837197509408,-3.1469667776122687,-0.6035410264005884
1789061937731566000,24.999566162109375,-9.267375365272164,-3.1509587698578834,-0.5979974938640371
1789061937741574700,25.00957470703125,-9.266595028549432,-3.1539310636669398,-0.5944090043853968
1789061937751584800,25.019584716796874,-9.266758110156655,-3.1540526442199943,-0.5912088931698352
1789061937761595000,25.029594970703126,-9.26751389696002,-3.1523595765665173,-0.5883897075632587
1789061937771603700,25.039603759765626,-9.267980929949879,-3.1509432800278065,-0.588613689044863
1789061937781613800,25.04961376953125,-9.267841813740134,-3.1516014516755937,-0.5872853630505502
1789061937791624000,25.0596240234375,-9.268491802081465,-3.1494708693876863,-0.5884516668835654
1789061937801633800,25.0696337890625,-9.269467953637243,-3.146391900333762,-0.5895487414052709
1789061937811643000,25.079642822265626,-9.270153013291955,-3.1447172451198098,-0.5877062553437427
1789061937821653000,25.089653076171874,-9.27070129482448,-3.1428458982899783,-0.5890692507926374
1789061937831662800,25.099662841796874,-9.271236716875434,-3.1406746917307373,-0.5922116404715925
1789061937841672000,25.109671875,-9.272111161622405,-3.1371690216973422,-0.5970857127813622
1789061937851682000,25.11968212890625,-9.273367299163342,-3.1318457808479665,-0.6054632631674408
1789061937861692000,25.12969189453125,-9.27336846820712,-3.131716016988456,-0.6061131053782999
1789061937871700700,25.13970068359375,-9.273953574618696,-3.1286186354950067,-0.6131157506819814
1789061937881710800,25.1497109375,-9.274055865949391,-3.127971569763124,-0.6148731888085603
1789061937891720700,25.159720703125,-9.274311302015185,-3.1259763042926787,-0.621134221964702
1789061937901729800,25.169729736328126,-9.27379984536171,-3.127135995721817,-0.6229293617531657
1789061937911740000,25.179739990234374,-9.273600523397326,-3.1269308285385367,-0.6269128784313798
1789061937921749800,25.189749755859374,-9.27418738337457,-3.124427321285009,-0.6307005072113127
1789061937931758800,25.1997587890625,-9.274424114739894,-3.12293386785686,-0.6346048211734742
1789061937941769000,25.20976904296875,-9.27331176958382,-3.126790835545957,-0.6318688934035599
1789061937951778800,25.21977880859375,-9.272609758794307,-3.1292750535771248,-0.62986369106099
1789061937961788000,25.229787841796874,-9.272367182210088,-3.13103797159642,-0.6246501211311668
1789061937971798000,25.239798095703126,-9.27195041810274,-3.1331083481296895,-0.6204470434181392
1789061937981807900,25.249807861328126,-9.271034472301602,-3.137451345770061,-0.6121335712442174
1789061937991816700,25.259816650390626,-9.27064693428874,-3.1401041983664033,-0.6043477762062103
1789061938001826800,25.269826904296874,-9.272256707572936,-3.136615187206864,-0.5977309518823399
1789061938011836700,25.279836669921874,-9.273298325580358,-3.134854899536073,-0.5907665196971967
1789061938021845800,25.289845703125,-9.273580649653077,-3.1347461784645914,-0.5869035241261125
1789061938031855900,25.29985595703125,-9.27275355117917,-3.1393080795526505,-0.5754738561604171
1789061938041865700,25.30986572265625,-9.273064516824483,-3.139071055926382,-0.571741939623095
1789061938051875800,25.319875732421874,-9.27316622363329,-3.1393504573896527,-0.5685540668345987
1789061938061885000,25.329885009765626,-9.273734378910063,-3.1380262230485676,-0.5665948225256056
1789061938071894800,25.339894775390626,-9.273938377049564,-3.137451345770061,-0.5664398876922204
1789061938081905000,25.34990478515625,-9.27355726877749,-3.1387554141059515,-0.5654521552965045
1789061938091914000,25.3599140625,-9.272113499709963,-3.1437615518301723,-0.561303547717072
1789061938101923800,25.369923828125,-9.271034472301602,-3.1475238269731403,-0.558035705027543
1789061938111934000,25.379933837890626,-9.270407864835859,-3.1498969858452677,-0.5550415281802416
1789061938121942800,25.38994287109375,-9.27034765908122,-3.1493153865650294,-0.5593340377423912
1789061938131952600,25.39995263671875,-9.269997530469297,-3.1491441216513514,-0.5660555280171334
1789061938141962800,25.409962646484374,-9.269984086465834,-3.1481521880045533,-0.5717697044128551
1789061938151971800,25.419971923828125,-9.270098652756214,-3.145934804216027,-0.5820203917270526
1789061938161981700,25.429981689453125,-9.26973449561894,-3.146473733398318,-0.5848974450007081
1789061938171991800,25.43999169921875,-9.269072232317924,-3.1474764807000755,-0.5899809588100761
1789061938182001000,25.4500009765625,-9.267937090808152,-3.149760499984026,-0.5956002965291962
1789061938192010800,25.4600107421875,-9.266939896464347,-3.1513541989162563,-0.6026402416359633
1789061938202020900,25.470020751953125,-9.266438961204885,-3.151482209210098,-0.6096361649379134
1789061938212030000,25.480030029296874,-9.265742211112379,-3.152227474619448,-0.6163366854898631
1789061938222040000,25.4900400390625,-9.264911605507136,-3.1526670350804924,-0.6264896115180104
1789061938232050000,25.5000498046875,-9.263526873150468,-3.155521255467832,-0.6325654243003577
1789061938242058800,25.510058837890625,-9.263006064146756,-3.1553236870691177,-0.6411177101988345
1789061938252068900,25.52006884765625,-9.262866363415121,-3.153803637894988,-0.6505517473679036
1789061938262078700,25.53007861328125,-9.262300546225905,-3.1541151880621907,-0.6570624444361776
1789061938272087800,25.540087890625,-9.26135829693973,-3.155629684278369,-0.663045829694718
1789061938282098000,25.550097900390625,-9.260580298304557,-3.1573066775798795,-0.6659201430220156
1789061938292107800,25.560107666015625,-9.25994141587913,-3.15786489598453,-0.6721340491008013
1789061938302116600,25.57011669921875,-9.258955327451229,-3.160543759804964,-0.673121671898663
1789061938312126700,25.580126708984373,-9.257970408067107,-3.1626053685098885,-0.6769745479345322
1789061938322136600,25.590136474609373,-9.257036342087387,-3.164288791552186,-0.6818685305211692
1789061938332146700,25.600146728515625,-9.256082986885309,-3.165855017955601,-0.6875145735841244
1789061938342155800,25.61015576171875,-9.255466900813579,-3.1664523993268605,-0.6930320948965847
1789061938352165600,25.62016552734375,-9.255042537921666,-3.1666949759110805,-0.6975763141974807
1789061938362175700,25.63017578125,-9.25570772383213,-3.163018333224952,-0.7053900566883384
1789061938372184600,25.6401845703125,-9.256597950670123,-3.1583266682773825,-0.7146686110347509
1789061938382194400,25.6501943359375,-9.257477656114101,-3.1525141826063394,-0.7288019850011914
1789061938392204500,25.66020458984375,-9.257450768107175,-3.1498128146931528,-0.7407200940709561
1789061938402213600,25.670213623046877,-9.256515533083677,-3.149161365047097,-0.7550411726292222
1789061938412223500,25.680223388671877,-9.255901785099505,-3.146244308556616,-0.7744790827445686
1789061938422233600,25.690233642578125,-9.255611277720332,-3.142585201527178,-0.7925896897789091
1789061938432242700,25.70024267578125,-9.25533655243218,-3.139157272905111,-0.8092084508202969
1789061938442252500,25.71025244140625,-9.254804052990675,-3.134787387257814,-0.8319201219093054
1789061938452262700,25.7202626953125,-9.253919086849688,-3.1320456873342395,-0.8518559716094285
1789061938462271700,25.730271728515625,-9.25274361332953,-3.12874313865751,-0.8764077906724065
1789061938472281600,25.740281494140625,-9.25132614774704,-3.1286247729748484,-0.8916578937090933
1789061938482291700,25.750291748046877,-9.250274592867493,-3.126482500249147,-0.9098979723419993
1789061938492300500,25.760300537109377,-9.250238352510333,-3.121631553086638,-0.9267615019246935
1789061938502310400,25.770310302734377,-9.250398511508106,-3.1158029930636286,-0.9446056400425732
1789061938512320500,25.780320556640625,-9.250978357222676,-3.10871274254173,-0.9621255146421491
1789061938522329600,25.79032958984375,-9.250537627717852,-3.1037709022253748,-0.9821148480951786
1789061938532339500,25.80033935546875,-9.249768396911024,-3.101212157653272,-0.9973205274682492
1789061938542349600,25.810349609375,-9.248650206536054,-3.0996698966473337,-1.0123729890409856
1789061938552358700,25.820358642578125,-9.24854674616158,-3.0965722228929398,-1.0227426265597344
1789061938562368500,25.830368408203125,-9.248704567071796,-3.091467300969362,-1.0366671800810843
1789061938572378600,25.840378662109377,-9.24873320864439,-3.08709770758301,-1.0493552506100385
1789061938582387700,25.8503876953125,-9.24749928293526,-3.08831000598222,-1.0566340094413609
1789061938592397600,25.8603974609375,-9.246592689484357,-3.0889488884076473,-1.0626843955215066
1789061938602407700,25.87040771484375,-9.245906460785866,-3.0915657929077742,-1.0610478072956204
1789061938612416500,25.88041650390625,-9.246894302779436,-3.088748397399485,-1.0606415645822882
1789061938622426600,25.890426513671876,-9.248156285539268,-3.0847280558422208,-1.0613378762833774
1789061938632436500,25.9004365234375,-9.249001504191755,-3.0816099238216874,-1.063031163132563
1789061938642445600,25.910445556640624,-9.249359231588244,-3.0804420490860935,-1.0633069113340228
1789061938652455700,25.92045556640625,-9.248944805568456,-3.0840161081805824,-1.0565283571097999
1789061938662465500,25.930465576171876,-9.248404122820496,-3.0869705740720033,-1.0526247738000005
1789061938672474600,25.940474609375,-9.247775761789082,-3.090285105447471,-1.0484122706715018
1789061938682484700,25.950484619140624,-9.247197669640183,-3.0941330130472777,-1.042142542752251
1789061938692494600,25.96049462890625,-9.247468887796998,-3.09598507065475,-1.0342032741855829
1789061938702504700,25.970504638671876,-9.24802359907031,-3.0974329313755034,-1.0248681673463433
1789061938712513800,25.980513671875,-9.248398862123489,-3.0971397936478255,-1.0223621758747845
1789061938722523600,25.990523681640624,-9.247996711063385,-3.102461573192477,-1.0097895484190433
1789061938732533800,26.00053369140625,-9.247657688367367,-3.1055411267682906,-1.0034084690798073
1789061938742542600,26.01054248046875,-9.248114784485102,-3.107057376550138,-0.9944609002534299
1789061938752552400,26.020552490234376,-9.248126474922895,-3.109759621246159,-0.9858664557136595
1789061938762562600,26.0305625,-9.248371974116564,-3.1103911971479654,-0.9815645207360386
1789061938772571600,26.040571533203124,-9.24841581325829,-3.1112407997146247,-0.9784525261953473
1789061938782581500,26.05058154296875,-9.249567905902863,-3.1079175005108115,-0.9781239518281072
1789061938792591600,26.060591552734376,-9.250788387608528,-3.103765641528368,-0.9797664583381265
1789061938802600700,26.0706005859375,-9.251113381779193,-3.100688426040113,-0.9864161254856735
1789061938812610600,26.080610595703124,-9.250081116122006,-3.102746527613699,-0.9896223741810768
1789061938822620700,26.09062060546875,-9.248881092682481,-3.1061203879609702,-0.9902508813429624
1789061938832629800,26.100629638671876,-9.248739638385176,-3.1055887653023,-0.9932391033735126
1789061938842639600,26.1106396484375,-9.24863910062015,-3.1065655013799667,-0.9911169966530055
1789061938852649700,26.120649658203124,-9.24895649600625,-3.1052085338130593,-0.9924056482240557
1789061938862658600,26.130658447265624,-9.249543940505385,-3.102713794387877,-0.9947300725836307
1789061938872668400,26.14066845703125,-9.25015184327066,-3.0995418863534927,-0.9989578463464974
1789061938882678500,26.150678466796876,-9.250476252919436,-3.0974998591318723,-1.0022793189194052
1789061938892687600,26.1606875,-9.24983094075322,-3.0983798568367957,-1.0055104828603565
1789061938902697500,26.170697509765624,-9.248761265695094,-3.1006539392486214,-1.0083371576536446
1789061938912707600,26.18070751953125,-9.247720816731452,-3.103094025877118,-1.0103738511130214
1789061938922716700,26.190716552734376,-9.247581115999818,-3.103113022838533,-1.0115940405577422
1789061938932726500,26.2007265625,-9.247899680429697,-3.101918844617903,-1.0123412787284702
1789061938942736600,26.210736572265624,-9.248018922895193,-3.1007883792832494,-1.014713853078708
1789061938952745700,26.220745849609376,-9.248199540159106,-3.0987098194435236,-1.0194042028520256
1789061938962755600,26.230755615234376,-9.248894536685944,-3.0949387764722105,-1.0245434654366223
1789061938972765700,26.240765625,-9.248219413903355,-3.096732089629769,-1.0252197572629898
1789061938982774500,26.2507744140625,-9.247503374588488,-3.0992534248009322,-1.024059773572907
1789061938992784400,26.260784423828124,-9.246403888913989,-3.103466658581793,-1.0212196547761558
1789061939002794500,26.27079443359375,-9.24625132870078,-3.105259387217462,-1.0171455372050404
1789061939012803600,26.280803466796876,-9.24599063193798,-3.1086247719973326,-1.009205099594593
1789061939022813400,26.2908134765625,-9.246199890774488,-3.109867757795751,-1.0034398140661418
1789061939032823600,26.300823486328124,-9.245685511511564,-3.1141432431578635,-0.9948840210363268
1789061939042832600,26.31083251953125,-9.246130332669615,-3.114735363832116,-0.988876962641254
1789061939052842500,26.320842529296876,-9.245340059074758,-3.122581693418324,-0.9713684131532907
1789061939062852600,26.3308525390625,-9.24453809504211,-3.130725544646382,-0.9526031416025013
1789061939072861700,26.34086181640625,-9.24435046351552,-3.1370240602687,-0.9335117799025029
1789061939082871600,26.35087158203125,-9.244932647317647,-3.141449475495517,-0.9126351422209292
1789061939092881700,26.360881591796876,-9.245070594483613,-3.147436148689687,-0.8903354129336774
1789061939102890500,26.370890380859375,-9.244839708337187,-3.1557451273515817,-0.8628968594532459
1789061939112900600,26.380900634765624,-9.244677795773743,-3.1644045268863437,-0.8323838669635355
1789061939122910500,26.390910400390624,-9.244694162386656,-3.1725793577745556,-0.8004691909823566
1789061939132919600,26.40091943359375,-9.2455417191267,-3.1778233959078785,-0.7692739883821457
1789061939142929700,26.4109296875,-9.246118057709932,-3.18418065598011,-0.7353065445896237
1789061939152939500,26.420939453125,-9.246288153579831,-3.1915985310211776,-0.7001674997344612
1789061939162948600,26.430948486328123,-9.246454742318392,-3.198392428945005,-0.6661367814473808
1789061939172958700,26.440958740234375,-9.246633606016635,-3.2054978770360347,-0.6284412570424378
1789061939182968600,26.450968505859375,-9.246617239403724,-3.212470930919051,-0.5920205748789013
1789061939192977700,26.460977783203123,-9.246896056345104,-3.2182199959650633,-0.5553046360958367
1789061939202987800,26.47098779296875,-9.247490515106916,-3.2225036646336314,-0.5194003790218383
1789061939212997600,26.48099755859375,-9.247981513494253,-3.2270413080632685,-0.4810676526919007
1789061939223006500,26.49100634765625,-9.247992619410157,-3.232067027270794,-0.445830444691889
1789061939233016600,26.5010166015625,-9.247637814623117,-3.23735168967545,-0.4136816311612725
1789061939243026400,26.5110263671875,-9.245926919052005,-3.246574276050925,-0.37812089029531926
1789061939253036500,26.52103662109375,-9.244785932323335,-3.2533170283094046,-0.346768232111074
1789061939263045600,26.531045654296875,-9.244640970894693,-3.2569200212374327,-0.3153875168761238
1789061939273055500,26.541055419921875,-9.245219647565483,-3.257984143337607,-0.286074219032377
1789061939283065600,26.551065673828123,-9.24561887601614,-3.259113147367537,-0.2590399903028272
1789061939293074700,26.56107470703125,-9.245997646200657,-3.259660844378173,-0.2377379850823432
1789061939303084800,26.571084716796875,-9.246726544997095,-3.2587238557890057,-0.22170179143557323
1789061939313095000,26.581094970703123,-9.246696149858831,-3.25989056148082,-0.2052087939320132
1789061939323104000,26.59110400390625,-9.245901784610748,-3.263157454322278,-0.18837058145366609
1789061939333113900,26.60111376953125,-9.245089883705973,-3.266262726861238,-0.17386077539026737
1789061939343124000,26.6111240234375,-9.245604262968897,-3.265306449049711,-0.16417806068975477
1789061939353133000,26.621133056640623,-9.246597950181364,-3.262871038596332,-0.15646781510598956
1789061939363143000,26.631142822265623,-9.248308261230587,-3.2581276434615254,-0.15420600765384732
1789061939373153000,26.641153076171875,-9.249175691714882,-3.2556352421239017,-0.15481928071398288
1789061939383162000,26.651162109375,-9.249791777786612,-3.2536344236955044,-0.15999920410253107
1789061939393172000,26.661171875,-9.249809897965193,-3.2535315478429196,-0.16103525088569148
1789061939403182000,26.67118212890625,-9.250860283800959,-3.2501673321068285,-0.16845301632890478
1789061939413191000,26.68119091796875,-9.251442467603088,-3.248236364044249,-0.17367102497182785
1789061939423200800,26.69120068359375,-9.251875013801454,-3.2464038879200814,-0.1845589324773289
1789061939433211000,26.7012109375,-9.252166690224408,-3.2447137428760526,-0.1990621078705415
1789061939443220000,26.711219970703127,-9.251901901808381,-3.244481395424902,-0.2145655646137893
1789061939453229800,26.721229736328127,-9.251647050264477,-3.243990104776621,-0.23225306913154198
1789061939463240000,26.731239990234375,-9.251856893622875,-3.2419188514605164,-0.25197644512476397
1789061939473249000,26.7412490234375,-9.252709711059927,-3.2379534549608824,-0.2709394129384309
1789061939483259000,26.7512587890625,-9.2531872654438,-3.2347415071770547,-0.2921480590533465
1789061939493269000,26.76126904296875,-9.252711464625596,-3.234666688375175,-0.3076497256983071
1789061939503278000,26.771278076171875,-9.25186566145122,-3.2360514207318425,-0.31833361679799854
1789061939513288000,26.781287841796875,-9.252317496871948,-3.233384831871092,-0.3320012729488313
1789061939523298000,26.791298095703127,-9.253017754095792,-3.2304248130217195,-0.3411778647581115
1789061939533307100,26.80130712890625,-9.253752498111128,-3.2276550560474395,-0.34741168111376464
1789061939543316700,26.811316650390626,-9.254434050634503,-3.2252401038601994,-0.3516495378792286
1789061939553326800,26.821326904296875,-9.256112797501682,-3.2199919740736482,-0.3555457416001707
1789061939563336000,26.8313359375,-9.257543707087635,-3.2157673421159383,-0.35653150123450905
1789061939573345800,26.841345703125,-9.257771086102723,-3.2149966500043865,-0.35756716442517933
1789061939583356000,26.85135595703125,-9.257484085854887,-3.2158100122138857,-0.3576883796520531
1789061939593365000,26.861364990234375,-9.256664001643657,-3.218594089974463,-0.35384953214153647
1789061939603374800,26.871374755859375,-9.256815977334975,-3.218659264165163,-0.34925420370791105
1789061939613385000,26.881385009765626,-9.256867415261269,-3.2195553362220526,-0.3394815822342411
1789061939623394000,26.89139404296875,-9.257563580831885,-3.218735544271767,-0.32809089457206425
1789061939633404000,26.90140380859375,-9.258470174282788,-3.217373900529742,-0.31562191015388813
1789061939643414000,26.9114140625,-9.260020910856127,-3.213548789283633,-0.3090389880996197
1789061939653423000,26.921423095703126,-9.260729351386427,-3.2122368299022317,-0.3013420403888449
1789061939663433000,26.931432861328126,-9.260601925614475,-3.213491506138444,-0.29172782434727995
1789061939673443000,26.941443115234375,-9.261067789560556,-3.2126822355821725,-0.28579859869508073
1789061939683452000,26.951451904296874,-9.261015767112374,-3.213492967443168,-0.2782747425288893
1789061939693462000,26.9614619140625,-9.261685044676065,-3.2119048214688894,-0.27430558316959064
1789061939703471900,26.971471923828126,-9.2613770016402,-3.213400905245542,-0.267087322353851
1789061939713481000,26.98148095703125,-9.260943870919942,-3.2149300145089623,-0.2636866470648907
1789061939723491000,26.991490966796874,-9.260582051870227,-3.215828424653411,-0.26543844090197233
1789061939733501000,27.0015009765625,-9.260719999036192,-3.2148698087543246,-0.2721536658327095
1789061939743510000,27.011510009765626,-9.26065044093132,-3.2146947444483636,-0.27653639269527047
1789061939753520000,27.02152001953125,-9.260552825775742,-3.2143609824493526,-0.2835927044149488
1789061939763530000,27.031530029296874,-9.259075738960505,-3.218209474571049,-0.2881475912403315
1789061939773539000,27.0415390625,-9.258140503937005,-3.2198537346467373,-0.299606814094074
1789061939783549200,27.051549072265626,-9.256933466234802,-3.22242270835191,-0.30912662985045464
1789061939793559000,27.06155908203125,-9.2566786146909,-3.2220462762549515,-0.3204730399794876
1789061939803567900,27.07156787109375,-9.256445390456914,-3.22151757620573,-0.33230054815635085
1789061939813578000,27.081577880859374,-9.256795519068836,-3.218975782768428,-0.34685945405848323
1789061939823587800,27.091587890625,-9.257436739581824,-3.215459006819129,-0.36203992592506107
1789061939833597000,27.101596923828126,-9.258176159772276,-3.211016640457511,-0.3820126735694706
1789061939843607000,27.11160693359375,-9.256890211614966,-3.2133114733964203,-0.3937016865910962
1789061939853617000,27.121616943359374,-9.25548326742649,-3.2152082469284533,-0.4109177559385076
1789061939863626000,27.1316259765625,-9.25447496716678,-3.2161382212549445,-0.4260634852852672
1789061939873636000,27.141635986328126,-9.254331174781917,-3.2140731054186817,-0.44437838272005314
1789061939883646000,27.15164599609375,-9.254116070726512,-3.212573222249746,-0.4594468455795198
1789061939893655000,27.161655029296874,-9.254133606383204,-3.2107311015143987,-0.47180791264381255
1789061939903665200,27.1716650390625,-9.254089182719587,-3.2091110990971323,-0.48354902117885645
1789061939913675000,27.181675048828126,-9.25419731926918,-3.206544171218574,-0.4982924533350393
1789061939923683800,27.191683837890626,-9.253596430766581,-3.206991038203239,-0.5065033784499392
1789061939933694000,27.20169384765625,-9.252539030668139,-3.2088226375445723,-0.51415875204131
1789061939943703800,27.211703857421874,-9.251526054233311,-3.2108009518802163,-0.520011971581541
1789061939953713000,27.221712890625,-9.250479175528884,-3.212701817065477,-0.5268411965470761
1789061939963723000,27.231722900390626,-9.249914527383446,-3.2129011390298605,-0.5354685204431414
1789061939973732900,27.24173291015625,-9.249294934180378,-3.213708948281407,-0.5412991262927651
1789061939983742000,27.251741943359374,-9.248742560994625,-3.214441938731074,-0.546362510629557
1789061939993752000,27.261751953125,-9.248493554669619,-3.214510620053112,-0.5501613914558664
1789061940003762000,27.271761962890626,-9.24876944900155,-3.212797678655386,-0.5554958112863824
1789061940013771000,27.28177099609375,-9.24884543684721,-3.2120410150691865,-0.5586036776412278
1789061940023781000,27.291781005859374,-9.24843334891498,-3.212799432221055,-0.5610547971203923
1789061940033791000,27.301791015625,-9.247585792174934,-3.215770264725387,-0.5580007433120161
1789061940043799800,27.3117998046875,-9.24731515854001,-3.2168548450917003,-0.5562255503330379
1789061940053810000,27.321809814453125,-9.248123552313446,-3.214651489828527,-0.5555271928053349
1789061940063819800,27.33181982421875,-9.248575972256065,-3.213618055127561,-0.5539699899585917
1789061940073828900,27.341828857421874,-9.249431127780676,-3.211346310803294,-0.5528656819785014
1789061940083839000,27.3518388671875,-9.250873143282533,-3.2074919734627008,-0.5511124085703865
1789061940093848800,27.361848876953125,-9.253205970144272,-3.201185566794872,-0.5486090109147131
1789061940103858000,27.37185791015625,-9.25447788977623,-3.197867528288066,-0.5465007500564679
1789061940113868000,27.381867919921874,-9.255415462887287,-3.195801827929914,-0.5426944165760651
1789061940123878000,27.3918779296875,-9.256052007225156,-3.193759800708294,-0.5438607569416984
1789061940133887000,27.401886962890625,-9.25602453469634,-3.1952412714377045,-0.5355660625334828
1789061940143897000,27.41189697265625,-9.256009337127209,-3.1964965321958063,-0.5282860615931451
1789061940153906000,27.421906005859373,-9.255846255519986,-3.198348882064223,-0.5198680695988237
1789061940163915800,27.431915771484373,-9.255385652270913,-3.201204856017232,-0.5104052447266877
1789061940173926000,27.44192578125,-9.25518574578464,-3.202728704583645,-0.5044347920149564
1789061940183936000,27.45193603515625,-9.254936154937743,-3.204207544964552,-0.4995922473546117
1789061940193944800,27.46194482421875,-9.254904006233811,-3.2051267056360837,-0.4942589235026389
1789061940203955000,27.471954833984373,-9.254844385001062,-3.2070456909999248,-0.48279955451842393
1789061940213964000,27.481964111328125,-9.255420723584294,-3.206368814651668,-0.47619781816583123
1789061940223974000,27.491973876953125,-9.254891731274128,-3.2097078959465026,-0.4638291888495907
1789061940233984000,27.50198388671875,-9.254767228111625,-3.211335497148335,-0.4549587403800338
1789061940243993000,27.5119931640625,-9.254415345934033,-3.213819422918558,-0.4444590467408299
1789061940254003000,27.5220029296875,-9.254424698284268,-3.2151120930776,-0.43481553153954444
1789061940264013000,27.532012939453125,-9.254708191400766,-3.215563051715493,-0.4253384224137291
1789061940274022000,27.54202197265625,-9.255081116366386,-3.215635824690759,-0.41658418420236554
1789061940284031700,27.55203173828125,-9.255686681044102,-3.2147359532415867,-0.41002299905586986
1789061940294041900,27.562041748046877,-9.256339007472992,-3.2134058736816047,-0.4056973909417167
1789061940304050700,27.57205078125,-9.255379807052016,-3.217534644049406,-0.39471385930832475
1789061940314060800,27.582060791015625,-9.255086377063392,-3.219119575153291,-0.3886279635233804
1789061940324070700,27.592070556640625,-9.254297857034206,-3.2225708846509455,-0.37867921829782425
1789061940334079700,27.602079833984376,-9.25423297510445,-3.2236943357229233,-0.3706116837089881
1789061940344089900,27.61208984375,-9.253848944222927,-3.225796276438236,-0.36180871098507195
1789061940354099700,27.622099609375,-9.253702813750506,-3.2272368306353685,-0.3525772471833974
1789061940364108800,27.63210888671875,-9.254469121947883,-3.2257837092176076,-0.345701150868833
1789061940374119000,27.642118896484376,-9.255617122939228,-3.222846194460988,-0.34234340140614655
1789061940384128800,27.652128662109376,-9.254678380784393,-3.2265786589875813,-0.3324150048488751
1789061940394137900,27.662137939453125,-9.253457899078727,-3.2308456687822935,-0.32486184952296315
1789061940404148000,27.67214794921875,-9.251424931946396,-3.2378421035408973,-0.31288039289340375
1789061940414157800,27.68215771484375,-9.250825797009467,-3.2403239834845063,-0.30479824525732546
1789061940424166700,27.692166748046876,-9.250123201698065,-3.243153946213424,-0.2959051648308523
1789061940434176800,27.7021767578125,-9.249866012066603,-3.2445217274352904,-0.28886275377236303
1789061940444186600,27.7121865234375,-9.249707022112608,-3.245533534826338,-0.2825167640128173
1789061940454195700,27.72219580078125,-9.24992387973368,-3.2453777597427367,-0.2771649546560831
1789061940464205800,27.732205810546876,-9.250566269290447,-3.243763894805312,-0.2745942821841687
1789061940474215700,27.742215576171876,-9.25061712269485,-3.244241156928241,-0.26715423184391107
1789061940484224800,27.752224853515624,-9.251035055845975,-3.243396815058589,-0.26289416324663906
1789061940494235000,27.76223486328125,-9.251125072216986,-3.243634423206746,-0.25671616873145103
1789061940504244700,27.77224462890625,-9.251297506174444,-3.2435993518933652,-0.25088231147881596
1789061940514253800,27.78225390625,-9.25192177555263,-3.2421304483845828,-0.2468134728710167
1789061940524264000,27.792263916015624,-9.252232741197943,-3.2417353115871546,-0.2402560688504949
1789061940534272800,27.802272705078124,-9.25275939542055,-3.2406495621770617,-0.23457029656535014
1789061940544282600,27.81228271484375,-9.254144127777218,-3.236788502834737,-0.23324798018671572
1789061940554292700,27.822292724609376,-9.255937440934776,-3.231670721429586,-0.23304716038499027
1789061940564301800,27.8323017578125,-9.257377118349075,-3.2274142330288886,-0.234845423712302
1789061940574311700,27.842311767578124,-9.257812002635001,-3.22623642142117,-0.2338902418793179
1789061940584321800,27.85232177734375,-9.257665287640691,-3.2266856264933943,-0.2334944657610729
1789061940594331000,27.862330810546876,-9.257942351016402,-3.2260268703237176,-0.2315920662058517
1789061940604340700,27.8723408203125,-9.25867124981284,-3.2238433888047933,-0.23286738337129353
1789061940614350800,27.882350830078124,-9.25926804666221,-3.2220258179888126,-0.23429305052654817
1789061940624360000,27.89235986328125,-9.25999636093676,-3.2196576275527478,-0.2380292413801886
1789061940634369800,27.902369873046876,-9.260653363540769,-3.217542242833972,-0.2410510368867777
1789061940644380000,27.9123798828125,-9.261710763639211,-3.2142247888490556,-0.2446585233268328
1789061940654388700,27.922388671875,-9.262456029048561,-3.2115228364139794,-0.25181314432183277
1789061940664398600,27.932398681640624,-9.26242154225707,-3.21139073446691,-0.25474784606685863
1789061940674408700,27.94240869140625,-9.26268340806365,-3.210032597856223,-0.26224870494995267
1789061940684417800,27.952417724609376,-9.26302009267211,-3.2085850293964144,-0.268010921738483
1789061940694427600,27.962427734375,-9.264331759792565,-3.2041797801747918,-0.27527729601226747
1789061940704437800,27.972437744140624,-9.265435921642183,-3.2004262728601693,-0.28169821417154745
1789061940714446800,27.98244677734375,-9.266782660076021,-3.195715610951185,-0.29072871204102413
1789061940724456700,27.992456787109376,-9.267337371349335,-3.193390090613067,-0.2984952726555988
1789061940734466800,28.002466796875,-9.267787453204393,-3.1909158094540238,-0.3107329325359314
1789061940744476000,28.012475830078124,-9.268373728659748,-3.1882308081537483,-0.32064605845883487
1789061940754485800,28.02248583984375,-9.269158741557598,-3.1848458418905734,-0.33141251327544446
1789061940764494600,28.03249462890625,-9.270630567675829,-3.179415633535385,-0.34221524498183276
1789061940774504700,28.042504638671875,-9.271071881702541,-3.176989283171296,-0.3526322653062641
1789061940784514600,28.0525146484375,-9.270652779507637,-3.177197372964024,-0.36165260710790753
1789061940794523600,28.062523681640624,-9.27064693428874,-3.175991796566546,-0.37224494746662673
1789061940804533800,28.07253369140625,-9.271157806420325,-3.1731425446152683,-0.38364213793482627
1789061940814543600,28.082543701171875,-9.271257175141573,-3.1716303864866493,-0.3936247854299843
1789061940824552700,28.092552734375,-9.271731222394108,-3.1689617517992854,-0.4038083623247221
1789061940834562800,28.102562744140624,-9.272428557008505,-3.1658357287332413,-0.4122315419508144
1789061940844572700,28.11257275390625,-9.273512260591984,-3.161261552685499,-0.42282592813614756
1789061940854581800,28.122581787109375,-9.273810366755724,-3.159364486892521,-0.43039639992304146
1789061940864592000,28.132591796875,-9.272561243477464,-3.161919724333286,-0.438468245360814
1789061940874601700,28.142601806640624,-9.271509688597916,-3.164258980935812,-0.44380708563812077
1789061940884610600,28.152610595703123,-9.271304521414637,-3.1639833788648244,-0.45000992233362047
1789061940894620700,28.16262060546875,-9.271697320124506,-3.1620082793995734,-0.45575920657534147
1789061940904630800,28.172630859375,-9.272079012918471,-3.1597596236899492,-0.46351983063947405
1789061940914639600,28.1826396484375,-9.271992503678797,-3.1587650596946477,-0.47196113044414667
1789061940924649700,28.192649658203123,-9.272276581317186,-3.157156163193285,-0.4771139466300606
1789061940934659800,28.202659912109375,-9.273041720470786,-3.1539868855074045,-0.48316889928746964
1789061940944668700,28.212668701171875,-9.273214738950132,-3.152908442620933,-0.4868637352174148
1789061940954678800,28.2226787109375,-9.272726078650354,-3.153974902808666,-0.4892585213994607
1789061940964688000,28.23268798828125,-9.27223449574113,-3.1552272409573194,-0.4905031876983121
1789061940974697700,28.24269775390625,-9.27249402346015,-3.154295513065159,-0.49158868138007816
1789061940984707800,28.252707763671875,-9.273274360182882,-3.151624540290236,-0.4939930025754496
1789061940994716700,28.262716552734375,-9.274598886784911,-3.147151194268465,-0.4976300804361701
1789061941004726500,28.2727265625,-9.275187500327824,-3.1450179816320536,-0.5001429400399326
1789061941014736600,28.282736572265627,-9.275284530961512,-3.1443715004220603,-0.5023961988594383
1789061941024745700,28.292745849609375,-9.275107420828938,-3.1445126624584194,-0.5047861992685124
1789061941034755600,28.302755615234375,-9.275182239630817,-3.144244951432943,-0.5050780948871746
1789061941044765700,28.312765625,-9.275171133714913,-3.144260149002075,-0.505191199872829
1789061941054774800,28.32277490234375,-9.275331877234578,-3.1437583369597792,-0.5053579712744802
1789061941064784600,28.33278466796875,-9.275229001381993,-3.14410174356997,-0.5051061884704977
1789061941074794800,28.342794677734375,-9.274990516451,-3.1451451151430607,-0.5029935436980798
1789061941084803800,28.352803955078127,-9.275417801952361,-3.1436189284890887,-0.5046470465261489
1789061941094813700,28.362813720703127,-9.274846139544248,-3.1453245633631943,-0.5045317495834082
1789061941104823800,28.37282373046875,-9.27463629618585,-3.14484759350121,-0.5113172450050711
1789061941114832600,28.38283251953125,-9.274329422193764,-3.146002024233341,-0.5097718787265941
1789061941124842800,28.3928427734375,-9.27627646460831,-3.1408965177878736,-0.505811925587058
1789061941134852600,28.4028525390625,-9.276495660316943,-3.142915748655796,-0.48897060783617197
1789061941144861700,28.41286181640625,-9.276593275472521,-3.14410115904808,-0.4794016191758215
1789061941154871800,28.422871826171875,-9.275857946935295,-3.147603614211082,-0.4705700414119288
1789061941164880600,28.432880615234374,-9.274849646675586,-3.1515272173956035,-0.46413522259145973
1789061941174890800,28.442890869140626,-9.27418972146213,-3.153939831495285,-0.46092269028574223
1789061941184900900,28.45290087890625,-9.273720934906601,-3.156578071044385,-0.45221861135903746
1789061941194909700,28.46290966796875,-9.272540785211325,-3.1620719922855494,-0.43780174427609886
1789061941204919800,28.472919921875,-9.272358998903632,-3.164165457433462,-0.4263858491074294
1789061941214930000,28.482929931640626,-9.272028744035959,-3.1665684269219634,-0.4155832635315135
1789061941224938800,28.492938720703126,-9.272104147359729,-3.167052118785679,-0.4101853865433484
1789061941234948600,28.502948486328126,-9.270613616541027,-3.173861798800528,-0.3907811229692772
1789061941244958700,28.512958740234374,-9.27046105632782,-3.17600231796056,-0.3767616942387074
1789061941254967800,28.5229677734375,-9.269861921390891,-3.179678376124799,-0.36012846628054973
1789061941264977700,28.532977783203126,-9.269701177871227,-3.1821690238967535,-0.34180505674574524
1789061941274987800,28.54298779296875,-9.269517053475976,-3.18465616453737,-0.32311763620413836
1789061941284996900,28.552996826171874,-9.26954627957046,-3.1861323745697736,-0.3073409885426983
1789061941295006700,28.5630068359375,-9.268235781493782,-3.1918536748260258,-0.2868202150940895
1789061941305015800,28.573015869140626,-9.267057969886064,-3.1967709652230143,-0.26957857291400433
1789061941315026000,28.58302587890625,-9.266253083243965,-3.200380387891829,-0.2539669978874735
1789061941325035800,28.593035888671874,-9.266161897829175,-3.2016850407496094,-0.24050995228001845
1789061941335044900,28.603044921875,-9.266571647673844,-3.2014272665962573,-0.22781550680920482
1789061941345055000,28.613054931640626,-9.26618703227043,-3.203171772176027,-0.21876272404268382
1789061941355064800,28.62306494140625,-9.26579949425757,-3.2046646410822865,-0.21323875472312792
1789061941365074000,28.633073974609374,-9.26512378695309,-3.207004774467647,-0.2073405269973911
1789061941375084000,28.643083984375,-9.264228299418091,-3.210006586632132,-0.20077939664982258
1789061941385094000,28.653093994140626,-9.263959419348835,-3.2112069023326035,-0.1938743117027916
1789061941395102700,28.663102783203126,-9.263886938634514,-3.2117908397004005,-0.1875728186720982
1789061941405112800,28.67311279296875,-9.263809781745076,-3.2122984969615933,-0.18262721549607813
1789061941415122700,28.683122802734374,-9.263390095028281,-3.2134993971839547,-0.18278103608461096
1789061941425131800,28.6931318359375,-9.262527925240994,-3.215890091712773,-0.1844279265088029
1789061941435142000,28.703141845703126,-9.261157805931568,-3.2198309382930397,-0.184464349529054
1789061941581024800,28.849024658203124,-9.380562183991074,-2.8543489821553227,-0.16773743367176502
1789061941591033600,28.85903369140625,-9.379690077331661,-2.856769487300515,-0.17511280301166698
1789061941601043700,28.869043701171876,-9.380614206439256,-2.853231084041297,-0.18312002224801108
1789061941611052800,28.879052734375,-9.38191301407814,-2.848468691945076,-0.1905792156801559
1789061941621062000,28.889061767578124,-9.382046285068988,-2.847310461820662,-0.20103976461905984
1789061941631071700,28.89907177734375,-9.381040907418727,-2.8504569431528446,-0.20335154869277028
1789061941641080600,28.90908056640625,-9.380488534232974,-2.851918247877061,-0.20828184470180422
1789061941651089700,28.919089599609375,-9.38049613301754,-2.8514474154949188,-0.2142948213810101
1789061941661099800,28.929099853515623,-9.380985377839208,-2.849479330292344,-0.21901898209238424
1789061941671108600,28.939108642578127,-9.381511447539925,-2.8473782663598657,-0.2237420468252152
1789061941681117700,28.94911767578125,-9.381506771364808,-2.8468834685802458,-0.2301492835190147
1789061941691127800,28.9591279296875,-9.38148280596733,-2.8464436158582567,-0.23647138094631953
1789061941701137000,28.969136962890627,-9.381772728824615,-2.844953377300501,-0.2428208047719672
1789061941711145700,28.979145751953126,-9.382406350553035,-2.8423040318354964,-0.2492828038603067
1789061941721155600,28.989155517578126,-9.383651382178067,-2.8376287335008383,-0.2556133951213211
1789061941731164700,28.99916455078125,-9.384427627247572,-2.8344296451985835,-0.26251778594860803
1789061941741173800,29.009173828125,-9.384646822956205,-2.833192796880007,-0.2679748457781039
1789061941751184000,29.019183837890626,-9.385443526291846,-2.8298972624659537,-0.2748012029331177
1789061941761192700,29.029192626953126,-9.386303942513464,-2.826424033397436,-0.28109527984233573
1789061941771201500,29.039201416015626,-9.386865083527564,-2.8237565677538514,-0.2890464945751242
1789061941781211600,29.049211669921874,-9.386745256540179,-2.823660121642053,-0.29384516356112433
1789061941791220700,29.059220703125,-9.386466439598799,-2.8241648562937973,-0.29785713914884254
1789061941801230600,29.069230712890626,-9.386436044460535,-2.8237749801933765,-0.3024848354821093
1789061941811239700,29.07923974609375,-9.386576914235949,-2.8229835375547405,-0.3054924745991826
1789061941821248800,29.089248779296874,-9.387236254927515,-2.820116457685828,-0.3116494993915781
1789061941831259000,29.0992587890625,-9.386639458078145,-2.821567533276975,-0.3164399120058864
1789061941841267700,29.109267822265625,-9.385386827668547,-2.825226640306413,-0.32091738621350374
1789061941851276500,29.119276611328125,-9.384394309499859,-2.828270245786011,-0.3231422226561233
1789061941861286700,29.12928662109375,-9.383979883480071,-2.829135922704637,-0.3275616100009531
1789061941871295700,29.139295654296873,-9.383045817500353,-2.832121660517156,-0.32851573238801207
1789061941881304800,29.149304931640625,-9.383395361590384,-2.830627914828062,-0.3313951602818444
1789061941891314700,29.159314697265625,-9.38430195504129,-2.8270442111223932,-0.33627825614828616
1789061941901323800,29.16932373046875,-9.383567211025953,-2.8293589178055525,-0.3373134809475392
1789061941911332600,29.17933251953125,-9.382178387016058,-2.833842785221338,-0.3383031861046329
1789061941921342700,29.1893427734375,-9.38060719217658,-2.8390327550798653,-0.3383557930747047
1789061941931351600,29.1993515625,-9.380763259521126,-2.838020655427873,-0.34249749598931517
1789061941941360600,29.209360595703124,-9.381908922424913,-2.83386762740165,-0.3454850969653576
1789061941951370800,29.219370849609376,-9.382509810927509,-2.831407374767959,-0.34931842805054036
1789061941961379800,29.2293798828125,-9.382568263116479,-2.830847402797639,-0.3522830134771764
1789061941971389000,29.239388916015624,-9.382745373249053,-2.8296625769272445,-0.35704343281202017
1789061941981398800,29.249398681640624,-9.382181309625507,-2.831720678500831,-0.3555566648529842
1789061941991407600,29.25940771484375,-9.380703638288377,-2.83639422326982,-0.3572853518091142
1789061942001416700,29.269416748046876,-9.37928208105266,-2.840763524395227,-0.359881798043102
1789061942011426600,29.279426513671876,-9.378454982578754,-2.8429826617494225,-0.3638938101634383
1789061942021435600,29.289435546875,-9.378712172210216,-2.8417984204009175,-0.3664970879970118
1789061942031444700,29.29944482421875,-9.379739177170395,-2.8378534821674224,-0.37075843523591756
1789061942041454800,29.309454833984375,-9.379957203835248,-2.836882883569598,-0.3726647072486579
1789061942051463700,29.319463623046875,-9.380019747677444,-2.836634754027426,-0.372985317505151
1789061942061472800,29.32947265625,-9.380437680828571,-2.8348472860887646,-0.37604558185860515
1789061942071482600,29.339482666015623,-9.380248880258202,-2.8354081348419187,-0.3765258396562189
1789061942081491700,29.34949169921875,-9.380034945246576,-2.836055492834747,-0.3769815840670839
1789061942091500800,29.359500732421875,-9.380189843547344,-2.835840681040287,-0.37474060020726174
1789061942101510700,29.3695107421875,-9.380358185851573,-2.835678476215899,-0.37174671562090517
1789061942111519700,29.379519775390627,-9.38039851786196,-2.8357579711928964,-0.3701121732216328
1789061942121528600,29.389528564453126,-9.379908688518404,-2.837184496864676,-0.37158863898236305
1789061942131538700,29.39953857421875,-9.378791082665323,-2.8415368468552824,-0.366513454609923
1789061942141547800,29.4095478515625,-9.37741804074645,-2.846961502252519,-0.3594736556336283
1789061942151556600,29.419556640625,-9.377404012221097,-2.8476506535604593,-0.35435770085938273
1789061942161566700,29.429566650390626,-9.377437914490699,-2.8483129168614743,-0.3480678434675559
1789061942171575800,29.439575927734374,-9.377743619439006,-2.8478812474459407,-0.3433327777696773
1789061942181585700,29.449585693359374,-9.377185985556244,-2.8504814930722118,-0.33693529528491195
1789061942191594500,29.459594482421874,-9.376890217480064,-2.8525632677823305,-0.32740437361262736
1789061942201603600,29.469603515625,-9.376495665204525,-2.854912168996036,-0.31809608171507714
1789061942211613700,29.47961376953125,-9.376678620555996,-2.8556521737083793,-0.30582495795655995
1789061942221622800,29.489622802734374,-9.37792248313725,-2.8527114440813657,-0.294939169342909
1789061942231632000,29.4996318359375,-9.378552597734332,-2.8515049909010526,-0.2864596929523162
1789061942241641700,29.509641845703126,-9.377674645856022,-2.8551512384489177,-0.27877631710916756
1789061942251650800,29.51965087890625,-9.376026878648997,-2.861703728832304,-0.2667400067535229
1789061942261659600,29.52965966796875,-9.375241281229258,-2.8650638529151675,-0.258156850792747
1789061942271669500,29.53966943359375,-9.376660500377415,-2.861104301634431,-0.25041180789023637
1789061942281678600,29.5496787109375,-9.37829307001531,-2.8563781498953698,-0.24311967812068758
1789061942291687700,29.559687744140625,-9.378433355268836,-2.856364705891907,-0.2378010586475022
1789061942301697800,29.56969775390625,-9.378043479168415,-2.8582176402822137,-0.23080635918825865
1789061942311707000,29.579706787109377,-9.378120636057853,-2.858782288427651,-0.22046487005176021
1789061942321715700,29.5897158203125,-9.378507005026936,-2.8581147644296285,-0.21254452538127078
1789061942331725800,29.599725830078125,-9.37838659351766,-2.859020773358643,-0.2055523832052946
1789061942341734700,29.609734619140625,-9.377839481028914,-2.8612516011506317,-0.1993773478321731
1789061942351743700,29.61974365234375,-9.377402258655428,-2.8630653725743294,-0.19382093754773957
1789061942361753600,29.629753662109376,-9.377745957526564,-2.862242073492706,-0.1893043551724404
1789061942371762700,29.6397626953125,-9.37795755445063,-2.8617265251860022,-0.186600265579205
1789061942381771800,29.649771728515624,-9.377106490579246,-2.8650062775090337,-0.17889376458879558
1789061942391782000,29.659781982421876,-9.377041608649492,-2.865438239185512,-0.17530770452925934
1789061942401791000,29.669791015625,-9.376875019910932,-2.8663007012337443,-0.17006845216890795
1789061942411799600,29.679799560546876,-9.377550142693519,-2.8643866843059658,-0.16500347866322845
1789061942421809700,29.6898095703125,-9.378961763057113,-2.859916260893643,-0.1622866574525833
1789061942431818800,29.69981884765625,-9.38006534038484,-2.8564865787059066,-0.15889590076943857
1789061942441827800,29.709827880859375,-9.380829310494661,-2.8541952528983354,-0.1548924920806661
1789061942451837700,29.719837646484375,-9.381392789596319,-2.8525150447264314,-0.15168672744245268
1789061942461846800,29.7298466796875,-9.380994145667552,-2.853835479675233,-0.15152439475390128
1789061942471855600,29.739855712890623,-9.379657344105839,-2.8582965507373213,-0.15018167490805498
1789061942481865700,29.74986572265625,-9.378062183868884,-2.8634301142334935,-0.15199463348099962
1789061942491874800,29.759874755859375,-9.375567444443702,-2.871758089856803,-0.1487251833562739
1789061942501883600,29.769883544921875,-9.373487715560197,-2.87858150613606,-0.14793144829585217
1789061942511893800,29.779893798828127,-9.374208431050182,-2.8762559857979415,-0.1474724616151303
1789061942521902800,29.78990283203125,-9.37825741418004,-2.8630162727355954,-0.14766508897724562
1789061942531912000,29.799911865234375,-9.3825103954494,-2.848532404831052,-0.15731308855740353
1789061942541921800,29.809921875,-9.382615024867654,-2.848033515398204,-0.1600971297853626
1789061942551930600,29.8199306640625,-9.38058965651989,-2.8549416873514653,-0.15567390651563182
1789061942561939700,29.829939697265626,-9.378362628120183,-2.8624492865025997,-0.1519275687273126
1789061942571949800,29.83994970703125,-9.378065106478333,-2.863225531572103,-0.15560981003716587
1789061942581958700,29.849958740234374,-9.378375487601756,-2.861892821663618,-0.1613421066114679
1789061942591967700,29.8599677734375,-9.3779423568815,-2.8630218256935476,-0.16638307818705214
1789061942601977900,29.869977783203126,-9.378049908909201,-2.8623247833400964,-0.1722242054306902
1789061942611986700,29.879986572265626,-9.377850586944819,-2.8627368712723253,-0.17617195667577906
1789061942621995800,29.889995849609374,-9.377477661979198,-2.863668306903541,-0.1808438209443353
1789061942632005600,29.900005615234374,-9.375819957900047,-2.8690923777788875,-0.18081032053353263
1789061942642014700,29.9100146484375,-9.373823231124877,-2.8755694648385046,-0.1814311193129979
1789061942652023800,29.92002392578125,-9.372350235962868,-2.8803698508575555,-0.18138532567620277
1789061942662034000,29.930033935546874,-9.37226840289831,-2.880774047744274,-0.17918765123514457
1789061942672042800,29.940042724609373,-9.373691713699698,-2.8762837505877017,-0.1768610166521743
1789061942682052900,29.950052978515625,-9.376104035538434,-2.868597579999268,-0.17378312531048432
1789061942692061700,29.960061767578125,-9.37855610486567,-2.860409889629483,-0.17641378434132785
1789061995000004400,82.26800439453125,-9.294083923977613,-3.00545724298954,-0.8704116920627654
1789061995010013200,82.27801318359376,-9.296418504405022,-3.0074539697647094,-0.8379771569259464
1789061995020022300,82.28802221679688,-9.298651962545513,-3.0096695999875664,-0.8045800603672861
1789061995030031000,82.29803100585937,-9.300782544833421,-3.012159663237631,-0.7698878824967891
1789061995040040200,82.30804028320313,-9.302845322582126,-3.0146544026628135,-0.7343772278502583
1789061995050048000,82.31804809570312,-9.304788857865333,-3.0171836288794873,-0.6984876568887383
1789061995060057000,82.32805712890625,-9.306627763730287,-3.019834435649216,-0.6615596097249538
1789061995070066200,82.33806616210937,-9.30835444139242,-3.0225103768602013,-0.6239812088936567
1789061995080075300,82.3480751953125,-9.309953108760714,-3.0253087754070758,-0.5853744148626924
1789061995090084400,82.35808447265624,-9.31143662531674,-3.0280753175109623,-0.5461631521325558
1789061995100092200,82.36809204101563,-9.312785701838136,-3.0308070805624125,-0.5065773935342207
1789061995110101200,82.37810131835937,-9.314014951372146,-3.033396804794669,-0.4669134916657582
1789061995120110300,82.3881103515625,-9.315100408521294,-3.0359473660603165,-0.4269740607915446
1789061995130119400,82.39811938476562,-9.31609818738699,-3.0382144342094657,-0.38723406147956846
1789061995140127200,82.40812719726563,-9.316968540480733,-3.0403479391068218,-0.3475201099243015
1789061995150136300,82.41813623046875,-9.31779096277952,-3.0420661412015555,-0.3082011855686083
1789061995160145400,82.4281455078125,-9.318521615141629,-3.0435502422794696,-0.2689553629817441
1789061995170154000,82.43815405273438,-9.319185047486425,-3.0447011658802627,-0.23014700023038312
1789061995180163000,82.4481630859375,-9.31975028015375,-3.045597530198097,-0.19228152608601376
1789061995190171100,82.45817114257812,-9.320272842723131,-3.0461002190232276,-0.1554911520935595
1789061995200180200,82.46818017578126,-9.320770270851254,-3.0461861437410116,-0.119883886938449
1789061995210189000,82.47818896484375,-9.321229705056547,-3.045938598720729,-0.08557717385473661
1789061995220198100,82.4881982421875,-9.321642962032556,-3.0454274343281984,-0.05227686590116937
1789061995230207200,82.49820727539063,-9.322003027516603,-3.0447049652725457,-0.020461933100572784
1789061995240215300,82.50821533203126,-9.322329190731049,-3.0437589165940877,0.009842796066473238
1789061995250224000,82.51822412109375,-9.322653015857934,-3.0425378503665326,0.038643701108405364
1789061995260233200,82.52823315429687,-9.322962812459469,-3.041123891915381,0.06567314863156061
1789061995270242300,82.5382421875,-9.323266179320216,-3.0395486054226755,0.09078684392757713
1789061995280251400,82.54825146484374,-9.323568377137184,-3.0378476467236877,0.11375649009933694
1789061995290259200,82.55825927734375,-9.323831996509432,-3.0361881890788673,0.13454346760292538
1789061995300268300,82.56826831054687,-9.32405937552452,-3.0346017966702576,0.15326054349727927
1789061995310277000,82.57827709960938,-9.324249345138668,-3.033132600900531,0.16990579068679362
1789061995320286200,82.5882861328125,-9.324446913537383,-3.031666327740252,0.18460257068965583
1789061995330294000,82.5982939453125,-9.324648573589325,-3.0302398020684715,0.1973892792874947
1789061995340303000,82.60830322265625,-9.324796457627414,-3.029050884544849,0.20834844366461036
1789061995350312200,82.61831225585938,-9.32498934985101,-3.0278169588357207,0.2174350373691879
1789061995360321300,82.6283212890625,-9.325133726757764,-3.026844606672227,0.224679455539491
1789061995370329900,82.63832983398437,-9.325221405041217,-3.026160423800349,0.23017120308987796
1789061995380338000,82.648337890625,-9.325322527328133,-3.0255624579071996,0.23390461746454239
1789061995390346800,82.6583466796875,-9.325409621089696,-3.0251378027543425,0.23593256136188281
1789061995400355800,82.66835595703125,-9.32549613032937,-3.0248508025065064,0.23618365004612132
1789061995410365000,82.67836499023437,-9.325577378872037,-3.024697657771408,0.23492941220132632
1789061995420374000,82.6883740234375,-9.325658042892814,-3.0246546954125164,0.23226223881868643
1789061995430381800,82.6983818359375,-9.32570012846887,-3.024808716930449,0.22853379288008435
1789061995440391000,82.70839086914063,-9.32571883316934,-3.0251129605740306,0.22370480182105673
1789061995450400000,82.71839990234375,-9.325707142731547,-3.0255750251278277,0.2178693919321522
1789061995460408800,82.72840893554688,-9.325714741516112,-3.026048487858474,0.21086457293769342
1789061995470417700,82.73841772460938,-9.325704220122098,-3.026632132965326,0.20279146712459623
1789061995480425700,82.74842578125,-9.325684930899738,-3.027283290350437,0.1937596723471768
1789061995490434800,82.75843481445312,-9.325651613152026,-3.0279841320961713,0.18416682788720354
1789061995500444000,82.76844384765624,-9.325613619229197,-3.0287133231535552,0.17381173035046085
1789061995510452700,82.77845263671875,-9.325544645646215,-3.0295366222351787,0.1628062060809694
1789061995520461800,82.7884619140625,-9.325493207719921,-3.0302982542574406,0.15118709822408855
1789061995530470000,82.79846997070312,-9.325434755530953,-3.0310528720170256,0.13915407580407335
1789061995540479000,82.80847900390626,-9.325358183163404,-3.0318294093474742,0.12683361474480478
1789061995550487800,82.81848779296875,-9.325243032351135,-3.0326854416549205,0.11424041029191576
1789061995560497000,82.82849682617187,-9.325120282754302,-3.033521307957172,0.10133895274060778
1789061995570505000,82.8385048828125,-9.324982920110225,-3.0343524980843064,0.08824977233116514
1789061995580514000,82.84851416015626,-9.324871860951184,-3.0350498326987028,0.07499982100259513
1789061995590523000,82.85852294921875,-9.32471345551908,-3.0358351378574966,0.061744339548959394
1789061995600531700,82.86853173828125,-9.324550958433747,-3.036574265787005,0.04844747577216476
1789061995610540800,82.87854077148438,-9.324383785173296,-3.0372718926623463,0.03508642875193618
1789061995620548600,82.88854858398437,-9.324201998865604,-3.0379546142295,0.021859225828002673
1789061995630557700,82.8985576171875,-9.323991570985317,-3.038665685108304,0.008704898056501405
1789061995640566800,82.90856689453125,-9.323777635973691,-3.0393323323234913,-0.004273346776897961
1789061995650576000,82.91857592773438,-9.323562531918286,-3.0399460803076623,-0.01729274103801581
1789061995660585000,82.9285849609375,-9.32333339933753,-3.0405484301149843,-0.03003723505398957
1789061995670592800,82.9385927734375,-9.323103097712993,-3.041105479475856,-0.0425964299227111
1789061995680601900,82.94860180664062,-9.32286695086956,-3.04162950334996,-0.05496287184844259
1789061995690611000,82.95861083984374,-9.322649508726597,-3.0420556198075412,-0.06696784635090734
1789061995700620000,82.9686201171875,-9.322393488138914,-3.042565030634403,-0.07847788150985725
1789061995710628900,82.97862890625,-9.32213863659501,-3.0430379088431594,-0.08965575753841548
1789061995720637000,82.98863696289062,-9.321901320707797,-3.0434350914672015,-0.10019730842481367
1789061995730646000,82.99864599609376,-9.321697322568296,-3.0437124471038577,-0.11027673995848744
1789061995740654800,83.00865478515625,-9.321485141122341,-3.044004708048701,-0.11972387407114729
1789061995750663700,83.01866357421875,-9.321286403679848,-3.0442481614157555,-0.12866443776800296
1789061995760672800,83.0286728515625,-9.32109409597814,-3.0444743713870643,-0.13697653083559125
1789061995770680800,83.03868090820312,-9.320930429849028,-3.0446304387316108,-0.14444057397278956
1789061995780689700,83.04868969726563,-9.320786637464165,-3.044733899106085,-0.15139040224384515
1789061995790698800,83.05869873046875,-9.320651028385758,-3.0448379440024493,-0.1574944730062969
1789061995800707800,83.06870776367188,-9.320526525223254,-3.044954263858497,-0.16255951957721262
1789061995810717000,83.07871704101562,-9.320410789889097,-3.0450895806759593,-0.1665940175239928
1789061995820724700,83.08872485351563,-9.320297977164387,-3.0452757508978245,-0.16949556591808795
1789061995830733800,83.09873388671875,-9.320189256092906,-3.0455370321825144,-0.1707652753266506
1789061995840743000,83.10874291992188,-9.320128465816378,-3.045705374486744,-0.17109222399238497
1789061995850752000,83.118751953125,-9.320151846691966,-3.0456282175973057,-0.17116317033674566
1789061995860760800,83.1287607421875,-9.320241863062977,-3.045366936312616,-0.1709323937881738
1789061995870769000,83.13876879882812,-9.320265243938564,-3.045391193971038,-0.16920677557196467
1789061995880777700,83.14877783203124,-9.320354675787687,-3.045233957582712,-0.16709871564311907
1789061995890786800,83.15878686523438,-9.32045988972783,-3.0450965949386357,-0.16371064410740507
