time,seconds_elapsed,z,y,x
1788957283287326500,0.042326416015625,-1.0077397032171487,0.36936522731184956,1.1168060810051859
1788957283297376500,0.05237646484375,-1.1742454396694897,0.7195254034161567,1.5426440139062703
1788957283307427300,0.06242724609375,-1.343469787430763,1.4509084178864955,1.1820189962804317
1788957283317477400,0.072477294921875,-1.7878788575500248,1.038303183785081,1.576139017881453
1788957283327527400,0.08252734375,-1.8825287335813043,0.6962135014116764,1.9917665224134922
1788957283337578500,0.09257861328125,-0.9108493547827005,0.5624941822737455,1.7657777926400302
1788957283347628500,0.102628662109375,-0.1621557245492935,1.1968564999282358,1.1775045145306735
1788957283357678300,0.11267822265625,0.03409516182541847,1.333193892610073,0.62052010865435
1788957283367729400,0.1227294921875,0.7972942872732878,0.20843699873089788,-0.20417700319886206
1788957283377779500,0.132779541015625,1.5014730684757231,-1.1485229693919419,-1.207361088938266
1788957283387829500,0.14282958984375,0.9259393718868494,-2.31760591173172,-1.3372750244438647
1788957283397880600,0.152880615234375,-0.22220599636435506,-1.3898007459729909,-0.828070972200483
1788957283407930400,0.162930419921875,0.08086977248191833,0.19150456863045692,-0.5868792664676904
1788957283417981400,0.1729814453125,0.25707272708415985,0.7674269722759723,0.1283241820961237
1788957283428031500,0.183031494140625,-0.43787586895823477,1.5864415084481238,0.9925075011633336
1788957283438081500,0.19308154296875,-0.7280845574468374,2.335384437267482,1.590365111632645
1788957283448132600,0.203132568359375,-1.0708674827814102,2.867874526421726,2.008998373851925
1788957283458182700,0.2131826171875,-1.8384546140551565,3.7750007690280674,1.9968816734701393
1788957283468233500,0.2232333984375,-3.73392816940546,3.912047186762094,1.1619414000220596
1788957283478283500,0.233283447265625,-3.201377874496579,3.2973028850302097,1.1768873324804008
1788957283488333600,0.24333349609375,1.7152058355271815,4.1002474531501525,1.7479286860860883
1788957283498384400,0.25338427734375,1.283853230857849,2.063373961031437,-0.3614934710234403
1788957283508434400,0.263434326171875,0.7262649408042431,0.38494682732522484,-2.3357776743687686
1788957283518484500,0.273484375,1.9144880524218082,0.3618775019049644,-3.588222644397616
1788957283528535300,0.283535400390625,2.5871055741906166,0.5239215827733278,-4.36407783780098
1788957283538585300,0.29358544921875,1.5052660310178994,-1.0558715737015008,-2.400597352542728
1788957283548635400,0.303635498046875,0.18008301090598106,-2.986681815370917,0.10458645589500665
1788957283558686500,0.3136865234375,0.772291363441944,-3.447209661120176,2.0003411662742496
1788957283568736500,0.323736572265625,0.282139948323369,-3.5031960444971917,1.9656505227737127
1788957283578787600,0.33378759765625,0.30134733761847016,-3.100696024824679,1.4301716270670295
1788957283588837400,0.34383740234375,0.17467150725126265,-3.009440175145864,0.843023772791028
1788957283598887400,0.353887451171875,-0.23895430206954477,-3.479375608448684,0.5849450835347175
1788957283608938500,0.3639384765625,-0.10121347233057021,-4.01555286168307,0.47496115251034493
1788957283618988500,0.373988525390625,-0.16221651482582092,-3.698845750108361,1.798184855248034
1788957283629039600,0.38403955078125,-0.6455746165424585,-2.645354057280719,3.867802386844158
1788957283639089700,0.394089599609375,-0.4672597843527794,-2.4728572637200354,6.92543872988224
1788957283649139500,0.404139404296875,-0.00048281508088111874,-2.274005547197163,9.542218142324685
1788957283659190500,0.4141904296875,-1.3936451464414596,-1.630236811032891,8.108792774158715
1788957283669240600,0.424240478515625,-3.1141268765449523,-3.525013616290688,2.3067785205081104
1788957283679290600,0.43429052734375,2.4478818124175072,-9.90946856943965,-4.166547725270688
1788957283689341400,0.444341552734375,8.332289394855499,-9.437865787446498,-5.835521678715944
1788957283699391500,0.4543916015625,-3.991761943989992,-0.045062399911135434,-0.35598405995219945
1788957283709441500,0.464441650390625,-2.241742569234967,0.36300358332544563,2.4437130023002624
1788957283719492400,0.474492431640625,0.1497644450098276,-4.390884596183896,3.722979489889741
1788957283729542400,0.48454248046875,-1.3176549626946448,-5.066614697015285,6.905076325333118
1788957283739593500,0.494593505859375,0.5080477218151093,-3.738171213802695,7.8286501371324055
1788957283749643500,0.5046435546875,0.12309446474909781,-2.954209870833158,7.389128254532814
1788957283759693300,0.514693359375,0.28734803836047645,-2.3099793623760343,6.532133824056387
1788957283769744400,0.524744384765625,0.8814221847683191,-1.4068855901561677,6.397727691698074
1788957283779794400,0.53479443359375,1.1912865908414125,-1.6195242783606052,6.524414627981185
1788957283789845500,0.544845458984375,2.054558201891184,-0.9861337283477186,6.234895675322413
1788957283799895600,0.5548955078125,2.662635739210248,1.1634618875876068,7.237254854544997
1788957283809945600,0.564945556640625,2.687421220898628,3.0087039698258042,7.930410721951723
1788957283819996700,0.57499658203125,1.7652923472106457,4.414660316307843,7.426157131722569
1788957283830046500,0.58504638671875,0.8320821075379848,5.2423313294053075,5.7910272879511115
1788957283840096500,0.595096435546875,0.16693302195370197,6.446069405540824,4.957413733062148
1788957283850147600,0.605147705078125,-0.5330529837340117,7.934810418215394,4.512907924570143
1788957283860197600,0.61519775390625,-0.6435685374170541,8.870313152739405,3.7250630181655286
1788957283870248400,0.62524853515625,-1.7213234416246412,9.269110810762644,2.6038936273843047
1788957283880298500,0.635298583984375,-3.5035061333596706,9.139481975808739,1.7122323726743458
1788957283890348500,0.6453486328125,-4.717669741919637,8.546680333554745,2.4050800509147345
1788957283900399400,0.6553994140625,-4.420937204620242,7.654276151522994,3.4826042151063676
1788957283910449400,0.665449462890625,-4.006804907082021,6.9564967159688464,4.2859784068152305
1788957283920499500,0.67549951171875,-5.908578731620311,5.551103264066577,4.353733846180141
1788957283930550500,0.685550537109375,-9.002593963506817,2.0462685124516486,4.6441266590639945
1788957283940600300,0.695600341796875,-8.034677152112126,-0.06045359191894531,4.3535850853592155
1788957283950651400,0.7056513671875,-11.04965684120655,-2.1011855130314827,3.7883833976924417
1788957283960701400,0.715701416015625,-11.61453178113699,-3.761528123992681,3.127765525797009
1788957283970751500,0.72575146484375,-9.9268651099205,-5.27326715041697,2.646195476540923
1788957283980802600,0.735802490234375,-8.278784014639259,-6.960529332485795,1.882410075637698
1788957283990852600,0.7458525390625,-6.9680287483304735,-8.692682795682549,0.003701777127385139
1788957284000902400,0.75590234375,-6.366278660467267,-9.73877999434471,-0.6441098046869039
1788957284010953500,0.765953369140625,-4.190118278211355,-10.404004483252763,0.38730069697499275
1788957284021003500,0.77600341796875,-0.9302357539065181,-11.503718121290206,1.834112200936675
1788957284031054600,0.7860546875,2.7819711436867713,-12.284379838192462,2.8972949744343754
1788957284041104600,0.796104736328125,5.639259686425328,-12.16683248617649,2.72962311681211
1788957284051154400,0.806154541015625,6.799910315984487,-11.845799035835265,2.146821475046873
1788957284061205500,0.81620556640625,7.985584327641129,-11.088621070373058,1.0402069715797901
1788957284071255600,0.826255615234375,9.559832124948501,-10.310532418829203,0.6561082855165005
1788957284081305600,0.8363056640625,10.703675996613502,-10.398327606660127,0.6562567540764809
1788957284091356400,0.8463564453125,12.083656190317868,-10.774051263087987,0.08608078512847422
1788957284101406500,0.856406494140625,12.718331227183342,-10.743455049294234,0.26567630477845666
1788957284111457800,0.866457763671875,14.048712400460243,-9.857084886729716,2.213368123143911
1788957284121507800,0.8765078125,14.61361072126627,-8.69465672610402,2.9545693517953158
1788957284131558000,0.886557861328125,13.392099088031053,-7.211057167971134,2.9391046561598775
1788957284141609000,0.89660888671875,9.744995215597749,-11.007779354941844,0.8636743466317653
1788957284151658800,0.90665869140625,7.52431121648252,-7.4094883209943765,2.112023717910051
1788957284161708800,0.916708740234375,4.476894069641828,-2.7082003895550963,0.6649725599735975
1788957284171759900,0.926759765625,2.912850270962715,0.6886947963446378,-0.8739560866713524
1788957284181810000,0.936809814453125,-2.319517298310995,-0.6297115692391991,-2.369538343542814
1788957284191861000,0.946861083984375,-5.8731403384923935,-2.7847216114386915,-3.3366268874198197
1788957284201911000,0.9569111328125,-4.095065958859026,-3.269502147173881,-2.4789877292990683
1788957284211960800,0.9669609375,-5.17419711985588,-1.661518961264193,-0.9018512248128652
1788957284222012000,0.977011962890625,0.04020721496492624,2.013924870468676,-0.4518570480376482
1788957284232062000,0.98706201171875,1.9467828868269919,2.163569196230173,-0.49230070210695265
1788957284242112000,0.997112060546875,4.200373130244016,0.4712506075546145,3.96798710064888
1788957284252162800,1.007162841796875,6.575199058800935,3.1859576025247573,4.032549881452322
1788957284262212900,1.017212890625,6.095273854142427,1.5782625859066843,2.9814257945388554
1788957284272263700,1.027263671875,4.5460830489411945,0.152456752833724,1.756528025996685
1788957284282313700,1.037313720703125,5.400052870899438,0.8498276075869798,1.3840034578710794
1788957284292363800,1.04736376953125,4.770419335332512,0.9314809316620231,2.4587422291278838
1788957284302414800,1.057414794921875,2.4354975471407174,-0.33311493327915664,3.0911043128758666
1788957284312465000,1.06746484375,1.2704054280027746,3.1500413627520203,1.9790777212321757
1788957284322514700,1.0775146484375,-2.7964637794196605,6.0205228568017475,0.35322190176248547
1788957284332565800,1.087565673828125,-6.6014516904324285,3.6402982840716835,1.1278262183219194
1788957284342615800,1.09761572265625,-9.571432546371222,4.2583118167325855,5.547861505666375
1788957284352667000,1.1076669921875,-3.6104616564735768,6.377198113888502,5.719135187172889
1788957284362717000,1.117717041015625,1.7301964839100836,6.727433108794688,2.4713819304704665
1788957284372767000,1.12776708984375,2.410567104023695,4.538960357454419,3.6096494633078575
1788957284382817800,1.13781787109375,3.7352965351492164,1.9081814996235071,1.5799106453746556
1788957284392867800,1.147867919921875,5.125689986318349,-0.15437603045850992,-1.1817109532445669
1788957284402919000,1.1579189453125,2.9149919591665268,-1.2233996389389037,-1.7039789235919713
1788957284412969000,1.167968994140625,-1.7851231291010974,-1.8709061003267764,2.4064462247014045
1788957284423019000,1.17801904296875,-7.1458344619542356,-2.069860400441289,4.430453220984339
1788957284433069800,1.18806982421875,-9.783326407557725,0.9102475894972681,0.8473165015488863
1788957284443119900,1.198119873046875,-4.111937890943884,2.3882900980249047,-0.8517179513782263
1788957284453170000,1.208169921875,1.3633224888920783,1.2442837292745708,2.47991711910367
1788957284463220700,1.218220703125,2.80077229026854,0.565667551612854,3.418497945898771
1788957284473270800,1.228270751953125,0.9746940504446625,2.0890441165998577,2.5897107882529498
1788957284483321900,1.23832177734375,0.9249322406709194,2.94700797663033,-3.7305519709706303
1788957284493372000,1.248371826171875,6.67524757900536,0.03406476668715477,-20.609722774910924
1788957284503421700,1.258421630859375,-3.2237609712183475,-2.1547242109954357,-27.809933554697036
1788957284513472800,1.26847265625,-5.262406149184703,5.083431391781568,-18.438324492490292
1788957284523522800,1.278522705078125,4.0145471917718645,11.06082822356224,-13.316224639618396
1788957284533572900,1.28857275390625,2.2280163878299293,8.069253959974645,-14.620647195774316
1788957284543624000,1.2986240234375,-1.546796165149659,7.1171671703964465,-12.275184139823914
1788957284553673700,1.308673828125,0.7177747603565454,10.753806931960582,-6.762412652239203
1788957284563724800,1.318724853515625,0.5586648332439362,9.328820306316018,-3.0086469789415595
1788957284573774800,1.32877490234375,-0.9190215553224086,9.028052229890227,-0.9756728323489428
1788957284583825000,1.338824951171875,1.6443074219614267,6.244336288362741,0.747889912635088
1788957284593876000,1.3488759765625,6.355715765398741,3.895951207485795,2.853257095265388
1788957284603926000,1.358926025390625,4.266483140489459,3.507845039346814,1.612621951626241
1788957284613976800,1.368976806640625,-1.5525702185064554,1.127013732895255,-0.08556786717027426
1788957284624027000,1.37902685546875,-1.0800082360923289,-0.9578788169831037,-1.2159478616282342
1788957284634077000,1.389076904296875,7.562521996933222,-1.3976070358097552,1.1771382385015488
1788957284644127700,1.399127685546875,12.37476095086336,-10.90401736717224,5.418876229313016
1788957284654177800,1.409177734375,8.336529516643285,-15.684733055591582,8.302841766574979
1788957284664227800,1.419227783203125,7.0983251072824,-14.369513211089371,7.193610943129658
1788957284674279000,1.42927880859375,3.85826883482337,-12.284446473687886,5.1251241691291325
1788957284684328700,1.43932861328125,5.2024821340978145,-7.915037796252966,6.433179528829455
1788957284694379800,1.4493798828125,4.543700245457887,-6.162292211404442,6.6829661905586715
1788957284704429800,1.459429931640625,0.8696902459204197,-7.319573656791448,5.491805856445431
1788957284714479900,1.46947998046875,3.1220190910995003,-2.1527941197156903,6.5472144888103
1788957284724531000,1.479531005859375,4.042186309325695,2.985247983175516,7.22488403327167
1788957284734580700,1.489580810546875,3.838259481495619,5.794225207209586,5.0786225301951164
1788957284744630800,1.499630859375,2.877625812846422,5.965795241314172,1.475507875483483
1788957284754681900,1.509681884765625,-0.5597323163449764,7.478685191339254,0.8125662368156016
1788957284764732000,1.51973193359375,-1.282325144507736,7.7201950231105085,-0.8053872850969434
1788957284774783000,1.529782958984375,-2.3136871308527884,5.9581479414314025,-3.763232882083952
1788957284784833000,1.5398330078125,-7.331442958283424,-3.7889977301985023,-8.292416818672418
1788957284794882800,1.5498828125,-6.4378445980310435,-23.0674736549139,-22.703690611648558
1788957284804934000,1.559933837890625,-13.980540781509875,-36.308283280324936,-19.543629666924474
1788957284814984000,1.56998388671875,-11.960034486824274,-22.930723589777944,-12.259771466636657
1788957284825034000,1.580033935546875,-1.214788462460041,-7.903477122318744,-6.772672764968871
1788957284835084800,1.590084716796875,0.3841641525149345,3.690537355968356,-4.09225177822113
1788957284845134800,1.600134765625,-1.2082149292886257,7.927070763874053,-1.3016425700485705
1788957284855185700,1.610185546875,4.791003273677826,8.806034449574351,-1.736389493331313
1788957284865235700,1.620235595703125,8.553244514375924,1.9339654908299444,-4.29344041325897
1788957284875285800,1.63028564453125,8.096683818691968,-4.882252985876798,-5.193316830867529
1788957284885336800,1.6403369140625,5.664792187088728,-3.6020752286612985,-4.908948100578785
1788957284895387000,1.650386962890625,2.054922943550348,-1.8786679664999246,-4.407506937421858
1788957284905436700,1.660436767578125,-7.6121104959666726,-2.473844521191716,-4.619389692692458
1788957284915487700,1.67048779296875,-8.86060716676116,-1.0570634138345718,-4.962710085904598
1788957284925537800,1.680537841796875,-1.129473985528946,0.8830553389281034,-4.213580402341485
1788957284935588900,1.6905888671875,-0.06545220392383634,-1.2525333789646624,-3.4672350887998937
1788957284945639000,1.700638916015625,-0.8785689142290503,-1.0998439864188432,-2.7205697495236993
1788957284955689000,1.71068896484375,-1.85905185027346,0.06204173789322376,-1.6231714026913047
1788957284965740000,1.720739990234375,-1.1556792708873749,1.6101573150783777,-0.519782875533402
1788957284975789800,1.730789794921875,-0.354097515553236,2.7544097675442694,0.8265224275842309
1788957284985841000,1.7408408203125,1.0719464371245353,2.5786031187832354,2.198125838087499
1788957284995891000,1.750890869140625,2.5072762506723403,1.4060352569371461,3.4542759462445973
1788957285005941000,1.76094091796875,2.6665748322248457,1.8997002331346273,3.9080335672065614
1788957285015991800,1.77099169921875,3.010069120699167,3.340512788942456,3.185754481168091
1788957285026041900,1.781041748046875,4.116454491585493,1.7671967195272444,2.6892320697128773
1788957285036092000,1.791091796875,4.232085780847072,1.0577964042842387,0.8942354891121387
1788957285046142700,1.801142822265625,2.9131717580020426,-0.15022095660567283,-0.4448828251108527
1788957285056192800,1.81119287109375,1.0564368063688279,-1.6161971797645092,-0.08721446533352135
1788957285066243800,1.821243896484375,-11.68542025783062,-2.0842717876315118,-0.6433122245684265
1788957285076294000,1.8312939453125,-13.919674517136812,-1.8492776213645934,-0.30062340725809333
1788957285086343700,1.84134375,0.7225158174037933,-0.6227601426661015,0.7844599401414394
1788957285096394800,1.851394775390625,-0.15430669154934584,0.27460546116530893,0.33944296725690365
1788957285106444800,1.86144482421875,-2.2566940546512604,-0.3635615094691515,0.7650774865403771
1788957285116494600,1.87149462890625,-2.41288882496953,-0.9383838429182767,1.5058128512457012
1788957285126545700,1.881545654296875,-2.9670015478670595,-1.0938508834838867,1.4834776853188871
1788957285136595700,1.891595703125,-4.15631537733078,-1.5661410632193087,1.3687643876850604
1788957285146646800,1.901646728515625,-5.193516737353802,-2.806503527396917,2.0189935520350932
1788957285156696600,1.911696533203125,-2.9241420648276804,-3.739951082956791,2.253016827443242
1788957285166746600,1.92174658203125,1.2200304547667502,-4.186852554413676,1.6650427514761685
1788957285176797700,1.931797607421875,10.606969188052416,-4.459243846660852,0.2552227153033018
1788957285186847700,1.94184765625,16.270529202997682,-2.2762708617806435,-1.4902823968976735
1788957285196898800,1.95189892578125,9.569703530621528,2.6683003408432007,-2.516276134207845
1788957285206948900,1.961948974609375,-0.3155027042210102,1.375080146703124,-1.8427064262807369
1788957285216998700,1.97199853515625,-1.9275509476125239,-0.8948480680525303,-0.5495344551965594
1788957285227049500,1.982049560546875,-1.2885434345006943,0.3264461230397224,-0.048670507405698296
1788957285237099500,1.992099609375,-1.1228256335556506,1.0793465573132037,0.15797931564748285
1788957285247149800,2.00214990234375,-0.6260416485548019,1.8577713089436292,-0.15757365745604038
1788957285257200600,2.01220068359375,0.42882158835437145,2.573096922582388,-1.10836368522197
1788957285267250400,2.02225048828125,1.2641302932560443,2.374661677905917,-2.283847142253816
1788957285277301500,2.032301513671875,0.8101520152807236,0.8627385270863771,-2.4758310188338157
1788957285287351600,2.0423515625,-0.05419570056796073,0.1502402458280325,-1.8203718448758124
1788957285297401600,2.052401611328125,-0.7655272030692547,-0.1726297722905874,-1.1750310370892285
1788957285307452700,2.06245263671875,-1.1929308509171008,-0.8877262533485889,-0.476669417732954
1788957285317502700,2.072502685546875,-1.2681821989953517,-1.874970865547657,-0.36810865137949583
1788957285327552500,2.082552490234375,-0.8606336637616157,-2.6897867809861897,-0.7127785595044493
1788957285337603600,2.092603515625,-0.3741735043764114,-3.1591192799597976,-1.1433080112226306
1788957285347653600,2.102653564453125,-0.022454992914199827,-2.829747040340304,-1.4288848021268843
1788957285357704700,2.11270458984375,0.1843207946062088,-2.07489371843338,-1.1874795997738838
1788957285367754800,2.122754638671875,-0.1302373953063041,-0.6962918273448944,-0.4492040493108332
1788957285377804800,2.1328046875,-0.20225158809423446,0.6019622693091631,0.089262922295928
1788957285387856000,2.14285595703125,0.11452420480251312,1.3719085309296846,0.07555486106947064
1788957285397905700,2.15290576171875,0.4576386271137744,2.0099737947553393,-0.12117065707966684
1788957285407956500,2.16295654296875,0.3252618086259812,1.9363006557792424,-0.29460107822865245
1788957285418006800,2.1730068359375,-0.11959091360755264,1.5595377194315194,-0.3918113062672317
1788957285428056800,2.183056884765625,-0.3586240530669689,0.9782119954377412,-0.40701004444286226
1788957285438107600,2.193107666015625,-0.2276210071504116,0.16269231564402578,-0.2466017480827868
1788957285448157400,2.203157470703125,0.1795872632782906,-0.18159926068782806,-0.3856897546470165
1788957285458207500,2.21320751953125,0.16902619484066964,-0.17234920178353785,-0.5236633702285588
1788957285468258600,2.223258544921875,-0.0750152012348175,0.07226970191895961,-0.5173552099950611
1788957285478308600,2.23330859375,-0.1360965696632862,0.3505798628211021,-0.6163581666693091
1788957285488359700,2.243359619140625,0.15097951988801359,0.45329146475493903,-0.7369384566403925
1788957285498409700,2.25340966796875,0.6941080535650253,0.16189385874271392,-0.7370746502406895
1788957285508459500,2.26345947265625,0.8270831302069127,-0.5177466935306787,-0.575606907955557
1788957285518510600,2.273510498046875,0.37387408303841946,-1.1836685170531271,-0.32209581887573
1788957285528560600,2.283560546875,-0.0328815482519567,-1.8139041101664304,0.04641103804111481
1788957285538611700,2.29361181640625,-0.3787713535606861,-2.6673534153819083,0.44311596156880256
1788957285548661800,2.303661865234375,-0.9824844120599329,-3.5887756021052595,0.5597039670333266
1788957285558711800,2.3137119140625,-1.8169278419017791,-4.009823670381308,0.45117724907994267
1788957285568762600,2.3237626953125,-1.8674751029647885,-3.4836703830331563,0.3046588002540171
1788957285578812700,2.333812744140625,-1.610562534878403,-2.5803759736746548,0.26147534595727917
1788957285588862700,2.34386279296875,-1.801725158203393,-1.3286141636043787,0.2555893566586077
1788957285598913800,2.353913818359375,-1.7298714897394178,0.17546879510879515,0.1072811018064618
1788957285608963800,2.3639638671875,-1.1716869873583315,1.5247498991668222,-0.25059724745973944
1788957285619014700,2.3740146484375,-0.6439420469045639,2.3595973797649146,-0.45982963435202834
1788957285629064400,2.384064453125,-0.13970175454840064,2.7646090899974105,-0.6102998895436526
1788957285639114500,2.394114501953125,0.34799306119829415,3.1336914087146517,-0.7301192781448363
1788957285649165600,2.40416552734375,0.6109703361511231,3.2798826714128255,-0.6820185334511101
1788957285659215600,2.414215576171875,0.6938017640948295,3.004159019872546,-0.6501013001866638
1788957285669266700,2.4242666015625,0.5194494057953357,2.6923382190346716,-0.7652016974419354
1788957285679316700,2.434316650390625,0.5682911781147122,1.734198120766878,-0.7850919544346631
1788957285689366500,2.444366455078125,0.46190351801663637,0.588332972407341,-0.5362903582200408
1788957285699417600,2.45441748046875,-0.042058395789563656,0.3686024262458086,-0.3190305860862136
1788957285709467600,2.464467529296875,-0.43968087255358695,0.40222821699380873,-0.24689123254865405
1788957285719517700,2.474517578125,-0.4141303978420794,0.033543373161554334,-0.20576763339117168
1788957285729568800,2.48456884765625,-0.30451398495584725,-0.3981558529883623,-0.04223112200796604
1788957285739618600,2.49461865234375,-0.049874768628925086,-0.519298014625907,0.39954613830298186
1788957285749669600,2.504669677734375,-0.22819252342805266,-0.4852396776795387,0.682263155861944
1788957285759719700,2.5147197265625,-0.6772619865737856,-0.746367817634344,0.5053352479860186
1788957285769769700,2.524769775390625,-0.9329356605149804,-1.2351993823260068,0.094589378015697
1788957285779820800,2.53482080078125,-0.7084231407739222,-1.4900620321452618,-0.2429340193554759
1788957285789870800,2.544870849609375,-0.1409155142523348,-1.4632377381056547,-0.3734774849362671
1788957285799920600,2.554920654296875,-0.10989245334863662,-1.2860159618496894,-0.21153160374537108
1788957285809971500,2.564971435546875,-0.49304669816866514,-0.9350906465917825,-0.43485666726753114
1788957285820021500,2.575021484375,-0.41359965196624393,-0.7860428254187106,-0.7789120967559516
1788957285830072600,2.585072509765625,-0.35536242092251774,-0.7206237200468778,-0.8330036062970757
1788957285840122600,2.59512255859375,-0.28770182023420926,-0.3708206868171692,-0.6384831969767809
1788957285850172700,2.605172607421875,0.11028042975291609,0.06672200466394423,-0.5659542595997452
1788957285860223500,2.615223388671875,0.22094686314873396,0.2961918545514345,-0.7825161125972867
1788957285870273500,2.6252734375,0.08758695190772414,0.24056407535374164,-0.8737281231343745
1788957285880324600,2.63532470703125,-0.11426606532298028,0.3096715138494968,-0.7318437638498843
1788957285890374700,2.645374755859375,-0.2789350878674537,0.9031891954183578,-0.48553895288705823
1788957285900424700,2.6554248046875,-0.18072350076660512,1.4198486782342195,-0.3572860824614763
1788957285910475800,2.665475830078125,0.24471929533705114,1.7960159867763519,-0.7513358153052627
1788957285920525600,2.675525634765625,0.7804943975113332,1.6571838546693325,-1.176382451698184
1788957285930575600,2.68557568359375,0.9748539171814918,1.3838707714021206,-1.22289373524338
1788957285940626700,2.695626708984375,0.9122691584527493,0.8968249210834502,-1.1888348137751221
1788957285950676700,2.7056767578125,1.1422598904091865,0.13980126940011978,-1.190262654621154
1788957285960727800,2.715727783203125,1.5917828694760798,-0.3361404185801744,-1.201419131668657
1788957285970777900,2.72577783203125,1.78096440198645,-0.4548141442775726,-1.271708619555831
1788957285980827600,2.73582763671875,1.6546154654860497,-0.37474750487208364,-1.3960244427934287
1788957285990878500,2.74587841796875,1.3023591938853263,-0.4084253180682659,-1.345513129826635
1788957286000928800,2.7559287109375,1.1066473097581415,-0.6654173811316489,-1.1040563434168695
1788957286010979600,2.7659794921875,1.1634288621008395,-1.1379062983095645,-0.6881758870370686
1788957286021029600,2.776029541015625,0.9639221888005733,-1.6518325567692518,0.0024365794971585274
1788957286031079700,2.78607958984375,0.815942362185195,-1.9112270047992466,0.7053352577611803
1788957286041130500,2.796130615234375,0.753503733928874,-1.8731091633290051,0.9812802969671786
1788957286051180500,2.8061806640625,0.5846609328310937,-1.821907383880019,0.7002934642016887
1788957286061230600,2.816230712890625,0.006095321200415491,-1.7181342901945114,0.47907808630987997
1788957286071281700,2.82628173828125,-0.8096224384486674,-1.450890882229805,0.3217145644731819
1788957286081331700,2.836331787109375,-1.132103164988756,-1.2723375651091335,0.21992124642804264
1788957286091382800,2.8463828125,-1.2560568769156932,-1.234292788875103,0.2929508268035948
1788957286101432600,2.8564326171875,-1.5487480298697947,-0.9787965173274278,0.37221447926312684
1788957286111482000,2.866482177734375,-1.5139023419380186,-0.511886277064681,0.37712943157255646
1788957286121533200,2.876533203125,-0.7405553319633007,-0.005286415970325469,0.1632289067387581
1788957286131583200,2.886583251953125,0.15751820094175636,0.6565893470317125,-0.24540333207845685
1788957286141633000,2.896633056640625,0.8109376127004623,1.443703016552329,-0.643504386139661
1788957286151684000,2.90668408203125,0.9548094925403594,2.040961638215184,-0.9031950406372546
1788957286161734100,2.916734130859375,0.6823661778450012,1.9066069437831639,-0.918145210879296
1788957286171785200,2.92678515625,0.46309327579047527,1.590536668807268,-0.8049377877637743
1788957286181835300,2.936835205078125,0.5699871683776379,1.0854589027136563,-0.6068992873199284
1788957286191885300,2.94688525390625,0.811371401007846,0.767006116515398,-0.46046880903840065
1788957286201936100,2.95693603515625,0.9599486089944839,0.5745926163464784,-0.6513634290769695
1788957286211986200,2.966986083984375,0.7447533681750297,0.17085925548672676,-0.8126334568329155
1788957286222037000,2.977037109375,0.5116119901679456,-0.04377309075295925,-0.7128411033466457
1788957286232087000,2.987087158203125,0.5704593889992684,-0.4728115732610225,-0.6492790240183473
1788957286242137000,2.99713720703125,0.6283120046395808,-0.8598211783349513,-0.5491244130909443
1788957286252188200,3.007188232421875,0.4639805434864014,-0.9046253657013177,-0.39827991775944827
1788957286262238200,3.01723828125,0.24947284653969107,-1.0602905591875313,-0.20594912743791938
1788957286272288000,3.0272880859375,0.33804413330964744,-1.3495920697033406,-0.113290717484802
1788957286282339000,3.037339111328125,0.3639046238183975,-1.7244284219026564,0.18330869495421648
1788957286292389000,3.04738916015625,0.09887545783706009,-2.0899404809176922,0.4863337565265596
1788957286302440200,3.057440185546875,-0.4018985466480255,-2.184194051107764,0.7265700612306595
1788957286312490200,3.067490234375,-1.1526677410464734,-1.9660978281497954,0.9381137938052415
1788957286322540000,3.0775400390625,-1.7814625607669352,-1.5674118138074873,0.7601441217914223
1788957286332591000,3.087591064453125,-1.5982734005391597,-1.0433546219557523,0.555021946696937
1788957286342641200,3.09764111328125,-1.4674914500273764,-0.39690906779766083,0.5357542055167257
1788957286352691200,3.107691162109375,-1.5101650551058352,0.45153497647643087,0.3916613764025271
1788957286362742300,3.1177421875,-1.4233926344513892,1.0975053143382072,0.21153423409387467
1788957286372792300,3.127792236328125,-1.1554431971091776,1.6268968529552221,-0.055430941451340913
1788957286382843100,3.137843017578125,-0.8764965649344026,1.9083827212840319,-0.3515836330361664
1788957286392893200,3.14789306640625,-0.5961248683925717,2.0226246020138263,-0.4417401431709528
1788957286402943200,3.157943115234375,-0.18178835351914166,2.017102623721957,-0.6109903560258447
1788957286412994000,3.167994140625,-0.2999872282464057,1.6703899577230215,-0.449710683658719
1788957286423044000,3.178044189453125,-1.0539163479804992,1.4376146365493536,-0.259881062503159
1788957286433095200,3.18809521484375,-1.5973896034419535,1.7754525066971778,-0.245116770222038
1788957286443145000,3.19814501953125,-0.8045068490006029,1.4184616077899932,-0.39661315359100696
1788957286453195000,3.208195068359375,0.1743991200506687,1.4185931252151727,-0.9026168023578822
1788957286463246000,3.21824609375,0.5107119725883007,1.520313962545991,-1.4000102975592017
1788957286473296100,3.228296142578125,1.5163925513185559,0.6875801131010055,-1.5212157336913048
1788957286483346200,3.23834619140625,1.8987201360560952,-1.0707266130059956,-1.1706444925680757
1788957286493397200,3.248397216796875,1.071158574682474,-2.55222364590168,-0.5332410536520182
1788957286503447000,3.258447021484375,0.5701940160613507,-2.9935312428742646,-0.031111031448096037
1788957286513498000,3.268498046875,0.01872588938847184,-3.3744916309118267,0.25039397997260093
1788957286523548200,3.278548095703125,-0.373224094697088,-2.8765479544818398,0.26665311392135915
1788957286533598200,3.28859814453125,-0.924990692859888,-1.4991969402372836,0.47410577779002483
1788957286543649300,3.298649169921875,-0.9483599510747939,-0.4775964694499969,0.8022970639966428
1788957286553699300,3.30869921875,-0.5289526357430965,-0.21628069796860216,1.066006744877249
1788957286563750100,3.318750244140625,-0.20392098261117933,0.07783493483066559,1.0257972648900002
1788957286573800200,3.32880029296875,0.22519772552624343,0.6668243253201246,0.8035184224851429
1788957286583850200,3.338850341796875,0.363300374314934,1.3798884237676858,0.3690692400399595
1788957286593901000,3.348901123046875,0.035841713231801985,1.736997396096587,0.08364289045706391
1788957286603951000,3.358951171875,0.0912592106796801,1.8229174377053976,0.055514820342510936
1788957286614001200,3.369001220703125,0.584976793847233,1.5106033003926276,0.05796374786458909
1788957286624052000,3.379052001953125,0.5128068990409373,1.1416489919692276,-0.08696582433469593
1788957286634102000,3.38910205078125,0.48658422415629027,1.4019447727531194,-0.4220630174722522
1788957286644153000,3.399153076171875,1.0618892265558242,1.1422703387379645,-0.8703065511878579
1788957286654203100,3.409203125,1.0578186161160468,0.25136545535326005,-1.1514446289923042
1788957286664253200,3.419253173828125,0.28348727127909656,-0.3163905929714441,-1.1838476730123162
1788957286674304300,3.42930419921875,-0.5248738419968635,-0.45985447653234,-0.976921955627203
1788957286684354000,3.43935400390625,-1.1091163302201776,-0.22016075427234172,-0.6548920415945351
1788957286694404000,3.449404052734375,-0.7281787385363131,-0.23977380175888538,-0.7067133411813527
1788957286704455200,3.459455078125,0.20289105504155158,-0.5243979681134223,-0.4779493745408952
1788957286714505200,3.469505126953125,0.6737667648691683,-0.47620530735254285,-0.12030739131383597
1788957286724556300,3.479556396484375,0.7074246312558651,-0.3604612053662538,0.10399820767827331
1788957286734606300,3.4896064453125,0.7091851381223648,-0.5040092600792646,0.05860496837757528
1788957286744656100,3.49965625,1.2341057418704031,-0.7447370015621185,-0.12730864837802947
1788957286754707200,3.509707275390625,1.778219633322954,-0.8223416347682475,-0.3030816871304065
1788957286764757200,3.51975732421875,1.581222897017002,-0.6547615470826625,-0.22029994354732332
1788957286774808000,3.52980810546875,0.8204385045606643,-0.4298667500257492,-0.16710523671545088
1788957286784858000,3.539858154296875,-0.1716236639879644,-0.44779812803566454,-0.17708572878614068
1788957286794908200,3.549908203125,-0.8631891934633255,-0.48329146622121333,-0.18818799142837522
1788957286804959000,3.559958984375,-0.5871569143652916,-0.4894517424166202,-0.34170930475369093
1788957286815009000,3.570009033203125,0.030022140232846137,-0.6455354535758495,-0.34652357316762206
1788957286825059000,3.58005908203125,0.10683533080033958,-0.5205769485205411,-0.2866233773477375
1788957286835110100,3.590110107421875,0.08840776677131652,-0.3482587263971567,-0.19264504390247164
1788957286845160200,3.60016015625,0.023210268260911104,-0.5662228474080562,-0.11315043223127721
1788957286855211300,3.610211181640625,-0.3671159140150994,-0.8719956002533436,-0.040701135961711404
1788957286865261000,3.620260986328125,-0.577562572067976,-0.9084270960718392,0.01592851375490427
1788957286875311000,3.63031103515625,-0.2535164959073067,-0.4972083478927612,0.18980185636579988
1788957286885362200,3.640362060546875,0.10969020877480506,0.07473404620587826,0.13889460288397967
1788957286895412200,3.650412109375,0.617490020243451,0.42080140003859995,-0.08087927096262573
1788957286905463300,3.66046337890625,1.0541711264591664,0.562351558932662,-0.26338826690651473
1788957286915513000,3.67051318359375,0.9058732468705624,0.7114151621967554,-0.22921076055988668
1788957286925563100,3.680563232421875,0.4314589876532554,0.6893968071341514,-0.1604280239738524
1788957286935614200,3.6906142578125,0.11935242867656051,0.3071750208586454,-0.09579451602175831
1788957286945664300,3.700664306640625,-0.39525479778461153,-0.31461189286112784,-0.12020933776684105
1788957286955714300,3.71071435546875,-0.482803390443325,-0.3874292917907238,-0.13035970651172102
1788957286965765000,3.72076513671875,-0.016319924225285647,-0.12737608759105204,-0.06927103155963123
1788957286975815200,3.730815185546875,0.32931839054040607,0.007152794364094734,0.09452098895460366
1788957286985866000,3.740865966796875,0.1767862343829125,0.23587679432034492,0.2437901977933943
1788957286995916000,3.750916015625,-0.06505261014699935,0.14832885924875736,0.3206205221587792
1788957287005966000,3.760966064453125,-0.15052030487842857,-0.10771101765632629,0.4120066836863756
1788957287016017200,3.77101708984375,0.06636537324599921,-0.3053384530812502,0.4385693676477298
1788957287026067200,3.781067138671875,0.36774478650316594,-0.37262218328118324,0.418967024218291
1788957287036117000,3.791116943359375,0.4117151533938944,-0.46836803785562514,0.2322704769240692
1788957287046168000,3.80116796875,0.014392097967863083,-0.6933803238123655,0.22373477683421222
1788957287056218000,3.811218017578125,-0.31020576685667034,-1.0000789593309163,0.2944001853616908
1788957287066269200,3.821269287109375,-0.20023506064005195,-1.1969120295077562,0.32021113764028997
1788957287076319200,3.8313193359375,-0.41842188449092205,-1.262096157079935,0.15320234703663735
1788957287086369000,3.841369140625,-0.9774798087056725,-1.4406360301971435,-0.24734993610158562
1788957287096420000,3.851420166015625,-1.077845651230961,-1.4053835150301455,-0.34706275807823983
1788957287106470100,3.86147021484375,-0.9369267029125243,-1.0462690480977297,-0.13215933981221167
1788957287116521500,3.871521484375,-0.7249955053903162,-0.4136930293381214,0.2868386275336146
1788957287126571500,3.881571533203125,-0.7615292925395071,0.3096247520983219,0.704034769621864
1788957287136621600,3.89162158203125,-0.8411481881774961,0.801087249815464,0.980809829911217
1788957287146672400,3.90167236328125,-1.0569406642377377,1.3215484630018473,1.0065031471595167
1788957287156722400,3.911722412109375,-1.0431963626541196,1.427837338900566,0.7824401978168636
1788957287166772500,3.9217724609375,-0.775762254422903,1.2007552609324454,0.5628950181595981
1788957287176823300,3.9318232421875,-0.44801980796232815,0.8727449573159217,0.6367433675721287
1788957287186873300,3.941873291015625,-0.5959598140239715,0.43622927079498763,0.38065431776307523
1788957287196924400,3.95192431640625,-0.4862215283237397,-0.05692249518334865,0.01759476646669209
1788957287206974500,3.961974365234375,-0.31770985887646674,-0.5919558390796185,-0.11451456019133328
1788957287217024500,3.9720244140625,-0.0468261947132647,-1.096824930858612,-0.0474682189438492
1788957287227075600,3.98207568359375,-0.28557971351370215,-1.2222832021296024,-0.11879903257749974
1788957287237125400,3.99212548828125,-0.8402152912415564,-1.1388158143699167,-0.5386083528388291
1788957287247175400,4.002175537109375,-0.8526688223622739,-0.9344564403414726,-0.9605414603210986
1788957287257226500,4.0122265625,-0.8771908308088779,-0.46652387129366396,-1.0495950507152825
1788957287267276500,4.022276611328125,-1.1695290786720811,0.13396072667837142,-0.8390271774355321
1788957287277327600,4.03232763671875,-0.8494530751861631,0.9869225406378507,-0.5606257580533623
1788957287287377700,4.042377685546875,-0.4370227592602372,1.2987655533075333,-0.34359219589084383
1788957287297427500,4.052427490234375,0.19528876334428785,1.1084341201096772,0.03596278232820332
1788957287307478500,4.062478515625,0.39245384195446964,1.109016303911805,0.2607080879118293
1788957287317528600,4.072528564453125,0.5146611486054956,1.3727753768920898,0.25583682861365376
1788957287327579400,4.082579345703125,0.35975451840162276,1.2032540920108556,0.07931048727594316
1788957287337629400,4.09262939453125,0.2922375639677048,0.7307774497926235,-0.11833726028464733
1788957287347679500,4.102679443359375,0.45290524191632864,0.5438011722415685,-0.36447255989946425
1788957287357730300,4.112730224609375,0.5784124668955802,0.6516413692355155,-0.5707807299081236
1788957287367780400,4.1227802734375,0.523427807907015,0.5108376447945833,-0.6183991709776222
1788957287377830400,4.132830322265625,0.36096579388752575,0.17619652486145496,-0.41066242947056886
1788957287387881500,4.142881591796875,0.27993469336405397,-0.005907762739062309,0.013058072885125874
1788957287397931500,4.152931640625,0.4626642732560634,0.10343991620838641,0.23775508234761655
1788957287407982600,4.162982666015625,0.7251146017253398,0.5027116214841604,0.20832389374524354
1788957287418032400,4.173032470703125,0.9796526957653462,1.2055553546905518,-0.37326837223023174
1788957287428082400,4.18308251953125,1.2393383818268775,0.9804694189757108,-0.7239891048267483
1788957287438133500,4.193133544921875,1.200836947866529,0.34169513009786606,-0.7858088705323636
1788957287448183600,4.20318359375,1.344434248548746,-0.04142039014697075,-0.7930719934031367
1788957287458234600,4.213234619140625,1.5664613812148571,-0.6864753667294978,-0.738252461848408
1788957287468284400,4.223284423828125,1.2226188638247548,-1.1383575492084026,-0.4175143411919474
1788957287478334500,4.23333447265625,1.0089280362188815,-1.6524018810898065,0.047857145196199415
1788957287488385500,4.243385498046875,1.069981201466173,-1.9645850854992866,0.33908728568702934
1788957287498435600,4.253435546875,0.950069969863072,-1.9037638293117283,0.25606355004161596
1788957287508485600,4.263485595703125,0.6465151122629642,-1.643478569921851,0.015609510933607816
1788957287518536400,4.273536376953125,0.4316682464897632,-1.2277420520573854,-0.07088979186788201
1788957287528586500,4.28358642578125,0.3528291030526161,-1.0448130040705204,-0.4087264929719269
1788957287538637300,4.29363720703125,0.2540191847324371,-0.9147142135173082,-0.5319485296234489
1788957287548687400,4.303687255859375,-0.021214783594757317,-0.6564923163980245,-0.3639470016553998
1788957287558737400,4.3137373046875,-0.39453824701309204,-0.19217267715036868,-0.1178562718346715
1788957287568788500,4.32378857421875,-0.5366505698345602,0.2176560779750347,0.02860986228212714
1788957287578838500,4.333838623046875,-0.43458150358796116,0.6881342398524284,0.08128989759013057
1788957287588888300,4.343888427734375,0.1142973372440785,1.0523439840972424,0.11161971553266048
1788957287598939400,4.353939453125,0.6068761256400496,1.1295365293711424,0.13095263090357184
1788957287608989400,4.363989501953125,0.49080417993888253,0.9847393513798713,0.1304081487633288
1788957287619040500,4.37404052734375,-0.02927643643207848,0.6809305920839309,0.0535797606267035
1788957287629090600,4.384090576171875,0.1278700085878372,-0.13573241252601145,0.05486059421747923
1788957287639140400,4.394140380859375,0.2664581028059125,-0.5378606762766838,0.02325155011937022
1788957287649191400,4.40419140625,0.19609554968252776,-0.40093876170516013,-0.07793722616136074
1788957287659241500,4.414241455078125,0.223220726364851,-0.30386195078790185,-0.2203409331448376
1788957287669292500,4.42429248046875,0.41808395777344703,-0.5587947432339191,-0.35647885773181914
1788957287679342600,4.434342529296875,0.31665216651707884,-0.9538140517622232,-0.39054976189881563
1788957287689392600,4.444392578125,0.10700856847539543,-1.042806924945116,-0.37705505116209387
1788957287699443500,4.454443359375,-0.33946225647926326,-0.8082675167083739,-0.366982350763306
1788957287709493500,4.464493408203125,-0.5660803701974452,-0.703207890343666,-0.36737427269034084
1788957287719543600,4.47454345703125,-0.4341851977467537,-0.4876707042187452,-0.2726914442375302
1788957287729594400,4.484594482421875,-0.6914042014338075,0.32803660710155963,-0.05474800068847835
1788957287739644400,4.49464453125,-0.9738311500050127,1.2167021871268748,0.3898167714491486
1788957287749695500,4.504695556640625,-0.8659493058264255,1.5881752003729341,0.7581802013073116
1788957287759745500,4.51474560546875,-0.763484956651926,1.6869348498106003,0.7254162150204181
1788957287769795300,4.52479541015625,-0.200597245015949,1.6734978606104849,0.5371709404468537
1788957287779846400,4.534846435546875,0.32956878510490056,1.2644324910730123,0.08780461324639618
1788957287789896400,4.544896484375,0.23436069066897033,0.5814297688901424,-0.6079259269539267
1788957287799946500,4.554946533203125,-0.3811361829958856,-0.2883545850545168,-0.953430313141644
1788957287809997600,4.56499755859375,-1.6104080749690532,-0.8356453529775142,-0.8522074884608387
1788957287820047400,4.57504736328125,-2.2659330076396462,-0.9254933816850185,-0.617544453844428
1788957287830098400,4.585098388671875,-1.0571616135120392,-1.2332120079010724,-0.6338865899015218
1788957287840148500,4.5951484375,0.30747838771939273,-1.3964794930845499,-0.7931510499887168
1788957287850198500,4.605198486328125,0.5293228572949766,-1.1732821475952864,-1.1569196263372898
1788957287860249600,4.61524951171875,0.3017128099299967,-0.8478437402933835,-1.2924701064251363
1788957287870299600,4.625299560546875,-0.46447614498361944,-1.014406759890914,-1.2603836540736257
1788957287880350500,4.6353505859375,-0.8169628643393516,-1.104859184232354,-1.2467460277348756
1788957287890400500,4.645400390625,-0.41174306431412694,-1.030201125872135,-0.7581037020049989
1788957287900450600,4.655450439453125,-0.23543606481552123,-0.7864315324753522,0.11944496579822152
1788957287910501400,4.66550146484375,-0.26879356001615523,0.0016758242577314376,0.6452937537744641
1788957287920551400,4.675551513671875,-0.16872443541511892,0.7121364622086286,0.7939611973278224
1788957287930601500,4.6856015625,-0.15803952140212058,0.8766600849330425,0.6353619231510907
1788957287940652300,4.69565234375,-0.06758256701603531,0.7340536949843168,0.4184808481365442
1788957287950702300,4.705702392578125,0.007509937238693237,0.7496078224688768,0.41116910035107285
1788957287960753400,4.71575341796875,-0.2829376745723188,1.1616630214720964,0.6307531872466207
1788957287970803500,4.725803466796875,-0.587835982670635,1.7018015795528887,0.7651395919911563
1788957287980853500,4.735853515625,-0.6302874694310129,1.861563102442026,0.867770383773744
1788957287990904600,4.745904541015625,-0.48676644885540005,1.4917039541333912,0.7185152034603058
1788957288000954400,4.755954345703125,-0.17588862795606255,0.5419955841243267,0.5016496548084541
1788957288011004400,4.76600439453125,0.15459551842808722,0.07911386872529982,0.2999881050292402
1788957288021055500,4.776055419921875,0.43773806792274117,-0.2286445049792528,-0.06686970603894442
1788957288031105500,4.78610546875,0.25561390657797456,-0.355574602368474,-0.6871071618270128
1788957288041156600,4.796156494140625,-0.476572387099266,-0.0925000045210123,-0.9984323611676692
1788957288051206700,4.80620654296875,-1.027488798173517,0.5343015224903822,-0.8226119761422276
1788957288061256400,4.81625634765625,-1.3621172047555445,0.8012053232371806,-0.440431910116598
1788957288071307500,4.8263076171875,-1.5826900469601153,0.6705950760304927,-0.0592201411338523
1788957288081357600,4.836357666015625,-1.18992991553545,0.5773749405413866,0.03911151041639969
1788957288091408400,4.846408447265625,0.11564297969937323,0.5472404990404844,-0.04251682534785941
1788957288101458400,4.85645849609375,0.5393547142267227,0.4799591069281101,-0.06884135317178443
1788957288111508000,4.866508056640625,1.0969196234047411,0.2615016494423151,-0.1171758518224582
1788957288121558800,4.876558837890625,1.3879904816806317,-0.1281938337147236,-0.1167988534699194
1788957288131609000,4.886609130859375,1.0596051342066377,-0.2733124987453222,-0.14981142595671115
1788957288141659000,4.896658935546875,0.8432922144688665,-0.13321312318146228,-0.1391021812200546
1788957288151709700,4.906709716796875,1.1105192558206618,-0.32262393440306186,-0.2934934823129326
1788957288161759700,4.916759765625,1.6138777969062328,-0.8750684318274259,-0.5158854297034442
1788957288171810800,4.926810791015625,1.667442213833332,-1.3373551039427518,-0.45001397745423016
1788957288181860900,4.93686083984375,1.4783818234845996,-1.3843687840521335,-0.3919200638713315
1788957288191910700,4.94691064453125,0.9935386708419769,-1.4030232156395912,-0.564109362385422
1788957288201961700,4.956961669921875,-0.04755560496635735,-1.6321195560395716,-0.4633214219905436
1788957288212011800,4.96701171875,-0.9473956360872834,-1.5106056384801865,-0.3067756828101352
1788957288222062800,4.977062744140625,-1.1526982092499731,-1.1290203965425492,-0.13754991027675567
1788957288232113000,4.98711279296875,-1.0223322921931743,-0.8001654587954282,0.044177981759421524
1788957288242163000,4.997162841796875,-0.6529201569996774,-0.42431554563939566,0.07533992141084746
1788957288252214000,5.007214111328125,-0.10612813237905502,0.1687304267644882,-0.013006744556687771
1788957288262263800,5.017263916015625,-0.22124971855282782,0.6496651007264852,0.09754998138695954
1788957288272313900,5.02731396484375,-0.7648235117793083,1.2213619956314563,0.2803334103580564
1788957288282365000,5.037364990234375,-0.9165630562543868,1.4826818587660788,0.4925181077172979
1788957288292415000,5.0474150390625,-0.5099987097524106,1.4169839364528656,0.48410658199638124
1788957288302465800,5.0574658203125,0.7977906924881041,1.2164344761013983,0.3601396087290719
1788957288312516000,5.06751611328125,1.9748691636264324,0.9878735577523707,0.2966876569780521
1788957288322566000,5.07756591796875,1.5288834918402134,0.5964987432062625,0.36388489620462056
1788957288332616700,5.08761669921875,0.01937660838216543,0.20598726749122143,0.39937852665111423
1788957288342666800,5.097666748046875,-0.5171138024546206,-0.19696984829902647,0.352983307233639
1788957288352716800,5.107716796875,0.01797054097652435,-0.8174538627266883,0.1966479228682816
1788957288362768000,5.117767822265625,1.0692213230095804,-1.5800117676615715,-0.010860097049968317
1788957288372817700,5.127817626953125,1.3193103286862373,-2.237221876940131,-0.28206211558049543
1788957288382868700,5.13786865234375,0.23154300289973614,-2.5714918254733083,-0.18423549094293265
1788957288392918800,5.147918701171875,-1.244620267752558,-2.796647319293022,0.20812205103021114
1788957288402968800,5.15796875,-1.441479056892544,-3.129619629231095,0.5236053564310074
1788957288413020000,5.16802001953125,-1.606154216916859,-2.6380513330519197,0.8819792341291904
1788957288423070000,5.178070068359375,-1.3190415947474539,-2.2332576494842766,0.8006802764497697
1788957288433121000,5.18812109375,-0.23223989912271498,-1.7206331212729216,0.4177722614757716
1788957288443170800,5.1981708984375,0.7154371111892164,-1.026281322079897,0.1507496383885853
1788957288453220900,5.208220947265625,0.20261267649158834,-0.16223112787306307,-0.05700750658567995
1788957288463272000,5.21827197265625,-0.5747348012961447,0.48370706128478047,-0.10761769508337601
1788957288473322000,5.228322021484375,-0.7486429229594767,1.0637357312053441,0.14005463223983533
1788957288483372000,5.2383720703125,-0.8611465817198157,1.6080875230669975,0.5084910816684365
1788957288493422800,5.2484228515625,-0.7783985942758619,2.044762784063816,0.7133730913314968
1788957288503473000,5.258472900390625,-0.7174132335677742,2.1497300559699535,0.736813880412653
1788957288513523700,5.268523681640625,-1.0814508361160755,2.3072727337658403,0.443889649355039
1788957288523573800,5.27857373046875,-1.2733224844932556,2.493427173539996,0.27974320764625443
1788957288533623800,5.288623779296875,-1.0821940556988119,2.4105437231481073,0.27576420274637636
1788957288543675000,5.2986748046875,-1.0973591838657855,2.137415933319926,0.24788433523923156
1788957288553724700,5.308724609375,-0.8890580864742398,1.7007126152724026,0.2020955755486153
1788957288563775700,5.318775634765625,-0.624211802779138,1.2678542822152374,0.03416264442092506
1788957288573825800,5.32882568359375,-0.5588673700787127,0.80320205001235,0.02287041444783099
1788957288583875800,5.338875732421875,-0.3436334046840668,0.23732991573810577,0.05605632964095566
1788957288593927000,5.348927001953125,-0.48878421841859815,-0.481865232810378,-0.03286224076328799
1788957288603977000,5.35897705078125,-0.8681880246639251,-1.1976613865703343,0.08654325154107063
1788957288614026800,5.36902685546875,-0.9030128159381449,-1.4342904605627058,0.3650988385716453
1788957288624077800,5.379077880859375,-0.6643418608546257,-1.424754570454359,0.6125695149760693
1788957288634128000,5.3891279296875,-0.7248056819066405,-1.3126029400020838,0.7209063363805412
1788957288644179000,5.399178955078125,-1.6235519264414906,-0.9106424340337514,0.6139657916400582
1788957288654229000,5.40922900390625,-1.8627230861321091,-0.4126473196774721,0.3460129202317446
1788957288664278800,5.41927880859375,-0.7704442742705345,0.1938362264484167,0.07272956994909327
1788957288674329900,5.429329833984375,0.431275155518949,0.4055962321221828,-0.023512577959022018
1788957288684380000,5.4393798828125,1.3034335451185703,0.2700660641700029,0.04816246655201539
1788957288694430000,5.449429931640625,2.1271647345490754,-0.1113444057226181,0.27602939302120355
1788957288704480800,5.459480712890625,1.8419627683065831,-0.6329407604187727,0.5836829546444118
1788957288714531000,5.469531005859375,0.6271110313519835,-1.6512778454959391,0.9798776636276394
1788957288724582000,5.479581787109375,-0.020641952142864465,-2.7826228855937716,1.4336197216942905
1788957288734631700,5.489631591796875,0.2302301667355001,-3.121633891174197,1.6946365102291105
1788957288744681700,5.499681640625,0.5753814286366105,-2.1015900021791456,1.4926158082813024
1788957288754732800,5.50973291015625,0.4785296586468816,-0.8431465223878621,1.1402883711405098
1788957288764782800,5.519782958984375,0.43625791236758227,-0.28067046029269693,0.7613723484121263
1788957288774834000,5.529833984375,0.19097879119068384,-0.04503741160035133,0.19020378823019563
1788957288784884000,5.539884033203125,-0.04330225837081671,0.21291326736211774,-0.3170690767548978
1788957288794933800,5.549933837890625,-0.043853316382318736,0.8716285205066203,-0.48543794019799674
1788957288804984800,5.55998486328125,0.027117139506340024,1.8835510623663663,-0.2657884051171131
1788957288815035000,5.570034912109375,0.35810616667270656,2.6433202133655547,0.1322540323583409
1788957288825085000,5.5800849609375,0.4865925535932183,2.841390716382861,0.5417160365305841
1788957288835136000,5.590135986328125,0.19984832634478805,2.4508517681390045,0.7255068889785558
1788957288845185800,5.600185791015625,0.41549803293347354,1.5972832204580305,0.6955243501037359
1788957288855236900,5.61023681640625,0.6217872059807181,0.789113903427124,0.555885577788949
1788957288865287000,5.620286865234375,0.3848471663430333,0.20572131003141403,0.47521611365210265
1788957288875337000,5.6303369140625,0.07503039880394935,-0.34234219582974906,0.49043151070158925
1788957288885387800,5.6403876953125,0.10253215371370315,-0.8283394138783216,0.4677065782722085
1788957288895438000,5.65043798828125,0.42218934726566076,-1.0390309135377407,0.2915886716049164
1788957288905489000,5.660489013671875,0.865735663075745,-1.2487532759040594,-0.009979816217254847
1788957288915538700,5.67053857421875,0.7945753837034106,-1.7507745770365,-0.41564083893764764
1788957288925588700,5.680588623046875,-0.2964472906172275,-2.0427643037229775,-0.5883433476708829
1788957288935639800,5.690639892578125,-1.8024492346942425,-2.084818900120258,-0.4814308234484866
1788957288945689900,5.70068994140625,-2.150855552868545,-1.4527701201051473,-0.46062586276363576
1788957288955740000,5.710739990234375,-1.6245777623578905,-0.7635632825851439,-0.2707488588023931
1788957288965790700,5.720790771484375,-0.6548528786279261,-0.1096837790340185,0.038790571366343646
1788957288975840800,5.7308408203125,0.4364774003371596,0.49039223813712596,0.2841774089677259
1788957288985891800,5.740891845703125,0.628829525707662,0.8850403752654791,0.39248010890688745
1788957288995942000,5.75094189453125,0.6247204829536378,0.9087187724947929,0.4324273942939937
1788957289005992000,5.760991943359375,0.6917527226105332,0.898675517386198,0.4501268632441759
1788957289016043000,5.77104296875,0.379262059687078,0.3896814546316862,0.8955402150351554
1788957289026092800,5.7810927734375,0.5493602676734328,-0.33671325003206726,1.0991976513393222
1788957289036143900,5.791143798828125,0.6549477173045277,-1.069215039399266,1.0672914509255438
1788957289046194000,5.80119384765625,-0.7349857151374221,-1.786754237434268,0.865261908084154
1788957289056244000,5.811243896484375,-0.764859459875524,-1.6685335162013768,0.21719591311737893
1788957289066294800,5.821294677734375,0.33518823242187495,-1.0103998623371124,-0.19117939179670065
1788957289076345000,5.831344970703125,0.09517156181782484,-0.6067477500200271,-0.10663462059646844
1788957289086395000,5.841394775390625,0.7204197219073772,-0.04562602514326572,0.07153813624139875
1788957289096445700,5.85144580078125,1.7754206502541898,0.2520119365632534,-0.20248382594753056
1788957289106495700,5.861495849609375,0.9539981761574745,0.0504851556122303,-0.5637684765258804
1788957289116547300,5.87154736328125,-0.5657929315581918,-0.02371931376159191,-0.37961204216852784
1788957289126597400,5.881597412109375,-0.7419613993689418,0.6616571518152952,-0.16099358543474226
1788957289136647400,5.8916474609375,-0.7858721450269222,0.9397270742207765,0.2633308010982349
1788957289146698500,5.901698486328125,-1.1960329085856676,0.8166384546905755,1.1297034103706478
1788957289156748300,5.911748291015625,-0.6448933562800288,0.852063403815031,1.8512579815268515
1788957289166799400,5.92179931640625,0.4031248735725879,0.6940607072919607,1.790408229897171
1788957289176849400,5.931849365234375,0.27474311607033014,0.39843174732029435,1.2066812899805606
1788957289186899500,5.9418994140625,-1.370451317858696,0.6182762752503156,0.9769419755019247
1788957289196950500,5.951950439453125,-2.498167646065354,1.7005390122711657,1.089539303895086
1788957289207000600,5.96200048828125,-2.1404957791566845,2.3617834916323424,1.2012998161379247
1788957289217050400,5.97205029296875,-1.3567045320570468,1.948362264972925,1.1559497583918272
1788957289227101400,5.982101318359375,-0.24111995567083358,1.3133143031418322,0.811905142558366
1788957289237151500,5.9921513671875,1.2751776108406483,0.4587140743255615,0.2074893060846254
1788957289247202300,6.002202392578125,2.077894653815031,-0.4676467378437519,-0.47588378378059715
1788957289257252400,6.01225244140625,1.7394129328057168,-1.3168401391804216,-0.5792405152175575
1788957289267302400,6.022302490234375,0.7708895338200032,-1.5425246253103018,-0.4599588502222672
1788957289277353200,6.032353271484375,-0.31020927398800846,-2.1053964087247845,-0.27049148650784044
1788957289287403300,6.0424033203125,-1.461451000819355,-2.3854665650367735,0.41647951825149354
1788957289297454300,6.052454345703125,-0.8522716397382318,-1.1544997057139872,1.1896150774326175
1788957289307504400,6.06250439453125,0.537949815864861,0.1514332550048828,1.0183001140676438
1788957289317554400,6.072554443359375,1.0711012915372848,-0.8393424539297819,0.32502387168426067
1788957289327605500,6.08260546875,0.7980743317350745,-1.4334832358330487,0.20529888336826116
1788957289337655300,6.0926552734375,0.38489948105216026,-0.9312970995277166,0.4923380749752745
1788957289347705300,6.102705322265625,-0.08270137182325124,-0.49491234591007227,0.7609805726155638
1788957289357756400,6.11275634765625,-0.4355518099248409,-0.30503800882995125,0.6958833926744759
1788957289367806500,6.122806396484375,-0.372874404476583,0.05067980140149593,0.6704008686326444
1788957289377857500,6.132857421875,0.09714519997835158,0.70528937279284,0.8451495327733457
1788957289387907600,6.142907470703125,-0.1942480221197009,1.218300269973278,0.8308115761455148
1788957289397957400,6.152957275390625,-0.8284908050477504,1.4319874443173408,0.5910555292390287
1788957289408008400,6.163008544921875,-0.9364508290290832,1.5288812998831272,0.3029141485437751
1788957289418058500,6.17305859375,-0.6380351609483361,1.5268687910169363,-0.08738251537680626
1788957289428109300,6.183109375,-0.3245429197669029,1.2937743208914994,-0.1975743169981986
1788957289438159400,6.193159423828125,-0.34058307720273734,1.1678308964520692,-0.10024842669069767
1788957289448209400,6.20320947265625,-0.6409501716122031,1.2263713482260703,0.013538038421794771
1788957289458260200,6.21326025390625,-1.1128323550686239,1.2965361868202685,0.09171813342832029
1788957289468310300,6.223310302734375,-1.2964511388853193,1.459836989751458,0.31223931851089
1788957289478360300,6.2333603515625,-0.4776446925058961,1.725352551010251,0.5053006150640547
1788957289488411400,6.243411376953125,0.6195170690916478,1.5569225684970616,0.2507035573784262
1788957289498461400,6.25346142578125,1.299990272796899,0.8493418698966503,-0.061129153092950576
1788957289508512500,6.263512451171875,1.9398457810401915,-0.46698622810840607,-0.18567776217311618
1788957289518562300,6.273562255859375,2.4074305595636365,-1.3909493314862251,-0.3511623388841748
1788957289528612400,6.2836123046875,1.2253683086633682,-2.2570739938795565,-0.3176278796814382
1788957289538663400,6.293663330078125,-0.7984604084432124,-2.8842648124694823,-0.33056495653539897
1788957289548713500,6.30371337890625,-1.441644038195908,-3.1125059973448512,-0.42154688464365897
1788957289558764500,6.3137646484375,-0.2586171800471842,-3.31877792699635,-0.2402216185916215
1788957289568814600,6.323814697265625,0.7073975971184671,-3.3063509916216134,-0.2514399818941951
1788957289578864400,6.333864501953125,1.3204824412055314,-3.5031408071786165,-0.3690878716751933
1788957289588915500,6.34391552734375,1.4841504700139163,-3.483038514870405,-0.5129169352866709
1788957289598965500,6.353965576171875,0.5928539569631218,-2.51490426133275,-0.4647662139713764
1788957289609015600,6.364015625,0.03280015357881784,-1.3267629827797411,-0.14610811445936558
1788957289619066400,6.37406640625,-0.022958850783109663,-0.2801175025850534,0.22317513365745542
1788957289629116400,6.384116455078125,-0.2750014747455716,0.3803519007503986,0.5482411274503917
1788957289639167200,6.394167236328125,-0.4162491435617208,0.9657160864800214,0.9506794069983064
1788957289649217300,6.40421728515625,0.013704992486536501,1.8587141427516936,1.4001529209002852
1788957289659267300,6.414267333984375,0.17632219706773758,2.4135645322740076,1.3568677597947418
1788957289669318400,6.424318359375,-0.15139263073354958,2.5670909601658582,1.2329970499761402
1788957289679368400,6.434368408203125,0.25043226615637537,2.69027076511085,1.2593788609452545
1788957289689419500,6.44441943359375,0.47196430878192186,2.398194529184699,1.1865109008722006
1788957289699469300,6.45446923828125,-0.2986404167473316,1.8001853814154862,1.0922956899311393
1788957289709519400,6.464519287109375,-0.6241340613678097,1.2162871765851975,0.9516405071154236
1788957289719570400,6.4745703125,-0.6368415672495961,0.6288029299616813,0.6357295143544673
1788957289729620500,6.484620361328125,-0.6938061480090022,0.04177870206534862,0.2784053283723071
1788957289739670500,6.49467041015625,-0.45964989387094973,-0.5361906972378492,0.13268840518761427
1788957289749721300,6.504721435546875,-0.09348317033946514,-1.0016361256450415,0.11453410514201968
1788957289759771400,6.514771484375,-0.4144713202342391,-1.3712573735445737,0.00861095728315413
1788957289769822500,6.524822509765625,-0.699002255347371,-1.7427555212318897,-0.1403279601553455
1788957289779872500,6.53487255859375,-0.0013183891221880911,-1.9779782355576752,-0.22631032641064375
1788957289789922600,6.544922607421875,0.36944676811546084,-2.473311437228322,-0.11815697181429713
1788957289799973400,6.554973388671875,0.017789631451666354,-2.566119484785199,0.017905220655351876
1788957289810023400,6.5650234375,-0.3276403012603521,-2.361726208487153,0.2038660375535488
1788957289820074200,6.57507421875,-0.8290612984120845,-1.7224539069592952,0.39339568938184527
1788957289830124300,6.585124267578125,-0.5322817071005702,-0.5632715963870286,0.23033947232887148
1788957289840174300,6.59517431640625,0.40299043353796005,0.1299842242628336,-0.07705748418476432
1788957289850225400,6.605225341796875,0.2962728108331561,0.46334173412621016,-0.2946666908107698
1788957289860275500,6.615275390625,-0.028931495451927185,0.6449626221239566,-0.3171941644392907
1788957289870326500,6.625326416015625,-0.12121464235186576,0.7077531325578689,0.100990550294891
1788957289880376300,6.635376220703125,-0.7904758394300937,0.8125152372807264,0.6556099806055427
1788957289890426400,6.64542626953125,-1.3475889131873846,0.9761731830865145,1.1567005767591296
1788957289900477400,6.6554775390625,-1.335644208371639,1.1536351978391408,1.1822015132404864
1788957289910527500,6.665527587890625,-1.1235641769632696,1.466312323245406,0.8897592204809188
1788957289920577300,6.675577392578125,-0.7891407914340496,1.8353683384776114,0.4067173085739836
1788957289930628400,6.68562841796875,-0.3906058760002255,2.136521030306816,-0.040443772800313305
1788957289940678400,6.695678466796875,0.048179801279306406,1.632217755717039,-0.2296287667762488
1788957289950729500,6.7057294921875,-0.4363821232691407,0.806206492525339,-0.24036955742863936
1788957289960779500,6.715779541015625,-1.354895144547522,0.4666518815875053,-0.13582951622493564
1788957289970829600,6.72582958984375,-1.2009539983749389,0.5724386531829834,-0.11457103961892426
1788957289980880400,6.73588037109375,-0.7349906835734844,0.7770978869408368,-0.21160927209146319
1788957289990930400,6.745930419921875,-0.0909878463923931,0.9490075282633305,-0.32652317033130673
1788957290000981200,6.755981201171875,1.2640727178499103,0.6695142950564622,-0.36768732069488613
1788957290011031300,6.76603125,1.9849135877788067,-0.06527122133374214,-0.3894905351694673
1788957290021081300,6.776081298828125,1.4328589664548634,-0.71343936150074,-0.564319424939528
1788957290031132400,6.78613232421875,0.6307303908929228,-1.357170396003127,-0.628461788373813
1788957290041182500,6.796182373046875,0.2744669294774532,-1.8778981511712074,-0.37144912091381843
1788957290051232300,6.806232177734375,0.7399544434607028,-2.0473399410754443,-0.14929853539797477
1788957290061283300,6.816283447265625,1.1023872411608695,-1.97185186163187,-0.0030081756899016905
1788957290071333400,6.82633349609375,0.5220946596071124,-1.6626964806109665,0.17567261058520525
1788957290081384400,6.836384521484375,-0.12348960154652595,-1.63609488941133,0.10092362253852188
1788957290091434500,6.8464345703125,0.3286398336917162,-1.559844593423605,-0.06420457848291844
1788957290101484300,6.856484375,0.5942720070675015,-1.131418689855933,-0.2071749977047555
1788957290111535400,6.866535400390625,0.14954349573552608,-0.5899398230820894,-0.09630803676815702
1788957290121585400,6.87658544921875,0.07326718852370977,-0.08139233505129814,0.13699099775236098
1788957290131636500,6.886636474609375,0.35285569879859685,-0.012715689188241957,0.21507629061490297
1788957290141686500,6.8966865234375,0.19431056596189736,-0.15568506723046302,0.21977412957493214
1788957290151736300,6.906736328125,-0.6693197953976691,-0.18261983590722083,0.47435292095150794
1788957290161787400,6.916787353515625,-1.6114755580700932,0.2636199567705393,0.8745080945309252
1788957290171837400,6.92683740234375,-1.5470459021270275,0.6322498555451631,1.2179611011467872
1788957290181888300,6.93688818359375,-0.9486720126986503,1.117645600569248,1.2360313031055032
1788957290191938300,6.946938232421875,0.048329292752593754,1.5323668039113283,0.942804801165685
1788957290201988400,6.95698828125,0.7991746941924095,1.4006114783227444,0.7287003512576222
1788957290212039400,6.967039306640625,0.5002709503337741,1.2272352715790271,0.43336197173036634
1788957290222089200,6.977089111328125,0.05199906730651855,1.1563736828923226,0.30627423609402027
1788957290232139300,6.98713916015625,-0.19393851777911186,1.0314929192483424,0.2044340284335427
1788957290242190300,6.9971904296875,-0.3940647842824459,0.7781330752074718,0.15229947991278023
1788957290252240400,7.007240478515625,-0.2382522912800312,0.6787684456139802,0.13837536478284745
1788957290262291500,7.01729150390625,0.4013977575190365,0.4969827224433422,0.17138545305160804
1788957290272341200,7.02734130859375,1.1015794319093226,0.08752280063033104,0.13437910735406913
1788957290282391300,7.037391357421875,1.439379162003845,-0.5316249967575073,-0.001845594045472535
1788957290292442400,7.0474423828125,0.9962474183440208,-0.9892372473210096,-0.11093885712902993
1788957290302492400,7.057492431640625,-0.04565320541113615,-1.4116127648085355,-0.1623460594896227
1788957290312543500,7.06754345703125,-0.5520964146390557,-1.6728806054949759,-0.42393648319393396
1788957290322593500,7.077593505859375,-0.43099867666512726,-1.6908096454173325,-0.6323388490028679
1788957290332643300,7.087643310546875,0.15310031143426894,-1.4647779532849787,-0.7845390697922557
1788957290342694400,7.0976943359375,0.319835472728312,-1.2645178312689065,-0.818437320806086
1788957290352744400,7.107744384765625,0.07915800012797117,-1.0018617510944605,-0.6202670106761157
1788957290362795300,7.117795166015625,-0.6554260023407638,-0.763982969301939,-0.4647830189757049
1788957290372845300,7.12784521484375,-1.1012896551825107,-0.2780927187591791,-0.357832172036916
1788957290382895400,7.137895263671875,-1.3540849972084164,0.09093231681287288,-0.0962399947669357
1788957290392946200,7.1479462890625,-1.3902305156923829,0.2495323947072029,0.4659144341584295
1788957290402996200,7.157996337890625,-0.818713507398963,0.01722469104528427,0.941137817801535
1788957290413046300,7.16804638671875,-0.06400134752839803,-0.373965414583683,0.7848849606204777
1788957290423097300,7.178097412109375,-0.13767404811307787,-0.6027163025468587,0.30709961753487586
1788957290433147400,7.1881474609375,-0.18785569073408842,-0.5563526107788086,-0.20035317059438673
1788957290443198500,7.198198486328125,-0.5993010872758925,-0.9578741408079862,-0.23660335502922533
1788957290453248300,7.208248291015625,-1.5018272887408732,-1.125655888545513,0.4795815057873726
1788957290463298300,7.21829833984375,-1.2411575600780547,-0.32359131813049313,1.0591628703318536
1788957290473349400,7.228349365234375,-0.9386451242029666,0.564093434163928,1.165119591666758
1788957290483399400,7.2383994140625,-0.9458242220520973,1.07353465616405,1.2878655352391302
1788957290493450500,7.248450439453125,-0.31471243062615395,1.1780723044812678,1.3817023413218557
1788957290503500500,7.25850048828125,0.551555878021568,0.8768032927960157,1.2641431527376175
1788957290513550300,7.26855029296875,0.9431012268289923,0.5495879389494657,0.9151792006805538
1788957290523601400,7.278601318359375,1.2743031660936772,0.5157201561391354,0.45993890341278165
1788957290533651500,7.2886513671875,1.3498210561536252,-0.024687282010912893,0.0027336992802098393
1788957290543702300,7.298702392578125,0.6751788966894149,-0.3605494681715965,-0.18897198141291738
1788957290553752300,7.30875244140625,0.09832359610795974,0.2630728442817926,0.1550429334020242
1788957290563802400,7.31880224609375,-0.22285715374946594,0.8747802625358104,0.476157193894498
1788957290573853200,7.328853271484375,-0.8890481496021151,1.5568483342170714,0.5629496709562838
1788957290583903200,7.3389033203125,-0.5494385936066508,2.0993483607321974,0.7235930912464856
1788957290593953300,7.348953369140625,0.016828677465021608,2.0533260297477245,0.8260835247103124
1788957290604004400,7.35900439453125,-0.07420622293949126,1.6482050139218567,1.0318446552954614
1788957290614054400,7.369054443359375,-0.31632936430349945,1.573242419657111,1.4172444870851932
1788957290624105500,7.37910546875,-0.41145226467400786,1.8648311643272637,1.5029463558986782
1788957290634155300,7.3891552734375,0.4940051679372787,1.525412746989727,1.1115932417277246
1788957290644205300,7.399205322265625,1.2870318608939646,0.11151742420196532,0.2604342028738931
1788957290654256400,7.40925634765625,1.2564531827569008,-0.8323743684828281,-0.3655133376566693
1788957290664306400,7.419306396484375,1.3859890787303446,-0.4396726892471313,-0.0333304975958541
1788957290674357500,7.429357421875,1.3186606326058505,-0.20507599786520003,-0.04037804148718715
1788957290684407600,7.439407470703125,0.6547697303891181,-0.8465133684724568,-0.4372700485521927
1788957290694457300,7.449457275390625,-0.10750877308249474,-1.4306611641496418,-0.61457990495041
1788957290704508400,7.45950830078125,-0.4650153664268553,-1.5855968743175268,-0.3636831265548244
1788957290714558500,7.469558349609375,-0.24090382870212196,-1.6147510726094245,0.0008255641039460897
1788957290724609300,7.479609375,-0.4647966091096401,-1.368481479090452,0.37196496148146685
1788957290734659300,7.489659423828125,-0.5036776900373399,-0.7885568540662526,0.7963786337330937
1788957290744709400,7.49970947265625,0.09069806966558099,-0.5577122086942196,0.9397226903066038
1788957290754760200,7.50976025390625,0.4732373974576592,-1.1770026294231415,0.6575132569435983
1788957290764810200,7.519810302734375,0.5756126070439815,-1.833313744035363,0.3070898998584598
1788957290774860300,7.5298603515625,1.2651214962504804,-1.8965631041526794,-0.0023180676840245723
1788957290784911400,7.539911376953125,1.1495756933152674,-1.522704657074809,-0.3798212279397994
1788957290794961400,7.54996142578125,-0.2425100948549807,-0.5815694696217775,-0.37503567416369915
1788957290805012500,7.560012451171875,-1.3072624557569623,0.16660276708602903,-0.14115783510822802
1788957290815062300,7.570062255859375,-0.9207947024747729,0.4219692747741937,0.011826010339520871
1788957290825112300,7.5801123046875,-0.4581900504514575,0.6964186685949564,0.09986260571088641
1788957290835163400,7.590163330078125,0.013316577690839767,0.9345008640050888,0.053225723024643956
1788957290845213400,7.60021337890625,0.7658359036922454,0.8246008118718862,0.06381123178377747
1788957290855264500,7.610264404296875,1.442947522009909,0.5427677375406027,0.19951997117325662
1788957290865314300,7.620314208984375,0.9980407315015792,0.288164030918479,0.4522540845312178
1788957290875364400,7.6303642578125,0.5272004583135247,0.33039106127321716,0.7575478947531431
1788957290885415400,7.64041552734375,0.5194052743926644,0.5363777442425489,0.8995950433839112
1788957290895465500,7.650465576171875,-0.03013224954381585,0.6341875456094741,0.7196957184817642
1788957290905516300,7.660516357421875,-0.8487389355674385,0.7636363478213548,0.5116528336349875
1788957290915566300,7.67056640625,-0.920174378619343,0.5769307039052247,0.3091016780722886
1788957290925616400,7.680616455078125,-0.32889000906050203,-0.09265607186555862,-0.04990479844100773
1788957290935667200,7.690667236328125,-0.07288520346879959,-0.7536287485480309,-0.35114217287898064
1788957290945717200,7.70071728515625,-0.561657731449604,-1.0447802708446978,-0.5656538153484464
1788957290955768300,7.710768310546875,-0.3111570762321353,-0.8667822495192289,-0.5265707090426236
1788957290965818400,7.720818359375,0.026379472881555555,-0.5142290407985448,-0.45573125912249085
1788957290975868400,7.730868408203125,-0.5723097661063075,-0.3736994571238756,-0.408774350701645
1788957290985919500,7.74091943359375,-0.6523137155391275,-0.3490121751129627,-0.2612655025988817
1788957290995969300,7.75096923828125,-0.01997559718862176,-0.20837913106381892,-0.11143544500693678
1788957291006019300,7.761019287109375,0.10199790070652962,0.030087095227837563,-0.10675861230231821
1788957291016070400,7.7710703125,-0.29473318017572164,0.2691466112375259,0.0654640404921025
1788957291026120400,7.781120361328125,-0.32163565401807426,0.3162561529368162,0.2725194486714899
1788957291036171500,7.791171630859375,0.17682400911003351,0.4151829756349325,0.2738233708769083
1788957291046221300,7.80122119140625,0.3994420934066176,0.6002864450514316,0.19967121621221304
1788957291056271400,7.811271240234375,0.1676125286504626,0.5856576157182455,0.12389354270491748
1788957291066322400,7.821322509765625,-0.6854644361212849,0.4647638758838176,0.09944364964645355
1788957291076372500,7.83137255859375,-1.1607289554923772,0.24509353547692297,0.1243904959090054
1788957291086423300,7.84142333984375,-0.30972207499295473,-0.6076970135688782,0.43925840935781596
1788957291096473300,7.851473388671875,0.16650778227895496,-1.2082301268577575,0.13488558643832801
1788957291106523400,7.8615234375,-0.5432102206110954,-1.6811001523077487,0.07277962420247494
1788957291116574200,7.87157421875,-1.1079156491935251,-1.9362118084520101,0.15330840122699738
1788957291126624500,7.88162451171875,-0.8970479161843657,-1.3848697193115949,0.055903673529624935
1788957291136674300,7.89167431640625,-0.4908665776506066,-0.29760172134935853,-0.4167936257019639
1788957291146725400,7.901725341796875,-0.2897033693149686,0.3552683128982782,-1.098473282587528
1788957291156775400,7.911775390625,0.0473000958353281,0.2692424728274345,-1.4887658548548817
1788957291166826500,7.921826416015625,-0.5872074755087494,-0.3198936326563358,-1.4970742489948867
1788957291176876500,7.93187646484375,-1.310545130689442,-0.9997165557593106,-1.2992401850819586
1788957291186926300,7.94192626953125,-1.133479714038968,-1.3876158031493424,-1.2063163291256873
1788957291196977400,7.951977294921875,-1.0310872610569,-0.8844722199887036,-1.1622227011814712
1788957291207027500,7.96202734375,-0.7429448574483394,-0.20939736819565294,-1.099146651804447
1788957291217078500,7.97207861328125,-0.1252937283590436,0.13924889621436595,-0.996691435784474
1788957291227128600,7.982128662109375,0.05797288101911544,0.07117547694146632,-0.8807077528886497
1788957291237178600,7.9921787109375,-0.3322349355742335,-0.19289339264035224,-0.6106967799067496
1788957291247229700,8.002229736328125,-0.15621201371401547,-0.06064940675199031,-0.5160958210511133
1788957291257279500,8.012279541015625,0.4853165423080325,0.25057518175840376,-0.4593656335694715
1788957291267330300,8.022330322265624,0.7477402750313281,0.4248579819530248,-0.4369789931837469
1788957291277380400,8.03238037109375,0.5915317684486509,0.6844809780418872,-0.4564526321996003
1788957291287430400,8.042430419921875,0.5474292996108532,0.5479308193922042,-0.331731881422922
1788957291297481500,8.0524814453125,0.6795370918989181,0.023287352085113525,-0.2299194385522045
1788957291307531500,8.062531494140625,0.5033393979936838,-0.3774234460830688,-0.2815745512592606
1788957291317581300,8.072581298828124,-0.013132745556533336,-0.5293517911285162,-0.17816621749922631
1788957291327632400,8.08263232421875,-0.4126683624655008,-0.6153752931118011,-0.08028451993986964
1788957291337682400,8.092682373046875,0.16141367401033638,-0.4073988976299763,-0.14760310225747525
1788957291347733500,8.1027333984375,0.6630000908568501,-0.10054653285443782,-0.18909182666661217
1788957291357783600,8.112783447265626,0.21133038208484647,0.5472516049563885,-0.2465801938381046
1788957291367833300,8.122833251953125,-0.5647910610392689,1.245020519116521,-0.29343539545014496
1788957291377884400,8.132884521484375,-0.7021718252941965,1.5708599084347485,-0.2919571943900548
1788957291387934500,8.1429345703125,-0.46289720522910355,1.5843348915576934,-0.38416049925312395
1788957291397985500,8.152985595703125,-0.308335881331563,1.1435533642858267,-0.5359559386339038
1788957291408035600,8.16303564453125,-0.35576603328734635,0.5592261203885078,-0.6698616471894085
1788957291418085600,8.173085693359376,-1.2223185657039284,0.3338993616551161,-0.43517928681802004
1788957291428136700,8.18313671875,-2.0471768594682214,0.4714917228341102,-0.023765929382294416
1788957291438186500,8.1931865234375,-1.9761527736961841,0.6552186432003975,0.14816568630998952
1788957291448237300,8.2032373046875,-1.6714906124413011,0.7446072377026081,0.3083401191152632
1788957291458287400,8.213287353515625,-0.31581513117104765,1.1317571280300616,0.13996944730756802
1788957291468337400,8.22333740234375,2.048522721119225,0.5811772554337978,-0.38099056398011744
1788957291478388500,8.233388427734376,3.1570272761166094,-0.5376929184943438,-0.7377334794756024
1788957291488438300,8.243438232421875,2.848345942348242,-1.4340882159888744,-0.7093051843054592
1788957291498489300,8.2534892578125,1.9273373048618434,-2.6034020444750783,-0.8214515540607273
1788957291508539400,8.263539306640626,0.7134718024656176,-4.280093732690811,-1.3112437804780899
1788957291518589400,8.27358935546875,-0.6731842157408595,-5.493351916843652,-1.531963629937917
1788957291528640500,8.283640625,-1.6605059848293662,-6.029194823557138,-1.2740448074184358
1788957291538690600,8.293690673828126,-1.423727273233235,-5.172464012452959,-1.328045569936186
1788957291548740400,8.303740234375,-0.9159931474119424,-3.1291748080730435,-1.2339613649636507
1788957291558791400,8.31379150390625,-0.4008507911607623,-2.0633271992802618,-1.1661045110508799
1788957291568841500,8.323841552734375,-0.06102817693650722,-0.997877065372467,-0.7501037162270396
1788957291578892500,8.333892578125,-0.08870558067411184,0.26071020680367946,-0.2751791328674182
1788957291588942600,8.343942626953124,-0.22028788778334854,1.2685802584022283,0.00453149681664072
1788957291598992600,8.35399267578125,-0.9418705159902572,2.0290005667865274,0.051082820111280305
1788957291609043700,8.364043701171875,-1.5594634851515292,2.538174077761173,0.002121385201299563
1788957291619093500,8.374093505859374,-1.964535693399608,2.9185785854816433,0.10451650506448931
1788957291629144300,8.384144287109375,-1.8555787673354147,3.356496540015936,0.3542069307444617
1788957291639194400,8.3941943359375,-1.675202618701756,3.552866084334254,0.45235780063401904
1788957291649244700,8.40424462890625,-2.0669664325654504,3.4458506477266546,0.5740860185312107
1788957291659295500,8.41429541015625,-1.8410586590737104,3.6680589821785685,0.6853392023064195
1788957291669345300,8.42434521484375,-0.7958826669096947,3.642666182246804,0.7454735722083597
1788957291679396400,8.434396240234374,-0.13892419430464506,2.986510550457239,0.4327787650149315
1788957291689446400,8.4444462890625,-0.3262257582873106,1.8898288274616002,0.017497891096631062
1788957291699496400,8.454496337890625,0.19472528424263,1.142431666779518,-0.5580016931600869
1788957291709547500,8.464547607421874,0.9865478621065616,0.24636136345565318,-1.0281688893921672
1788957291719597600,8.47459765625,-0.018248481135070323,-1.0199749154120683,-1.2041283906273543
1788957291729647400,8.4846474609375,-0.8925418369367718,-2.072579011750221,-0.8647796044599264
1788957291739698400,8.494698486328126,-0.4688678040713072,-2.834630136206746,-0.4626554688951
1788957291749748500,8.50474853515625,0.25046499938219785,-3.2701755163908004,-0.2556497998752631
1788957291759799600,8.514799560546875,0.24704437728375195,-3.2754350443542,0.04444576585013419
1788957291769849600,8.524849609375,-1.196800678087771,-2.4660715491026637,0.5983322057111189
1788957291779899600,8.534899658203125,-2.1775652806177734,-0.5616524707525968,1.1161888258896768
1788957291789950500,8.544950439453125,-1.226952070723474,-0.22349311356544493,0.7977922999233007
1788957291800000500,8.55500048828125,-0.06657002897262573,-0.8137479939460754,-0.06845989783983678
1788957291810051300,8.56505126953125,0.23998569094389677,-0.6753694508254527,-0.3843996783038601
1788957291820101400,8.575101318359375,0.9349857249125838,-0.5978869826942682,-0.3650469987865537
1788957291830151700,8.585151611328126,0.8959908083468675,-0.6994663657277822,-0.45125206788182254
1788957291840202500,8.595202392578125,0.4694619705721736,-0.39282150622308254,-0.5134567412517964
1788957291850252300,8.605252197265624,0.3338219125047326,-0.029665654945373533,-0.28281386552955956
1788957291860303400,8.615303466796876,0.36417847232371564,0.1670446656346321,0.057573762166313824
1788957291870353400,8.625353515625,0.27139468242526055,0.30189678819477556,0.4062655827511102
1788957291880403500,8.635403564453124,0.2048173469290137,0.42981238949000833,0.5931006252005696
1788957291890454500,8.64545458984375,0.15020912003740666,0.9432347900807857,0.5998402356538921
1788957291900504600,8.655504638671875,0.4715010751843452,1.2923328899115323,0.5532151895359159
1788957291910555600,8.6655556640625,0.8977291764467954,0.8198749523937702,0.24598222794495522
1788957291920605400,8.67560546875,0.4947875504866242,0.1437473766773939,0.056288946520164605
1788957291930655500,8.685655517578125,0.021901889076083897,0.10202186610400676,0.16266352794095873
1788957291940706600,8.69570654296875,-0.32351693772003054,0.25675766978561876,0.15376812769323586
1788957291950756600,8.705756591796876,-1.005534594388306,0.33754210207164287,0.02294884084574878
1788957291960807700,8.7158076171875,-1.4596809224069118,0.6677227354645728,-0.12815174813866614
1788957291970857500,8.725857421875,-1.524531434110552,0.9050941522568464,-0.24184607798829674
1788957291980907500,8.735907470703125,-1.3711543515615165,0.7482447174221277,-0.30557270022854205
1788957291990958300,8.745958251953125,-0.9129920658998191,0.39560441493988036,-0.3552862138811499
1788957292001008400,8.75600830078125,-0.09270867883563041,0.032118308794498444,-0.4005851259618997
1788957292011058700,8.76605859375,0.46730508479923005,-0.3439887939929962,-0.47698915120661256
1788957292021109500,8.776109619140625,0.10437135183960199,-0.5488982031196356,-0.12232128841951488
1788957292031159300,8.7861591796875,-0.4597583226814866,-0.3720230483442545,0.3074179627690464
1788957292041210400,8.79621044921875,-0.26037673706561326,-0.36617256875038146,0.5955352319363504
1788957292051260400,8.806260498046875,0.3899259309120476,-0.5019739548593759,0.49242893159650264
1788957292061310500,8.816310546875,0.894020385056734,-0.6381979502946138,0.48153563552983103
1788957292071361500,8.826361572265625,0.8665808817282319,-0.6345902811914682,0.49508558358512816
1788957292081411600,8.83641162109375,0.5269920762598514,-0.8736118032783269,0.44877245296053586
1788957292091462400,8.84646240234375,0.7076584400117397,-1.0441425574630498,0.24954839599393305
1788957292101512400,8.856512451171875,0.9603881694555282,-1.3994453571528196,0.02370331247486174
1788957292111562500,8.8665625,0.565204902537167,-1.5692881290733813,-0.02030044522881508
1788957292121613300,8.87661328125,0.3004632482603192,-1.5120862324267625,0.1457841432020068
1788957292131663400,8.886663330078125,0.08916618392318487,-1.084544125956297,0.4091814701978117
1788957292141714400,8.89671435546875,-0.2319254263460636,-0.5185229386001825,0.682041037543863
1788957292151764200,8.90676416015625,-0.05188450101613998,-0.18939795174002647,0.9132827924747019
1788957292161814300,8.916814208984375,0.2038268745869398,-0.11092471900582312,0.9966305724427104
1788957292171865300,8.926865234375,0.21762539057582617,-0.1796457885324955,1.0716535185925662
1788957292181915400,8.936915283203126,0.16216390785574913,-0.25134207447767254,1.0063180729161947
1788957292191966200,8.94696630859375,0.043322716636955735,-0.2969125700414181,0.7637940226010977
1788957292202016000,8.95701611328125,-0.9871043269455432,-0.25685937659442426,0.517928041446954
1788957292212066000,8.967066162109376,-1.3308137194752692,-0.13301964643597602,0.3833487444788217
1788957292222117000,8.9771171875,-0.28390257408171893,-0.07292436643540859,0.07823847413025796
1788957292232167200,8.987167236328125,-0.39380262621492146,-0.3826455646455288,-0.12003814591839909
1788957292242218200,8.99721826171875,-1.580831559611857,-0.5165466700911522,0.07766549654789269
1788957292252268300,9.007268310546875,-1.678529717297852,-0.5961813478201627,0.2811420963924378
1788957292262318000,9.017318115234374,-0.7616811221003532,-0.3898264160603285,0.20875629381313918
1788957292272369200,9.027369140625,0.09412263728678226,0.08916822974979877,0.06033464171439409
1788957292282419200,9.037419189453125,-0.08745002765506506,0.5523568191409111,0.05229892703592777
1788957292292470300,9.04747021484375,-0.7357865101262927,0.8545417766273021,-0.09902977161593735
1788957292302520300,9.057520263671876,-0.8325745672300457,0.7935913411021233,-0.3097553927406668
1788957292312570400,9.0675703125,-0.4361068134590983,0.5640221224933862,-0.4085921260025352
1788957292322621400,9.077621337890625,0.07399433375447988,0.2578419578909874,-0.5277901678349822
1788957292332671200,9.087671142578126,0.5194517438828945,-0.09500643438398837,-0.7564004782836884
1788957292342722300,9.097722412109375,0.5875137649789453,-0.25175708501935,-0.9334306774903088
1788957292352772400,9.1077724609375,0.2883265280038118,-0.5403256050854921,-0.8466404289182275
1788957292362822400,9.117822509765626,-0.6364581208899617,-0.9591197569549084,-0.4742703937672078
1788957292372873200,9.127873291015625,-1.5582935645893214,-0.9164093269973993,0.06458294680863619
1788957292382923000,9.137923095703124,-1.9170272155106067,-0.22320903592705726,0.5460070117227733
1788957292392973300,9.147973388671875,-1.552708750194311,0.34370822348594665,0.667916869797185
1788957292403024100,9.158024169921875,-0.40460926691144705,0.9314198491245508,0.32453444419950245
1788957292413074200,9.16807421875,0.7192009937673807,0.8887047429919243,0.22001301636472342
1788957292423125200,9.178125244140626,0.7398413384750485,0.21138708070814607,0.22858130354993045
1788957292433175300,9.18817529296875,0.304346519434452,-0.051174891442060465,0.09359693291224538
1788957292443225000,9.19822509765625,-0.12777648508548736,-0.35237843667566776,0.014768530064821242
1788957292453276200,9.208276123046875,-0.8043181945607065,-0.9150982443988323,-0.05027217044867575
1788957292463326200,9.218326171875,-1.1568129510924219,-1.3085744151383638,0.1420420340642333
1788957292473377300,9.228377197265624,-1.060056458170712,-1.1435773296833038,0.2550579531956464
1788957292483427300,9.23842724609375,-0.269413153219223,-0.4511439313322305,0.014795125810801982
1788957292493477400,9.248477294921875,0.6050505907133221,0.032760698351263995,-0.2164881301742047
1788957292503528200,9.258528076171874,0.8123366658434271,0.4204956950902939,-0.49795405169352885
1788957292513578200,9.268578125,0.67723027626127,0.7522831791579723,-0.8172039796188473
1788957292523629300,9.27862939453125,0.6264908536270261,1.1109043096154927,-0.9277897489938884
1788957292533679400,9.288679443359374,0.6582847527727484,1.6029232721716165,-0.8411619244419037
1788957292543729400,9.2987294921875,0.35590427271425723,1.7114187182039022,-0.3623096827771514
1788957292553780200,9.3087802734375,-0.10863806937336921,1.696243360903859,0.12409158602766691
1788957292563830000,9.318830078125,-0.03783405609279871,1.4901000260680912,0.37084830547645686
1788957292573881000,9.328881103515625,0.2070692175090313,1.1373843202620744,0.47521563872806727
1788957292583931100,9.33893115234375,1.3019631803050637,0.6396265217930078,0.39502259646393356
1788957292593981200,9.348981201171876,1.354207162283361,-0.0860427912056446,0.4394241213135421
1788957292604032300,9.3590322265625,-0.19325082777589558,-0.6140554426848888,0.7334503222636878
1788957292614082300,9.369082275390625,-0.12169979552030563,-1.0762450841665268,0.7480128083623945
1788957292624133400,9.37913330078125,1.0255790190294385,-1.5744097098708152,0.3638184068396687
1788957292634183200,9.38918310546875,0.7871393884837627,-1.9473837753295897,0.11035740397926419
1788957292644233200,9.399233154296875,-0.2044669260561466,-2.442176878774166,-0.021234693871624768
1788957292654284300,9.4092841796875,-0.6163280637919902,-2.9138264225184916,-0.27289536931179464
1788957292664334300,9.419334228515625,-1.3267457393839954,-2.752997562658787,-0.4311631099792197
1788957292674385400,9.429385498046875,-2.2486142085701224,-1.5655051034033298,-0.32056101052388547
1788957292684435200,9.439435302734376,-1.583718220964074,-0.5553232677310704,-0.37058687806129453
1788957292694485200,9.4494853515625,-0.520996927498281,-0.48514673869907854,-0.4632980776475742
1788957292704536300,9.459536376953125,-0.19435323605984448,-0.3426262734681368,-0.5339041572032496
1788957292714586400,9.46958642578125,0.2705436185538769,0.15981588342487812,-0.5383449891949073
1788957292724637200,9.47963720703125,0.44141807160973545,0.6046592533081769,-0.4902827864132821
1788957292734687200,9.489687255859375,-0.5504898562252521,0.7349439218223095,-0.35150234796088187
1788957292744737000,9.499737060546876,-1.262713412195444,1.0147861145973205,-0.05663909339839592
1788957292754788000,9.5097880859375,-0.7999941938817501,1.2818705326080322,0.10518650414738803
1788957292764838100,9.519838134765624,-0.18697364720255136,1.147704054224491,0.22430136120840904
1788957292774889200,9.52988916015625,0.567070111887157,0.8896247804462909,0.35480960934534667
1788957292784939300,9.539939208984375,1.5716604111626744,0.46340836962163445,0.250283103476651
1788957292794989300,9.5499892578125,1.6341875944852828,-0.41152211503982544,0.09874912804365157
1788957292805040000,9.5600400390625,0.42252369378656146,-1.2669921124279497,-0.10647632476221769
1788957292815090200,9.570090087890625,-1.0108546203672886,-1.4856711037099362,-0.13345756292920558
1788957292825141200,9.580141357421875,-1.8684122376844285,-1.4250140981733799,-0.19375030173063276
1788957292835191300,9.59019140625,-2.047166630335152,-1.231664778459072,-0.3838268103193491
1788957292845241300,9.600241455078125,-1.5251581877067684,-0.7478893281131982,-0.5211513508750125
1788957292855292400,9.61029248046875,-1.1048168063953518,-0.3428758643150329,-0.30016773591246454
1788957292865342200,9.62034228515625,-0.743900550737977,-0.1492243467837572,-0.08134005687478929
1788957292875392300,9.630392333984375,-0.5415224136546254,0.2944230913132429,0.20901037817206233
1788957292885443300,9.640443359375,-0.587665156148374,0.6725508862733841,0.3856816444057971
1788957292895493400,9.650493408203126,-1.15732031609267,0.6667354779928922,0.5093843041811138
1788957292905544200,9.660544189453125,-1.6272990040153263,0.8517226275533437,0.7407164408091456
1788957292915594200,9.67059423828125,-0.9200067669674754,1.3751555500268935,0.9827531459987163
1788957292925644000,9.68064404296875,-0.12073884153366088,1.4434282912641763,0.7731627394489944
1788957292935695000,9.690695068359375,0.41017011590898034,1.3413883049815893,0.3495034657612443
1788957292945745200,9.7007451171875,1.8532336655139923,0.8586538881212472,-0.11768307069223373
1788957292955796200,9.710796142578126,1.9213652447149157,-0.7444324656575918,-0.4583825408162549
1788957292965846300,9.72084619140625,0.28248043232411146,-1.439230839574337,-0.08287913954295217
1788957292975896000,9.73089599609375,0.011126081909239291,-1.1861515660405157,0.2636662070650607
1788957292985947100,9.740947021484375,0.012317045259475707,-1.1868740350961684,0.2812137368565425
1788957292995997200,9.7509970703125,-0.42851299732923503,-0.6703788029313087,0.22403142169322818
1788957293006048300,9.76104833984375,-0.36686902658194304,0.652466714143753,0.2882015864498913
1788957293016098300,9.771098388671875,-0.7104767123028636,1.3789724779665469,0.14534611711092293
1788957293026148400,9.7811484375,-0.5834481229752302,1.4800591090470552,-0.01177935818620026
1788957293036199400,9.791199462890624,0.20920096884071826,0.9894646263360977,-0.05270984592437744
1788957293046249200,9.801249267578125,0.19559300698786972,0.22742753040492533,-0.12479476586095987
1788957293056300300,9.81130029296875,0.3487956097528338,-0.33651392806768415,-0.15524053833335638
1788957293066350300,9.821350341796874,1.0338497115075587,-0.24451953498125076,-0.20750695133917033
1788957293076400400,9.831400390625,0.1977282654508948,0.16334464207291602,-0.29541444043815135
1788957293086451200,9.841451171875,-0.6430754932031035,0.9182230984210967,-0.017567220872640607
1788957293096501200,9.851501220703126,-1.0394020849376917,1.4334241991221903,0.3250901053208858
1788957293106552000,9.861552001953125,-1.5488497366786003,1.552313613396883,0.583046410306543
1788957293116602000,9.87160205078125,-0.7151406124606728,1.4544073659181593,0.6941456821616738
1788957293126652200,9.881652099609376,0.6514882245004177,0.5095902750819922,0.31051592878438533
1788957293136703200,9.891703125,1.1544248869121074,-0.9532458964854478,-0.13145575812011956
1788957293146753300,9.901753173828125,1.652824198155105,-1.3179746961683034,-0.21678704005554317
1788957293156804400,9.911804443359374,1.1256421522811055,-0.9841957460224627,-0.016040668892487883
1788957293166854100,9.921854248046875,-0.6259490018352866,-1.1223626922190189,0.24199125861264764
1788957293176904200,9.931904296875,-1.4779755807712673,-1.0148486584395169,0.3718644237164408
1788957293186955300,9.941955322265626,-1.146077914327383,-0.45739656198620793,0.295212268929556
1788957293197005300,9.95200537109375,-0.4072156500175595,-0.1774538314461708,-0.16552805052660405
1788957293207056400,9.962056396484375,0.1488356397271156,-0.8484422907084226,-0.8176021851561963
1788957293217106400,9.9721064453125,0.9133967011779546,-1.4068898279398678,-0.9997733274478465
1788957293227156200,9.98215625,1.2879083514675498,-1.6941484344512223,-0.9128470314059406
1788957293237207300,9.992207275390625,0.7673290648594498,-1.5920833137273787,-0.8186523517962545
1788957293247257300,10.00225732421875,0.055581017446517944,-1.1410486879885195,-0.43515104710422453
1788957293257308200,10.01230810546875,-0.33359599479436874,-0.6994669502496719,0.13711319935992358
1788957293267358200,10.022358154296874,-0.6093105862453579,-0.3440975150644779,0.5551055333271623
1788957293277408000,10.032407958984376,-0.7283551910817623,0.06569032352864741,0.7366326786268502
1788957293287459000,10.042458984375,-0.6526990615949034,0.46261458889544005,0.7795587240964174
1788957293297509000,10.052509033203124,0.3632897067904472,0.5547463446259498,0.5994144114572555
1788957293307560200,10.062560302734376,1.7034917245969174,0.6657026278138161,0.1752395894628018
1788957293317610200,10.0726103515625,1.2199407306566834,0.3833768015295267,0.05999116203896701
1788957293327660300,10.082660400390624,-0.267520179079473,0.2453495560646057,0.36499819120876487
1788957293337711400,10.09271142578125,-0.3884542509242892,0.08367723111808299,0.5501433808751404
1788957293347761200,10.10276123046875,-0.878270442739129,-0.06823416279256343,0.6391887148976325
1788957293357812200,10.112812255859374,-1.1210285210058093,0.1318143622994423,0.7421276227813214
1788957293367862300,10.1228623046875,-0.16323212160915135,0.37135201721489425,0.40524551898837086
1788957293377912300,10.132912353515625,-0.18815175107121465,0.38349955112636086,0.09854863703548908
1788957293387963400,10.14296337890625,-0.5816252914622426,0.7165127775967121,0.14351736731380224
1788957293398013200,10.15301318359375,0.07327303374260663,0.7440998727023601,-0.09531338144131005
1788957293408064000,10.16306396484375,0.3312278043583035,0.44998248633742327,-0.41813137711174786
1788957293418114300,10.1731142578125,-0.058196460641920564,0.19581775565445422,-0.43693113545402884
1788957293428164400,10.183164306640625,0.06278145034462213,-0.12293489027321337,-0.2313588785044849
1788957293438215200,10.193215087890625,-0.17745733857750892,-0.7433581144243478,0.014348843348026274
1788957293448265200,10.20326513671875,-1.0078536849856377,-1.4149094682663679,0.4086718401752412
1788957293458316300,10.21331640625,-0.7395391406580806,-1.8462036207467316,0.858278478937596
1788957293468366000,10.223365966796875,-0.2731023631259799,-1.9817799659281967,0.9486129029225557
1788957293478416100,10.233416015625,-0.5622384539470077,-2.0630670870393515,0.8738364788796752
1788957293488467200,10.24346728515625,-0.8315338260054588,-1.8632897801041601,0.8665246214963496
1788957293498517200,10.253517333984375,-0.7544011942252516,-1.3959487472087144,0.6227256558746099
1788957293508567300,10.2635673828125,-0.3147413644596934,-0.8865887737512588,-0.029549408154562112
1788957293518618400,10.273618408203125,0.07305266899019479,-0.20321312660276888,-0.7640741547167301
1788957293528668200,10.283668212890625,-0.2628983644977212,0.29144495228528977,-1.1101019802566616
1788957293538719200,10.29371923828125,-0.3944780412584543,0.5405068068712949,-1.0481244667060672
1788957293548769300,10.303769287109375,-0.3637804129168391,0.7218126375705003,-0.834686664013192
1788957293558819300,10.3138193359375,-0.7353744221940636,0.9087783937275409,-0.5225343661986291
1788957293568870400,10.323870361328124,-1.1665046162843704,1.1059288592904806,-0.00016300854198634623
1788957293578920200,10.333920166015625,-0.7082640046894549,1.408221368804574,0.4926783763129264
1788957293588971300,10.34397119140625,-0.23957681788206098,1.602113124832511,0.7040399572536349
1788957293599021300,10.354021240234376,-0.5587737004458904,1.3824404463380575,0.6518193561509251
1788957293609071400,10.3640712890625,-0.6209618610724806,0.8007038034558296,0.587239916473627
1788957293619122200,10.3741220703125,-0.796859110726416,0.29849136366546153,0.7861054423261433
1788957293629172200,10.384172119140626,-0.8850178711727261,0.30902678620517254,0.9256904386270791
1788957293639223300,10.394223388671875,-0.1204486264154315,0.35587387757599354,0.7566223774060606
1788957293649273000,10.404273193359375,0.05277560463696718,0.047586511561274525,0.3798977272421121
1788957293659323100,10.4143232421875,-0.4081774807870388,-0.25775720221698284,-0.14517273330539465
1788957293669374200,10.424374267578125,-0.09797785141021012,-0.7302028647750616,-0.4655019809000194
1788957293679424300,10.43442431640625,0.2215411027148366,-1.023569140511751,-0.6912970877975225
1788957293689475300,10.444475341796876,0.3437073467031121,-0.9625777884542942,-0.7872928254798054
1788957293699525000,10.454525146484375,0.8661904211059213,-0.8187836500257253,-0.8234213197637349
1788957293709575200,10.4645751953125,0.8094298384860158,-0.9655541739165783,-0.8372885170746595
1788957293719626200,10.474626220703126,-0.1643146561488509,-0.855054986846447,-0.5853647702515125
1788957293729676300,10.48467626953125,0.20623510477244852,-0.3960977514147758,-0.4147685496151447
1788957293739727400,10.494727294921875,1.3397273860320449,-0.39920390073657036,-0.3623499417223036
1788957293749777400,10.50477734375,1.1605310948327183,-0.5891296757429838,-0.047260640607774254
1788957293759827200,10.5148271484375,0.5994456103131175,-0.4800046996355056,0.30567038844935596
1788957293769878300,10.524878173828125,-0.2775871073246002,-0.39191315920650954,0.5771731343589723
1788957293779928300,10.53492822265625,-0.7388365453466773,-0.21206337253451346,0.6332884048126638
1788957293789979100,10.544979248046875,-0.6304515739515424,-0.17526421244740484,0.5962356352906674
1788957293800029200,10.555029296875,-0.9374640977248548,0.0559749852001667,0.6220081552550196
1788957293810079200,10.565079345703126,-0.2642006792679429,0.37796880500614644,0.7001465300116687
1788957293820130300,10.57513037109375,1.0666001807257532,0.47602176747918123,0.42315227401368316
1788957293830180000,10.58518017578125,1.1284063562974334,0.214074712356925,0.187094131777063
1788957293840231200,10.595231201171876,0.33592385322004553,0.19996903011500836,-0.0119213970053941
1788957293850281200,10.60528125,-0.8143234557464718,0.04438742325901985,0.10708031853735446
1788957293860331300,10.615331298828124,-1.3332114282667635,0.1395394035935402,0.34693127718567845
1788957293870382300,10.62538232421875,-0.5527238988876343,0.298074599558115,0.42424079990275204
1788957293880432000,10.63543212890625,-0.1606602252945304,0.4063426665753126,0.24896723510511218
1788957293890483200,10.645483154296874,-0.6172668059468269,0.34941666426062584,0.429726683967933
1788957293900533200,10.655533203125,-0.6346636386886239,0.5365133533209562,0.5748793243333697
1788957293910583300,10.665583251953125,0.5135784679353237,0.8009574859559535,0.20981537441201506
1788957293920634400,10.67563427734375,0.6250488381251692,0.3107967184871435,-0.14703947702534495
1788957293930684400,10.685684326171875,0.6020026013195514,-0.0837771843612194,-0.4176490734875202
1788957293940735200,10.6957353515625,1.3749077127456664,-0.338328868535161,-0.7075568062681704
1788957293950785300,10.705785400390624,0.7169397708371281,-0.9874988792210817,-0.7633982282165438
1788957293960835300,10.71583544921875,-0.4978416773602366,-1.4813906499117613,-0.6015840105812996
1788957293970886100,10.72588623046875,-0.6065253394410014,-1.5917425374656915,-0.6750994747776538
1788957293980936200,10.735936279296874,-0.6297729440376162,-1.7500754888564347,-0.8269024398777634
1788957293990987300,10.7459873046875,-0.8464359193220734,-1.6685867076933383,-0.7663971177715808
1788957294001037000,10.756037109375,-1.0577899745434522,-0.9766168352007866,-0.5083223009727895
1788957294011087000,10.766087158203124,-0.6492679181024432,-0.03941255745589733,-0.25230996966175734
1788957294021138200,10.77613818359375,-0.8955003944814205,0.30461598402559753,-0.011422872898727655
1788957294031188200,10.786188232421875,-0.9613564299657941,0.6921154184430838,0.00652837885543704
1788957294041239300,10.7962392578125,1.2953849709585308,1.0804156478494404,-0.47410175920203323
1788957294051289300,10.806289306640625,1.6156436375349759,0.4842074120223522,-0.9989213867936283
1788957294061339100,10.816339111328125,0.14367197335362433,-0.20470424194335937,-0.5518224930685013
1788957294071390200,10.82639013671875,0.18367109852582214,-0.47407530958652494,-0.019232304540649055
1788957294081440300,10.836440185546875,-0.8610957283154129,-0.41200493012070655,0.12494557250849903
1788957294091490300,10.846490234375,-2.2870611358642576,-0.025236732587218282,0.8799122916620224
1788957294101541400,10.856541259765624,-0.739142834816873,0.2614431972533464,1.2176916365556418
1788957294111591400,10.86659130859375,-0.2713654563307762,-0.2782090386152267,1.1158630280014128
1788957294121642000,10.87664208984375,-0.596518324689567,-0.4710217672348022,1.2777481919810174
1788957294131692000,10.886692138671876,0.11528203743249177,-0.1886293054550886,1.2966165585801004
1788957294141741800,10.896741943359375,0.5853305757209658,-0.22736498656272885,0.8424499914910644
1788957294151792600,10.906792724609375,-0.08666238440871238,-0.14015548966526983,0.37050014962591227
1788957294161843000,10.916843017578126,-0.354793096601963,0.4723381105303764,0.30636173171438275
1788957294171893800,10.926893798828125,-0.7464063960790633,0.9541150805354118,0.47280580110736187
1788957294181943800,10.93694384765625,-1.271381871819496,1.1730705506712198,0.5830871807083488
1788957294191993900,10.946993896484376,-1.1071578165635465,1.5641256317436694,0.7299495476011186
1788957294202045000,10.957044921875,-0.3555485911443829,1.7941700666487217,0.8564359928760678
1788957294212094700,10.9670947265625,0.41574703925848006,1.6826760233223437,0.7713106818415224
1788957294222145800,10.977145751953126,0.7630611782819032,1.4502502462387084,0.5490941640831529
1788957294232195800,10.98719580078125,0.6873369519948959,1.0287678781986236,0.37026414891295134
1788957294242246000,10.997245849609374,-0.3948649947494268,0.6793640734195708,0.3595136953830719
1788957294252297000,11.007296875,-0.12105945179015397,0.6615402474373578,0.2804901352897286
1788957294262346800,11.0173466796875,1.0006398080840706,0.14406535658538341,-0.37659715132676064
1788957294272397800,11.027397705078124,0.6291656257942319,-0.6238245570272207,-0.8172685692876577
1788957294282448000,11.03744775390625,0.9432298216447234,-1.0863894615620373,-0.5464298402447253
1788957294292498000,11.047497802734375,0.7562389310464263,-1.3589584484636783,-0.10813903381004929
1788957294302549000,11.057549072265624,-0.4167936257019639,-1.1558575500637291,0.3123310884475708
1788957294312599000,11.06759912109375,-0.8959086830213665,-0.8093202406316995,0.43377603242397306
1788957294322649900,11.07764990234375,-0.9066387513503432,-0.677586542353034,0.23940248422846197
1788957294332699600,11.08769970703125,-0.4207485008075833,-0.6655173343747853,0.11483984662294387
1788957294342750000,11.09775,0.35614304990619416,-0.41703298741579053,-0.00486292986124754
1788957294352800800,11.10780078125,0.5125473713219165,-0.1474988381654024,-0.08919394871294498
1788957294362850800,11.117850830078124,0.2548898300871253,-0.006271335354447364,-0.05995484861657023
1788957294372902000,11.12790185546875,-0.020823592320084572,-0.008885901767015456,-0.02408434768170118
1788957294382952000,11.137951904296875,-0.6059145140662789,-0.20142507414221764,0.18800985838249323
1788957294393001700,11.148001708984374,-0.11076192965954541,-0.5806196215510367,0.42515930298715826
1788957294403052800,11.158052734375,0.8327282964870333,-0.8236398578852414,0.38142508293986316
1788957294413102800,11.168102783203125,0.23956454292237758,-0.905307502746582,0.4111554736845195
1788957294423153000,11.17815283203125,0.31887861039489507,-0.6724947721719742,0.46777701315991577
1788957294433204000,11.188203857421875,1.1838994031995533,-0.40127778440117834,0.1717979976415634
1788957294443253800,11.198253662109375,0.4267079937338829,-0.6884767696797848,0.0992650416765362
1788957294453304800,11.208304931640624,0.535208115941286,-0.800531369498372,0.2948997689142823
1788957294463355000,11.21835498046875,1.2201561269730328,-1.116983921790123,0.2925770250551402
1788957294473405000,11.228405029296875,0.8402350188553332,-1.4682067586898804,0.3019685382567346
1788957294483456000,11.2384560546875,-0.14646452668160198,-1.561166781938076,0.481809410969913
1788957294493506000,11.248506103515625,-0.7901534756079316,-1.1379787790238856,0.5443801411733031
1788957294503556900,11.258556884765625,-1.0719491405382753,-0.6491559821605682,0.45622591077163815
1788957294513607000,11.26860693359375,-1.5862369257867335,-0.29547639975845813,0.40448797861933705
1788957294523657000,11.278656982421875,-1.3893220225453375,0.18879414062798022,0.39115839531645175
1788957294533707800,11.288707763671875,-0.39387335336357354,0.9156839353322982,0.4110667724877596
1788957294543757800,11.2987578125,0.6932686801314354,1.7704963455945253,0.4951911628514528
1788957294553809000,11.308808837890625,0.6019719139203429,2.000235660073161,0.6533301991052926
1788957294563858700,11.318858642578125,0.24877251625061034,1.6289420950472353,0.7831545566312968
1788957294573908700,11.32890869140625,0.21875030295252798,0.9521756369054317,0.5876712936282158
1788957294583959800,11.338959716796875,-1.0795222061410545,0.16578735904991626,0.3370584102079272
1788957294594009900,11.349009765625,-2.1449910447493195,-0.32095161727666854,0.35312384821549053
1788957294604061000,11.35906103515625,-1.5613883157342672,-0.39813948637545105,0.29896599543988706
1788957294614111000,11.369111083984375,-0.6396726990222931,-0.3560913197189569,0.18303601549267767
1788957294624160800,11.379160888671874,0.56585196826905,-0.17439736648499965,0.024822452697902918
1788957294634211800,11.3892119140625,1.408044258671999,-0.12039046648740767,-0.15497560378685593
1788957294644262000,11.399261962890625,0.7657634229779243,-0.03547697157263756,-0.12371712669208645
1788957294654312000,11.40931201171875,-0.4725312950149178,-0.06782090581655502,0.11328297256976365
1788957294664363000,11.419363037109376,-1.0498425226703285,-0.3844394623249769,0.3183824974410236
1788957294674413000,11.4294130859375,-0.3877332431733608,-0.48718964270353315,0.36815482860878107
1788957294684463900,11.4394638671875,0.6948670552387833,-0.34563831476569173,0.07557575772702693
1788957294694514000,11.449513916015626,0.5018415606513619,-0.4399766406297683,-0.09808204243704675
1788957294704564000,11.45956396484375,0.10482231047749518,-0.6387707817465067,-0.0978926573447883
1788957294714614800,11.46961474609375,-0.019838672935962677,-0.77151570289433,-0.14440394088998437
1788957294724664800,11.479664794921876,-0.3636319443568587,-0.8223585859030484,-0.07195815175175667
1788957294734716000,11.4897158203125,-0.4966176885232329,-0.6409954720586538,0.02967164629474282
1788957294744765700,11.499765625,-0.6868751797020435,-0.4848778586298227,0.17676643370389938
1788957294754815700,11.509815673828125,-0.7335027831032872,-0.40084582272469993,0.3164421770282089
1788957294764866800,11.51986669921875,-0.9455065344050526,-0.23353929128348827,0.2595123753212392
1788957294774916900,11.529916748046874,-1.191628828407824,0.036490532529354094,0.1575758494131267
1788957294784968000,11.539968017578126,-1.2588766105115412,0.34406127470731734,0.02326572477519512
1788957294795018000,11.55001806640625,-1.2848708834677933,0.43570086300671096,-0.03457008586078882
1788957294805067800,11.56006787109375,-1.0943626323983073,0.4355705146253109,-0.09057166680693626
1788957294815118800,11.570118896484376,-0.9439040676444769,0.41988253162801265,-0.12079188689514994
1788957294825169000,11.5801689453125,-0.26458412562757727,0.31341771464049817,-0.24043168114572763
1788957294835220000,11.590219970703124,0.48020109899044033,0.0984913538902998,-0.3204802003726363
1788957294845270000,11.60027001953125,0.4116416497662663,-0.017146365112066266,-0.35899376316219567
1788957294855320000,11.610320068359375,0.4954685184881091,-0.02562719320952892,-0.49036608078256244
1788957294865370600,11.62037060546875,0.6576949701860547,-0.050515550750494,-0.5750047042787074
1788957294875421000,11.6304208984375,0.44669513522982596,-0.13583762646615505,-0.4472084915794432
1788957294885471000,11.640470947265625,1.1155670407295226,-0.12878303177952766,-0.3358097253210842
1788957294895521800,11.650521728515624,1.6292185739010572,-0.15778466985821724,-0.3370968425221741
1788957294905571800,11.66057177734375,1.0815735857129096,-0.18792495657801628,-0.3539801727838814
1788957294915623000,11.670622802734375,0.3453808328732848,-0.19960604202151297,-0.3760411248791963
1788957294925672700,11.680672607421876,-0.20556611946970224,-0.10792787527740001,-0.21608020696043967
1788957294935722800,11.69072265625,-0.8738985112652182,0.4305839583843946,0.06230572259165346
1788957294945773800,11.70077392578125,-1.5262731632113455,1.2335890245199204,0.43221389767378565
1788957294955823900,11.710823974609376,-0.7734221210375428,1.9613515104055403,0.6214935567963868
1788957294965875000,11.720875,0.12476005987375974,2.0744062271773815,0.4563960066415369
1788957294975925000,11.730925048828125,1.0207815556198359,1.5908178238362074,0.15937997622564434
1788957294985974800,11.740974853515626,2.02666481731534,0.6914794586271047,-0.20418372520059347
1788957294996025900,11.75102587890625,0.9647945877209305,-0.24350305141508577,-0.2311765807401389
1788957295006076000,11.761075927734375,-0.6963464801415801,-0.9536118071883917,0.06605974136292934
1788957295016127000,11.771126953125,-1.4310270748525857,-1.6360878751486538,0.45321854564920067
1788957295026177000,11.781177001953125,-1.6097718228921294,-1.1754402024120092,0.8011837689924984
1788957295036226800,11.791226806640625,-0.1166749530956149,-0.8446382222503424,0.913052344719693
1788957295046278000,11.80127783203125,1.6815195467635988,-0.95227208301723,0.5110520912628621
1788957295056328000,11.811327880859375,1.576646090620756,-0.6513549535095692,0.27310060956031085
1788957295066378000,11.8213779296875,0.9266299844995141,-1.393875448065996,0.09471336972154676
1788957295076428800,11.8314287109375,-0.14103840997964143,-2.267694172093272,-0.62732745058164
1788957295086478800,11.841478759765625,-1.2284712431147693,-2.4044325467914343,-1.194786780982092
1788957295096530000,11.851530029296875,-1.0257800945594906,-1.4939572860181332,-1.186260506307706
1788957295106579700,11.861579833984376,0.43913025293350216,-0.8164777111709117,-0.9893450185444206
1788957295116629800,11.871629638671875,1.5337702409684657,-0.9216741156578063,-0.8440646601460874
1788957295126680800,11.881680908203125,1.0353218298867344,-1.313365156546235,-0.43596477463990446
1788957295136731000,11.89173095703125,0.3473758060827851,-1.5485148056358098,0.02363397356569767
1788957295146782000,11.901781982421875,-0.34597178450375793,-1.554715413841605,0.3732050977356732
1788957295156831700,11.911831787109374,-1.279146368341148,-1.367062259942293,0.8926444935936481
1788957295166881800,11.9218818359375,-1.5821496564731001,-0.7185866612613201,1.300666126231849
1788957295176932900,11.931932861328125,-1.6040376631543038,0.4568032722681761,1.6538438965916633
1788957295186983000,11.94198291015625,-1.1258625170335173,1.3773252952814101,1.6734966915667056
1788957295197034000,11.952033935546876,-0.6638996700450778,1.8191425953418014,1.3390841196924448
1788957295207084000,11.962083984375,0.0061585226297378535,2.063186914026737,0.8660782659683376
1788957295217133800,11.9721337890625,0.8101797800704836,2.1041133831769225,0.20710560399666428
1788957295227185000,11.982184814453126,0.6146431794449687,1.9047148464262484,-0.3587192570697516
1788957295237235000,11.99223486328125,-0.45780777313560245,1.7924749531686306,-0.625765827288106
1788957295247285000,12.002284912109374,-1.0414616478160024,1.5636585987538099,-0.9459761246781796
1788957295257335800,12.012335693359375,-0.8647244402065872,0.8644014918625355,-1.3516656611070037
1788957295267385900,12.0223857421875,-1.178717324386537,0.5449824909806251,-1.0416933376800268
1788957295277437000,12.03243701171875,-0.32024171544164415,-0.4249339697986841,-0.6411812038891017
1788957295287486700,12.04248681640625,0.060499184626340866,-0.8491957394242287,-0.4983444392506033
1788957295297536800,12.052536865234375,0.000625146161019802,-0.05152268196642398,-0.18931473043598235
1788957295307587800,12.062587890625,-0.0333946123406291,0.21231237885951995,-0.06412585069090128
1788957295317638000,12.072637939453125,-1.3963161192163824,0.6575123070955277,0.3231749924145639
1788957295327689000,12.08268896484375,-1.8987948087275026,1.629136740836501,0.963401525927335
1788957295337738800,12.09273876953125,-0.4861383800849318,1.2390151412218808,0.7192363573417067
1788957295347788800,12.102788818359375,0.11601590466499329,0.17086919235885142,0.24729060712978243
1788957295357840000,12.11283984375,0.6663137454494834,-0.3448573935210705,0.384791271437332
1788957295367890000,12.122889892578126,1.409055189280212,-0.9123574212580918,0.22007950572967527
1788957295377940000,12.13293994140625,1.0940922910243271,-1.5850328106939793,-0.2018028214134276
1788957295387991000,12.142990966796875,0.1903434158965945,-1.7526123138576746,-0.2772805255934596
1788957295398040800,12.153040771484376,-0.6164177879020571,-1.1430495064169168,-0.028711569090932604
1788957295408092000,12.163091796875,-0.7729393059566616,-0.6083008246809244,0.21845563085488973
1788957295418142000,12.173141845703125,-0.6259262054815888,-0.08409984044432639,0.3854752351135015
1788957295428192000,12.18319189453125,0.8943483018368482,0.253918646967411,0.3552108836226165
1788957295438242800,12.193242919921875,2.0478689333856104,-0.19096447040438652,-0.09872998495176434
1788957295448292900,12.20329296875,1.3684186429873109,-0.6394225236535072,-0.37769919428452847
1788957295458343700,12.21334375,0.7329930800154805,-0.651213499212265,-0.21252149156555533
1788957295468393700,12.223393798828125,0.2410264321684837,-0.20307517943680284,-0.11389642829298972
1788957295478443800,12.23344384765625,-1.5716016667127608,0.2328402031034231,0.12016951721310615
1788957295488494800,12.243494873046876,-2.548491473636031,0.8498901514291762,0.4529601869739592
1788957295498545000,12.253544921875,-1.7108982014611362,1.802740911117196,0.8185131625212728
1788957295508594700,12.2635947265625,-0.7460720495581626,2.1330127299249173,0.6394774687111378
1788957295518645800,12.273645751953126,0.33611177700757977,1.952750855320692,0.18322262410596013
1788957295528695800,12.28369580078125,1.658055376806855,0.8136457026153803,-0.22592764723598957
1788957295538747000,12.293746826171875,2.0339891688540574,-0.8777437885165214,-0.6473372423008084
1788957295548797000,12.303796875,0.32988515757769343,-1.7949521569371223,-0.4045570983327925
1788957295558847000,12.313846923828125,-1.4114227951943874,-1.7751994087189436,0.28108503244295713
1788957295568898000,12.32389794921875,-1.8593129854276775,-1.107457384032011,0.5053323253765702
1788957295578947800,12.33394775390625,-0.7280176296904682,-0.3341097895354032,0.20145430023670197
1788957295588999000,12.3439990234375,0.45819589567035435,-0.12352291929423809,-0.14204042662903665
1788957295599049000,12.354049072265624,1.1811834222391246,-0.15299217488467692,-0.2582762576550245
1788957295609099000,12.36409912109375,1.522969445490837,-0.5517576842039823,-0.33288200130611656
1788957295619149800,12.37414990234375,0.9836384044006466,-1.3718863190978765,-0.6538716125056148
1788957295629199600,12.38419970703125,0.031254093180596826,-1.2654787852555514,-0.4512720877565443
1788957295639250000,12.39425,-0.6526575605407356,-0.7034364384025334,0.04276332918852568
1788957295649300700,12.40430078125,0.2456114218711853,-0.041971594288945195,0.27710122350379823
1788957295659350800,12.414350830078124,1.0566010570198296,0.29693887352645393,0.29333237346708774
1788957295669401900,12.42440185546875,1.157609069906175,0.386712667953968,0.4960917649529874
1788957295679452000,12.434451904296875,1.9561177014052866,0.18213000656366346,0.584708206038922
1788957295689501700,12.444501708984374,1.4281386599346995,-0.2907809354186058,0.37835137458294626
1788957295699552800,12.454552734375,-0.6859682939901948,-0.8773159184932708,0.451098338624835
1788957295709602800,12.464602783203125,-1.0150283989205955,-0.9889812267333269,0.672253510762006
1788957295719654000,12.47465380859375,-0.35285657558143135,-0.8855956710606813,0.7038450192034245
1788957295729704000,12.484703857421875,-0.5377507861614227,-0.9106196376800536,0.8082898746706545
1788957295739754000,12.49475390625,-1.2309610141038894,-0.6941916401952505,1.008231870648265
1788957295749805000,12.50480517578125,-0.51021892837435,-0.3996814551204443,0.880836786095798
1788957295759854800,12.514854736328125,0.45983986348509787,-0.30179098973274227,0.3592899696297943
1788957295769905000,12.52490478515625,0.13476970497369767,-0.11903671379089355,-0.07976181124001741
1788957295779956000,12.5349560546875,-0.2620961082041263,0.05701718772947788,-0.35164383879080413
1788957295790006000,12.545006103515625,-0.4960442725494504,0.10347615656554698,-0.32514746153131124
1788957295800056800,12.555056884765625,-0.974935750246048,-0.039460488250851626,0.057374476734548804
1788957295810107000,12.56510693359375,-0.783641901756823,-0.3125087831020355,0.4924846803717315
1788957295820157000,12.575156982421875,-0.9349062299355864,-0.6056786594837904,0.5376490793526172
1788957295830207700,12.585207763671875,-1.808772300235927,-0.7572048534691334,0.5922171203643083
1788957295840257800,12.5952578125,-1.5040218761757016,-0.607066898971796,0.6268132174491882
1788957295850308900,12.605308837890625,-0.4916036597535014,-0.4453320301830768,0.3621237317509949
1788957295860359000,12.61535888671875,-0.07619476640820502,-0.22584932130277155,0.22037702737152576
1788957295870408700,12.62540869140625,-0.05306260488480329,0.007146364623308182,0.2601528651818633
1788957295880459800,12.635459716796875,-0.3035097763493657,-0.026900281885266303,0.3948711322292685
1788957295890509800,12.645509765625,-0.5931336506873369,-0.31706337766647336,0.48321153285279866
1788957295900560000,12.655559814453126,-0.892688844192028,-0.42014615100026126,0.5858851408638059
1788957295910611000,12.66561083984375,-1.0886834177181124,0.0011509236007928847,0.8668924318954349
1788957295920661000,12.675660888671874,-0.42903672894239425,0.7267986092895269,0.8781161289602517
1788957295930711800,12.6857119140625,-0.24887509984225034,1.4579057294279336,0.6778415400274097
1788957295940761900,12.695761962890625,-0.05683394011706114,1.5548679740548133,0.41258638327047226
1788957295950812000,12.70581201171875,0.44479748491495846,1.5241151083946227,0.07037380516976117
1788957295960863000,12.715863037109376,0.30034254449009895,1.4112135363578795,-0.03239171890839934
1788957295970913000,12.7259130859375,0.09781184719353914,1.2672253366619348,-0.03275222278386354
1788957295980963800,12.7359638671875,0.009884265154600143,1.2766630270928143,-0.05437120326533913
1788957295991014000,12.746013916015626,0.13875351391285656,1.3467851955890655,-0.0694200115762651
1788957296001064000,12.75606396484375,0.6497548248365521,1.2419155388385057,-0.09401377008482813
1788957296011114800,12.76611474609375,0.9379971816882491,0.6898328604638576,-0.20298750115334988
1788957296021164800,12.776164794921876,0.7101786061391234,-0.31009178508818147,-0.5466641604572534
1788957296031214800,12.78621484375,0.6536167609617114,-1.3092495379209517,-0.7586071214824914
1788957296041266000,12.796265869140624,-0.224791044421494,-2.2104729862242936,-0.6893268106378615
1788957296051315700,12.806315673828125,-1.4550170222491026,-2.6912159370064734,-0.47730859241932627
1788957296061366800,12.81636669921875,-2.6996479575261474,-2.2976830676436424,-0.052700055182725185
1788957296071416800,12.826416748046874,-2.1597452540278432,-1.1101713191658258,0.16428937557712198
1788957296081467000,12.836466796875,-0.1393909350335598,-0.44137423246800894,-0.2021957662537694
1788957296091518000,12.84651806640625,1.063264022040367,-0.34245559307634826,-0.4422160901196301
1788957296101567700,12.856567626953124,1.3791957653284073,-0.648365708565712,-0.30646628806740045
1788957296111617800,12.86661767578125,1.8570818653747438,-1.0436235020250082,-0.1700292344033718
1788957296121669600,12.876669677734375,1.8264099559962748,-1.4755933618098496,-0.18281448169648645
1788957296131719700,12.8867197265625,-0.6111617670699954,-2.0259452708691357,0.27501477261856194
1788957296141770500,12.8967705078125,-2.0847993186369536,-1.8025082714051006,1.0269879359792917
1788957296151820500,12.906820556640625,-0.4264613254964351,-1.1328653815329075,1.018159463487938
1788957296161870600,12.91687060546875,-0.1635787430897355,-1.0282751262456178,0.7758523438591509
1788957296171921400,12.92692138671875,-0.3521171553909778,-0.6200982299804687,0.6212827635899186
1788957296181971500,12.936971435546875,0.40692426585555075,-0.19144728548526763,0.32668928414583204
1788957296192022500,12.9470224609375,0.31082857493013144,0.2343131982654333,0.11404584670104086
1788957296202072600,12.957072509765625,0.78137220325917,0.8122469417333602,-0.13398498433679343
1788957296212122400,12.967122314453125,0.9404188558772206,1.1917664833128452,-0.5416237551372498
1788957296222173400,12.97717333984375,-0.3147498400270939,1.6960089676260948,-0.29575550896078345
1788957296232223500,12.987223388671875,-0.313975640784204,2.2927158006250856,0.2211903165157884
1788957296242273500,12.9972734375,-0.07252776833325623,2.4888737480193375,0.444816043484956
1788957296252324600,13.00732470703125,0.24103110834360122,2.283599597233534,0.3549208146348595
1788957296262374700,13.017374755859375,1.1072928411200642,1.7644997355282306,-0.10750701951682567
1788957296272425500,13.027425537109375,0.8835764401927589,1.1125625982165337,-0.22764088089466095
1788957296282475500,13.0374755859375,-0.10755202770233153,0.4782020341277122,-0.0396587873019278
1788957296292525600,13.047525634765625,-0.021107962219417093,-0.02103051306903362,-0.2618808580182493
1788957296302576600,13.05757666015625,0.026264029808342457,-0.6368757617801427,-0.69718585357517
1788957296312626700,13.067626708984376,0.058301382321119304,-1.5458096383303404,-1.187701133570075
1788957296322676500,13.077676513671875,0.9348600527063011,-2.6416584176331757,-1.4958808014266192
1788957296332727600,13.0877275390625,0.22993571383357048,-3.7602240556567903,-1.3580373880960046
1788957296342777600,13.097777587890626,-0.8152186510205268,-4.266981153139472,-0.8968725596174597
1788957296352828400,13.107828369140625,-0.7759817423924803,-3.6161394098490476,-0.28269992029368873
1788957296362878500,13.11787841796875,-1.1074483239427209,-2.1709932087510824,0.38654213369265195
1788957296372928500,13.127928466796876,-2.5020146768823266,-0.8181032665461301,1.3870548082657157
1788957296382979600,13.1379794921875,-2.2086711974993345,0.05764204162955284,1.9467318872921167
1788957296393029400,13.148029296875,-0.8426447103455662,0.13646481845378874,1.7288263646006583
1788957296403080400,13.15808056640625,-0.6463786264017224,0.5766600702702999,1.3961962922289968
1788957296413130500,13.168130615234375,-0.378034855979681,1.9357108731925485,1.1414680824443697
1788957296423180500,13.1781806640625,0.5020648480132222,2.8746055882424115,0.7874079762920737
1788957296433231600,13.188231689453126,0.522132653529942,2.4477917960464954,0.5007905902937054
1788957296443281400,13.198281494140625,-0.48265930579751726,1.7117910586476326,0.823822667106241
1788957296453331500,13.20833154296875,0.291681391389668,1.763907614853978,1.098639579065144
1788957296463382500,13.218382568359376,0.9571417348802089,1.9273650696516036,0.8847042751789093
1788957296473432600,13.2284326171875,1.2425000607281922,1.6968033328741787,0.7220999300792813
1788957296483483600,13.238483642578124,1.0595476318657397,1.2825953397512435,0.5380139671422541
1788957296493533700,13.24853369140625,0.23709289211183784,1.2831383605867623,0.3718316174253821
1788957296503583500,13.25858349609375,0.6753668204769492,1.1372224076986313,0.10726093580126762
1788957296513634600,13.268634521484374,0.33427491696923967,0.7397405084490776,-0.16861337625607847
1788957296523684600,13.2786845703125,-0.4082239502772689,0.6557932282179594,0.0011216975063085555
1788957296533734700,13.288734619140625,-0.28759003042280673,0.4753612577438354,0.20761983712911605
1788957296543785500,13.298785400390624,-0.43694472558796404,0.33094694159030913,0.4727233104556799
1788957296553835500,13.30883544921875,-0.8086459946319461,0.3857201497852802,0.7057590361312032
1788957296563886600,13.318886474609375,-0.3557598958075046,0.445247859030962,0.5450251610785722
1788957296573936400,13.328936279296874,0.2886523989573121,0.07527882060706614,-0.03535027645304799
1788957296583986400,13.338986328125,-0.06865355724841356,-0.5251975940585136,-0.40128246057629585
1788957296594037500,13.34903759765625,0.4303144937932491,-1.0212515112191438,-0.5043745862603187
1788957296604087600,13.359087646484374,-0.17167466352283953,-1.500352540013194,-0.5199805900625885
1788957296614137300,13.369137451171875,-0.5981929799035192,-1.482801101231575,-0.5296007974535226
1788957296624188400,13.3791884765625,0.5372524812504649,-1.47352240075469,-0.8158582640983164
1788957296634238500,13.389238525390626,0.6183142691731452,-2.178483272245526,-0.9004188539221882
1788957296644289500,13.39928955078125,0.8478592301234602,-2.622207867231965,-0.6282645853012799
1788957296654339600,13.409339599609375,0.5186243531480431,-2.6513088740319013,-0.4287374537348747
1788957296664389600,13.4193896484375,-0.37429976110458374,-2.452480246123671,-0.28686799975857136
1788957296674440700,13.429440673828125,-0.01732318298369646,-1.9371178173810242,-0.34906054429933425
1788957296684490500,13.439490478515625,0.38496523976475,-1.5088070646256209,-0.3348050783231854
1788957296694540500,13.44954052734375,-0.26008856777399775,-1.2548130143344403,-0.07488324541822075
1788957296704591600,13.459591552734375,-1.3804185851216315,-0.4019201739579439,0.3989658541969955
1788957296714641700,13.4696416015625,-1.6834788641378282,0.7617886741280555,0.7177443652182817
1788957296724692500,13.4796923828125,-0.6395698231697082,1.6492799496769903,0.5283351614318788
1788957296734742500,13.489742431640625,-0.03904050927311182,1.9298183080226181,0.023767682947963473
1788957296744792600,13.49979248046875,0.08911591504067182,1.6956097391754388,-0.2716200156137347
1788957296754843400,13.509843505859376,1.1671452522754668,1.4476608142673968,-0.5894743975274265
1788957296764893400,13.5198935546875,0.7812488691404461,1.1827590009927749,-0.8080635185688734
1788957296774944500,13.529944580078125,-0.4711740351870656,1.128692479762435,-0.4861136840350926
1788957296784994600,13.53999462890625,-0.9272560074433683,1.3774983137607573,-0.16042349392920732
1788957296795044400,13.55004443359375,-1.5123361155346036,1.452175661343336,0.14583295077979563
1788957296805095400,13.560095458984375,-0.9962278368607163,1.183577331638336,0.3227655348308384
1788957296815145500,13.5701455078125,0.43123219316005706,0.6469418132424354,0.07740005054473877
1788957296825195500,13.580195556640625,0.9224050602808594,-0.016055062744021416,-0.2382638355873525
1788957296835246600,13.59024658203125,0.803151781129837,-0.6224047533571719,-0.31754809244349597
1788957296845296600,13.600296630859376,1.3665277146741748,-0.8917039248079061,-0.428707058596611
1788957296855347700,13.61034765625,1.054263553982973,-1.0513222398340702,-0.4189958119213581
1788957296865397500,13.6203974609375,-0.3015694559365511,-1.1502432173132895,-0.0027937223717570303
1788957296875447600,13.630447509765625,-0.8293257945671677,-1.3072493040144442,0.22388635066673157
1788957296885498600,13.64049853515625,-1.482172447939217,-1.6238672760009765,0.13287936118245125
1788957296895548700,13.650548583984374,-1.9117352465823292,-2.0460124918639657,0.19710852611735463
1788957296905598700,13.6605986328125,-1.6675956508293748,-2.2322832514941693,0.11783420613333583
1788957296915649500,13.6706494140625,-1.3547709336459637,-2.0853782875686884,-0.040536300788819785
1788957296925699600,13.680699462890624,-0.15504530802220104,-2.0115929203897713,-0.37334538298919795
1788957296935750400,13.69075048828125,0.9672150928661226,-2.1282892085343597,-0.6867544759318233
1788957296945800400,13.700800537109375,0.651129620321095,-2.2565333111315966,-0.5766381506994366
1788957296955850500,13.7108505859375,0.2092687733799219,-1.9503069692999124,-0.31767668725922704
1788957296965901600,13.720901611328125,-0.5013225052133202,-1.1971616203546522,-0.17257774984240531
1788957296975951400,13.730951416015625,-1.215452479326725,-0.33047114077210427,0.14404270636215805
1788957296986001400,13.74100146484375,-0.7509674203842878,0.4157628213495016,0.2608591137550771
1788957296996052500,13.751052490234375,-0.9105266986995935,1.207169804149866,0.22529534068182108
1788957297006102500,13.7611025390625,-1.3915969817399978,1.799633592751622,0.4079933563917875
1788957297016153600,13.771153564453124,-1.398452546723187,2.1197721400797365,0.5829502564556897
1788957297026203600,13.78120361328125,-1.1061220437750219,2.775827818626165,0.7538895914413034
1788957297036253400,13.79125341796875,-0.24878420668840406,3.154646518459916,0.4037045731566846
1788957297046304500,13.801304443359374,-0.16524112334400415,3.0660633951216933,-0.3481048510096967
1788957297056354600,13.8113544921875,-0.12287848391085862,2.019090582668781,-0.27027415396273136
1788957297066404600,13.821404541015625,-0.6621203854128718,1.0239654463529586,0.042175738558918235
1788957297076455700,13.83145556640625,-0.8463301208600401,0.37086160334944723,0.20518618024140595
1788957297086505500,13.84150537109375,-0.7297536597028375,-0.35907939561903474,0.24949118591397998
1788957297096556500,13.851556640625,-0.24009499653726815,-0.8967571165442466,-0.038837826307863
1788957297106606600,13.861606689453126,-0.02820230439454317,-1.3697954842984676,-0.35590500336661934
1788957297116656600,13.87165673828125,-0.5605453862935305,-1.718614182665944,-0.8061435102917254
1788957297126707200,13.881707275390625,-0.8297320372804999,-1.7816969540446996,-1.2173451612055302
1788957297136757200,13.89175732421875,-0.8511915894165635,-1.4278221413314343,-1.3703209694772958
1788957297146807300,13.901807373046875,-0.2562961897537112,-0.9342273077607154,-1.4327068446330726
1788957297156858000,13.911858154296874,0.9899202611491084,-0.7828741322547197,-1.577131974441558
1788957297166908200,13.921908203125,1.0255986005127429,-0.838292068094015,-1.6213777972728014
1788957297176959000,13.931958984375,0.6549436256512999,-0.7106389171272516,-1.4089296632044017
1788957297187009000,13.942009033203124,0.39140550194531676,-0.5818307509064674,-1.1037805952154098
1788957297197059000,13.95205908203125,-0.428882415163517,-0.1694149018973112,-0.6405620490774512
1788957297207110100,13.962110107421875,-0.6614338644534349,0.7343792736768722,-0.11051789177060127
1788957297217160200,13.97216015625,-0.23045126214027403,1.3019190489023924,0.28440058673173185
1788957297227210000,13.9822099609375,0.44986733552515507,1.2379548185139895,0.47806934765875336
1788957297237261000,13.992260986328125,0.925087723493576,0.9896773923039436,0.6923825449466705
1788957297247311000,14.00231103515625,0.53531274535954,0.6386363417118788,0.8146554641798138
1788957297257362200,14.012362060546875,0.2670677591368556,0.10547346786260604,0.7508341493934393
1788957297267412200,14.022412109375,-0.7397521988868713,-0.6568851151078939,0.7166666529841721
1788957297277462300,14.032462158203124,-1.1103805780023335,-0.8965893587619066,0.459179353749752
1788957297287513300,14.042513427734375,-0.522958875221014,-0.9354863679111003,0.10470350640341639
1788957297297563100,14.052563232421875,-1.2144085232317448,-0.6394289533942937,0.13470146204307676
1788957297307613200,14.06261328125,-2.012494545404613,-0.3958358856081962,0.4599678737789392
1788957297317664300,14.072664306640625,-1.3789678017914295,-0.16895546769201755,0.27161343974247576
1788957297327714300,14.08271435546875,0.7096244793877006,0.11784136652648448,-0.6732479286268354
1788957297337765000,14.09276513671875,1.5648042616575955,0.041819034075737,-1.415421363311261
1788957297347815000,14.10281494140625,1.3814759852200746,-0.19459668942689895,-1.4741164211250841
1788957297357865200,14.112865234375,1.2537743189364672,-0.9428729710310697,-1.4435449033811687
1788957297367916000,14.122916015625,0.7822615533143281,-1.714125054553151,-1.4498026486016808
1788957297377966000,14.132966064453125,0.14042436973452568,-1.8555729221165178,-1.2503747396260498
1788957297388016000,14.14301611328125,-0.3592646890580654,-1.8971686688303946,-1.0651543658316134
1788957297398067200,14.153067138671876,-1.2094427175179123,-1.8968425056159495,-0.6561554856590927
1788957297408117000,14.163116943359375,-1.3725067890837788,-1.7378811931937932,-0.24782222978845236
1788957297418168000,14.17316796875,-1.200405424581468,-1.2097662503838538,-0.009466770394891499
1788957297428218000,14.183218017578126,-1.6099769900754093,-0.46278117763400073,0.10487769392654299
1788957297438268200,14.19326806640625,-0.8137471171632409,0.115029816237092,-0.013306056296825408
1788957297448319200,14.2033193359375,-0.08121551717966795,0.51155251506567,0.04229965719953179
1788957297458369300,14.213369384765626,0.05499532651305198,0.7293389414221048,0.10319485540613531
1788957297468419000,14.223419189453125,0.2712318930789828,1.2714222038298844,0.20872151476070283
1788957297478470100,14.23347021484375,-0.450419416449964,1.1857301257580517,0.37609833495914935
1788957297488520200,14.243520263671876,-1.5137646870329975,0.9305728769063949,0.6300977920778096
1788957297498571300,14.2535712890625,-1.928710931302607,1.7548200530350206,1.2743179252713919
1788957297508621300,14.263621337890624,-2.500113519436121,1.798181055855751,1.6011892879858611
1788957297518671000,14.273671142578126,-2.1050036100149154,2.3195891945034264,1.6773972061365843
1788957297528722000,14.283721923828125,0.20762071391195058,2.875436778369546,0.9677679044432937
1788957297538772200,14.293772216796874,2.1294164589986204,1.74314656637609,-0.260156226182729
1788957297548822300,14.303822265625,2.096067439365387,0.3726806354701519,-0.9067002722792327
1788957297558873000,14.313873046875,2.3593451585695147,-1.3505728974342346,-1.4690955242231487
1788957297568923100,14.323923095703124,1.616532987590134,-3.0658734255075455,-1.7744262323893605
1788957297578974200,14.33397412109375,0.34483956560343504,-3.2199972347706556,-1.4394837914220988
1788957297589024000,14.34402392578125,-1.0724722876295447,-2.3049445830792186,-0.8077050605200231
1788957297599074000,14.354073974609374,-2.784381127437949,-1.0066273580610752,0.43144115973562
1788957297609125000,14.364125,-2.831578931942582,0.21123101336359976,1.4255049504302442
1788957297619175200,14.374175048828125,-1.1330784397616982,0.3505681723833084,1.240656186427176
1788957297629225200,14.38422509765625,-0.21617811437696216,0.10286708475649356,0.7744463495187461
1788957297639276300,14.3942763671875,0.16025719745159148,0.4005032928973436,0.4686041846990585
1788957297649326000,14.404326171875,0.9416609648928046,0.9020371027737856,-0.04061301928684115
1788957297659377200,14.414377197265624,1.3732216593548654,1.2916466612130402,-0.4955554661192
1788957297669427200,14.42442724609375,1.2374831093490124,1.7279039890587329,-0.5779637002147734
1788957297679477200,14.434477294921875,0.2331552604019642,1.6868658762276172,-0.3251782950609922
1788957297689528300,14.4445283203125,-0.9215247703149915,1.330090665897727,0.004439005360752344
1788957297699578000,14.454578125,-0.5039198282301426,0.8314566691160201,0.2589808987930417
1788957297709628200,14.464628173828125,-0.4355219993084669,-0.0309480959713459,0.19905439948812126
1788957297719679200,14.47467919921875,-0.9399576681062579,-0.6602098756164312,0.1599725352913141
1788957297729729300,14.484729248046875,-0.7027960946723818,-0.549988336443901,0.06582242547571658
1788957297739780000,14.494780029296875,-0.6779977535024285,-0.5390852496355771,-0.08465440558716654
1788957297749830100,14.504830078125,-1.1668623436808585,-0.787470812395215,0.0781198892518878
1788957297759880200,14.514880126953125,-0.6051727557882666,-0.7890063513994217,0.35213527556955815
1788957297769931000,14.524930908203125,-0.10773936696797609,-0.767554398047924,0.3161312113828957
1788957297779981000,14.53498095703125,0.10800912382006644,-0.9224719880372285,-0.06147796653062105
1788957297790031000,14.545031005859375,0.7473088978767395,-0.9082640144646167,-0.5755630688138306
1788957297800082200,14.555082275390625,1.3915750621691345,-0.7916957366138696,-0.9516618421643972
1788957297810132200,14.56513232421875,1.2163111419826744,-1.0666612632632255,-1.1018928817726672
1788957297820183000,14.57518310546875,-0.2734215120777488,-1.249225569590926,-1.0105540299855171
1788957297830233000,14.585233154296875,-1.023638406355679,-0.9465665648519992,-0.8643896552942693
1788957297840283100,14.595283203125,-0.7507938173830508,-0.4968564657151699,-0.730619921143353
1788957297850334200,14.605334228515625,-0.6380377912968397,-0.5159370137602091,-0.4754569732032716
1788957297860384300,14.61538427734375,-0.3550982170283794,-0.5904302369475364,-0.3632221945121884
1788957297870434000,14.62543408203125,-0.3120522715061903,-0.41672026820480823,-0.28921237092763186
1788957297880485000,14.635485107421875,0.0974631798863411,0.19018413368165493,-0.13422814544290304
1788957297890535200,14.64553515625,0.3708919984877109,0.5316513002425431,0.0648591334015131
1788957297900586200,14.655586181640626,0.24875585737675426,0.4964367789983749,0.30763167858496304
1788957297910636300,14.66563623046875,0.7417360661804676,0.3945277256190777,0.41380277332291004
1788957297920686300,14.675686279296874,0.6441241254732012,0.12952888171076773,0.5076989083774388
1788957297930737200,14.685737060546876,-0.45893268551230426,-0.27071839059889313,0.7054350648738443
1788957297940787200,14.695787109375,-1.1489189829722046,-0.5008429050028324,0.8136775590583681
1788957297950837200,14.705837158203124,-1.4916408257693052,-0.5304530303686857,0.7837525225244462
1788957297960888000,14.71588818359375,-1.7992901861414312,-0.3490758879989385,0.7113185699544846
1788957297970938000,14.725938232421875,-1.5189198778390884,0.054603112325072284,0.6452385164558887
1788957297980988200,14.73598828125,-0.3377639281287789,0.7067816571772099,0.45638972303122277
1788957297991039000,14.7460390625,-0.28409868117570874,1.2546861730843781,0.2772774568535387
1788957298001089000,14.756089111328125,-0.31921091108918187,1.5630413436383008,0.4983478733167052
1788957298011140000,14.76614013671875,0.7351920513644814,1.579775620818138,0.5478462098486722
1788957298021190100,14.776190185546875,1.532370895564556,1.2040221537739038,0.29968977966979143
1788957298031240200,14.786240234375,0.8801084718212485,0.3685504037976265,-0.01872749682366848
1788957298041291300,14.796291259765624,-0.456583199776709,-0.797204270902276,-0.15062135410010813
1788957298051341000,14.806341064453125,-1.1938400747165083,-1.434236100026965,-0.2912807016342878
1788957298061391000,14.81639111328125,-1.2337138199433684,-1.3746008387535809,-0.3501991929404437
1788957298071442200,14.826442138671876,-0.5082692556113004,-1.068993505603075,-0.28196415336504577
1788957298081492200,14.8364921875,0.23050270006656645,-0.717333446329832,-0.6104118254855275
1788957298091543300,14.846543212890625,0.5234694550916552,-0.4096422926425934,-1.1690138226263225
1788957298101593300,14.85659326171875,-0.10379968943148851,-0.22360300368070601,-0.9899164617568253
1788957298111643100,14.86664306640625,-1.0556628993868826,-0.2311632098019123,-0.405224768461287
1788957298121694500,14.876694580078125,-1.0888906307280064,-0.2840484122931957,-0.06019654841795563
1788957298131744500,14.88674462890625,-0.6455556195810437,-0.2850596351623535,-0.015102292063832281
1788957298141794600,14.896794677734375,-0.3273945098057389,-0.28955870014727114,-0.1784361204817891
1788957298151845600,14.906845703125,-0.3482724626615643,-0.6751771431237459,-0.2538841601759195
1788957298161895400,14.9168955078125,-0.6212210965305567,-0.8920540534198284,-0.03638400341495871
1788957298171946500,14.926946533203125,-0.5286301988556981,-0.7919248691946268,0.16345073279589414
1788957298181996500,14.93699658203125,0.30856881330460306,-0.6366758552938699,0.06381605408936739
1788957298192046600,14.947046630859376,0.6361445248961448,-0.6209346808046102,0.04554477660059929
1788957298202097700,14.95709765625,0.6725359809651971,-0.7478238616615533,-0.00439428943619132
1788957298212147700,14.967147705078125,0.4084346704185009,-0.9428279628455638,-0.14252967145070433
1788957298222197500,14.977197509765626,0.13366992703825234,-1.064105149039626,-0.2559668116688728
1788957298232248600,14.98724853515625,0.20314473754167556,-1.1932160975992678,-0.12493833905011414
1788957298242298600,14.997298583984374,-0.08824439290314912,-1.4264064293146133,0.09120806501433253
1788957298252348700,15.0073486328125,0.11194266387671231,-1.1426362494409084,0.3016385756500065
1788957298262399700,15.017399658203125,0.1564896616116166,-0.6741711809515952,0.3027247634515166
1788957298272449500,15.027449462890624,-0.8978519260436296,0.08839256920218468,0.3455386537835002
1788957298282500600,15.03750048828125,-1.239689971743524,0.8401993630200624,0.5539467186808585
1788957298292550700,15.047550537109375,-0.536909074640274,1.5214724849313497,0.6047650517702102
1788957298302600700,15.0576005859375,-0.4270128218993544,1.975695677578449,0.5987459376111627
1788957298312651500,15.067651611328126,-0.7662053215265273,2.3012708630025385,0.7999328190833329
1788957298322701600,15.07770166015625,-0.8185857893660664,2.9579613323211666,0.8060439954400062
1788957298332751600,15.087751708984374,-1.2308803500831127,3.219439016366005,0.7679644401535392
1788957298342802400,15.097802490234375,-1.5910174380615352,3.227462163823843,0.8701926424846053
1788957298352852500,15.1078525390625,-1.5285098362222314,3.274322114676237,1.0522035527132452
1788957298362903600,15.117903564453124,-0.959234030984342,2.894286440268159,1.1520257168158887
1788957298372953600,15.12795361328125,0.7996481569230556,2.01998840829134,1.0808224750846624
1788957298383003600,15.138003662109375,2.081154240132868,0.8070522956997156,0.8123014483995735
1788957298393054700,15.1480546875,1.9504256272435188,-0.4050380137175321,0.4600878468967974
1788957298403104500,15.1581044921875,1.5101426971435545,-1.9968658913791177,0.1908421591989696
1788957298413154600,15.168154541015625,1.1219289769768714,-3.2405741588532924,-0.4007740726627409
1788957298423205600,15.17820556640625,0.12303776612579821,-4.370068018126488,-1.4420124331168829
1788957298433255700,15.188255615234375,-0.6404483595699072,-4.867855042690039,-2.0450319563940167
1788957298443306800,15.198306640625,-0.06800093855857849,-4.056335246187448,-2.2198441872902213
1788957298453356500,15.2083564453125,-0.2156388929337263,-3.0640713445216416,-2.3663090062327683
1788957298463406600,15.218406494140625,1.0242504007741808,-2.5441630890429017,-2.7783111598744985
1788957298473457700,15.228457763671875,3.029845542053878,-2.822863710567355,-3.351305401113629
1788957298483507700,15.2385078125,0.5212260600790382,-2.889170704689622,-2.8243849287852645
1788957298493557800,15.248557861328125,-0.33264000924378634,-1.6012889489680528,-1.7556057965852319
1788957298503608600,15.258608642578125,0.21699644502252338,-0.6365688877880573,-1.1704951472252607
1788957298513658600,15.26865869140625,-1.406169696971774,-0.43185646253824234,-0.3871357156716287
1788957298523708700,15.278708740234375,-1.6924983291566371,-0.12146481772065162,0.7206010698236525
1788957298533759500,15.288759521484375,-0.5850315927743911,-0.12043956632614135,1.125149838719517
1788957298543809500,15.2988095703125,-0.7014356199741363,-0.3337836263209581,1.3346513979420065
1788957298553860600,15.308860595703125,-2.0786860964536666,0.39987726995348927,1.9591025624349712
1788957298563910700,15.31891064453125,-2.2766730128407477,1.9749521657347677,2.3523788266882297
1788957298573960400,15.32896044921875,-1.8179846574783325,3.0323686307907103,2.273013759680837
1788957298584011500,15.339011474609375,-1.7667305633202195,3.442015599608421,2.0464370008863506
1788957298594061600,15.3490615234375,-1.0400599643245338,3.2131016300380226,1.6947383631683886
1788957298604111600,15.359111572265626,-0.06726356419473886,2.8930349789023397,1.1808582819379865
1788957298614162700,15.36916259765625,-0.510619910390675,2.6545465407788753,0.7525767552770674
1788957298624212500,15.37921240234375,-0.2611845463171601,2.109513780915737,0.27944997858703136
1788957298634263600,15.389263671875,-0.06715455086231231,1.7178993123948574,0.21657368956580758
1788957298644313600,15.399313720703125,-0.3319754078552127,0.8033534411817789,0.3029164866313338
1788957298654363600,15.40936376953125,0.15481763674616814,-0.07440905203521252,0.22605711883455515
1788957298664414700,15.419414794921876,0.18471593140363693,-0.8342214576542377,0.0034311434924602507
1788957298674464800,15.42946484375,0.25946196030825375,-1.4314450080037115,-0.09626885553523898
1788957298684514600,15.4395146484375,0.5078022226214408,-2.01696643012166,-0.21098858290985226
1788957298694565600,15.449565673828126,-0.42885991107076404,-2.0594564953267573,-0.07959785284996032
1788957298704615700,15.45961572265625,-0.990249054712057,-0.8324234683215618,0.41998394617587326
1788957298714665700,15.469665771484374,-0.5645233500137925,0.2418079379349947,0.5417445319727063
1788957298724716500,15.479716552734375,-0.09279811068475245,0.4732324290215969,0.3417062360137701
1788957298734766800,15.489766845703125,0.5668731280103325,0.5812018053531647,0.3601524316780269
1788957298744817400,15.4998173828125,1.4061647285357117,0.26677520593106746,0.22851371820643543
1788957298754867500,15.509867431640625,0.9784136554896831,-0.4612748647242784,0.06493775159567594
1788957298764917500,15.51991748046875,0.8725356984794139,-0.8430512453198432,0.14877499558106064
1788957298774968600,15.529968505859374,1.1729372796803712,-0.9084539840787649,0.020406535951793193
1788957298785018600,15.5400185546875,0.23818273317515848,-0.6574538549065589,-0.28065760081112384
1788957298795068400,15.550068359375,0.012185235573351383,-0.20791677424907684,-0.36130160171315073
1788957298805119500,15.560119384765626,0.4573240812718868,-0.02193652199804783,-0.3215259100332856
1788957298815169500,15.57016943359375,-0.29838585746437307,-0.1703647499680519,-0.11281126340478657
1788957298825220600,15.580220703125,0.09577303484231232,0.03429565283358097,0.16804171384796499
1788957298835270700,15.590270751953126,0.5647288094580173,-0.07966624191105365,0.19117124502286315
1788957298845320700,15.60032080078125,-0.13642039479017257,-0.5153127443820238,0.4189600099556148
1788957298855371800,15.610371826171875,0.05305266801267862,-0.5808920087516307,0.7300158177703618
1788957298865421600,15.620421630859376,0.4480383665323257,-0.466915500959754,0.6424997391417622
1788957298875471600,15.6304716796875,-0.10358780024647712,-0.14992752661705017,0.5421630496457219
1788957298885522700,15.640522705078125,-0.15163023888170718,0.24384791933000086,0.3391476375721395
1788957298895572700,15.65057275390625,0.1032291960671544,0.5767565163820981,0.03348053705841303
1788957298905622800,15.660622802734375,-0.056634325891733166,0.5898942303746938,-0.1655839454323053
1788957298915673600,15.670673583984374,0.5676736307382584,0.3990753059208393,-0.6060245503120124
1788957298925723600,15.6807236328125,0.6281584945783019,-0.19287936411499976,-0.9196357416979968
1788957298935774500,15.6907744140625,-0.2016618055075407,-0.7281418405920267,-0.72522142310068
1788957298945824500,15.700824462890624,-0.5952303307056427,-0.7489268544673919,-0.415289212488383
1788957298955874600,15.71087451171875,-0.8802370666369795,-1.1805296345055103,-0.09235665052756667
1788957298965925600,15.720925537109375,-0.16780103695988655,-1.3154811257869004,0.06866261733770371
1788957298975975400,15.730975341796874,0.7673308184251189,-1.4752502474606037,-0.09238441531732677
1788957298986025500,15.741025390625,1.0424436445906757,-1.6696908695429562,-0.04099047429710626
1788957298996076500,15.75107666015625,0.800977067439258,-1.4513842187047004,0.01018763201534748
1788957299006126600,15.761126708984374,0.06829524533003568,-0.5903928275465965,0.12651698654368518
1788957299016176600,15.7711767578125,-0.573918370346725,0.14763620080947876,0.25791370795294644
1788957299026227700,15.781227783203125,-0.47429888920933005,0.42080140003859995,0.42825449252352116
1788957299036277500,15.791277587890624,-0.2398638181298971,0.7512012291401624,0.5536459821686148
1788957299046328600,15.80132861328125,0.05861205570548773,1.3014824110507965,0.5761303473077715
1788957299056378600,15.811378662109375,-0.17000468448400496,1.3482459157913922,0.7047514665238559
1788957299066428700,15.8214287109375,-0.7947533706188201,0.975877415010333,1.0369000389888883
1788957299076479700,15.831479736328125,-0.678328885152936,0.6304080270707607,1.0336582805886865
1788957299086529500,15.841529541015625,-1.003457495853305,0.25859657565057276,0.6930712578631937
1788957299096579600,15.85157958984375,-1.5212585499197244,-0.3577536999732256,0.5743270972780883
1788957299106630700,15.861630615234375,-1.4594906605318188,-0.9451923538893461,0.578185380141437
1788957299116680700,15.8716806640625,-1.609708986788988,-1.291990360084176,0.45073973444551224
1788957299126731000,15.88173095703125,-0.3105205318942666,-1.874025109130144,-0.2248323993451893
1788957299136781000,15.891781005859375,0.1602592432782054,-1.8386995287269352,-1.0568483097791672
1788957299146831000,15.9018310546875,-0.2873506687089801,-1.5142723442941903,-1.449278332466632
1788957299156882000,15.9118818359375,0.09360562767535448,-0.7401110953271388,-1.5811204595558344
1788957299166932200,15.92193212890625,0.42100276782959695,-0.12571312281489372,-1.551613502303511
1788957299176982000,15.93198193359375,0.4035217639356851,0.03223813578188419,-1.2439083200909196
1788957299187032800,15.94203271484375,0.6108730132564902,-0.03863455882072449,-0.7895062637455761
1788957299197083000,15.952082763671875,0.12627981678694486,-0.6582990735590457,-0.21522139817401764
1788957299207133000,15.9621328125,-0.022482173182070252,-0.7296528296768665,0.2409992519006133
1788957299217184000,15.97218408203125,-0.06330255160927772,-0.019731120908260343,0.7250124565251171
1788957299227234000,15.982234130859375,0.1465057354748249,0.3551420561701059,0.7098540503598749
1788957299237285000,15.99228515625,-0.5937333701461553,0.45320144838392734,0.5229883935764431
1788957299247335000,16.0023349609375,-0.8758280180230736,0.1583575013101101,0.5021303144648671
1788957299257385000,16.012385009765627,-0.4690408225506544,0.017768296402692795,0.560813827971369
1788957299267436000,16.02243603515625,-0.2995373655870557,0.16714695696532725,0.6692554979898035
1788957299277486000,16.032486083984374,-0.705522597026825,0.19717501548230648,0.6027427521623671
1788957299287536000,16.0425361328125,-1.2692255705684423,0.3368067735344171,0.2655528245292604
1788957299297587000,16.0525869140625,-1.7994103053897619,1.1836118184298277,0.21165961403921246
1788957299307637000,16.062636962890625,-1.9429136441782116,1.5698492700874804,0.2960280422918498
1788957299317688000,16.07268798828125,-1.4851011948674917,2.039241974815726,0.26502456287145615
1788957299327738000,16.082738037109376,-0.40623979072272776,2.8876918643087146,0.033955168832838535
1788957299337788200,16.0927880859375,0.5838678096920251,2.2568559672147033,-0.18321312562525272
1788957299347839200,16.102839111328127,0.31829642659276725,0.8302402790635823,-0.4855957976408303
1788957299357889000,16.112888916015624,-0.37129590311348437,-0.11100947467982768,-0.6600405103988946
1788957299367939000,16.12293896484375,-0.5372425443783402,-0.9444424123048781,-0.600549626032263
1788957299377990000,16.132989990234375,-0.4267012717321515,-1.3478823431760072,-0.33975904746875163
1788957299388040200,16.143040283203124,0.6621569180309772,-1.3695944087684153,-0.035478286746889354
1788957299398090200,16.15309033203125,1.8215759599685668,-1.524571619990468,0.09632876902893185
1788957299408141000,16.16314111328125,1.4554185887873172,-2.0681658714830875,-0.07347118666321038
1788957299418190800,16.17319091796875,1.2705889678761362,-2.7081138803154228,-0.3831532219067216
1788957299428242000,16.183241943359373,1.044153078857064,-3.201839062267542,-0.7662266565755009
1788957299438292000,16.1932919921875,-0.180394561073184,-3.1173212886720894,-0.9419032492160797
1788957299448342000,16.203342041015624,-1.1115496217817067,-1.925754711845517,-0.8470239483430981
1788957299458393000,16.21339306640625,-0.5172586177527905,-0.588069937556982,-0.8051765649557113
1788957299468443000,16.22344287109375,0.1780228635057807,0.0691202979773283,-0.8204170964464544
1788957299478493000,16.233492919921876,-0.18597995999008415,0.22853812199532986,-0.5175706063114106
1788957299488544000,16.2435439453125,-1.2635492784976958,0.5772130279779434,0.15294862800389528
1788957299498594000,16.253593994140626,-1.4213368709653615,1.2128998722344637,0.8864518494985997
1788957299508644000,16.26364404296875,-0.7166276361480355,1.91666656550467,1.0464343216620384
1788957299518695200,16.273695068359373,0.8347375904828309,2.182241747996211,0.6129248312197625
1788957299528745000,16.283744873046874,1.2094868489205837,1.8813158506602048,0.35122254463881253
1788957299538796000,16.293796142578124,0.5853130400642752,1.6361726308226585,0.6185156369641422
1788957299548846000,16.30384619140625,0.3255377760231495,1.3744687368065118,0.7752852845609187
1788957299558896000,16.313896240234374,-0.46018063974678514,1.014682654222846,0.625200521555543
1788957299568947200,16.323947265625,-0.7269926705569029,0.9980179351478814,0.342251010414958
1788957299578997200,16.333997314453125,-0.364521002151072,1.1782131742566824,0.22609292080029844
1788957299589047000,16.344047119140626,0.35987113051861525,1.2494441807776688,0.28946356920972466
1788957299599097900,16.354097900390624,1.6669614445790648,0.45180911724269385,-0.04721256368234753
1788957299609148000,16.36414794921875,1.6736042435944078,-1.195405132076144,-0.5012887490741909
1788957299619198200,16.3741982421875,1.4835621487319468,-2.6186072123914954,-1.2632711922086775
1788957299629249000,16.3842490234375,0.5132029126212001,-4.022296198463439,-1.72482268191725
1788957299639298800,16.394298828125,-1.5455629700928926,-4.588983156251907,-2.306963813947141
1788957299649350000,16.404349853515626,-2.642860486899316,-4.042292107787728,-1.9948175805471837
1788957299659400000,16.41439990234375,-2.9460911540463566,-2.1199188550740478,-0.5092493526898324
1788957299669450000,16.424449951171876,-0.8233189553678035,-0.2747854939073324,0.45048444451019165
1788957299679501000,16.4345009765625,0.39392566807270046,-0.36883565047979355,0.34281814277842637
1788957299689551000,16.444551025390624,-1.0386284702166915,-0.14653963774442672,0.5653897575847804
1788957299699601000,16.454600830078125,-0.7532835883721709,0.8606663969874382,1.1726698609158397
1788957299709652000,16.46465185546875,0.43956952113360165,1.406203599241376,1.1379780483715236
1788957299719702000,16.474701904296875,1.0502502266883849,1.2616022360831498,0.577253798379749
1788957299729752000,16.484751953125,-0.045836745284497736,0.6192991885572672,0.5858379407212138
1788957299739803100,16.49480322265625,-0.9208864724114537,0.5473135642766952,1.3215186523854732
1788957299749853200,16.504853271484375,-1.5412366313263772,1.0213953036040067,1.9074321425609289
1788957299759904000,16.514904052734376,-2.2934251179382206,1.7122522464185952,2.2446384368069467
1788957299769954000,16.5249541015625,-1.2304761531963944,2.004353616786003,2.1280795113064346
1788957299780004000,16.535004150390623,-0.17254413983374833,2.0424878248691556,1.602917865344137
1788957299790055000,16.545054931640625,0.24096067345589398,2.1450988890379667,0.9479930905237793
1788957299800105200,16.555105224609374,0.24090163674503565,1.9351567464411257,0.3832178115755319
1788957299810155000,16.565155029296875,0.21926380543261764,1.6035966413885354,-0.043061873743683095
1788957299820205800,16.575205810546876,0.03070931877940893,1.324018067985773,-0.46228784115910526
1788957299830255900,16.585255859375,-0.6038698564961552,1.069877302700281,-0.6484275217555463
1788957299840306000,16.595305908203127,-1.1290884933426975,0.9388988067030906,-0.43601752774044866
1788957299850357000,16.60535693359375,-1.5317381506189702,0.8016969061464071,-0.019081424827873707
1788957299860407000,16.615406982421874,-1.2671341512471437,0.8281248943448066,0.15445800965353845
1788957299870458000,16.6254580078125,0.2719333193466067,0.7681687305539846,-0.20033786342740056
1788957299880508000,16.6355078125,1.5354679847970605,0.16530805110037325,-0.7812192046545445
1788957299890558000,16.645557861328125,1.0430486247465014,-0.9703817402034998,-1.1708924759797752
1788957299900609000,16.655609130859375,-0.20449410632401704,-1.8694377813398837,-0.9585247136712074
1788957299910659000,16.6656591796875,-0.11987988661676645,-2.037321235886216,-0.37850788031890986
1788957299920709000,16.675709228515625,0.2073860283732414,-1.915484077721834,-0.4549539911396801
1788957299930760000,16.685760009765627,-0.5594456083580851,-2.1495395018339156,-0.42247985464483495
1788957299940810000,16.69581005859375,-0.8204983449891209,-1.5605694005668163,0.3656282327406108
1788957299950861000,16.705861083984374,0.6175663734152913,-0.9593144027441739,0.5197751306183636
1788957299960911000,16.7159111328125,0.5881506015777588,-0.8815905270725488,0.24771409323886034
1788957299970961200,16.725961181640624,0.1758148320674896,-0.8984317717581987,0.13246902681589126
1788957299981012200,16.73601220703125,1.0851710256829856,-0.8844441629379988,-0.20240823996067045
1788957299991062000,16.74606201171875,1.33380559476763,-1.2205910112589597,-0.5824361694537102
1788957300001112000,16.756112060546876,1.1636898511245846,-1.4620195944875478,-0.686018270611763
1788957300011163000,16.766162841796874,0.3188639973476529,-1.5605442661255597,-0.6768363085076212
1788957300021213000,16.776212890625,-0.7032263027831912,-1.646910297936201,-0.4505521029189229
1788957300031263200,16.78626318359375,-0.46174920423775906,-0.9849965410113334,-0.11427622139081359
1788957300041314000,16.79631396484375,-0.37577889374643564,-0.2634837631702423,0.17647797215133904
1788957300051363800,16.80636376953125,-0.18941431835293768,0.06859013662338256,0.4004389954894781
1788957300061414000,16.816413818359376,0.7497904855594039,0.29579730227589607,0.15105769969075916
1788957300071465000,16.82646484375,1.051587320511043,0.28461656756997106,-0.14206088489517568
1788957300081515000,16.836514892578126,1.2067135848149657,0.339054260200262,-0.23125205712914465
1788957300091566000,16.846566162109376,1.1263839105591178,0.6428904920250177,-0.06343918360099196
1788957300101616000,16.8566162109375,-0.0040332010388374325,0.8848217640787363,0.17722922891005874
1788957300111666000,16.866666015625,-0.3649792673125863,1.082328203472495,0.3541913313165307
1788957300121717200,16.87671728515625,-0.28275457309037444,1.4849638322234153,0.5161087170653045
1788957300131767000,16.88676708984375,-0.6303372999221086,0.5876946745038032,0.42305122479200363
1788957300141817000,16.896817138671874,-0.3813677997946739,-0.5160930811047554,0.08017024591043591
1788957300151868200,16.9068681640625,-0.9079624011695384,-1.160199378660321,0.10925883162021637
1788957300161918200,16.916918212890625,-1.2570707301333546,-1.7633078953951595,0.2520141285203397
1788957300171968300,16.92696826171875,-1.1391212270572781,-2.034094675055146,-0.2595847099050879
1788957300182019300,16.937019287109376,-2.4754779676124454,-1.6670751340866088,-0.6266977743759751
1788957300192069000,16.947069091796877,-2.6637483766272663,-1.1420365299820898,-0.01176598724797368
1788957300202120200,16.9571201171875,-1.4533622407793998,-0.3853507319509983,0.18349150417521595
1788957300212170200,16.967170166015624,-0.5154571212887764,0.3223702519029379,-0.028139760552346706
1788957300222220300,16.97722021484375,0.10134148262441157,0.7937053228706121,-0.34098961217701435
1788957300232271000,16.98727099609375,-0.28039368917793034,1.1750275299578905,-0.2927678714521229
1788957300242321200,16.997321044921875,-0.69728843716681,1.5741922677278517,-0.06874284296706318
1788957300252371200,17.00737109375,-0.07399696410298347,1.7447791360139846,0.03329904301166534
1788957300262422000,17.017422119140626,0.5355865938648581,1.4744652345627545,-0.03966185604184866
1788957300272472000,17.02747216796875,0.9838359727993607,0.6259902106285095,-0.15272490225061774
1788957300282522000,17.037522216796877,1.3225336746469138,-0.24554770898520945,-0.2861984299339354
1788957300292573200,17.0475732421875,0.43916064807176586,-1.2224001065075396,-0.46929333600699896
1788957300302623000,17.057623046875,-0.8225482632562517,-2.1721792036652565,-0.5937903610303997
1788957300312674000,17.067674072265625,-1.38065443970412,-2.434600890561938,-0.3179996356032789
1788957300322724000,17.07772412109375,-1.0409121972396969,-1.8721254129886626,-0.20367007659003136
1788957300332774100,17.087774169921875,-0.03512392035126686,-0.5067652807891369,-0.6447397731535136
1788957300342825200,17.0978251953125,-0.32290625847578047,0.30460780071914195,-0.9191728003613651
1788957300352875300,17.107875244140626,-0.9532163781300187,0.6007891338765621,-0.9654831545069813
1788957300362925000,17.117925048828123,-0.1926250970929861,0.48660628985762594,-1.1580622205011546
1788957300372976000,17.12797607421875,-0.10686229187250136,0.230753459957242,-0.9941150824904441
1788957300383026200,17.138026123046874,-0.6173799109324812,0.3917676132559776,-0.5703225378118455
1788957300393076200,17.148076171875,-0.6829848942652345,0.815574624851346,-0.1393098326213658
1788957300403127300,17.158127197265625,-1.2635893182471394,1.1742156290531158,0.41486733381450175
1788957300413177300,17.16817724609375,-0.32135815225094555,1.5950345647484063,0.2945592849135399
1788957300423228200,17.178228271484375,1.4910685788393019,1.28528764757514,-0.30959143435060976
1788957300433278200,17.1882783203125,2.0859654398068783,0.38934418550133704,-0.740378367961198
1788957300443328300,17.198328369140626,1.8998893259659408,-0.32572131589651104,-0.9770200091741978
1788957300453379000,17.208379150390623,0.19359248082041738,-1.1468325320869683,-0.8769653514899313
1788957300463429000,17.21842919921875,-1.0439581408068537,-1.9095055878341196,-0.5338501254610717
1788957300473479000,17.22847900390625,-0.3268938668072223,-1.8971376891702412,-0.32237565873041746
1788957300483530000,17.238530029296875,0.8251461707949638,-1.7816098602831363,0.0161069390617311
1788957300493580000,17.248580078125,0.4723775657579303,-1.3617436952680348,0.05366305499598384
1788957300503630000,17.258630126953125,-1.3833601915314793,-0.5273474655687809,0.06919964682385325
1788957300513681200,17.26868115234375,-1.6087082853138446,0.22504034300744533,0.19392171277478337
1788957300523731200,17.278731201171876,-1.411490599733591,0.6814689367443323,0.2892813445106149
1788957300533782300,17.2887822265625,-0.9663613986462354,0.9135440006941556,0.412337815336883
1788957300543832000,17.29883203125,-0.31469635627418757,1.1283090334028005,0.3143725311473012
1788957300553882000,17.308882080078124,-0.9175038442358374,0.7850543989032507,0.07925839176252483
1788957300563933200,17.31893310546875,-1.5641314769625663,0.3862807062774896,-0.06878039849847555
1788957300573983200,17.328983154296875,-1.122349540476501,0.19502397492825985,-0.10797127602770924
1788957300584033300,17.339033203125,-0.6389791638001799,-0.09004092093110085,-0.004848609074950218
1788957300594084400,17.34908447265625,0.0234647544786334,-0.4864642510384321,-0.07618015336096286
1788957300604134100,17.359134033203127,0.47333618165701624,-0.8262070780247449,-0.10975275261700153
1788957300614184200,17.36918408203125,0.6502484535723925,-0.6382774452716111,0.08926189938262104
1788957300624235300,17.3792353515625,0.6108589847311378,0.19331249483525753,0.18450550352334974
1788957300634285300,17.389285400390627,1.0798428163975478,0.7660130138248205,-0.32968934274464845
1788957300644335400,17.39933544921875,1.687794973771274,0.896907338669896,-0.7501736396580934
1788957300654386000,17.409385986328125,1.439763923537731,0.42514965837597846,-1.0419593682050705
1788957300664436200,17.419436279296875,1.3261667704522608,-0.32990941523611544,-1.1024439397841692
1788957300674487000,17.429487060546876,0.6216723474293947,-1.3782161066412926,-1.0635625665955244
1788957300684537000,17.439537109375,-0.04485036459565162,-2.184261271125078,-1.1282855063967405
1788957300694587100,17.449587158203126,-0.9928095528498292,-3.2564316531985997,-1.3899661656677722
1788957300704638200,17.45963818359375,-2.2019445195928213,-2.715439693158865,-0.9753092597335576
1788957300714688000,17.46968798828125,-2.3704849767431617,-1.1601420955151318,-0.21383396240361033
1788957300724738000,17.479738037109374,-2.013424519731104,-0.37359658127129075,0.4856521309379488
1788957300734789000,17.4897890625,-2.0668927828073502,-0.13040391097962856,0.8386492109686136
1788957300744839200,17.499839111328125,-1.937418553893268,0.4120797489225864,0.9550601063005626
1788957300754889200,17.50988916015625,-1.3510203489407897,1.2570628390878438,0.9852245045483112
1788957300764940300,17.519940185546876,-0.6006888883724808,2.0174504142463205,0.7058528518944979
1788957300774990000,17.529989990234377,-0.7512757556810975,2.2940233760923148,0.46606955165490505
1788957300785041200,17.540041259765626,-0.531840100812912,2.4379811806499956,0.42791152430474755
1788957300795091200,17.55009130859375,-0.16819062079936264,2.3368284985959527,0.39336189671009775
1788957300805141200,17.560141357421877,0.10027209982722997,1.8207050223529337,-0.017439064448326824
1788957300815192300,17.5701923828125,0.9683432201132178,0.7908850047528744,-0.5277731436349451
1788957300825242000,17.5802421875,1.115793835222721,-0.6901420725435018,-0.7464309459984302
1788957300835292200,17.590292236328125,1.3611679412066935,-1.4553490306824446,-0.5860441308178007
1788957300845343200,17.60034326171875,1.495264569224417,-2.108973682689667,-0.5000435713186859
1788957300855393300,17.610393310546876,0.7180614683434366,-2.099748758226633,-0.22754925708845256
1788957300865443300,17.620443359375,-0.12357932565659284,-1.4668097513735294,0.3812476805463433
1788957300875494100,17.630494140625,-0.6345955418884753,-0.826005417972803,0.8044502965077758
1788957300885544000,17.6405439453125,-0.8745581442177295,-0.1760498098671436,0.9980093134500085
1788957300895595000,17.650594970703125,-0.6927469943448901,0.35285774462521075,0.960441507077962
1788957300905645000,17.66064501953125,-0.8259703466594218,0.7251444123417139,0.6908139804556965
1788957300915695000,17.670695068359375,-1.198018237183988,1.078107370907068,0.5456612670250237
1788957300925746200,17.68074609375,-2.147671662135422,1.749504410970211,0.6469928127773106
1788957300935796200,17.690796142578126,-2.258098368491232,2.4576965194672344,0.8728114466808736
1788957300945846000,17.700845947265623,-1.5137062348440289,2.7915584717214106,1.1008898422099649
1788957300955897000,17.71089697265625,-1.1482701636746524,2.7028309714764354,0.6260156373307109
1788957300965947100,17.720947021484374,0.2573693719431758,1.7151140655905008,-0.2901929063975811
1788957300975997200,17.7309970703125,1.387709911173582,0.14241525129079818,-1.0470701353475451
1788957300986048300,17.74104833984375,1.4622121944501996,-0.7523503991752862,-0.9729809629164635
1788957300996098000,17.75109814453125,1.074720943339169,-1.2480384056329727,-0.6194323134176433
1788957301006148000,17.761148193359375,0.6087587975814939,-1.4847475591242312,-0.3226911544203758
1788957301016199200,17.77119921875,0.26140432654768225,-1.5108026223570108,-0.10973521696031092
1788957301026249200,17.781249267578126,0.7584469624847173,-1.788928658863902,-0.14602686591669917
1788957301036300300,17.79130029296875,0.8043357302173971,-2.2007482955455777,-0.20818463140502572
1788957301046350300,17.801350341796876,0.9647904960677027,-2.2071499792814255,-0.10094780713170766
1788957301056400100,17.811400146484374,1.0451014656230806,-2.5033260517418383,-0.4830111879751086
1788957301066451200,17.821451171875,0.35124241838306186,-2.0886790826797483,-0.5390668371960521
1788957301076501200,17.831501220703124,-0.6921349999263883,-1.1950777998179196,-0.3784365686483681
1788957301086551300,17.84155126953125,-0.7154837268099188,-0.39415246256589886,-0.41013329102993007
1788957301096602000,17.85160205078125,-0.854025351537764,0.043435237100720406,-0.3825876969784498
1788957301106652200,17.861652099609376,-1.058312537112832,0.37413258784413334,-0.12920476432293654
1788957301116702000,17.871701904296874,-1.0668263906970619,0.971707435849309,-0.0052069209933280946
1788957301126753000,17.8817529296875,-1.207720131509006,1.667906324213743,0.126523854675889
1788957301136803000,17.891802978515624,-1.4524898418590426,2.3392875821858645,0.47724078788012264
1788957301146853000,17.90185302734375,-1.0174752075508235,2.946315902712941,1.0162208235755563
1788957301156904200,17.911904296875,-0.1043660911425948,3.42275209621191,1.3722294334471226
1788957301166954000,17.9219541015625,1.0771052081272006,2.7809926540434358,1.1025459388539194
1788957301177005000,17.932005126953126,1.590796196526289,1.7553572286516428,0.7271067984558641
1788957301187055000,17.94205517578125,2.4027815647140143,0.19360241769254208,0.4312064741969108
1788957301197105200,17.952105224609376,1.0706994327381252,-1.1498726304352282,0.1987576084986329
1788957301207156200,17.96215625,-0.9397992626741528,-2.4050609078228473,0.5859603980571031
1788957301217206300,17.972206298828127,-0.8110331820294261,-2.6589626036554574,0.6614353257581591
1788957301227256000,17.982256103515624,-0.4637491458833217,-2.9442408500045536,0.3048044923350215
1788957301237307100,17.99230712890625,-1.071210889391601,-3.6932150507450103,0.19369711023867128
1788957301247357200,18.002357177734375,-0.6514715656265616,-4.448669261154532,-0.3768094058379531
1788957301257407200,18.0124072265625,-0.5378071925237774,-4.3082665187299245,-1.0997403799138963
1788957301267458300,18.022458251953125,-1.331819389386475,-3.3874931513041258,-1.1993357495233417
1788957301277508400,18.03250830078125,-1.3101596385031937,-1.616622711700201,-0.9606285540826618
1788957301287558100,18.04255810546875,-0.7865168726712465,-0.5824240406244993,-0.9612098611019552
1788957301297609200,18.052609130859373,-0.25619506746679543,-0.19813363138139248,-0.6835116946183145
1788957301307659300,18.0626591796875,0.12958002737611532,-0.17744038744270801,-0.3115082277573645
1788957301317710000,18.0727099609375,0.20151392146945,-0.04844108256399631,-0.1199943067766726
1788957301327760100,18.082760009765625,-0.4708975563332438,0.26516718621253965,-0.032280221357941626
1788957301337810000,18.092809814453126,-0.8448968731865286,0.42055590084493155,-0.2658822026140988
1788957301347861000,18.102861083984376,-0.9569339373484254,0.8285761452436446,-0.0825235310383141
1788957301357911000,18.1129111328125,-0.49342766031026836,1.8626549893319606,0.14754443087279795
1788957301367961000,18.122961181640626,0.1983081111654639,2.6733207993537187,0.17742431309074164
1788957301378012200,18.13301220703125,-0.16277093383818864,3.0319296548515555,-0.07424202490523457
1788957301388062200,18.143062255859373,-1.102502099712193,2.6176094335258004,0.030021628776192664
1788957301398112000,18.153112060546874,-1.8335455069646238,1.9899761318653821,0.36954175292253494
1788957301408163000,18.1631630859375,-1.1222004873946307,1.5826380245119331,0.3526704053595662
1788957301418213000,18.173213134765625,-0.13565905502885578,1.3495108211606741,-0.12985153779387473
1788957301428264200,18.18326416015625,0.22149960166066884,0.8764484880089759,-0.5021539876013994
1788957301438314200,18.193314208984376,-0.6097121527835726,0.10727730241417884,-0.5217093135513365
1788957301448364300,18.2033642578125,-0.9342533189848065,-0.26172376776039596,-0.6303133345246315
1788957301458415000,18.2134150390625,-0.3167793000280857,-0.6791863787651061,-0.8211319667175412
1788957301468465200,18.223465087890624,-0.17959639643281697,-1.2222738497793675,-0.5133028658643365
1788957301478515200,18.23351513671875,0.16486176863759755,-1.1352595831930636,-0.42097471077889204
1788957301488566300,18.243566162109374,1.3505772813484072,-0.812025407937169,-0.6558753535434604
1788957301498616300,18.2536162109375,1.1842539157256484,-0.9229822756469249,-0.6986392672538757
1788957301508666000,18.263666015625,0.608547785179317,-1.1937485970407724,-0.7105190901398658
1788957301518717000,18.273717041015626,0.7444596459254622,-1.5414228015482425,-0.7504420813359319
1788957301528767200,18.283767333984375,0.729545569910109,-1.761103078827262,-0.7619244293369353
1788957301538817300,18.2938173828125,0.7621390950009226,-1.919001730453968,-0.7626651647016406
1788957301548868000,18.3038681640625,0.00912672478556633,-1.873877809613943,-0.7204280513443052
1788957301558918100,18.313918212890623,-1.2644760379537938,-1.0715145485132933,-0.3924650940008461
1788957301568969200,18.32396923828125,-0.7768655394896864,-0.2893260604351759,0.03829495160281658
1788957301579019000,18.33401904296875,0.6269041106030344,0.11698621100187301,0.29702056046053765
1788957301589069000,18.344069091796875,0.9005860271826386,0.18763328015506267,0.5666944104425609
1788957301599120100,18.3541201171875,0.46993777139037846,0.5006891757458448,0.9316485433138907
1788957301609170200,18.364170166015626,0.085726857124269,0.7266214991569518,1.0654854974821208
1788957301619220200,18.37422021484375,0.39420623857975,0.7031459310233592,0.85352003236413
1788957301629271300,18.384271240234376,0.80402271874547,0.38505087222158907,0.680996496926993
1788957301639321000,18.394321044921874,-0.4140171467259526,-0.1274608432650566,0.8557480836771428
1788957301649371100,18.40437109375,-1.7227978980913756,-0.14349661678671835,1.3353497554697096
1788957301659422200,18.414422119140625,-0.7997998403534293,0.3606804010748863,1.23797717647627
1788957301669472300,18.42447216796875,0.4934893273696303,0.2623813548862934,0.670656158567965
1788957301679522000,18.43452197265625,0.1244526013597846,0.33746786779165266,0.17537965552061796
1788957301689573000,18.444572998046876,0.36108635152727364,0.4775976384937763,-0.312917217772454
1788957301699623200,18.454623046875,0.7640554500162601,-0.26288053658008576,-0.9289837080188095
1788957301709674200,18.46467431640625,0.013002104914188383,-1.062275595524907,-1.2427344540059566
1788957301719724300,18.474724365234376,-0.5042135504797101,-1.7138503292649983,-1.263856737011671
1788957301729774300,18.4847744140625,-0.15097382079958915,-2.1941788540273905,-1.4692333252586423
1788957301739825200,18.4948251953125,-1.3977207253172992,-2.13578628629148,-1.0979251471854745
1788957301749875000,18.504875,-1.8754738466337322,-1.4251046990662812,-0.6019568624816835
1788957301759925200,18.51492529296875,-1.0401751151368022,-0.506662404936552,-0.37723406099081036
1788957301769976000,18.52497607421875,-0.7995458655923604,-0.12802081523537634,-0.13128610064163804
1788957301780026000,18.535026123046876,-0.49039720657318825,0.18356442328095435,-0.03650602235943079
1788957301790076200,18.545076171875,-0.49763066495805974,0.3291261559039354,0.00797623957619071
1788957301800127200,18.555127197265627,-0.10022066190093755,0.6398433794140815,-0.057202188907563685
1788957301810177000,18.565177001953124,0.04012479737848043,0.7964344555735587,-0.08060790667533874
1788957301820227000,18.57522705078125,-1.2184987151548266,0.9647884502410888,0.15379647700488566
1788957301830278100,18.585278076171875,-2.09573572319299,1.5750737267374992,0.7509998613491654
1788957301840328200,18.595328125,-1.4046008402198553,2.0052759923279284,1.275320964834094
1788957301850379300,18.605379150390625,-0.8025412480160593,1.6799515667945146,1.3273751233287154
1788957301860429000,18.615428955078126,-0.6268450738921761,0.8947089518427849,0.8467997841984033
1788957301870479000,18.62547900390625,0.31627544215917586,0.3116898679345846,0.24783932705372572
1788957301880530200,18.6355302734375,0.7686442391112447,-0.1852098524004221,-0.2722438466005027
1788957301890580200,18.645580322265626,0.21404344043582677,-0.3214794405430555,-0.6046214055158198
1788957301900630300,18.65563037109375,-0.46112785746902224,-0.4572019161969423,-0.3418751628398895
1788957301910681300,18.665681396484374,-0.8784902229696512,-0.3273299201369285,0.48338645102828737
1788957301920731100,18.675731201171875,-0.681495532490313,-0.020786767441034314,1.1560013424485922
1788957301930781200,18.68578125,-0.3905272578060627,0.21101357122063635,1.166456685489416
1788957301940832300,18.695832275390625,0.0047726212292909615,0.7774579524248838,0.8930522706769406
1788957301950882300,18.70588232421875,-0.03764467100054025,1.234635903224349,1.02706838080436
1788957301960932400,18.715932373046876,0.7530626390978693,1.135622571286559,1.2373612365350126
1788957301970983200,18.725983154296873,1.3223416592061519,0.8575631702750921,0.7902373544991016
1788957301981033000,18.736032958984374,2.1350039037421342,0.37905250858962536,-0.061032853111624714
1788957301991084000,18.746083984375,2.970016511774063,-1.2535305733084678,-1.0546583985194564
1788957302001134000,18.756134033203125,0.9747624395057558,-2.569914785414934,-1.4292039510786532
1788957302011184000,18.76618408203125,-1.2852455619990826,-2.4993156470566986,-0.9397790966689586
1788957302021235200,18.776235107421876,-1.9711212092697619,-1.9022212760448454,-0.46733927932977676
1788957302031285000,18.786284912109377,-2.952897034668922,-0.749467537215352,0.11849573878198862
1788957302041335000,18.7963349609375,-3.0888682243868706,0.030019290688633918,0.8178115901231765
1788957302051386000,18.80638623046875,-2.0704691799893973,0.254377496650815,1.4552739196196198
1788957302061436200,18.816436279296877,-0.07110328848809003,0.3863730607360601,1.4103383609585463
1788957302071486200,18.826486328125,0.946305868089199,0.26806232313215733,0.9423523081578313
1788957302081537300,18.836537353515624,0.2459025137722492,0.19215689505934713,0.795644328109175
1788957302091587000,18.846587158203125,-0.09318915582895278,0.49349078867435453,0.9102819301582872
1788957302101637000,18.85663720703125,-0.3661971186697483,0.888962517145276,1.0140367575347422
1788957302111688200,18.866688232421875,-0.9616919455304741,1.0999907014131545,1.1660479585580528
1788957302121738200,18.87673828125,-0.5925470829710364,1.2156307585030794,1.1219674092911183
1788957302131789600,18.88678955078125,0.2993742839798331,1.1588374426573513,0.5968778056517243
1788957302141839400,18.89683935546875,0.8505597212538123,0.8700859672397374,-0.04951002696976065
1788957302151889400,18.906889404296876,1.4049316796094178,0.4308417325377464,-0.5495663116395473
1788957302161940200,18.916940185546874,1.51612849355489,-0.04881926822662353,-0.8729488093249499
1788957302171990300,18.926990234375,0.751448189638555,-0.6631622956812382,-0.9316526349671185
1788957302182040600,18.93704052734375,0.4832847442194819,-1.2904191652446984,-0.6628142128959298
1788957302192091400,18.94709130859375,0.6164353235587477,-1.6280261492460966,-0.4171218347430229
1788957302202141200,18.95714111328125,0.3086836718559265,-1.9684265633583067,-0.31485987627282735
1788957302212191200,18.967191162109376,0.20513824944645165,-2.26939513079226,-0.35192090216651556
1788957302222242300,18.9772421875,-0.23051935894042253,-2.1877818464666605,-0.4325666566342115
1788957302232292400,18.987292236328123,-1.1457488285034894,-1.845468292209506,-0.3312485548853874
1788957302242342400,18.99734228515625,-1.0390458188459277,-1.4944769259780644,-0.027072861973196267
1788957302252393200,19.007393310546874,-0.3989133933573961,-1.0613812770336866,0.20479908061996102
1788957302262443300,19.017443359375,-0.33557284782528873,-1.0218635056376457,0.5610767166912556
1788957302272493300,19.027493408203124,-0.37153526482731103,-0.9999871893942356,1.15624318838045
1788957302282544400,19.03754443359375,-0.578349630792439,-0.2369885549545288,1.4185269281111657
1788957302292594400,19.047594482421875,-1.3691095478609203,0.6559142242491245,1.5086631261102854
1788957302302645500,19.0576455078125,-1.249861529406905,1.3581009548515082,1.2585196137674153
1788957302312695300,19.0676953125,-0.14232318909317254,1.6658336095929145,0.7382821263343096
1788957302322745300,19.077745361328127,0.6929381330028176,1.4034236131340265,0.28428163652718064
1788957302332796400,19.08779638671875,1.4285641918703913,1.0136246696025133,-0.0007364975810050964
1788957302342846500,19.097846435546874,1.0021771006539464,0.5582271724790334,-0.08164718659520148
1788957302352896500,19.107896484375,0.2940340919956565,0.40710955929458137,-0.10020867920219897
1788957302362947600,19.117947509765624,-0.44824733310788867,0.3138900083273649,-0.14972235943377016
1788957302372997400,19.127997314453125,-0.9951178297922014,-0.1037497128099203,-0.29200930816978216
1788957302383047400,19.13804736328125,-1.2203095639690755,-0.6417869146972894,-0.6706558663070201
1788957302393098200,19.14809814453125,-1.3897922704055905,-1.1530015761107206,-0.8348372514650225
1788957302403148300,19.158148193359374,-1.3480644217446445,-1.7729601053595543,-0.633285336072743
1788957302413198600,19.168198486328127,-0.9546879119873046,-2.3043150530040264,-0.4317053636297583
1788957302423249200,19.178249267578124,-0.8032537801995873,-1.6991238847762344,-0.3292056508809328
1788957302433299200,19.18829931640625,-1.9214321724712848,-0.8521610189706087,-0.22334902891963718
1788957302443350300,19.198350341796875,-2.4163021405443548,-0.38891047025918957,-0.019883096599578855
1788957302453400300,19.208400390625,-0.9377470063194632,0.06549626226127148,-0.035056992594897744
1788957302463450400,19.218450439453125,0.10443535698652266,0.32229309501349923,-0.029592297448217866
1788957302473501400,19.22850146484375,0.9621712534800171,0.42066579096019263,-0.13001637296676635
1788957302483551200,19.23855126953125,1.5280509865388274,0.314675021225214,-0.3107145931616425
1788957302493601300,19.248601318359373,0.24460341387242077,0.08164601755142212,-0.13417816882133482
1788957302503652400,19.25865234375,-0.1792266863375902,0.27222645707428456,0.17963059096336365
1788957302513702400,19.268702392578124,0.7135577271834015,0.8525134856700897,0.41607729412615296
1788957302523752400,19.27875244140625,0.6071987086579204,1.1654723506271838,0.6279921981006861
1788957302533803500,19.288803466796875,-0.19044512270539998,0.5774117654204368,0.8992126930028199
1788957302543853300,19.298853271484376,-0.019271686702966688,-0.18130349261164663,0.7334259184747934
1788957302553903400,19.3089033203125,-0.6247694366618991,-0.7929436908483505,0.0432893988892436
1788957302563954400,19.318954345703126,-0.8707277722746133,-1.3014724741786718,-0.22356413297504185
1788957302574004500,19.32900439453125,-1.5953917076230049,-1.1015747557342053,-0.026304654079675673
1788957302584054500,19.339054443359377,-0.8263634376302361,-0.7387859842032194,0.5320832619190216
1788957302594105300,19.349105224609374,-0.20069296047538518,-0.42365620494782924,0.8481666886374354
1788957302604155400,19.3591552734375,-0.727391606746614,0.81097911375463,0.9766852242618799
1788957302614206200,19.369206298828125,-0.6989525709867477,1.5889917774528264,1.1336445492118596
1788957302624256300,19.37925634765625,-0.6659551412701606,1.6338859811902045,0.9613649055331945
1788957302634306300,19.389306396484375,-1.0513248701825737,1.3945312816262245,0.3397755602121353
1788957302644357400,19.399357421875,-0.21670447633862494,0.21738369077444075,-0.16943565242439507
1788957302654407200,19.4094072265625,0.29271336478590965,-1.0507757118672132,-0.3661129475176334
1788957302664457200,19.419457275390624,-0.039083763892948625,-0.8740361661702394,-0.38702392586022616
1788957302674508300,19.42950830078125,-0.1851850102201104,-0.8685311390131711,-0.413833606852591
1788957302684558300,19.439558349609374,0.3167246472314,-1.5035340926587581,-0.3383490345403552
1788957302694608400,19.4496083984375,1.0536588660880923,-2.1363222928643224,-0.37503450511991976
1788957302704659500,19.459659423828125,0.975383201752603,-2.133309082522988,-0.6675146456718445
1788957302714709200,19.469709228515626,-0.5079506911814212,-1.5182950239390134,-1.0813055824264883
1788957302724759300,19.47975927734375,-0.550639201568067,-1.2969471057087183,-1.276158584702015
1788957302734810400,19.489810302734377,0.133825409860909,-1.1786714394181965,-0.9570087561503052
1788957302744860400,19.4998603515625,-0.25703239507377146,-0.5784656583875417,-0.4171373245730996
1788957302754911500,19.509911376953124,-0.06393354298919439,0.06883622033894062,0.28917729961425065
1788957302764961300,19.519961181640625,1.0374071117281913,-0.5538531951785087,1.0582783425822853
1788957302775011300,19.53001123046875,1.1897300090491771,-0.19242285251915453,0.9508271449059248
1788957302785062400,19.5400625,-0.10539806453883648,0.24875907224714755,1.0586047980576754
1788957302795112400,19.550112548828125,-0.5385451514095068,-0.5710042364656925,1.3701096648141742
1788957302805162500,19.56016259765625,-0.17399053924977778,-0.4230418724417686,1.4710618558600543
1788957302815213600,19.570213623046875,-0.38722412460744376,0.21453765369355676,1.686793395513296
1788957302825263400,19.580263427734376,0.00008592471778392792,0.386145681720972,0.8163023546040058
1788957302835313400,19.5903134765625,0.06315262174457312,0.13366788121163845,-0.399400300091505
1788957302845364200,19.6003642578125,-0.45110944454073904,-0.8873135808944702,-0.7762836479485035
1788957302855414300,19.610414306640624,-0.24929975499510765,-1.4435364278137683,-1.1142749550923705
1788957302865464600,19.620464599609374,-0.5200576008215546,-1.7525620449751615,-1.415300513410568
1788957302875515400,19.630515380859375,-0.7101175236016511,-1.9434727393656968,-1.6223562869161365
1788957302885565200,19.640565185546876,-1.3005664652496576,-2.4086697459697723,-1.4427563833519816
1788957302895615200,19.650615234375,-1.813701573331654,-2.3508073395878073,-0.8612383516564964
1788957302905666300,19.660666259765627,-0.9902613296717405,-1.628791872921586,-0.05212152464240789
1788957302915716400,19.67071630859375,-0.20895663869082926,-0.7328758833765984,-0.11497867057174443
1788957302925767400,19.680767333984374,0.17738602690696714,-0.21545009236335752,-0.35504531779736276
1788957302935817200,19.690817138671875,-0.27467092761695383,-0.3181429895967245,0.15923194605708121
1788957302945867300,19.7008671875,-0.33623043495118615,-0.005444236880540848,1.000689492444694
1788957302955918300,19.71091845703125,0.19715689530372618,0.7240560325831175,1.4158467491164803
1788957302965968400,19.720968505859375,0.7146151272818446,1.078708259409666,1.3700593959316612
1788957302976018400,19.731018310546876,0.948663244870305,0.5756015011280775,1.3353884800449012
1788957302986069500,19.741069580078126,0.19213205287903545,-0.7975275115072726,1.825945261093974
1788957302996119300,19.751119384765627,0.5284428595900535,-0.7208680501967668,1.975430889162421
1788957303006169300,19.76116943359375,0.5568778036966919,-0.45678749017715453,1.7416867229565978
1788957303016220400,19.771220458984374,0.9068179073095322,-0.28730887539386746,1.090838257664442
1788957303026270500,19.7812705078125,1.4947262245640158,0.043242929399013516,0.5534770553424954
1788957303036320500,19.791320556640624,1.1696987361505626,0.19628186603486536,0.3150194507487118
1788957303046371600,19.80137158203125,-0.3863128549814224,0.4385843094885349,0.3464158750094473
1788957303056421400,19.81142138671875,-0.17727905940115452,0.25777473787367344,0.43105347559228535
1788957303066471400,19.821471435546876,0.5168193495526909,0.3580956452786922,0.4649819025486707
1788957303076522200,19.831522216796873,0.3743994220867753,0.6215332312196493,0.6522614008300006
1788957303086572300,19.841572265625,0.54469373716712,0.7639134111970662,0.5064269887454808
1788957303096623400,19.851623291015624,0.6593184797346592,0.5920037698745727,0.2477649466432631
1788957303106673200,19.861673095703125,0.3367997592717409,-0.09231938725709915,0.2463696928925812
1788957303116723200,19.87172314453125,-0.3390396471530199,-0.631112375947833,0.19879925568327306
1788957303126774300,19.881774169921876,-1.1519336546182632,-0.9069242902934551,0.0076876318931579585
1788957303136824300,19.89182421875,-0.991038159263134,-0.9470604858487844,0.007474135272949933
1788957303146874000,19.9018740234375,-0.37809593851715323,-0.9403267936795949,0.32993060415461656
1788957303156925200,19.91192529296875,0.012029460489749908,-0.7921148388087749,0.641038872808963
1788957303166975200,19.921975341796873,0.32539369137734175,-0.7827619040518998,0.7879359456889331
1788957303177025300,19.932025390625,0.26732874816060065,-1.2406558941662311,1.1014601894438265
1788957303187076400,19.942076416015624,0.3472629933580756,-1.4537959560215472,0.7327556179977953
1788957303197126400,19.95212646484375,-0.4927832249268889,-1.3266051618695258,-0.10068448002040385
1788957303207176200,19.96217626953125,-0.29040947175771,-1.684889023196697,-0.8316570139937103
1788957303217227300,19.972227294921876,-0.17919366085082292,-2.381279050219059,-0.9427044825963675
1788957303227277300,19.98227734375,-0.6399836646676064,-2.6250030509084463,-1.1139487918779254
1788957303237327400,19.992327392578126,-1.015195572181046,-2.940961097681522,-0.9161454153642058
1788957303247378400,20.00237841796875,-1.0431325036376715,-3.2599154036611315,-0.6475343723081052
1788957303257428200,20.01242822265625,-1.5096414696231484,-2.8664497543156147,-0.6342439519718289
1788957303267479300,20.022479248046874,-1.510302271619439,-2.6129209834486247,-0.03983604356497526
1788957303277529300,20.032529296875,-1.1562804516509175,-1.8735440476149319,0.5260930815935134
1788957303287579400,20.042579345703125,-1.2851888633757829,-1.2342530413866042,0.6947258932024241
1788957303297630200,20.052630126953126,-0.3987704777553677,-0.4234299949765205,0.7918909669250249
1788957303307680300,20.06268017578125,0.3722609487533569,-0.0017325228810310363,1.2283233590766787
1788957303317730300,20.072730224609376,0.08576075939387083,-0.3146872961848974,2.0168425114810464
1788957303327781000,20.082781005859374,-0.6021048926502466,0.20915771422088145,1.7258502713993191
1788957303337831200,20.0928310546875,0.4021908075928688,1.6811317164897919,1.0576286465018987
1788957303347881200,20.102881103515625,0.3785068574056029,2.393744564038515,0.808064103090763
1788957303357932300,20.112932373046874,0.4555170318499207,2.211680608448386,0.6464826712980866
1788957303367982300,20.122982421875,-0.03606149346232414,2.070315158471465,0.3794628429561853
1788957303378032000,20.1330322265625,-0.15192776052355766,0.46192836019694805,0.49123424191921944
1788957303388083200,20.143083251953126,-2.1315759751200676,-0.9122276573985815,0.1588584365695715
1788957303398133200,20.15313330078125,-2.432338498587906,-1.8860604148387907,0.015414719013869762
1788957303408183300,20.163183349609376,-1.9260764911457895,-2.284470534849167,0.21372487600594758
1788957303418234400,20.173234375,-1.3096820841193197,-2.527422382122278,0.8901374061435461
1788957303428284200,20.1832841796875,-1.0662252099335192,-3.298714797654748,1.9350985865131018
1788957303438334200,20.193334228515624,-0.8683025909543037,-3.6044963183283802,2.4578791825577615
1788957303448385300,20.20338525390625,0.112735860081017,-2.7074305742263793,1.9496876683577895
1788957303458435300,20.213435302734375,1.1990528409287333,-0.931378348070383,1.5111293700933455
1788957303468486400,20.223486328125,0.9578174421846866,-0.3276099061220884,1.1817328728154302
1788957303478536400,20.233536376953126,0.8107035116836429,1.0564274540185927,0.6068067867308855
1788957303488586200,20.243586181640627,2.1428794594228266,1.5049135643184184,0.6571510725677013
1788957303498637300,20.25363720703125,1.4748983652830123,-0.27153204506933687,0.722262719425559
1788957303508687400,20.263687255859374,-0.571879850256443,-3.7033190961301323,3.449345504105091
1788957303518737400,20.2737373046875,0.4788507072947919,0.22146832973957062,2.0214941366791725
1788957303528788200,20.283788330078124,3.594483458358049,4.657569785743951,-0.24316753585040568
1788957303538838300,20.29383837890625,2.299670588199049,3.3438317042320964,0.3707622346282005
1788957303548888300,20.303888427734375,-0.35265257744193074,0.43889059895873067,-0.4009568818837404
1788957303558939100,20.313939208984376,-1.5957748617216945,-1.9003595738261938,-0.32552608558535573
1788957303568989200,20.3239892578125,-3.640266719889641,-1.5126380210906267,0.9614525838166474
1788957303579039200,20.334039306640626,-2.7948785560548304,-2.1227081935316323,2.1133026518046854
1788957303589090300,20.34409033203125,-3.650624447774887,-1.8260323548555373,2.5399276434302327
1788957303599140000,20.35414013671875,-2.5284230835974215,-1.0861088910549879,2.2712486497044564
1788957303609190100,20.364190185546875,-1.31453069319427,-0.19129414075016973,1.1791589306741952
1788957303619241200,20.3742412109375,-0.5765811598151922,1.3035510340183973,-0.7934457951515913
1788957303629291300,20.384291259765625,-0.6592799012899399,2.278910562634468,-2.8886268070712684
1788957303639342300,20.39434228515625,-1.7643951061099767,1.245878012728691,-4.960417591053247
1788957303649392400,20.404392333984376,-2.518424252152443,0.2793459336906671,-6.654828475832939
1788957303659442200,20.414442138671873,-2.601722713086009,-0.41815468492209906,-8.80588656553626
1788957303669493200,20.4244931640625,-2.761227046343684,-1.47078099309206,-11.04208611369133
1788957303679543300,20.434543212890624,-3.491979361695051,-3.058279317116737,-11.490426093518733
1788957303689593300,20.44459326171875,-2.5042735617250202,-4.010578288140893,-11.559659204220772
1788957303699644400,20.45464453125,0.5661769624397158,-4.366360980302095,-12.027312956327199
1788957303709694500,20.464694580078124,0.5590571935623884,-4.479449599343538,-11.632644945454597
1788957303719744300,20.474744140625,-0.5492185211151838,-5.79591681355834,-9.590698972377181
1788957303729795300,20.48479541015625,0.23058745574057102,-6.763920718714594,-7.180521159932017
1788957303739845400,20.494845458984376,2.483238957002759,-5.070199569764733,-4.444523247390985
1788957303749895400,20.5048955078125,1.8596616527348755,-3.0774674171894785,-2.8350495306625962
1788957303759946200,20.5149462890625,2.922310173225403,-1.243927463182807,-3.116113958708942
1788957303769996300,20.524996337890624,4.615152785775065,0.647184974348545,-4.568234967255592
1788957303780046300,20.53504638671875,4.183889028432965,1.2481973955869674,-6.4150552585959435
1788957303790097200,20.54509716796875,4.82200982183814,1.6631933242172001,-7.757706715381145
1788957303800147200,20.555147216796875,5.175945424827933,2.3837445635497567,-8.294964165067672
1788957303810197200,20.565197265625,4.259926558452844,2.566324651968479,-7.826682636451721
1788957303820248300,20.575248291015626,4.32892118422389,1.9811182871490716,-6.372001129767298
1788957303830298000,20.585298095703124,5.521903473067283,2.001360280188918,-4.450715087768435
1788957303840349200,20.59534912109375,4.8152463190525765,2.449551206934452,-2.4436405215859414
1788957303850399200,20.605399169921874,3.2320752105772494,2.4994150157779456,-0.9141694391161203
1788957303860449300,20.61544921875,1.632742071852088,2.741271761290729,0.4259960460722446
1788957303870500400,20.625500244140625,0.5275263292670249,2.8019910184085366,0.5533288790434598
1788957303880550400,20.63555029296875,1.027086793243885,3.199635999265313,0.013395488145947456
1788957303890600200,20.64560009765625,1.5043068305969238,3.8872354015886783,-0.5556149441540241
1788957303900651300,20.6556513671875,0.9853379017949103,4.5725741655036805,-1.2287170345693825
1788957303910701300,20.665701416015626,0.1411029996484518,5.520543875151873,-0.7590373295933007
1788957303920751400,20.67575146484375,-0.7430559166073799,5.986919862407445,0.5440951867520809
1788957303930802400,20.685802490234376,-1.9290677819162607,5.805817445325851,0.45201837607920164
1788957303940852200,20.695852294921874,-1.2563947305679322,4.375758923244476,-1.5507745672613382
1788957303950902300,20.70590234375,1.9666519549012182,1.4846756629317999,-2.4934359413683413
1788957303960953300,20.715953369140625,4.4127895539999,-1.697513526970148,-2.9206285037487745
1788957303971003400,20.72600341796875,4.631213109216094,-3.096704617100954,-1.1334791295170783
1788957303981053400,20.736053466796875,4.767061257076263,-1.970447840052843,0.614530658981204
1788957303991104300,20.746104248046876,7.633197123137116,-0.04268880264759063,1.119415825112164
1788957304001154300,20.756154296875,6.9553148127079005,1.1492249801814556,1.540267201772332
1788957304011205000,20.766205078125,-23.234067069649694,8.699349852356313,-5.681488470345736
1788957304021255200,20.776255126953124,-29.93838350675106,15.109263071888684,-11.614598416632413
1788957304031305200,20.78630517578125,10.82160445690155,4.614111752289533,1.9944696438923477
1788957304041356300,20.796356201171875,8.669187938326596,4.691781267425418,2.4322924674890936
1788957304051406300,20.80640625,3.6886230467796324,2.1551626024127004,2.092930018122494
1788957304061456100,20.8164560546875,-3.2322447219252584,-1.1076409239053726,2.567040691283345
1788957304071507200,20.826507080078127,-3.3198528627514836,-2.290553654155135,1.627515130984038
1788957304081557200,20.83655712890625,-1.5478630637288093,-1.3091525072872638,1.2558832739144563
1788957304091607300,20.846607177734374,-2.135349063917994,-0.3265168501883745,1.9425811973534524
1788957304101658400,20.856658447265627,-2.0232365964323282,0.12522329347133634,1.3270815472096205
1788957304111708200,20.866708251953124,-1.7796809380471705,0.7122983747720718,0.8629868027590215
1788957304121758200,20.87675830078125,-2.5411989785403013,0.8858481845170258,1.0318401252508163
1788957304131809300,20.886809326171875,-2.963101033297181,0.5296159950226546,1.1823089191377163
1788957304141859300,20.896859375,-2.9975147595524785,0.1799570464387536,1.0890399760708211
1788957304151909400,20.906909423828125,-2.7000714436352253,0.6181997028827667,0.8443883391425013
1788957304161960400,20.91696044921875,-1.370445472639799,1.144557572892308,0.6686513946168124
1788957304172010200,20.92701025390625,-0.202149881285429,0.8784162809506059,1.1815060783222318
1788957304182060300,20.937060302734373,0.9551935234218836,-0.139328975713253,1.3224211541831492
1788957304192111400,20.947111328125,1.4232722229421138,-0.5991957272052765,1.1130199865952133
1788957304202161400,20.957161376953124,1.6920120069444178,0.15207681360542774,0.3720494979597628
1788957304212212200,20.967212158203125,1.1830120989710091,1.0425374603539705,-0.02982230681180954
1788957304222262300,20.97726220703125,0.07104805116951465,1.3155612052857875,0.1397683900438249
1788957304232312300,20.987312255859376,0.17990765433907507,1.1552058081567287,0.4304581400476396
1788957304242363100,20.997363037109373,0.3121557318806648,1.2444137853950261,1.0180778496190905
1788957304252413200,21.0074130859375,-0.5034171394050121,1.681690519416332,1.4644326469786464
1788957304262463200,21.017463134765624,-1.5067974783688782,2.0884251079186797,1.1852176461912691
1788957304272514300,21.027514404296873,-1.884778558334708,2.0216855675980447,0.6470468810521066
1788957304282564000,21.037564208984374,-1.450595698675513,1.9615511246308683,0.3030434740118682
1788957304292614100,21.0476142578125,-1.4710077875852583,1.3152367956370115,0.6149169548850506
1788957304302665200,21.057665283203125,-1.4314520222663878,-0.057851884987950325,0.35565417041070757
1788957304312715300,21.06771533203125,-1.7014520354628562,-0.8082987886294722,-0.26463914375044406
1788957304322765300,21.077765380859375,-1.7484084324270486,-0.6606961978286504,-0.15536138823404907
1788957304332816400,21.08781640625,-0.9617121115356683,-0.17742372856885194,-0.004848609074950218
1788957304342866200,21.0978662109375,-0.230870948857069,-0.07968786922097205,-0.1950589001111686
1788957304352916200,21.107916259765624,-0.5762590882539749,0.15282090997099876,-0.37146187079753723
1788957304362967300,21.11796728515625,-1.2859201002597809,0.41235009029656644,0.12569920388739556
1788957304373017300,21.128017333984374,-1.9184248073488472,0.7917612030655146,0.8271006658636033
1788957304383067400,21.1380673828125,-2.0918682341098784,1.3669570460021494,1.1066868380509316
1788957304393118500,21.148118408203125,-1.829927024206519,2.1885759194537995,1.2845401902087032
1788957304403168300,21.158168212890626,-1.2105676298946142,2.7475816750898954,1.3096445285879075
1788957304413219300,21.16821923828125,-0.5740303062886,2.3906945288181305,0.7487315510910004
1788957304423269400,21.178269287109377,-0.49459611956775185,1.4046023015245794,0.047624496350949626
1788957304433319400,21.1883193359375,-0.27994156149625776,0.6237792565807699,-0.5026832721725106
1788957304443370200,21.198370361328124,0.4858873279333114,0.09381517877280711,-0.7486471607431769
1788957304453420300,21.208420166015625,0.8700579101890326,-0.3980871716663241,-0.7636277991887181
1788957304463470300,21.21847021484375,0.8770657431244849,-0.542796963635087,-0.5604716634701937
1788957304473521200,21.228521240234375,0.8934270953387021,-0.35341274815946816,-0.40876671538446097
1788957304483571200,21.2385712890625,0.554233134406805,0.07575900533944369,-0.25724675021050497
1788957304493621200,21.248621337890626,-0.1302180330187082,0.28509938265085216,0.16940127523075788
1788957304503672300,21.25867236328125,0.027647885382175445,0.20221827034652232,0.6569959550712258
1788957304513722000,21.26872216796875,0.35387715080082416,0.25467881768494843,0.8535129450362176
1788957304523772200,21.278772216796874,-0.2252116079211235,0.5563379977315664,0.6258993174746632
1788957304533823200,21.2888232421875,-0.8215162898600101,0.664829936632514,0.176850860584341
1788957304543873300,21.298873291015624,-1.0580676224410532,0.6105445119544863,-0.06024690863201394
1788957304553923300,21.30892333984375,-0.6408610320240259,0.8140086907088756,-0.29317424202961845
1788957304563974400,21.318974365234375,-0.15827566824555397,1.4561238144472242,-0.7794395546961576
1788957304574024200,21.329024169921876,-1.4949486351430414,1.0173509966492653,-0.8339845801584422
1788957304584074200,21.33907421875,-1.4742285031974314,-0.1151107725188136,-0.7033160999584943
1788957304594125300,21.349125244140627,-0.7484335179924965,-0.556163517947495,-0.4128061269683763
1788957304604175400,21.35917529296875,0.1835755291968584,-0.47097646678835153,0.15988998984070493
1788957304614226400,21.369226318359374,0.6027852761298418,-0.3753460552871227,0.5699873875733464
1788957304624276200,21.379276123046875,-0.0007142857491970061,-0.6169628545641899,0.8110667920380831
1788957304634326300,21.389326171875,-0.559496169501543,-0.8816399191722273,0.8884335979003458
1788957304644377300,21.39937744140625,-0.778763189804554,-0.7417375274851917,0.8127903278950601
