time,seconds_elapsed,z,y,x
1788957283287326500,0.042326416015625,0.04334620013833046,-0.008084341883659363,0.3498813807964325
1788957283297376500,0.05237646484375,0.3040912449359894,-0.17737217247486115,0.4452110826969147
1788957283307427300,0.06242724609375,0.8100195527076721,-0.2992822229862213,0.7641304731369019
1788957283317477400,0.072477294921875,1.1652436256408691,-0.28910523653030396,1.0712499618530273
1788957283327527400,0.08252734375,1.3325176239013672,-0.21574194729328156,1.234210729598999
1788957283337578500,0.09257861328125,1.3142739534378052,-0.14713892340660095,1.2452093362808228
1788957283347628500,0.102628662109375,1.2806265354156494,-0.0742373913526535,0.9729612469673157
1788957283357678300,0.11267822265625,1.128682017326355,-0.09891211241483688,0.4455317258834839
1788957283367729400,0.1227294921875,0.8613001704216003,-0.34123125672340393,-0.05838531255722046
1788957283377779500,0.132779541015625,0.5897147059440613,-0.7215405106544495,-0.5544531345367432
1788957283387829500,0.14282958984375,0.3319983184337616,-0.7062456607818604,-0.9619051218032837
1788957283397880600,0.152880615234375,0.22548122704029083,-0.3613090515136719,-1.2686212062835693
1788957283407930400,0.162930419921875,0.24969685077667236,-0.20174039900302887,-1.4496508836746216
1788957283417981400,0.1729814453125,0.33570417761802673,-0.2244688868522644,-1.4811286926269531
1788957283428031500,0.183031494140625,0.4585890471935272,-0.5099632740020752,-1.324637532234192
1788957283438081500,0.19308154296875,0.580284059047699,-1.0171139240264893,-0.9747190475463867
1788957283448132600,0.203132568359375,0.7663441300392151,-1.5153316259384155,-0.4338398575782776
1788957283458182700,0.2131826171875,1.1720205545425415,-1.6143940687179565,0.2097143530845642
1788957283468233500,0.2232333984375,1.6603449583053589,-0.8135308027267456,0.8294113278388977
1788957283478283500,0.233283447265625,2.0012764930725098,-0.22236499190330505,1.5125043392181396
1788957283488333600,0.24333349609375,2.046398162841797,0.41997987031936646,2.021209955215454
1788957283498384400,0.25338427734375,1.804314374923706,1.6344377994537354,2.195781707763672
1788957283508434400,0.263434326171875,1.4670093059539795,3.1394331455230713,2.177501916885376
1788957283518484500,0.273484375,1.7186857461929321,2.597557544708252,1.3503820896148682
1788957283528535300,0.283535400390625,2.057568073272705,2.026463747024536,0.5037196278572083
1788957283538585300,0.29358544921875,2.187655210494995,1.31332528591156,-0.4134679436683655
1788957283548635400,0.303635498046875,2.01371169090271,0.6178928017616272,-1.1653136014938354
1788957283558686500,0.3136865234375,1.705108404159546,-0.009425705298781395,-1.8080459833145142
1788957283568736500,0.323736572265625,1.4595924615859985,-0.6062008142471313,-2.340963363647461
1788957283578787600,0.33378759765625,1.3845999240875244,-1.3434861898422241,-2.7061219215393066
1788957283588837400,0.34383740234375,1.3957310914993286,-1.6900584697723389,-2.900071859359741
1788957283598887400,0.353887451171875,1.4551323652267456,-1.8395276069641113,-2.973015785217285
1788957283608938500,0.3639384765625,1.5355054140090942,-2.0018436908721924,-2.9974560737609863
1788957283618988500,0.373988525390625,1.5560970306396484,-2.021517276763916,-3.036487340927124
1788957283629039600,0.38403955078125,1.517975926399231,-1.8455229997634888,-3.042060613632202
1788957283639089700,0.394089599609375,1.4619512557983398,-1.5292835235595703,-3.0029261112213135
1788957283649139500,0.404139404296875,1.4530434608459473,-1.1124093532562256,-2.9569058418273926
1788957283659190500,0.4141904296875,1.3404985666275024,0.08640589565038681,-2.890702486038208
1788957283669240600,0.424240478515625,1.1779192686080933,0.6793411374092102,-2.399404287338257
1788957283679290600,0.43429052734375,1.1396865844726562,-0.5904175639152527,-1.4354554414749146
1788957283689341400,0.444341552734375,1.5768187046051025,-0.933542013168335,-0.529824435710907
1788957283699391500,0.4543916015625,2.2990596294403076,1.0638223886489868,-0.2553614377975464
1788957283709441500,0.464441650390625,2.654996395111084,1.5224754810333252,0.004269060678780079
1788957283719492400,0.474492431640625,2.520406723022461,1.7079005241394043,0.5164865851402283
1788957283729542400,0.48454248046875,2.174867630004883,1.5654971599578857,1.1603779792785645
1788957283739593500,0.494593505859375,1.8159737586975098,1.3491166830062866,1.8747831583023071
1788957283749643500,0.5046435546875,1.4886242151260376,1.350447654724121,2.6853573322296143
1788957283759693300,0.514693359375,1.0453115701675415,1.5280885696411133,3.531815528869629
1788957283769744400,0.524744384765625,0.4595273435115814,2.0410959720611572,4.266921043395996
1788957283779794400,0.53479443359375,-0.02109386958181858,2.295083522796631,5.044792175292969
1788957283789845500,0.544845458984375,-0.3804278075695038,2.3614320755004883,5.838449954986572
1788957283799895600,0.5548955078125,-0.656828761100769,2.319990396499634,6.6138081550598145
1788957283809945600,0.564945556640625,-0.9336350560188293,2.372084856033325,7.294371604919434
1788957283819996700,0.57499658203125,-1.257853627204895,2.678955078125,7.884418487548828
1788957283830046500,0.58504638671875,-1.6775692701339722,3.175539970397949,8.369742393493652
1788957283840096500,0.595096435546875,-2.132819652557373,3.8344767093658447,8.702713012695312
1788957283850147600,0.605147705078125,-2.5627501010894775,4.3526482582092285,8.844718933105469
1788957283860197600,0.61519775390625,-3.079259157180786,4.588556289672852,8.78756332397461
1788957283870248400,0.62524853515625,-3.731609344482422,4.729846954345703,8.585370063781738
1788957283880298500,0.635298583984375,-4.5296220779418945,4.687733173370361,8.207541465759277
1788957283890348500,0.6453486328125,-5.4281721115112305,4.521365642547607,7.898102283477783
1788957283900399400,0.6553994140625,-6.2816877365112305,3.8422157764434814,7.626514434814453
1788957283910449400,0.665449462890625,-7.030580997467041,2.04608154296875,7.5116753578186035
1788957283920499500,0.67549951171875,-7.743973255157471,1.034440040588379,7.449413299560547
1788957283930550500,0.685550537109375,-7.919516086578369,-0.4908895492553711,7.0449934005737305
1788957283940600300,0.695600341796875,-7.664886951446533,-1.866613507270813,6.435181617736816
1788957283950651400,0.7056513671875,-6.822855472564697,-2.601106643676758,5.576739311218262
1788957283960701400,0.715701416015625,-5.728151798248291,-3.167267322540283,4.484554767608643
1788957283970751500,0.72575146484375,-4.941356182098389,-3.8344669342041016,3.1831870079040527
1788957283980802600,0.735802490234375,-4.773921012878418,-4.545629024505615,1.7672139406204224
1788957283990852600,0.7458525390625,-5.04647159576416,-4.907193660736084,0.49176838994026184
1788957284000902400,0.75590234375,-5.3354010581970215,-4.689006328582764,-0.30826300382614136
1788957284010953500,0.765953369140625,-5.257004737854004,-4.250180244445801,-0.5388476252555847
1788957284021003500,0.77600341796875,-4.743056774139404,-3.9584782123565674,-0.41399869322776794
1788957284031054600,0.7860546875,-4.025587558746338,-3.9176223278045654,-0.24666409194469452
1788957284041104600,0.796104736328125,-3.330620527267456,-3.95697021484375,-0.23298557102680206
1788957284051154400,0.806154541015625,-2.5928328037261963,-3.6242098808288574,-0.49873316287994385
1788957284061205500,0.81620556640625,-1.8591015338897705,-3.1601791381835938,-0.9587018489837646
1788957284071255600,0.826255615234375,-1.1720842123031616,-2.5962564945220947,-1.4721323251724243
1788957284081305600,0.8363056640625,-0.637299120426178,-1.8897165060043335,-1.938477873802185
1788957284091356400,0.8463564453125,-0.2734273374080658,-1.0815520286560059,-2.480541706085205
1788957284101406500,0.856406494140625,-0.1751718670129776,-0.3236183226108551,-3.2831692695617676
1788957284111457800,0.866457763671875,-0.187994584441185,0.18758566677570343,-4.187432289123535
1788957284121507800,0.8765078125,-0.01099716778844595,0.298709511756897,-4.775802135467529
1788957284131558000,0.886557861328125,0.4342705309391022,0.647412121295929,-5.131068229675293
1788957284141609000,0.89660888671875,0.8169681429862976,0.7779978513717651,-5.02205753326416
1788957284151658800,0.90665869140625,1.3920173645019531,0.5981000661849976,-4.647405624389648
1788957284161708800,0.916708740234375,1.8650487661361694,0.5424754023551941,-4.024230480194092
1788957284171759900,0.926759765625,2.10133957862854,0.19998836517333984,-2.6004343032836914
1788957284181810000,0.936809814453125,1.6241239309310913,0.6111679077148438,-0.882225751876831
1788957284191861000,0.946861083984375,0.7184646129608154,0.4992862939834595,1.1164629459381104
1788957284201911000,0.9569111328125,-0.29816490411758423,0.8678608536720276,2.6183292865753174
1788957284211960800,0.9669609375,-1.009873390197754,1.5194905996322632,3.009784460067749
1788957284222012000,0.977011962890625,-1.1646288633346558,2.0208516120910645,2.6064984798431396
1788957284232062000,0.98706201171875,-1.0975342988967896,2.077709197998047,1.914414644241333
1788957284242112000,0.997112060546875,-1.3800495862960815,1.309187412261963,1.528555154800415
1788957284252162800,1.007162841796875,-1.261366844177246,0.5984747409820557,0.9269155263900757
1788957284262212900,1.017212890625,-0.7227635979652405,0.2577105164527893,0.1653396189212799
1788957284272263700,1.027263671875,0.08317213505506516,-0.7469879984855652,-0.8586150407791138
1788957284282313700,1.037313720703125,0.6393964886665344,-1.8992645740509033,-1.9516340494155884
1788957284292363800,1.04736376953125,0.8192640542984009,-2.272186756134033,-3.309525728225708
1788957284302414800,1.057414794921875,0.6029652953147888,-1.4097516536712646,-4.841920375823975
1788957284312465000,1.06746484375,0.2517806887626648,-0.7471187114715576,-6.247214317321777
1788957284322514700,1.0775146484375,-0.10779054462909698,0.5197395086288452,-7.065394878387451
1788957284332565800,1.087565673828125,-0.45599955320358276,1.3414695262908936,-6.739069938659668
1788957284342615800,1.09761572265625,-0.4760691225528717,1.6399787664413452,-5.637149810791016
1788957284352667000,1.1076669921875,0.17404891550540924,0.7147598266601562,-4.623447418212891
1788957284362717000,1.117717041015625,0.9556326270103455,0.14253787696361542,-2.9469845294952393
1788957284372767000,1.12776708984375,1.8638291358947754,-0.5002344846725464,-0.991062343120575
1788957284382817800,1.13781787109375,2.754298210144043,-0.3532426655292511,0.5166658163070679
1788957284392867800,1.147867919921875,3.2374300956726074,-0.42526572942733765,0.9756602644920349
1788957284402919000,1.1579189453125,2.731707811355591,0.19791501760482788,0.694940447807312
1788957284412969000,1.167968994140625,1.4923982620239258,1.4680055379867554,0.1561286598443985
1788957284423019000,1.17801904296875,0.3795450031757355,3.8363733291625977,-0.5742709636688232
1788957284433069800,1.18806982421875,-0.012175224721431732,5.856132984161377,-1.1302458047866821
1788957284443119900,1.198119873046875,0.5240791440010071,5.662299633026123,-1.3353097438812256
1788957284453170000,1.208169921875,2.0137012004852295,4.251989364624023,-1.2396819591522217
1788957284463220700,1.218220703125,3.7745699882507324,2.6942288875579834,-1.1207138299942017
1788957284473270800,1.228270751953125,5.12123441696167,2.3313910961151123,-1.0936717987060547
1788957284483321900,1.23832177734375,5.776042938232422,2.040961265563965,-1.1543558835983276
1788957284493372000,1.248371826171875,5.141237735748291,1.4767018556594849,-1.407475233078003
1788957284503421700,1.258421630859375,3.7457194328308105,2.0309219360351562,-1.4917458295822144
1788957284513472800,1.26847265625,3.3954501152038574,2.069622278213501,-0.7534961700439453
1788957284523522800,1.278522705078125,3.745183229446411,1.1732683181762695,0.27819910645484924
1788957284533572900,1.28857275390625,3.7856974601745605,0.8056026697158813,1.1804437637329102
1788957284543624000,1.2986240234375,4.599192142486572,0.7218340039253235,1.7395797967910767
1788957284553673700,1.308673828125,5.5182271003723145,0.45033228397369385,1.5325528383255005
1788957284563724800,1.318724853515625,6.562062740325928,0.867684543132782,1.2565289735794067
1788957284573774800,1.32877490234375,7.781890392303467,1.1901451349258423,1.2922559976577759
1788957284583825000,1.338824951171875,8.601863861083984,1.0081803798675537,1.7081615924835205
1788957284593876000,1.3488759765625,8.972689628601074,0.16744007170200348,2.3561153411865234
1788957284603926000,1.358926025390625,9.152252197265625,0.05404187738895416,2.647693395614624
1788957284613976800,1.368976806640625,7.960394382476807,0.6350744366645813,3.0067548751831055
1788957284624027000,1.37902685546875,6.404171466827393,0.6234385371208191,2.4160573482513428
1788957284634077000,1.389076904296875,4.880375862121582,-1.3101451396942139,1.4387445449829102
1788957284644127700,1.399127685546875,3.1625380516052246,-2.617727756500244,0.8900056481361389
1788957284654177800,1.409177734375,2.0597546100616455,-2.957507371902466,0.8481975793838501
1788957284664227800,1.419227783203125,1.2379405498504639,-2.8145344257354736,1.0841554403305054
1788957284674279000,1.42927880859375,0.8327369093894958,-3.075638771057129,1.3000736236572266
1788957284684328700,1.43932861328125,0.608949601650238,-4.017667770385742,1.3919353485107422
1788957284694379800,1.4493798828125,0.12855780124664307,-4.076251983642578,1.4922187328338623
1788957284704429800,1.459429931640625,-0.5857867002487183,-4.103009223937988,1.8667681217193604
1788957284714479900,1.46947998046875,-0.743500828742981,-4.767406940460205,2.1388156414031982
1788957284724531000,1.479531005859375,-0.5284010171890259,-5.75369119644165,2.4073569774627686
1788957284734580700,1.489580810546875,-0.8075554966926575,-7.335577011108398,2.4889371395111084
1788957284744630800,1.499630859375,-1.041449785232544,-8.05118465423584,2.5689663887023926
1788957284754681900,1.509681884765625,-1.0412479639053345,-7.871785640716553,2.7037863731384277
1788957284764732000,1.51973193359375,-1.0678162574768066,-7.82296895980835,2.766153573989868
1788957284774783000,1.529782958984375,-0.8161322474479675,-7.334618091583252,2.1905202865600586
1788957284784833000,1.5398330078125,-0.7197359204292297,-5.968510627746582,0.7539052367210388
1788957284794882800,1.5498828125,0.8943495750427246,-4.674130916595459,-0.1465688794851303
1788957284804934000,1.559933837890625,0.510569155216217,-2.1282010078430176,-0.5835669636726379
1788957284814984000,1.56998388671875,0.047733746469020844,-0.2709282636642456,1.262855052947998
1788957284825034000,1.580033935546875,0.048652537167072296,-0.6631383299827576,2.0897676944732666
1788957284835084800,1.590084716796875,0.07413307577371597,-0.5843059420585632,1.82918119430542
1788957284845134800,1.600134765625,-0.14515160024166107,-0.8321213126182556,1.5487964153289795
1788957284855185700,1.610185546875,-0.5476720333099365,-1.80955970287323,0.7596865892410278
1788957284865235700,1.620235595703125,-1.262613296508789,-2.907801866531372,-0.16047713160514832
1788957284875285800,1.63028564453125,-1.685423493385315,-3.4923460483551025,-0.6432462334632874
1788957284885336800,1.6403369140625,-1.5839852094650269,-3.624940872192383,-0.5767766833305359
1788957284895387000,1.650386962890625,-1.4471242427825928,-2.4803099632263184,-0.18155723810195923
1788957284905436700,1.660436767578125,-1.2551084756851196,0.6597344279289246,0.5698707103729248
1788957284915487700,1.67048779296875,-0.7389862537384033,2.17985200881958,0.6647030115127563
1788957284925537800,1.680537841796875,-0.32242363691329956,2.4175827503204346,0.3310297131538391
1788957284935588900,1.6905888671875,-0.07187352329492569,1.813896656036377,-0.11504264920949936
1788957284945639000,1.700638916015625,0.10348338633775711,1.764567494392395,-0.6003667116165161
1788957284955689000,1.71068896484375,0.21224236488342285,1.8688318729400635,-1.0961965322494507
1788957284965740000,1.720739990234375,0.40788882970809937,1.9453293085098267,-1.4867522716522217
1788957284975789800,1.730789794921875,0.5681296586990356,2.006107807159424,-1.6248260736465454
1788957284985841000,1.7408408203125,0.5594869256019592,1.8255633115768433,-1.594236135482788
1788957284995891000,1.750890869140625,0.2865888774394989,1.5400512218475342,-1.4566943645477295
1788957285005941000,1.76094091796875,-0.16002507507801056,1.2998226881027222,-1.080728530883789
1788957285015991800,1.77099169921875,-0.6683313846588135,1.0260246992111206,-0.8881747126579285
1788957285026041900,1.781041748046875,-0.7824515700340271,0.3871430456638336,-0.6473754644393921
1788957285036092000,1.791091796875,-0.3553338348865509,-0.6854633688926697,-0.3792785704135895
1788957285046142700,1.801142822265625,-0.05111536383628845,-1.9281169176101685,-0.22730952501296997
1788957285056192800,1.81119287109375,0.09761779755353928,-2.600613832473755,-0.3600377142429352
1788957285066243800,1.821243896484375,0.18725445866584778,0.07769136130809784,1.0560654401779175
1788957285076294000,1.8312939453125,0.43766069412231445,0.055781614035367966,1.2710905075073242
1788957285086343700,1.84134375,0.7324121594429016,-1.5961109399795532,0.8267415761947632
1788957285096394800,1.851394775390625,1.0842959880828857,-3.030529499053955,0.49637648463249207
1788957285106444800,1.86144482421875,1.2490060329437256,-3.881483793258667,0.2641083896160126
1788957285116494600,1.87149462890625,1.2184333801269531,-4.334903717041016,0.22438032925128937
1788957285126545700,1.881545654296875,1.2293752431869507,-4.058167457580566,0.4413110315799713
1788957285136595700,1.891595703125,1.299290657043457,-2.8903887271881104,0.7329942584037781
1788957285146646800,1.901646728515625,1.3131529092788696,-1.2592225074768066,0.9664618968963623
1788957285156696600,1.911696533203125,1.2516895532608032,-0.1495610773563385,1.171332597732544
1788957285166746600,1.92174658203125,0.9893434047698975,-0.2378736287355423,0.8590365052223206
1788957285176797700,1.931797607421875,0.43718239665031433,-1.9839832782745361,-0.45884379744529724
1788957285186847700,1.94184765625,0.2973126173019409,-3.0188841819763184,-0.2566496729850769
1788957285196898800,1.95189892578125,0.314595103263855,-1.7573981285095215,0.5421733260154724
1788957285206948900,1.961948974609375,0.013538310304284096,-0.3234246075153351,0.46757256984710693
1788957285216998700,1.97199853515625,-0.1879633665084839,0.21782617270946503,0.14672809839248657
1788957285227049500,1.982049560546875,-0.2812565863132477,0.2550196349620819,-0.05479170009493828
1788957285237099500,1.992099609375,-0.24970115721225739,0.14928537607192993,-0.13322024047374725
1788957285247149800,2.00214990234375,-0.12329370528459549,-0.04987938329577446,-0.0579366609454155
1788957285257200600,2.01220068359375,0.13629533350467682,-0.2480328381061554,0.10066361725330353
1788957285267250400,2.02225048828125,0.3303478956222534,-0.39706093072891235,0.2188350111246109
1788957285277301500,2.032301513671875,0.34510716795921326,-0.5592809319496155,0.20506469905376434
1788957285287351600,2.0423515625,0.37364745140075684,-0.6014198660850525,0.17103029787540436
1788957285297401600,2.052401611328125,0.4267105758190155,-0.5450562238693237,0.14036785066127777
1788957285307452700,2.06245263671875,0.4906696081161499,-0.5244180560112,0.1552322804927826
1788957285317502700,2.072502685546875,0.5286353826522827,-0.5458483099937439,0.2533060312271118
1788957285327552500,2.082552490234375,0.494657963514328,-0.6589365601539612,0.4695371389389038
1788957285337603600,2.092603515625,0.3797309696674347,-0.7871894836425781,0.7163524031639099
1788957285347653600,2.102653564453125,0.2584945559501648,-0.8571714758872986,0.8383683562278748
1788957285357704700,2.11270458984375,0.1547848880290985,-0.8767097592353821,0.8424070477485657
1788957285367754800,2.122754638671875,0.11389577388763428,-0.7887660264968872,0.845289945602417
1788957285377804800,2.1328046875,0.09316582977771759,-0.6986854672431946,0.8407999873161316
1788957285387856000,2.14285595703125,0.08686212450265884,-0.6907687187194824,0.8268322348594666
1788957285397905700,2.15290576171875,0.10626573115587234,-0.7246448993682861,0.8387336134910583
1788957285407956500,2.16295654296875,0.12644076347351074,-0.6861560940742493,0.9007024765014648
1788957285418006800,2.1730068359375,0.14358636736869812,-0.5227351784706116,0.9606639742851257
1788957285428056800,2.183056884765625,0.12582866847515106,-0.33331412076950073,0.9573579430580139
1788957285438107600,2.193107666015625,0.12865221500396729,-0.2680780291557312,0.8724620938301086
1788957285448157400,2.203157470703125,0.13643956184387207,-0.383118599653244,0.7450074553489685
1788957285458207500,2.21320751953125,0.1293700635433197,-0.4816499352455139,0.6836585402488708
1788957285468258600,2.223258544921875,0.14847877621650696,-0.5018566846847534,0.714286744594574
1788957285478308600,2.23330859375,0.20084400475025177,-0.48085808753967285,0.8104628920555115
1788957285488359700,2.243359619140625,0.2691516876220703,-0.46910104155540466,0.9174417853355408
1788957285498409700,2.25340966796875,0.3406461775302887,-0.49251192808151245,1.0028266906738281
1788957285508459500,2.26345947265625,0.3875976800918579,-0.4837498664855957,0.9990228414535522
1788957285518510600,2.273510498046875,0.3638993799686432,-0.41430509090423584,0.9045437574386597
1788957285528560600,2.283560546875,0.3130630850791931,-0.340660959482193,0.7398989200592041
1788957285538611700,2.29361181640625,0.2929707467556,-0.27180635929107666,0.5406605005264282
1788957285548661800,2.303661865234375,0.20977520942687988,-0.1348879337310791,0.31250402331352234
1788957285558711800,2.3137119140625,0.11021637171506882,0.027829384431242943,0.16765224933624268
1788957285568762600,2.3237626953125,0.06149996444582939,0.08111551403999329,0.14645002782344818
1788957285578812700,2.333812744140625,0.04644494876265526,0.03899595886468887,0.12386757135391235
1788957285588862700,2.34386279296875,0.03298133611679077,-0.014326916076242924,0.06215440109372139
1788957285598913800,2.353913818359375,-0.008989831432700157,-0.03569537028670311,0.0382034070789814
1788957285608963800,2.3639638671875,-0.04312010481953621,-0.05005832761526108,0.07293768227100372
1788957285619014700,2.3740146484375,-0.048355359584093094,-0.025094037875533104,0.1411977857351303
1788957285629064400,2.384064453125,-0.016130579635500908,-0.028882917016744614,0.23301692306995392
1788957285639114500,2.394114501953125,0.03361021727323532,-0.02548343315720558,0.32314053177833557
1788957285649165600,2.40416552734375,0.08094018697738647,-0.0881393551826477,0.36010172963142395
1788957285659215600,2.414215576171875,0.11739809066057205,-0.1363857537508011,0.33662039041519165
1788957285669266700,2.4242666015625,0.17049646377563477,-0.0840703547000885,0.30776718258857727
1788957285679316700,2.434316650390625,0.17783667147159576,-0.08207990229129791,0.2038240134716034
1788957285689366500,2.444366455078125,0.11022593080997467,-0.11218028515577316,0.014777124859392643
1788957285699417600,2.45441748046875,0.011371786706149578,-0.10294657200574875,-0.1898050457239151
1788957285709467600,2.464467529296875,-0.010678387247025967,-0.085164375603199,-0.3599187433719635
1788957285719517700,2.474517578125,0.06516754627227783,-0.07627056539058685,-0.4837276041507721
1788957285729568800,2.48456884765625,0.14791327714920044,-0.05507180467247963,-0.5036441087722778
1788957285739618600,2.49461865234375,0.14849144220352173,-0.025062549859285355,-0.48795655369758606
1788957285749669600,2.504669677734375,0.06943550705909729,-0.020859817042946815,-0.4937726557254791
1788957285759719700,2.5147197265625,-0.01713922992348671,-0.05877316743135452,-0.5123510360717773
1788957285769769700,2.524769775390625,-0.08160050958395004,-0.0557430237531662,-0.5320025086402893
1788957285779820800,2.53482080078125,-0.09742062538862228,-0.04690688103437424,-0.5542439818382263
1788957285789870800,2.544870849609375,-0.11684545874595642,-0.06330742686986923,-0.5978266000747681
1788957285799920600,2.554920654296875,-0.1853051781654358,-0.029440702870488167,-0.6482822299003601
1788957285809971500,2.564971435546875,-0.24191626906394958,0.028076916933059692,-0.6636412143707275
1788957285820021500,2.575021484375,-0.25921860337257385,-0.004371856339275837,-0.6627562642097473
1788957285830072600,2.585072509765625,-0.25972992181777954,-0.012989046052098274,-0.6318854093551636
1788957285840122600,2.59512255859375,-0.22929511964321136,0.006656081881374121,-0.552523672580719
1788957285850172700,2.605172607421875,-0.1790471225976944,0.034498631954193115,-0.42198243737220764
1788957285860223500,2.615223388671875,-0.10854190587997437,0.10230711847543716,-0.2968394458293915
1788957285870273500,2.6252734375,-0.083155058324337,0.1106175109744072,-0.2584715485572815
1788957285880324600,2.63532470703125,-0.057512275874614716,0.1279367357492447,-0.3125017285346985
1788957285890374700,2.645374755859375,-0.09971193224191666,0.1577470898628235,-0.41745901107788086
1788957285900424700,2.6554248046875,-0.11849205195903778,0.24046899378299713,-0.4525684714317322
1788957285910475800,2.665475830078125,-0.08994802087545395,0.292726069688797,-0.39127877354621887
1788957285920525600,2.675525634765625,-0.07771557569503784,0.2729424238204956,-0.3211359977722168
1788957285930575600,2.68557568359375,-0.06856148689985275,0.2588902413845062,-0.28814634680747986
1788957285940626700,2.695626708984375,-0.06489097326993942,0.21948878467082977,-0.2554382383823395
1788957285950676700,2.7056767578125,-0.04099655523896217,0.1224844828248024,-0.2171505093574524
1788957285960727800,2.715727783203125,0.010895108804106712,-0.05515684187412262,-0.2369234561920166
1788957285970777900,2.72577783203125,0.058511897921562195,-0.2192768007516861,-0.3247430622577667
1788957285980827600,2.73582763671875,0.027836933732032776,-0.29693904519081116,-0.4057154953479767
1788957285990878500,2.74587841796875,-0.0694749727845192,-0.21895799040794373,-0.38054755330085754
1788957286000928800,2.7559287109375,-0.11921226978302002,-0.11813637614250183,-0.25461798906326294
1788957286010979600,2.7659794921875,-0.119298554956913,-0.05881260335445404,-0.13676857948303223
1788957286021029600,2.776029541015625,-0.13489709794521332,-0.014093338511884212,-0.09724270552396774
1788957286031079700,2.78607958984375,-0.15905889868736267,0.0009710976155474782,-0.13603803515434265
1788957286041130500,2.796130615234375,-0.18874575197696686,-0.06918947398662567,-0.25364410877227783
1788957286051180500,2.8061806640625,-0.21945039927959442,-0.20523811876773834,-0.45820578932762146
1788957286061230600,2.816230712890625,-0.2339705228805542,-0.27890193462371826,-0.646479070186615
1788957286071281700,2.82628173828125,-0.20742705464363098,-0.20373737812042236,-0.675536036491394
1788957286081331700,2.836331787109375,-0.1680881530046463,-0.12025464326143265,-0.5483435988426208
1788957286091382800,2.8463828125,-0.14732268452644348,-0.08074638247489929,-0.4230530560016632
1788957286101432600,2.8564326171875,-0.12330903112888336,-0.05907115712761879,-0.34619030356407166
1788957286111482000,2.866482177734375,-0.07926780730485916,-0.05792812630534172,-0.24241968989372253
1788957286121533200,2.876533203125,-0.009673590771853924,-0.14053234457969666,-0.09420967102050781
1788957286131583200,2.886583251953125,0.11821486800909042,-0.21269361674785614,0.045982856303453445
1788957286141633000,2.896633056640625,0.18264052271842957,-0.18087877333164215,0.17072272300720215
1788957286151684000,2.90668408203125,0.14060118794441223,-0.02924237959086895,0.2886142134666443
1788957286161734100,2.916734130859375,0.049441926181316376,0.17420735955238342,0.4277171194553375
1788957286171785200,2.92678515625,-0.04392104223370552,0.3745550811290741,0.5717992186546326
1788957286181835300,2.936835205078125,-0.08541682362556458,0.4914018213748932,0.6156761050224304
1788957286191885300,2.94688525390625,-0.09501778334379196,0.5432227253913879,0.5472336411476135
1788957286201936100,2.95693603515625,-0.13659711182117462,0.5176778435707092,0.41479042172431946
1788957286211986200,2.966986083984375,-0.19302763044834137,0.49997130036354065,0.2885984182357788
1788957286222037000,2.977037109375,-0.17063578963279724,0.45472949743270874,0.2311379313468933
1788957286232087000,2.987087158203125,-0.057298578321933746,0.37750980257987976,0.21549904346466064
1788957286242137000,2.99713720703125,0.10734529793262482,0.2990686297416687,0.15139354765415192
1788957286252188200,3.007188232421875,0.21830564737319946,0.2615063488483429,0.04455579072237015
1788957286262238200,3.01723828125,0.2777712941169739,0.23279282450675964,-0.011987104080617428
1788957286272288000,3.0272880859375,0.3044452667236328,0.1471109539270401,0.005253135226666927
1788957286282339000,3.037339111328125,0.32387933135032654,0.07161218672990799,0.06767097115516663
1788957286292389000,3.04738916015625,0.356380820274353,0.03587016835808754,0.13726629316806793
1788957286302440200,3.057440185546875,0.36967167258262634,0.04601128026843071,0.17061346769332886
1788957286312490200,3.067490234375,0.3623245358467102,0.10866294801235199,0.16288790106773376
1788957286322540000,3.0775400390625,0.3818647861480713,0.1800898015499115,0.24565322697162628
1788957286332591000,3.087591064453125,0.4397121071815491,0.22033149003982544,0.38352108001708984
1788957286342641200,3.09764111328125,0.5275532603263855,0.25316181778907776,0.4411686956882477
1788957286352691200,3.107691162109375,0.5778095126152039,0.26154518127441406,0.4128877818584442
1788957286362742300,3.1177421875,0.6025718450546265,0.2626330852508545,0.35521143674850464
1788957286372792300,3.127792236328125,0.5786384344100952,0.28042078018188477,0.3157947361469269
1788957286382843100,3.137843017578125,0.5682860612869263,0.331727534532547,0.2842978239059448
1788957286392893200,3.14789306640625,0.5772632956504822,0.3826655447483063,0.2693236768245697
1788957286402943200,3.157943115234375,0.6174560189247131,0.3430345356464386,0.2039071023464203
1788957286412994000,3.167994140625,0.5823031067848206,0.28217196464538574,0.016702061519026756
1788957286423044000,3.178044189453125,0.4738261103630066,0.2840409278869629,-0.2181880623102188
1788957286433095200,3.18809521484375,0.3901003301143646,0.3611181378364563,-0.3325146436691284
1788957286443145000,3.19814501953125,0.3487085700035095,0.19318988919258118,-0.28809064626693726
1788957286453195000,3.208195068359375,0.4075508713722229,0.12036842107772827,-0.09799527376890182
1788957286463246000,3.21824609375,0.47788605093955994,0.20037227869033813,0.07780194282531738
1788957286473296100,3.228296142578125,0.4940647482872009,0.2302612066268921,0.11242835968732834
1788957286483346200,3.23834619140625,0.4015478789806366,0.2877814769744873,-0.07651812583208084
1788957286493397200,3.248397216796875,0.22359275817871094,0.3019031584262848,-0.3719170093536377
1788957286503447000,3.258447021484375,0.09940133988857269,0.18500754237174988,-0.6018465161323547
1788957286513498000,3.268498046875,0.0875135213136673,0.10483013838529587,-0.6469322443008423
1788957286523548200,3.278548095703125,0.17690427601337433,0.04022545367479324,-0.5054030418395996
1788957286533598200,3.28859814453125,0.2757509648799896,0.04826100915670395,-0.25171273946762085
1788957286543649300,3.298649169921875,0.3090813457965851,-0.01873881183564663,-0.007238877005875111
1788957286553699300,3.30869921875,0.2696622908115387,-0.13260945677757263,0.1622292399406433
1788957286563750100,3.318750244140625,0.21700841188430786,-0.25332194566726685,0.24293525516986847
1788957286573800200,3.32880029296875,0.20480340719223022,-0.3493094742298126,0.24101270735263824
1788957286583850200,3.338850341796875,0.2089570015668869,-0.3791676461696625,0.15604694187641144
1788957286593901000,3.348901123046875,0.19808703660964966,-0.3260256052017212,0.08400258421897888
1788957286603951000,3.358951171875,0.19135917723178864,-0.3100210428237915,0.06284766644239426
1788957286614001200,3.369001220703125,0.18826457858085632,-0.39009004831314087,0.014136053621768951
1788957286624052000,3.379052001953125,0.18540166318416595,-0.4125592112541199,-0.08054131269454956
1788957286634102000,3.38910205078125,0.1980562061071396,-0.4380214214324951,-0.14188216626644135
1788957286644153000,3.399153076171875,0.1939982920885086,-0.5050070285797119,-0.17841093242168427
1788957286654203100,3.409203125,0.1698857545852661,-0.5225250720977783,-0.25144651532173157
1788957286664253200,3.419253173828125,0.17638269066810608,-0.4704039394855499,-0.36499813199043274
1788957286674304300,3.42930419921875,0.21010683476924896,-0.4130578339099884,-0.4453965723514557
1788957286684354000,3.43935400390625,0.1670355349779129,-0.350053995847702,-0.36673614382743835
1788957286694404000,3.449404052734375,0.15886709094047546,-0.4030202627182007,-0.1534571647644043
1788957286704455200,3.459455078125,0.19309495389461517,-0.4944285750389099,0.07464244216680527
1788957286714505200,3.469505126953125,0.20685896277427673,-0.5740280747413635,0.19749964773654938
1788957286724556300,3.479556396484375,0.15560418367385864,-0.5980209708213806,0.21740789711475372
1788957286734606300,3.4896064453125,0.061648935079574585,-0.5938704609870911,0.2065616399049759
1788957286744656100,3.49965625,-0.009844692423939705,-0.6611193418502808,0.1629686951637268
1788957286754707200,3.509707275390625,-0.019635803997516632,-0.7580751776695251,0.07239751517772675
1788957286764757200,3.51975732421875,-0.0022073492873460054,-0.7891288995742798,-0.055975478142499924
1788957286774808000,3.52980810546875,0.02057093381881714,-0.7345228791236877,-0.17743000388145447
1788957286784858000,3.539858154296875,0.035954419523477554,-0.6366565227508545,-0.2598404586315155
1788957286794908200,3.549908203125,0.07600463181734085,-0.5356095433235168,-0.23803049325942993
1788957286804959000,3.559958984375,0.15010975301265717,-0.5559372901916504,-0.16166403889656067
1788957286815009000,3.570009033203125,0.2048475593328476,-0.6487372517585754,-0.14967794716358185
1788957286825059000,3.58005908203125,0.20766551792621613,-0.6932194232940674,-0.14454296231269836
1788957286835110100,3.590110107421875,0.18956108391284943,-0.6560267806053162,-0.07170259207487106
1788957286845160200,3.60016015625,0.17438916862010956,-0.5894071459770203,0.024520879611372948
1788957286855211300,3.610211181640625,0.14167062938213348,-0.49344468116760254,0.09365041553974152
1788957286865261000,3.620260986328125,0.10958991944789886,-0.4397321939468384,0.12091691792011261
1788957286875311000,3.63031103515625,0.07994014769792557,-0.43227773904800415,0.08638664335012436
1788957286885362200,3.640362060546875,0.04633985087275505,-0.4331195652484894,0.048947662115097046
1788957286895412200,3.650412109375,0.037767667323350906,-0.4358293414115906,0.060238130390644073
1788957286905463300,3.66046337890625,0.05631602182984352,-0.43382978439331055,0.0827692374587059
1788957286915513000,3.67051318359375,0.09914524853229523,-0.39606907963752747,0.08030155301094055
1788957286925563100,3.680563232421875,0.14540448784828186,-0.35282275080680847,0.10786876082420349
1788957286935614200,3.6906142578125,0.18506482243537903,-0.34089258313179016,0.15951332449913025
1788957286945664300,3.700664306640625,0.19591447710990906,-0.33857932686805725,0.1437944918870926
1788957286955714300,3.71071435546875,0.2098446637392044,-0.36739927530288696,0.10375094413757324
1788957286965765000,3.72076513671875,0.2111693024635315,-0.41266199946403503,0.09092816710472107
1788957286975815200,3.730815185546875,0.1907479166984558,-0.4383167624473572,0.11202999949455261
1788957286985866000,3.740865966796875,0.16550467908382416,-0.3775731921195984,0.2248956859111786
1788957286995916000,3.750916015625,0.1473885178565979,-0.2719191908836365,0.3869993984699249
1788957287005966000,3.760966064453125,0.1508934497833252,-0.1840522587299347,0.46570923924446106
1788957287016017200,3.77101708984375,0.16038522124290466,-0.2047831118106842,0.4180903136730194
1788957287026067200,3.781067138671875,0.1381932497024536,-0.20554116368293762,0.3617572784423828
1788957287036117000,3.791116943359375,0.085207000374794,-0.1456509232521057,0.3749742805957794
1788957287046168000,3.80116796875,0.03396492451429367,-0.026944275945425034,0.4091632068157196
1788957287056218000,3.811218017578125,0.014427974820137024,0.0029563638381659985,0.4226315915584564
1788957287066269200,3.821269287109375,0.010607894510030746,-0.08991193771362305,0.4149705171585083
1788957287076319200,3.8313193359375,-0.03171186521649361,-0.12158598005771637,0.38845208287239075
1788957287086369000,3.841369140625,-0.10694092512130737,-0.06386013329029083,0.4175463020801544
1788957287096420000,3.851420166015625,-0.1712658554315567,-0.008361723273992538,0.5000774264335632
1788957287106470100,3.86147021484375,-0.1950257271528244,0.014133937656879425,0.562440812587738
1788957287116521500,3.871521484375,-0.2030666023492813,-0.012826839461922646,0.512965977191925
1788957287126571500,3.881571533203125,-0.2644420266151428,-0.020660731941461563,0.3943457007408142
1788957287136621600,3.89162158203125,-0.3425280451774597,-0.03941790759563446,0.28637635707855225
1788957287146672400,3.90167236328125,-0.34633079171180725,-0.0608992762863636,0.1404227614402771
1788957287156722400,3.911722412109375,-0.28182584047317505,-0.1651383340358734,-0.018446777015924454
1788957287166772500,3.9217724609375,-0.23620688915252686,-0.2652741074562073,-0.09602364152669907
1788957287176823300,3.9318232421875,-0.24145758152008057,-0.19402362406253815,-0.036263640969991684
1788957287186873300,3.941873291015625,-0.28007739782333374,-0.012864761054515839,0.014330029487609863
1788957287196924400,3.95192431640625,-0.2838907837867737,0.11873640865087509,0.021580219268798828
1788957287206974500,3.961974365234375,-0.2747686803340912,0.14578253030776978,0.013620507903397083
1788957287217024500,3.9720244140625,-0.2620640695095062,0.07041694223880768,0.007746639661490917
1788957287227075600,3.98207568359375,-0.22209522128105164,0.04396873712539673,-0.029622605070471764
1788957287237125400,3.99212548828125,-0.20465710759162903,0.151582270860672,-0.01281139999628067
1788957287247175400,4.002175537109375,-0.18646641075611115,0.2322358340024948,-0.01613476499915123
1788957287257226500,4.0122265625,-0.22521834075450897,0.31858083605766296,-0.09279731661081314
1788957287267276500,4.022276611328125,-0.3031400442123413,0.3979853689670563,-0.12031443417072296
1788957287277327600,4.03232763671875,-0.32105326652526855,0.46361979842185974,-0.06222955510020256
1788957287287377700,4.042377685546875,-0.268606960773468,0.45242732763290405,0.009193278849124908
1788957287297427500,4.052427490234375,-0.25148868560791016,0.37604600191116333,-0.00460615660995245
1788957287307478500,4.062478515625,-0.2671200633049011,0.290249228477478,-0.09393288195133209
1788957287317528600,4.072528564453125,-0.24277715384960175,0.21741096675395966,-0.14561498165130615
1788957287327579400,4.082579345703125,-0.20753157138824463,0.256008505821228,-0.1333499699831009
1788957287337629400,4.09262939453125,-0.18991369009017944,0.3378083109855652,-0.12041580677032471
1788957287347679500,4.102679443359375,-0.2033839225769043,0.41991183161735535,-0.11151689291000366
1788957287357730300,4.112730224609375,-0.21590957045555115,0.4712304174900055,-0.08751515299081802
1788957287367780400,4.1227802734375,-0.21376962959766388,0.48905956745147705,-0.04545731842517853
1788957287377830400,4.132830322265625,-0.21418240666389465,0.4511936902999878,-0.017452578991651535
1788957287387881500,4.142881591796875,-0.20152226090431213,0.38762566447257996,-0.028035055845975876
1788957287397931500,4.152931640625,-0.18871484696865082,0.2606578469276428,-0.10437323153018951
1788957287407982600,4.162982666015625,-0.17178580164909363,0.2023075670003891,-0.16160468757152557
1788957287418032400,4.173032470703125,-0.1209295392036438,0.20922167599201202,-0.16404521465301514
1788957287428082400,4.18308251953125,-0.08281409740447998,0.3884500563144684,-0.10099873691797256
1788957287438133500,4.193133544921875,-0.044279225170612335,0.6096513867378235,-0.07978399842977524
1788957287448183600,4.20318359375,-0.027547677978873253,0.743600606918335,-0.12514464557170868
1788957287458234600,4.213234619140625,-0.05798414722084999,0.7489519715309143,-0.21285665035247803
1788957287468284400,4.223284423828125,-0.12403218448162079,0.7169573903083801,-0.26808738708496094
1788957287478334500,4.23333447265625,-0.17146654427051544,0.6072511672973633,-0.25100719928741455
1788957287488385500,4.243385498046875,-0.19872251152992249,0.4113963544368744,-0.21772131323814392
1788957287498435600,4.253435546875,-0.22221240401268005,0.17905846238136292,-0.19913217425346375
1788957287508485600,4.263485595703125,-0.23302075266838074,0.05020157992839813,-0.14213766157627106
1788957287518536400,4.273536376953125,-0.2096451222896576,0.014103495515882969,-0.04507262259721756
1788957287528586500,4.28358642578125,-0.17722605168819427,-0.01048586331307888,0.0490456260740757
1788957287538637300,4.29363720703125,-0.14453016221523285,-0.026660306379199028,0.06876660138368607
1788957287548687400,4.303687255859375,-0.11835867911577225,-0.03929214924573898,-0.013369953259825706
1788957287558737400,4.3137373046875,-0.09069323539733887,-0.047898951917886734,-0.12692926824092865
1788957287568788500,4.32378857421875,-0.06871294230222702,-0.003141864202916622,-0.16021376848220825
1788957287578838500,4.333838623046875,-0.03584287688136101,0.08159486204385757,-0.08393259346485138
1788957287588888300,4.343888427734375,0.014592711813747883,0.12437853962182999,0.029357535764575005
1788957287598939400,4.353939453125,0.050738733261823654,0.14493362605571747,0.10179498046636581
1788957287608989400,4.363989501953125,0.0696689635515213,0.2527092695236206,0.13364680111408234
1788957287619040500,4.37404052734375,0.05424046516418457,0.38625669479370117,0.20056883990764618
1788957287629090600,4.384090576171875,0.03869148716330528,0.4076259136199951,0.25157392024993896
1788957287639140400,4.394140380859375,0.04493393748998642,0.3414580821990967,0.19867101311683655
1788957287649191400,4.40419140625,0.07290806621313095,0.3018895387649536,0.11787009239196777
1788957287659241500,4.414241455078125,0.13408620655536652,0.3007643520832062,0.13453935086727142
1788957287669292500,4.42429248046875,0.19571146368980408,0.31633836030960083,0.21908573806285858
1788957287679342600,4.434342529296875,0.24267098307609558,0.2774125039577484,0.28490549325942993
1788957287689392600,4.444392578125,0.26879993081092834,0.19944815337657928,0.2730023264884949
1788957287699443500,4.454443359375,0.27258163690567017,0.19369760155677795,0.24579253792762756
1788957287709493500,4.464493408203125,0.2685545086860657,0.19939705729484558,0.23522716760635376
1788957287719543600,4.47454345703125,0.2646300792694092,0.17502035200595856,0.21006162464618683
1788957287729594400,4.484594482421875,0.2797629237174988,0.2351723313331604,0.20132659375667572
1788957287739644400,4.49464453125,0.3223583400249481,0.34976068139076233,0.25503671169281006
1788957287749695500,4.504695556640625,0.3833862841129303,0.4138983488082886,0.2897222936153412
1788957287759745500,4.51474560546875,0.4263923466205597,0.39336246252059937,0.2705536484718323
1788957287769795300,4.52479541015625,0.48428982496261597,0.35412052273750305,0.22653096914291382
1788957287779846400,4.534846435546875,0.5421733856201172,0.23440425097942352,0.22173941135406494
1788957287789896400,4.544896484375,0.5711801052093506,0.19403862953186035,0.19684438407421112
1788957287799946500,4.554946533203125,0.5806407332420349,0.1494983285665512,0.0610617958009243
1788957287809997600,4.56499755859375,0.5493433475494385,0.20405541360378265,-0.18508006632328033
1788957287820047400,4.57504736328125,0.4998346269130707,0.2433367818593979,-0.34019163250923157
1788957287830098400,4.585098388671875,0.4695952832698822,0.09628234058618546,-0.3197251856327057
1788957287840148500,4.5951484375,0.49035462737083435,-0.061445508152246475,-0.17551103234291077
1788957287850198500,4.605198486328125,0.5434902310371399,-0.11104424297809601,-0.00804709643125534
1788957287860249600,4.61524951171875,0.5608172416687012,-0.07655657082796097,0.06668972223997116
1788957287870299600,4.625299560546875,0.5145751237869263,-0.009754002094268799,0.010124225169420242
1788957287880350500,4.6353505859375,0.41533589363098145,-0.06573763489723206,-0.08315059542655945
1788957287890400500,4.645400390625,0.3237394392490387,-0.1801818311214447,-0.13930325210094452
1788957287900450600,4.655450439453125,0.283664733171463,-0.22862260043621063,-0.1379498392343521
1788957287910501400,4.66550146484375,0.27103734016418457,-0.1963239461183548,-0.13946108520030975
1788957287920551400,4.675551513671875,0.2764502167701721,-0.14199119806289673,-0.15194599330425262
1788957287930601500,4.6856015625,0.2959372401237488,-0.08748384565114975,-0.17965951561927795
1788957287940652300,4.69565234375,0.3233494460582733,-0.05824606865644455,-0.20533984899520874
1788957287950702300,4.705702392578125,0.3480129837989807,-0.03913730010390282,-0.24021823704242706
1788957287960753400,4.71575341796875,0.38279813528060913,0.011097640730440617,-0.3187931776046753
1788957287970803500,4.725803466796875,0.41393229365348816,0.06900585442781448,-0.3813730776309967
1788957287980853500,4.735853515625,0.4296955466270447,0.13815508782863617,-0.37939780950546265
1788957287990904600,4.745904541015625,0.40545666217803955,0.19045162200927734,-0.36550575494766235
1788957288000954400,4.755954345703125,0.3673393726348877,0.14914679527282715,-0.3569769859313965
1788957288011004400,4.76600439453125,0.3141006529331207,0.03143245726823807,-0.3692939877510071
1788957288021055500,4.776055419921875,0.25914180278778076,-0.14592207968235016,-0.37723633646965027
1788957288031105500,4.78610546875,0.22242380678653717,-0.2257288247346878,-0.38808000087738037
1788957288041156600,4.796156494140625,0.2200826108455658,-0.222256600856781,-0.4117376506328583
1788957288051206700,4.80620654296875,0.23566286265850067,-0.20722107589244843,-0.41687536239624023
1788957288061256400,4.81625634765625,0.21737787127494812,-0.19059522449970245,-0.3887558579444885
1788957288071307500,4.8263076171875,0.17139655351638794,-0.0951363816857338,-0.311176061630249
1788957288081357600,4.836357666015625,0.15007342398166656,-0.15088219940662384,-0.13065876066684723
1788957288091408400,4.846408447265625,0.10883640497922897,-0.19921758770942688,0.0574801079928875
1788957288101458400,4.85645849609375,0.04888385161757469,-0.13481995463371277,0.19217480719089508
1788957288111508000,4.866508056640625,-0.011775092221796513,-0.10283064097166061,0.25582605600357056
1788957288121558800,4.876558837890625,-0.06636110693216324,-0.06277163326740265,0.212026908993721
1788957288131609000,4.886609130859375,-0.08630049973726273,-0.06796335428953171,0.09050903469324112
1788957288141659000,4.896658935546875,-0.05358676239848137,-0.03202052786946297,0.02626427263021469
1788957288151709700,4.906709716796875,0.02714517153799534,-0.05323835462331772,0.028521139174699783
1788957288161759700,4.916759765625,0.09264002740383148,-0.16905444860458374,-0.008187608793377876
1788957288171810800,4.926810791015625,0.09958057105541229,-0.2672247886657715,-0.07339338958263397
1788957288181860900,4.93686083984375,0.11092031002044678,-0.2964212894439697,-0.0972428023815155
1788957288191910700,4.94691064453125,0.11280664801597595,-0.2631034851074219,-0.13036802411079407
1788957288201961700,4.956961669921875,0.07148636877536774,-0.23148564994335175,-0.16689062118530273
1788957288212011800,4.96701171875,0.027523620054125786,-0.24926574528217316,-0.16835537552833557
1788957288222062800,4.977062744140625,0.0008520613191649318,-0.32953155040740967,-0.13338567316532135
1788957288232113000,4.98711279296875,-0.04054990038275719,-0.39483001828193665,-0.08610913902521133
1788957288242163000,4.997162841796875,-0.08599381893873215,-0.44358983635902405,-0.02958087995648384
1788957288252214000,5.007214111328125,-0.1323240101337433,-0.5155484080314636,-0.00027799326926469803
1788957288262263800,5.017263916015625,-0.1768544614315033,-0.5074049830436707,0.035740192979574203
1788957288272313900,5.02731396484375,-0.18879777193069458,-0.4327479898929596,0.13227197527885437
1788957288282365000,5.037364990234375,-0.15505099296569824,-0.3349314033985138,0.26708465814590454
1788957288292415000,5.0474150390625,-0.08322551101446152,-0.2578132450580597,0.4545286297798157
1788957288302465800,5.0574658203125,0.025998707860708237,-0.32632917165756226,0.5904300212860107
1788957288312516000,5.06751611328125,0.09474127739667892,-0.4824407994747162,0.567603349685669
1788957288322566000,5.07756591796875,0.08850628137588501,-0.48822838068008423,0.42255136370658875
1788957288332616700,5.08761669921875,0.049118127673864365,-0.32973170280456543,0.32408446073532104
1788957288342666800,5.097666748046875,0.039503052830696106,-0.19262921810150146,0.36439138650894165
1788957288352716800,5.107716796875,0.06514380872249603,-0.19981536269187927,0.512444257736206
1788957288362768000,5.117767822265625,0.0892464816570282,-0.2534184157848358,0.5773177742958069
1788957288372817700,5.127817626953125,0.08181357383728027,-0.3263092339038849,0.43334293365478516
1788957288382868700,5.13786865234375,0.04237189143896103,-0.367584764957428,0.13570940494537354
1788957288392918800,5.147918701171875,0.05460348352789879,-0.3324517011642456,0.11077000945806503
1788957288402968800,5.15796875,0.14622899889945984,-0.171842560172081,0.38779976963996887
1788957288413020000,5.16802001953125,0.23056817054748535,0.03188873454928398,0.5652350187301636
1788957288423070000,5.178070068359375,0.19891196489334106,0.05006507411599159,0.5936019420623779
1788957288433121000,5.18812109375,0.0698811262845993,-0.07526036351919174,0.5764405727386475
1788957288443170800,5.1981708984375,-0.07453544437885284,-0.20564846694469452,0.4535452425479889
1788957288453220900,5.208220947265625,-0.21413148939609528,-0.20452019572257996,0.3216915428638458
1788957288463272000,5.21827197265625,-0.3367636501789093,-0.1052202358841896,0.30758848786354065
1788957288473322000,5.228322021484375,-0.3803982734680176,-0.000005870126187801361,0.3528450131416321
1788957288483372000,5.2383720703125,-0.3158211410045624,0.07774431258440018,0.3985544443130493
1788957288493422800,5.2484228515625,-0.2061181664466858,0.11407825350761414,0.3869345188140869
1788957288503473000,5.258472900390625,-0.11888711899518967,0.09039556235074997,0.25549420714378357
1788957288513523700,5.268523681640625,-0.07698313891887665,0.06490052491426468,0.0627555325627327
1788957288523573800,5.27857373046875,-0.07003601640462875,0.027458345517516136,-0.06640271842479706
1788957288533623800,5.288623779296875,-0.06042814254760742,0.02166764996945858,-0.07581371068954468
1788957288543675000,5.2986748046875,-0.026518112048506737,0.11459226161241531,0.02904878742992878
1788957288553724700,5.308724609375,0.04783259332180023,0.21554379165172577,0.15923790633678436
1788957288563775700,5.318775634765625,0.12147592008113861,0.2676546573638916,0.1828814446926117
1788957288573825800,5.32882568359375,0.1576673686504364,0.3052282929420471,0.09895166009664536
1788957288583875800,5.338875732421875,0.13639484345912933,0.3048914074897766,-0.007003800477832556
1788957288593927000,5.348927001953125,0.04408445954322815,0.34658515453338623,-0.0799403265118599
1788957288603977000,5.35897705078125,-0.04769659414887428,0.42236220836639404,-0.0838857963681221
1788957288614026800,5.36902685546875,-0.095034658908844,0.44196999073028564,-0.024833984673023224
1788957288624077800,5.379077880859375,-0.10444600880146027,0.338603138923645,0.013080907054245472
1788957288634128000,5.3891279296875,-0.1200861781835556,0.21430863440036774,-0.016606029123067856
1788957288644179000,5.399178955078125,-0.23515097796916962,0.27140119671821594,-0.024063412100076675
1788957288654229000,5.40922900390625,-0.3482503890991211,0.3535022437572479,0.08928563445806503
1788957288664278800,5.41927880859375,-0.363725483417511,0.31332287192344666,0.27590212225914
1788957288674329900,5.429329833984375,-0.27450382709503174,0.2503875494003296,0.44200399518013
1788957288684380000,5.4393798828125,-0.1289956271648407,0.236439511179924,0.5417031645774841
1788957288694430000,5.449429931640625,0.007272579241544008,0.24174052476882935,0.48331260681152344
1788957288704480800,5.459480712890625,0.07370566576719284,0.3339596688747406,0.24501800537109375
1788957288714531000,5.469531005859375,0.04938005656003952,0.46994549036026,-0.0011190995573997498
1788957288724582000,5.479581787109375,-0.02000221237540245,0.59748375415802,-0.10074369609355927
1788957288734631700,5.489631591796875,-0.07437490671873093,0.5436471700668335,-0.128519669175148
1788957288744681700,5.499681640625,-0.11414255946874619,0.42511171102523804,-0.140474334359169
1788957288754732800,5.50973291015625,-0.13810250163078308,0.37869158387184143,-0.05048230290412903
1788957288764782800,5.519782958984375,-0.1384202092885971,0.3674253523349762,0.1273912787437439
1788957288774834000,5.529833984375,-0.1533137559890747,0.3637235760688782,0.2811166048049927
1788957288784884000,5.539884033203125,-0.20651811361312866,0.34950628876686096,0.41517215967178345
1788957288794933800,5.549933837890625,-0.23372820019721985,0.32194575667381287,0.4869805872440338
1788957288804984800,5.55998486328125,-0.21025563776493073,0.28939366340637207,0.4717715382575989
1788957288815035000,5.570034912109375,-0.15245750546455383,0.2565610408782959,0.3760438859462738
1788957288825085000,5.5800849609375,-0.10237143188714981,0.296303391456604,0.2282717376947403
1788957288835136000,5.590135986328125,-0.0724668800830841,0.41384008526802063,0.12198497354984283
1788957288845185800,5.600185791015625,-0.04367624595761299,0.5340911746025085,0.09357010573148727
1788957288855236900,5.61023681640625,-0.0025709434412419796,0.6638597249984741,0.10509240627288818
1788957288865287000,5.620286865234375,0.03771709278225899,0.8086366057395935,0.08845191448926926
1788957288875337000,5.6303369140625,0.05326424911618233,0.9031320810317993,0.0422150194644928
1788957288885387800,5.6403876953125,0.041401464492082596,0.8638566136360168,-0.009085983037948608
1788957288895438000,5.65043798828125,0.013030963018536568,0.6681485176086426,-0.08014135807752609
1788957288905489000,5.660489013671875,0.0026899087242782116,0.40649905800819397,-0.14954760670661926
1788957288915538700,5.67053857421875,-0.01616654545068741,0.23420152068138123,-0.17606502771377563
1788957288925588700,5.680588623046875,-0.06764598190784454,0.28016528487205505,-0.18740025162696838
1788957288935639800,5.690639892578125,-0.1416560262441635,0.4399171471595764,-0.1403784155845642
1788957288945689900,5.70068994140625,-0.1296115666627884,0.4725366532802582,-0.0071190292946994305
1788957288955740000,5.710739990234375,-0.053840771317481995,0.39904385805130005,0.15984509885311127
1788957288965790700,5.720790771484375,0.040271077305078506,0.23236778378486633,0.2815302312374115
1788957288975840800,5.7308408203125,0.10129234194755554,0.02698860689997673,0.25082090497016907
1788957288985891800,5.740891845703125,0.12510766088962555,-0.0021879200357943773,0.2006099373102188
1788957288995942000,5.75094189453125,0.1977837234735489,0.10676546394824982,0.2687104344367981
1788957289005992000,5.760991943359375,0.3144744038581848,0.29098936915397644,0.39339616894721985
1788957289016043000,5.77104296875,0.3871748149394989,0.6197317838668823,0.4940657317638397
1788957289026092800,5.7810927734375,0.4790871739387512,0.7171805500984192,0.5183364748954773
1788957289036143900,5.791143798828125,0.4671437740325928,0.6166382431983948,0.3376733660697937
1788957289046194000,5.80119384765625,0.3938612937927246,0.5790610313415527,0.16795039176940918
1788957289056244000,5.811243896484375,0.3514617383480072,0.5780782103538513,0.3189238905906677
1788957289066294800,5.821294677734375,0.2649976909160614,0.608961820602417,0.430380642414093
1788957289076345000,5.831344970703125,0.17274202406406403,0.6401702761650085,0.3223576843738556
1788957289086395000,5.841394775390625,0.09531274437904358,0.44917526841163635,0.2270391434431076
1788957289096445700,5.85144580078125,0.08481794595718384,0.29600098729133606,0.13766296207904816
1788957289106495700,5.861495849609375,0.10550857335329056,0.31349238753318787,-0.09799642860889435
1788957289116547300,5.87154736328125,0.07334113121032715,0.34554794430732727,-0.32247352600097656
1788957289126597400,5.881597412109375,0.003543410450220108,0.2869943380355835,-0.34625235199928284
1788957289136647400,5.8916474609375,-0.061927083879709244,0.3279103934764862,-0.27628108859062195
1788957289146698500,5.901698486328125,-0.09707601368427277,0.40968194603919983,-0.259170800447464
1788957289156748300,5.911748291015625,-0.11827022582292557,0.30692774057388306,-0.29010945558547974
1788957289166799400,5.92179931640625,-0.1332065612077713,0.1155172809958458,-0.3335410952568054
1788957289176849400,5.931849365234375,-0.1653301864862442,0.04280204698443413,-0.43247297406196594
1788957289186899500,5.9418994140625,-0.18293021619319916,0.12427559494972229,-0.5759488940238953
1788957289196950500,5.951950439453125,-0.1255665272474289,0.2095569372177124,-0.5601457357406616
1788957289207000600,5.96200048828125,-0.08284410089254379,0.2524687349796295,-0.39780768752098083
1788957289217050400,5.97205029296875,-0.048899080604314804,0.2334463745355606,-0.2094152718782425
1788957289227101400,5.982101318359375,-0.0022322426084429026,0.1559707671403885,-0.014523018151521683
1788957289237151500,5.9921513671875,0.0392884835600853,-0.027622397989034653,0.09109852463006973
1788957289247202300,6.002202392578125,0.04019608721137047,-0.22624680399894714,0.014246887527406216
1788957289257252400,6.01225244140625,-0.004494978114962578,-0.30120691657066345,-0.08222675323486328
1788957289267302400,6.022302490234375,-0.05164651200175285,-0.1982640027999878,0.03242100402712822
1788957289277353200,6.032353271484375,-0.056691814213991165,0.01898953504860401,0.16727082431316376
1788957289287403300,6.0424033203125,-0.02922903001308441,0.057951316237449646,0.1487559974193573
1788957289297454300,6.052454345703125,0.06301993876695633,-0.16365563869476318,0.20280271768569946
1788957289307504400,6.06250439453125,0.1969979852437973,-0.30442023277282715,0.3405800461769104
1788957289317554400,6.072554443359375,0.19379585981369019,-0.30437415838241577,0.4067774713039398
1788957289327605500,6.08260546875,0.11203495413064957,-0.2974874973297119,0.351852685213089
1788957289337655300,6.0926552734375,0.07924104481935501,-0.2711898684501648,0.25984063744544983
1788957289347705300,6.102705322265625,0.08618896454572678,-0.208854079246521,0.20880913734436035
1788957289357756400,6.11275634765625,0.11793496459722519,-0.18449541926383972,0.14895285665988922
1788957289367806500,6.122806396484375,0.13888178765773773,-0.25970786809921265,0.055777911096811295
1788957289377857500,6.132857421875,0.15684033930301666,-0.4039504826068878,-0.0030823471024632454
1788957289387907600,6.142907470703125,0.16432009637355804,-0.4253321886062622,-0.06478406488895416
1788957289397957400,6.152957275390625,0.1478731334209442,-0.30273494124412537,-0.057139359414577484
1788957289408008400,6.163008544921875,0.1357799917459488,-0.13651932775974274,-0.006068187300115824
1788957289418058500,6.17305859375,0.13837845623493195,-0.028113527223467827,-0.037137918174266815
1788957289428109300,6.183109375,0.10283670574426651,-0.0438259094953537,-0.19083693623542786
1788957289438159400,6.193159423828125,0.06417578458786011,-0.08472903072834015,-0.36978933215141296
1788957289448209400,6.20320947265625,0.06511294841766357,-0.03882678970694542,-0.42810484766960144
1788957289458260200,6.21326025390625,0.08380159735679626,0.08278723806142807,-0.4205344319343567
1788957289468310300,6.223310302734375,0.11266627162694931,0.0712757259607315,-0.3245096504688263
1788957289478360300,6.2333603515625,0.16852237284183502,0.001507973880507052,-0.11539427936077118
1788957289488411400,6.243411376953125,0.2524346113204956,-0.10877512395381927,0.09048564732074738
1788957289498461400,6.25346142578125,0.2333974689245224,-0.16115646064281464,0.1784488409757614
1788957289508512500,6.263512451171875,0.10833810269832611,-0.23302531242370605,0.18355785310268402
1788957289518562300,6.273562255859375,0.029619641602039337,-0.2883705198764801,0.09202513098716736
1788957289528612400,6.2836123046875,-0.02819492295384407,-0.1725403368473053,-0.1545787900686264
1788957289538663400,6.293663330078125,-0.05051465332508087,0.0503489151597023,-0.3544982969760895
1788957289548713500,6.30371337890625,-0.05712275207042694,0.272571861743927,-0.3042827844619751
1788957289558764500,6.3137646484375,0.045914385467767715,0.2741779088973999,-0.01759760081768036
1788957289568814600,6.323814697265625,0.12815679609775543,0.1715356856584549,0.22490744292736053
1788957289578864400,6.333864501953125,0.0844624936580658,-0.11399674415588379,0.2919049561023712
1788957289588915500,6.34391552734375,-0.021152613684535027,-0.3761817514896393,0.23161524534225464
1788957289598965500,6.353965576171875,-0.1121724545955658,-0.41120749711990356,0.17913974821567535
1788957289609015600,6.364015625,-0.1695723533630371,-0.39652228355407715,0.2120646834373474
1788957289619066400,6.37406640625,-0.19329583644866943,-0.3401823341846466,0.28181710839271545
1788957289629116400,6.384116455078125,-0.2186022698879242,-0.2790883481502533,0.2626016139984131
1788957289639167200,6.394167236328125,-0.21464286744594574,-0.22003091871738434,0.2443946748971939
1788957289649217300,6.40421728515625,-0.1732080727815628,-0.2173357903957367,0.27156561613082886
1788957289659267300,6.414267333984375,-0.15727642178535461,-0.1859588772058487,0.22878870368003845
1788957289669318400,6.424318359375,-0.1714944988489151,-0.08905230462551117,0.14920465648174286
1788957289679368400,6.434368408203125,-0.15561756491661072,-0.045836497098207474,0.0949447900056839
1788957289689419500,6.44441943359375,-0.1261771321296692,0.015730993822216988,0.029991626739501953
1788957289699469300,6.45446923828125,-0.11128932237625122,0.12223362922668457,-0.031474918127059937
1788957289709519400,6.464519287109375,-0.06978928297758102,0.18495586514472961,-0.03777862340211868
1788957289719570400,6.4745703125,-0.03348829597234726,0.19220608472824097,-0.011451025493443012
1788957289729620500,6.484620361328125,-0.005681963171809912,0.15633809566497803,0.007602560333907604
1788957289739670500,6.49467041015625,0.009944682009518147,0.119277723133564,0.0897335559129715
1788957289749721300,6.504721435546875,0.027190513908863068,0.13412059843540192,0.23321188986301422
1788957289759771400,6.514771484375,0.0057916222140192986,0.31231558322906494,0.33027783036231995
1788957289769822500,6.524822509765625,-0.06863386929035187,0.41175377368927,0.33986467123031616
1788957289779872500,6.53487255859375,-0.17268988490104675,0.18875627219676971,0.1959114372730255
1788957289789922600,6.544922607421875,-0.2794240415096283,-0.12132250517606735,0.004272771067917347
1788957289799973400,6.554973388671875,-0.32286497950553894,-0.2105529010295868,-0.036992158740758896
1788957289810023400,6.5650234375,-0.31818392872810364,-0.1937105357646942,0.011420114897191525
1788957289820074200,6.57507421875,-0.3223128616809845,-0.10715881735086441,0.12009862810373306
1788957289830124300,6.585124267578125,-0.3155825138092041,-0.08777446299791336,0.2858063578605652
1788957289840174300,6.59517431640625,-0.2843532860279083,-0.12617452442646027,0.36130040884017944
1788957289850225400,6.605225341796875,-0.28968867659568787,-0.12565679848194122,0.27906334400177
1788957289860275500,6.615275390625,-0.32202214002609253,-0.12680134177207947,0.08446063846349716
1788957289870326500,6.625326416015625,-0.3690817952156067,-0.13512612879276276,-0.11808714270591736
1788957289880376300,6.635376220703125,-0.4285091757774353,-0.062045518308877945,-0.2385576367378235
1788957289890426400,6.64542626953125,-0.46388235688209534,0.03149029240012169,-0.23404145240783691
1788957289900477400,6.6554775390625,-0.43139776587486267,0.07751313596963882,-0.15706081688404083
1788957289910527500,6.665527587890625,-0.3220009505748749,0.05740440636873245,-0.09946410357952118
1788957289920577300,6.675577392578125,-0.2012598067522049,-0.013274925760924816,-0.08576084673404694
1788957289930628400,6.68562841796875,-0.11984856426715851,-0.029412882402539253,-0.0734138935804367
1788957289940678400,6.695678466796875,-0.11447165906429291,-0.06073450297117233,-0.1452973186969757
1788957289950729500,6.7057294921875,-0.17981870472431183,-0.010912620462477207,-0.2941667139530182
1788957289960779500,6.715779541015625,-0.24253058433532715,0.10971542447805405,-0.36366358399391174
1788957289970829600,6.72582958984375,-0.21962660551071167,0.17905348539352417,-0.2919164299964905
1788957289980880400,6.73588037109375,-0.12137783318758011,0.23938165605068207,-0.14682894945144653
1788957289990930400,6.745930419921875,0.010255024768412113,0.24226772785186768,-0.0034550130367279053
1788957290000981200,6.755981201171875,0.10408312827348709,0.17897874116897583,0.06395740807056427
1788957290011031300,6.76603125,0.11545322835445404,0.11364740133285522,-0.039204664528369904
1788957290021081300,6.776081298828125,0.04635701701045036,0.10600452870130539,-0.1952446550130844
1788957290031132400,6.78613232421875,-0.0811532661318779,0.188097283244133,-0.2816040515899658
1788957290041182500,6.796182373046875,-0.18176668882369995,0.3206862211227417,-0.1864980310201645
1788957290051232300,6.806232177734375,-0.19404973089694977,0.3179170489311218,-0.04253526031970978
1788957290061283300,6.816283447265625,-0.1909324675798416,0.15664944052696228,-0.0912526398897171
1788957290071333400,6.82633349609375,-0.2443903535604477,0.007621341850608587,-0.29167070984840393
1788957290081384400,6.836384521484375,-0.3508248031139374,-0.033729296177625656,-0.32460036873817444
1788957290091434500,6.8464345703125,-0.3924260437488556,-0.09376493841409683,-0.10142666846513748
1788957290101484300,6.856484375,-0.356941819190979,-0.10349996387958527,0.061759933829307556
1788957290111535400,6.866535400390625,-0.27574336528778076,-0.12206938862800598,0.026731111109256744
1788957290121585400,6.87658544921875,-0.2135685384273529,-0.18430376052856445,-0.07712142914533615
1788957290131636500,6.886636474609375,-0.19058732688426971,-0.262115478515625,-0.10635548084974289
1788957290141686500,6.8966865234375,-0.19458402693271637,-0.2500530183315277,-0.11102056503295898
1788957290151736300,6.906736328125,-0.19548310339450836,-0.15467697381973267,-0.18759523332118988
1788957290161787400,6.916787353515625,-0.14414159953594208,0.019695868715643883,-0.26944053173065186
1788957290171837400,6.92683740234375,-0.0837608128786087,0.09055326879024506,-0.27792587876319885
1788957290181888300,6.93688818359375,-0.02403300441801548,0.11466296762228012,-0.1770162284374237
1788957290191938300,6.946938232421875,0.027194229885935783,0.07748550176620483,-0.01976536028087139
1788957290201988400,6.95698828125,0.09625906497240067,0.05388700217008591,0.045924294739961624
1788957290212039400,6.967039306640625,0.15083655714988708,0.06294068694114685,-0.04069501906633377
1788957290222089200,6.977089111328125,0.17597246170043945,0.04722295701503754,-0.18979118764400482
1788957290232139300,6.98713916015625,0.21121086180210114,0.10811373591423035,-0.24422727525234222
1788957290242190300,6.9971904296875,0.2819845378398895,0.25721126794815063,-0.17375457286834717
1788957290252240400,7.007240478515625,0.38272154331207275,0.3774966597557068,-0.042081765830516815
1788957290262291500,7.01729150390625,0.4861185848712921,0.4111821949481964,0.08519592881202698
1788957290272341200,7.02734130859375,0.5651476383209229,0.40665191411972046,0.18573078513145447
1788957290282391300,7.037391357421875,0.6047075986862183,0.34866949915885925,0.2130158543586731
1788957290292442400,7.0474423828125,0.5601459741592407,0.3038546144962311,0.14711487293243408
1788957290302492400,7.057492431640625,0.47995877265930176,0.35689330101013184,0.10153251141309738
1788957290312543500,7.06754345703125,0.4512363076210022,0.4385000169277191,0.16509364545345306
1788957290322593500,7.077593505859375,0.4685913622379303,0.47203439474105835,0.2860707640647888
1788957290332643300,7.087643310546875,0.4999793767929077,0.46703454852104187,0.3302430212497711
1788957290342694400,7.0976943359375,0.49373728036880493,0.39289847016334534,0.204218327999115
1788957290352744400,7.107744384765625,0.4400237202644348,0.31983304023742676,-0.011524085886776447
1788957290362795300,7.117795166015625,0.353963166475296,0.2733791768550873,-0.1501781940460205
1788957290372845300,7.12784521484375,0.2986985743045807,0.3231115937232971,-0.10046762228012085
1788957290382895400,7.137895263671875,0.2595946192741394,0.43760862946510315,0.05928022786974907
1788957290392946200,7.1479462890625,0.19227764010429382,0.5266197323799133,0.17824684083461761
1788957290402996200,7.157996337890625,0.0987832322716713,0.47168460488319397,0.20223596692085266
1788957290413046300,7.16804638671875,0.026290660724043846,0.3483767807483673,0.07870976626873016
1788957290423097300,7.178097412109375,0.0013588753063231707,0.3026668429374695,-0.13168346881866455
1788957290433147400,7.1881474609375,0.004682234022766352,0.31641197204589844,-0.3211396634578705
1788957290443198500,7.198198486328125,-0.0711309090256691,0.3886321187019348,-0.5188517570495605
1788957290453248300,7.208248291015625,-0.18653447926044464,0.4333077371120453,-0.645004391670227
1788957290463298300,7.21829833984375,-0.19763600826263428,0.38033145666122437,-0.6469342708587646
1788957290473349400,7.228349365234375,-0.14410673081874847,0.38059431314468384,-0.5797349810600281
1788957290483399400,7.2383994140625,-0.08197468519210815,0.43008318543434143,-0.4437379539012909
1788957290493450500,7.248450439453125,-0.06148645654320717,0.4024268090724945,-0.29163283109664917
1788957290503500500,7.25850048828125,-0.06768389791250229,0.2908266484737396,-0.2544175088405609
1788957290513550300,7.26855029296875,-0.0664047822356224,0.13054057955741882,-0.26689788699150085
1788957290523601400,7.278601318359375,-0.052560463547706604,-0.012101578526198864,-0.21378184854984283
1788957290533651500,7.2886513671875,-0.03259900584816933,-0.09684096276760101,-0.17605842649936676
1788957290543702300,7.298702392578125,-0.01783876121044159,-0.15104049444198608,-0.2054218351840973
1788957290553752300,7.30875244140625,0.012623274698853493,-0.23603661358356476,-0.203838050365448
1788957290563802400,7.31880224609375,0.060984961688518524,-0.2756709158420563,-0.21397092938423157
1788957290573853200,7.328853271484375,0.10912878811359406,-0.27402880787849426,-0.1758352667093277
1788957290583903200,7.3389033203125,0.15656739473342896,-0.30353018641471863,-0.04070863872766495
1788957290593953300,7.348953369140625,0.1657656878232956,-0.26946890354156494,0.12902578711509705
1788957290604004400,7.35900439453125,0.10835135728120804,-0.1735621988773346,0.20392391085624695
1788957290614054400,7.369054443359375,0.04336037486791611,-0.12123693525791168,0.12786856293678284
1788957290624105500,7.37910546875,-0.021486099809408188,-0.0956035628914833,0.03513582795858383
1788957290634155300,7.3891552734375,-0.04202147200703621,-0.13655605912208557,0.045077674090862274
1788957290644205300,7.399205322265625,-0.10777898132801056,-0.07699071615934372,0.0972452238202095
1788957290654256400,7.40925634765625,-0.18414805829524994,0.021603507921099663,0.06195381283760071
1788957290664306400,7.419306396484375,-0.1866864264011383,0.0552377812564373,-0.08500846475362778
1788957290674357500,7.429357421875,-0.15037129819393158,0.12975728511810303,-0.22970546782016754
1788957290684407600,7.439407470703125,-0.09207461774349213,0.2480364292860031,-0.301818311214447
1788957290694457300,7.449457275390625,-0.01974981464445591,0.37737178802490234,-0.2937348186969757
1788957290704508400,7.45950830078125,0.06154313683509827,0.3545408844947815,-0.27320021390914917
1788957290714558500,7.469558349609375,0.14454028010368347,0.24125240743160248,-0.27608734369277954
1788957290724609300,7.479609375,0.16518686711788177,0.16019712388515472,-0.2892974019050598
1788957290734659300,7.489659423828125,0.17317527532577515,0.13407790660858154,-0.1315634399652481
1788957290744709400,7.49970947265625,0.2026781141757965,0.02938844822347164,0.17387551069259644
1788957290754760200,7.50976025390625,0.18345461785793304,-0.022035593166947365,0.4081394076347351
1788957290764810200,7.519810302734375,0.08067269623279572,-0.1016085147857666,0.4352378249168396
1788957290774860300,7.5298603515625,-0.03841214254498482,-0.26802173256874084,0.29884058237075806
1788957290784911400,7.539911376953125,-0.11517889052629471,-0.33345410227775574,0.09704753756523132
1788957290794961400,7.54996142578125,-0.1638803780078888,-0.17849886417388916,-0.10796233266592026
1788957290805012500,7.560012451171875,-0.15321627259254456,0.0332496352493763,-0.1655820906162262
1788957290815062300,7.570062255859375,-0.06234176829457283,0.10070963203907013,-0.09970161318778992
1788957290825112300,7.5801123046875,0.052733227610588074,0.06797484308481216,0.013298486359417439
1788957290835163400,7.590163330078125,0.14617903530597687,0.01504557766020298,0.20596541464328766
1788957290845213400,7.60021337890625,0.19063647091388702,0.0049270219169557095,0.39402085542678833
1788957290855264500,7.610264404296875,0.16539795696735382,-0.05197940394282341,0.44326987862586975
1788957290865314300,7.620314208984375,0.08550981432199478,-0.044494979083538055,0.38033267855644226
1788957290875364400,7.6303642578125,0.04069813713431358,-0.0947384461760521,0.3068416714668274
1788957290885415400,7.64041552734375,0.06309206038713455,-0.15157373249530792,0.27742916345596313
1788957290895465500,7.650465576171875,0.09749583899974823,-0.10473806411027908,0.25551560521125793
1788957290905516300,7.660516357421875,0.1537557989358902,0.002294030971825123,0.2292681485414505
1788957290915566300,7.67056640625,0.15846294164657593,0.08469276875257492,0.25277453660964966
1788957290925616400,7.680616455078125,0.1210043653845787,0.14517928659915924,0.3064807057380676
1788957290935667200,7.690667236328125,0.03809297829866409,0.1730910688638687,0.2571967840194702
1788957290945717200,7.70071728515625,-0.07803896069526672,0.18288910388946533,0.1019778847694397
1788957290955768300,7.710768310546875,-0.14629575610160828,0.10272727161645889,0.0393068790435791
1788957290965818400,7.720818359375,-0.15008407831192017,0.0838305875658989,0.07072644680738449
1788957290975868400,7.730868408203125,-0.1347069889307022,0.13531987369060516,0.10752387344837189
1788957290985919500,7.74091943359375,-0.12447597086429596,0.10067234933376312,0.19367434084415436
1788957290995969300,7.75096923828125,-0.10937904566526413,0.007615645416080952,0.350775808095932
1788957291006019300,7.761019287109375,-0.06495564430952072,-0.04658642038702965,0.4855460524559021
1788957291016070400,7.7710703125,-0.0463060587644577,-0.054809730499982834,0.5980491638183594
1788957291026120400,7.781120361328125,-0.04717216268181801,-0.10937073081731796,0.6790663003921509
1788957291036171500,7.791171630859375,-0.07233850657939911,-0.24544042348861694,0.6864379048347473
1788957291046221300,7.80122119140625,-0.12048284709453583,-0.29196032881736755,0.6623974442481995
1788957291056271400,7.811271240234375,-0.14806467294692993,-0.17844443023204803,0.5835540294647217
1788957291066322400,7.821322509765625,-0.14175748825073242,0.04464743286371231,0.4153428077697754
1788957291076372500,7.83137255859375,-0.13627856969833374,0.12191106379032135,0.2506833076477051
1788957291086423300,7.84142333984375,-0.1373150497674942,0.057236913591623306,0.14867880940437317
1788957291096473300,7.851473388671875,-0.11892247200012207,-0.00523338932543993,-0.0037557287141680717
1788957291106523400,7.8615234375,-0.11074897646903992,0.05173223838210106,-0.11623851209878922
1788957291116574200,7.87157421875,-0.10515473783016205,0.17717432975769043,-0.035835813730955124
1788957291126624500,7.88162451171875,-0.06581804901361465,0.1755979210138321,0.12494920939207077
1788957291136674300,7.89167431640625,-0.03715177997946739,0.06375129520893097,0.1980191469192505
1788957291146725400,7.901725341796875,-0.005199522711336613,-0.06559660285711288,0.1899525374174118
1788957291156775400,7.911775390625,0.019611284136772156,-0.18285983800888062,0.09210054576396942
1788957291166826500,7.921826416015625,-0.014895433560013771,-0.19399793446063995,-0.04184243455529213
1788957291176876500,7.93187646484375,-0.08050426840782166,-0.15559861063957214,-0.06027523800730705
1788957291186926300,7.94192626953125,-0.13921396434307098,-0.156513974070549,0.02657283842563629
1788957291196977400,7.951977294921875,-0.15490078926086426,-0.13952912390232086,0.15623176097869873
1788957291207027500,7.96202734375,-0.11540831625461578,-0.11709561944007874,0.337057501077652
1788957291217078500,7.97207861328125,-0.04715203493833542,-0.1396065205335617,0.475395143032074
1788957291227128600,7.982128662109375,-0.03848925977945328,-0.19335892796516418,0.4457171559333801
1788957291237178600,7.9921787109375,-0.11236721277236938,-0.2434079945087433,0.3212495446205139
1788957291247229700,8.002229736328125,-0.2185097485780716,-0.2941781282424927,0.3036218285560608
1788957291257279500,8.012279541015625,-0.29855477809906006,-0.27858400344848633,0.3776337206363678
1788957291267330300,8.022330322265624,-0.3211610019207001,-0.27544909715652466,0.3622428774833679
1788957291277380400,8.03238037109375,-0.31303808093070984,-0.2825261950492859,0.25957295298576355
1788957291287430400,8.042430419921875,-0.27095484733581543,-0.25979647040367126,0.19515341520309448
1788957291297481500,8.0524814453125,-0.24333307147026062,-0.21361540257930756,0.155999094247818
1788957291307531500,8.062531494140625,-0.2272563874721527,-0.20969019830226898,0.08640789985656738
1788957291317581300,8.072581298828124,-0.2738044559955597,-0.18625305593013763,-0.06074133887887001
1788957291327632400,8.08263232421875,-0.33014124631881714,-0.23086944222450256,-0.16054321825504303
1788957291337682400,8.092682373046875,-0.38592061400413513,-0.3423120677471161,-0.11646203696727753
1788957291347733500,8.1027333984375,-0.40393781661987305,-0.415071040391922,-0.03416361287236214
1788957291357783600,8.112783447265626,-0.37329068779945374,-0.4224943220615387,-0.03720440715551376
1788957291367833300,8.122833251953125,-0.3328060805797577,-0.393385648727417,-0.041352152824401855
1788957291377884400,8.132884521484375,-0.26993629336357117,-0.3626466393470764,0.03502278029918671
1788957291387934500,8.1429345703125,-0.18426312506198883,-0.3113831877708435,0.1837739497423172
1788957291397985500,8.152985595703125,-0.10039832442998886,-0.24989239871501923,0.2914106845855713
1788957291408035600,8.16303564453125,-0.06791392713785172,-0.28183847665786743,0.13912931084632874
1788957291418085600,8.173085693359376,-0.11334878951311111,-0.3410797119140625,-0.21587273478507996
1788957291428136700,8.18313671875,-0.14046679437160492,-0.3368648588657379,-0.44625452160835266
1788957291438186500,8.1931865234375,-0.13018806278705597,-0.2537819743156433,-0.37707385420799255
1788957291448237300,8.2032373046875,-0.08439193665981293,-0.10922122746706009,-0.10544499009847641
1788957291458287400,8.213287353515625,0.04898608848452568,0.010649784468114376,0.33783072233200073
1788957291468337400,8.22333740234375,0.19649888575077057,0.017476636916399002,0.7053494453430176
1788957291478388500,8.233388427734376,0.312825471162796,-0.03285551071166992,0.7031819224357605
1788957291488438300,8.243438232421875,0.3468383550643921,-0.24038714170455933,0.3070674538612366
1788957291498489300,8.2534892578125,0.277092307806015,-0.24674171209335327,-0.03793545812368393
1788957291508539400,8.263539306640626,0.11727546900510788,-0.11980906128883362,-0.28432154655456543
1788957291518589400,8.27358935546875,-0.0364968366920948,-0.002948255743831396,-0.579186737537384
1788957291528640500,8.283640625,-0.03183417767286301,0.002392154186964035,-0.7345479130744934
1788957291538690600,8.293690673828126,0.06544549763202667,-0.08622106909751892,-0.4832712411880493
1788957291548740400,8.303740234375,0.14044195413589478,-0.06235913187265396,-0.02579334005713463
1788957291558791400,8.31379150390625,0.20920343697071075,-0.09034629166126251,0.2858244478702545
1788957291568841500,8.323841552734375,0.22685067355632782,-0.21275226771831512,0.31926122307777405
1788957291578892500,8.333892578125,0.22165244817733765,-0.4127660393714905,0.18823371827602386
1788957291588942600,8.343942626953124,0.20304645597934723,-0.5144895315170288,0.043582625687122345
1788957291598992600,8.35399267578125,0.1668943166732788,-0.4417465925216675,-0.02108185365796089
1788957291609043700,8.364043701171875,0.1437673270702362,-0.30061066150665283,-0.07995578646659851
1788957291619093500,8.374093505859374,0.15897370874881744,-0.2004060447216034,-0.15036097168922424
1788957291629144300,8.384144287109375,0.2091435343027115,-0.16630394756793976,-0.1868106871843338
1788957291639194400,8.3941943359375,0.25591716170310974,-0.12970279157161713,-0.26505035161972046
1788957291649244700,8.40424462890625,0.28750836849212646,-0.042227812111377716,-0.3265664577484131
1788957291659295500,8.41429541015625,0.34471574425697327,0.04455901309847832,-0.29476749897003174
1788957291669345300,8.42434521484375,0.40349212288856506,0.06483471393585205,-0.18824458122253418
1788957291679396400,8.434396240234374,0.41475942730903625,0.08600950986146927,-0.19894330203533173
1788957291689446400,8.4444462890625,0.3865838050842285,0.11337708681821823,-0.34014904499053955
1788957291699496400,8.454496337890625,0.3818787932395935,0.011950329877436161,-0.4390242397785187
1788957291709547500,8.464547607421874,0.3695099949836731,-0.08176958560943604,-0.48886486887931824
1788957291719597600,8.47459765625,0.3161623477935791,0.028479158878326416,-0.5289033055305481
1788957291729647400,8.4846474609375,0.25063592195510864,0.1401267945766449,-0.5761591792106628
1788957291739698400,8.494698486328126,0.20722347497940063,0.08958479017019272,-0.609474241733551
1788957291749748500,8.50474853515625,0.21597151458263397,-0.05696282163262367,-0.5391826629638672
1788957291759799600,8.514799560546875,0.2665236294269562,-0.12730702757835388,-0.43199414014816284
1788957291769849600,8.524849609375,0.34179896116256714,-0.028937693685293198,-0.35917899012565613
1788957291779899600,8.534899658203125,0.43797874450683594,0.10091937333345413,-0.20002953708171844
1788957291789950500,8.544950439453125,0.4797523319721222,0.07129176706075668,0.004603622481226921
1788957291800000500,8.55500048828125,0.4490969479084015,0.07717122882604599,0.17730721831321716
1788957291810051300,8.56505126953125,0.3835984170436859,0.06661184877157211,0.28903093934059143
1788957291820101400,8.575101318359375,0.2785252630710602,0.016801953315734863,0.252032995223999
1788957291830151700,8.585151611328126,0.1590479612350464,-0.039742570370435715,0.062102511525154114
1788957291840202500,8.595202392578125,0.095149926841259,-0.07646995782852173,-0.12413953244686127
1788957291850252300,8.605252197265624,0.10467195510864258,-0.07044676691293716,-0.24192222952842712
1788957291860303400,8.615303466796876,0.16553184390068054,0.006584097631275654,-0.2648952007293701
1788957291870353400,8.625353515625,0.244973823428154,0.14735916256904602,-0.2837688624858856
1788957291880403500,8.635403564453124,0.2903690040111542,0.1799709051847458,-0.38547125458717346
1788957291890454500,8.64545458984375,0.3116873800754547,0.15115076303482056,-0.4574427902698517
1788957291900504600,8.655504638671875,0.32136425375938416,0.09930035471916199,-0.3790760636329651
1788957291910555600,8.6655556640625,0.3180961012840271,0.08092767745256424,-0.24481528997421265
1788957291920605400,8.67560546875,0.28063738346099854,0.1016039252281189,-0.15523694455623627
1788957291930655500,8.685655517578125,0.24146923422813416,0.048357296735048294,-0.13613542914390564
1788957291940706600,8.69570654296875,0.2180672436952591,-0.04067990183830261,-0.18803805112838745
1788957291950756600,8.705756591796876,0.20692430436611176,-0.07151534408330917,-0.2596234083175659
1788957291960807700,8.7158076171875,0.2178078442811966,-0.07287329435348511,-0.278142511844635
1788957291970857500,8.725857421875,0.22789354622364044,-0.05058089643716812,-0.24525703489780426
1788957291980907500,8.735907470703125,0.2061229944229126,-0.038982030004262924,-0.2101629674434662
1788957291990958300,8.745958251953125,0.12925924360752106,-0.06187060847878456,-0.18206092715263367
1788957292001008400,8.75600830078125,0.04917000234127045,-0.09777641296386719,-0.11853468418121338
1788957292011058700,8.76605859375,-0.02040034346282482,-0.15007126331329346,-0.10549496859312057
1788957292021109500,8.776109619140625,-0.11467651277780533,-0.1589294672012329,-0.15205420553684235
1788957292031159300,8.7861591796875,-0.1721412092447281,-0.11371272802352905,-0.18883611261844635
1788957292041210400,8.79621044921875,-0.17040909826755524,-0.07526493817567825,-0.13939052820205688
1788957292051260400,8.806260498046875,-0.14042992889881134,-0.08828873187303543,0.005464981310069561
1788957292061310500,8.816310546875,-0.07636946439743042,-0.1373945027589798,0.21588987112045288
1788957292071361500,8.826361572265625,0.00358214951120317,-0.1333572268486023,0.35038408637046814
1788957292081411600,8.83641162109375,0.06635871529579163,-0.12603141367435455,0.4182795286178589
1788957292091462400,8.84646240234375,0.11003880202770233,-0.12030964344739914,0.46748051047325134
1788957292101512400,8.856512451171875,0.10290738940238953,-0.17791755497455597,0.39606571197509766
1788957292111562500,8.8665625,0.04432779923081398,-0.22268162667751312,0.2316851019859314
1788957292121613300,8.87661328125,-0.04014314338564873,-0.28899964690208435,0.09466306865215302
1788957292131663400,8.886663330078125,-0.08700460195541382,-0.27039313316345215,0.07080314308404922
1788957292141714400,8.89671435546875,-0.10117767751216888,-0.1498773992061615,0.18450599908828735
1788957292151764200,8.90676416015625,-0.07596787065267563,-0.052090324461460114,0.34759920835494995
1788957292161814300,8.916814208984375,-0.013841118663549423,-0.013104306533932686,0.42551448941230774
1788957292171865300,8.926865234375,0.002139488933607936,-0.03480478376150131,0.39454007148742676
1788957292181915400,8.936915283203126,0.011579596437513828,-0.036920931190252304,0.37314555048942566
1788957292191966200,8.94696630859375,0.0054040029644966125,-0.020576011389493942,0.3303002119064331
1788957292202016000,8.95701611328125,-0.02981763333082199,0.12332549691200256,0.24611903727054596
1788957292212066000,8.967066162109376,-0.022605005651712418,0.23620940744876862,0.23842743039131165
1788957292222117000,8.9771171875,0.020082803443074226,0.2140577733516693,0.3208352327346802
1788957292232167200,8.987167236328125,0.03182914853096008,0.29540619254112244,0.3375823199748993
1788957292242218200,8.99721826171875,0.01021386869251728,0.4036850035190582,0.2796444594860077
1788957292252268300,9.007268310546875,-0.03465614467859268,0.39985203742980957,0.21225762367248535
1788957292262318000,9.017318115234374,-0.05498005822300911,0.25165697932243347,0.14585809409618378
1788957292272369200,9.027369140625,-0.07177818566560745,0.07808125764131546,0.06703276932239532
1788957292282419200,9.037419189453125,-0.04506668448448181,0.06200402230024338,0.04226883500814438
1788957292292470300,9.04747021484375,0.042699430137872696,0.17364723980426788,0.08272784948348999
1788957292302520300,9.057520263671876,0.14156343042850494,0.24912413954734802,0.15078864991664886
1788957292312570400,9.0675703125,0.2000270038843155,0.25910940766334534,0.24174493551254272
1788957292322621400,9.077621337890625,0.1875828504562378,0.23716069757938385,0.29461613297462463
1788957292332671200,9.087671142578126,0.13777506351470947,0.17949503660202026,0.26162856817245483
1788957292342722300,9.097722412109375,0.06659355014562607,0.08461087197065353,0.14409476518630981
1788957292352772400,9.1077724609375,-0.05304061993956566,-0.02187827043235302,-0.01659274473786354
1788957292362822400,9.117822509765626,-0.1765119582414627,-0.006289989687502384,-0.0873822271823883
1788957292372873200,9.127873291015625,-0.2593629062175751,0.07967179268598557,0.0008807862177491188
1788957292382923000,9.137923095703124,-0.2775421738624573,0.1352469027042389,0.12689651548862457
1788957292392973300,9.147973388671875,-0.23609305918216705,0.09586089849472046,0.25467920303344727
1788957292403024100,9.158024169921875,-0.148956298828125,-0.029008064419031143,0.3665572702884674
1788957292413074200,9.16807421875,-0.11222565174102783,-0.05982501059770584,0.4087422490119934
1788957292423125200,9.178125244140626,-0.12445861846208572,0.11783099919557571,0.3487127423286438
1788957292433175300,9.18817529296875,-0.1259334534406662,0.3165847659111023,0.21516472101211548
1788957292443225000,9.19822509765625,-0.13047468662261963,0.39965224266052246,0.053073279559612274
1788957292453276200,9.208276123046875,-0.14783722162246704,0.3985956609249115,-0.076402947306633
1788957292463326200,9.218326171875,-0.165737122297287,0.30730703473091125,-0.17628826200962067
1788957292473377300,9.228377197265624,-0.20824715495109558,0.23148532211780548,-0.16507379710674286
1788957292483427300,9.23842724609375,-0.23209096491336823,0.18781721591949463,-0.059199295938014984
1788957292493477400,9.248477294921875,-0.2295265793800354,0.12810008227825165,0.025598295032978058
1788957292503528200,9.258528076171874,-0.24607014656066895,0.04821537062525749,0.08899617195129395
1788957292513578200,9.268578125,-0.2711630165576935,0.011796029284596443,0.1478091925382614
1788957292523629300,9.27862939453125,-0.2498214691877365,0.03183098882436752,0.24339191615581512
1788957292533679400,9.288679443359374,-0.169285848736763,0.0505787655711174,0.27106088399887085
1788957292543729400,9.2987294921875,-0.12732960283756256,0.04293948784470558,0.20281419157981873
1788957292553780200,9.3087802734375,-0.10499302297830582,0.04106930270791054,0.04378816857933998
1788957292563830000,9.318830078125,-0.1260080188512802,-0.027967823669314384,-0.10727272182703018
1788957292573881000,9.328881103515625,-0.1579016149044037,-0.021124230697751045,-0.0640030950307846
1788957292583931100,9.33893115234375,-0.1306803673505783,0.006483962759375572,0.10670632123947144
1788957292593981200,9.348981201171876,-0.10499916970729828,0.03699791058897972,0.08910447359085083
1788957292604032300,9.3590322265625,-0.13265129923820496,0.05788242071866989,-0.10170862078666687
1788957292614082300,9.369082275390625,-0.1334381103515625,0.028212398290634155,-0.12581826746463776
1788957292624133400,9.37913330078125,-0.10965396463871002,-0.019507987424731255,-0.03202466294169426
1788957292634183200,9.38918310546875,-0.11784952878952026,-0.08762948215007782,-0.13672657310962677
1788957292644233200,9.399233154296875,-0.19294880330562592,-0.13215461373329163,-0.38547220826148987
1788957292654284300,9.4092841796875,-0.2698950171470642,-0.1616062968969345,-0.49208560585975647
1788957292664334300,9.419334228515625,-0.3472103178501129,-0.13524261116981506,-0.431185245513916
1788957292674385400,9.429385498046875,-0.383649080991745,-0.04107550159096718,-0.19032329320907593
1788957292684435200,9.439435302734376,-0.31949007511138916,0.03769094869494438,0.16970013082027435
1788957292694485200,9.4494853515625,-0.26547709107398987,0.0322030670940876,0.3843937814235687
1788957292704536300,9.459536376953125,-0.25874063372612,-0.04079284518957138,0.36526480317115784
1788957292714586400,9.46958642578125,-0.20693455636501312,-0.1403203159570694,0.2723361551761627
1788957292724637200,9.47963720703125,-0.1504683494567871,-0.1817132979631424,0.1769191026687622
1788957292734687200,9.489687255859375,-0.13496863842010498,-0.10834582895040512,0.0851089358329773
1788957292744737000,9.499737060546876,-0.09828918427228928,0.023783184587955475,0.10144450515508652
1788957292754788000,9.5097880859375,-0.0002968702756334096,0.10498898476362228,0.22757570445537567
1788957292764838100,9.519838134765624,0.07904002815485,0.17186494171619415,0.34105542302131653
1788957292774889200,9.52988916015625,0.1372012197971344,0.14761632680892944,0.3830353021621704
1788957292784939300,9.539939208984375,0.17443221807479858,0.03909757360816002,0.34423917531967163
1788957292794989300,9.5499892578125,0.1252543330192566,-0.04740852490067482,0.1799042969942093
1788957292805040000,9.5600400390625,0.0404432974755764,-0.07261853665113449,-0.07491442561149597
1788957292815090200,9.570090087890625,-0.026073381304740906,-0.03921866416931152,-0.28838133811950684
1788957292825141200,9.580141357421875,-0.042065661400556564,0.02555021084845066,-0.3793408274650574
1788957292835191300,9.59019140625,-0.002675169613212347,0.10080975294113159,-0.35385289788246155
1788957292845241300,9.600241455078125,0.07605266571044922,0.10536375641822815,-0.2578651010990143
1788957292855292400,9.61029248046875,0.15793493390083313,0.09626197069883347,-0.17953963577747345
1788957292865342200,9.62034228515625,0.2136053889989853,0.02690660022199154,-0.15950867533683777
1788957292875392300,9.630392333984375,0.23713324964046478,-0.031658876687288284,-0.1534978747367859
1788957292885443300,9.640443359375,0.21083693206310272,-0.06869518756866455,-0.10162881016731262
1788957292895493400,9.650493408203126,0.14417722821235657,-0.08764845877885818,-0.1455921083688736
1788957292905544200,9.660544189453125,0.08245688676834106,-0.16662555932998657,-0.17629435658454895
1788957292915594200,9.67059423828125,0.03730903938412666,-0.2793193459510803,-0.10096555203199387
1788957292925644000,9.68064404296875,0.063504159450531,-0.25264883041381836,-0.019772429019212723
1788957292935695000,9.690695068359375,0.1800437718629837,-0.1730203777551651,0.1074967160820961
1788957292945745200,9.7007451171875,0.32405686378479004,-0.06842899322509766,0.21790151298046112
1788957292955796200,9.710796142578126,0.34395596385002136,0.0934593603014946,0.18621979653835297
1788957292965846300,9.72084619140625,0.300799697637558,0.14433638751506805,0.06192741170525551
1788957292975896000,9.73089599609375,0.22444626688957214,0.029269328340888023,0.015038102865219116
1788957292985947100,9.740947021484375,0.16597948968410492,-0.06286618858575821,-0.046467602252960205
1788957292995997200,9.7509970703125,0.1546219140291214,-0.13672256469726562,-0.0729636549949646
1788957293006048300,9.76104833984375,0.24703066051006317,-0.13514350354671478,-0.0771242305636406
1788957293016098300,9.771098388671875,0.34304964542388916,-0.008924259804189205,-0.11150231212377548
1788957293026148400,9.7811484375,0.3831760287284851,0.09615475684404373,-0.07658693939447403
1788957293036199400,9.791199462890624,0.3656357526779175,0.1366434544324875,0.026712018996477127
1788957293046249200,9.801249267578125,0.2519606053829193,0.15256276726722717,0.09897609800100327
1788957293056300300,9.81130029296875,0.10693732649087906,-0.02244647964835167,0.14412418007850647
1788957293066350300,9.821350341796874,0.040352437645196915,-0.20423705875873566,0.10194183886051178
1788957293076400400,9.831400390625,0.02639523334801197,-0.21318325400352478,0.0010708877816796303
1788957293086451200,9.841451171875,0.08710093051195145,-0.1932510882616043,-0.06924907863140106
1788957293096501200,9.851501220703126,0.18094658851623535,-0.08772942423820496,-0.10934120416641235
1788957293106552000,9.861552001953125,0.2654990255832672,-0.0024574031122028828,-0.06691651046276093
1788957293116602000,9.87160205078125,0.36140674352645874,0.00044422748032957315,0.08602510392665863
1788957293126652200,9.881652099609376,0.37170228362083435,-0.04845753684639931,0.17172296345233917
1788957293136703200,9.891703125,0.22072339057922363,-0.1651245355606079,0.09221469610929489
1788957293146753300,9.901753173828125,0.12576624751091003,-0.31998974084854126,0.01465864758938551
1788957293156804400,9.911804443359374,0.14753232896327972,-0.24886302649974823,-0.05292319133877754
1788957293166854100,9.921854248046875,0.19532620906829834,-0.03840407356619835,-0.148932546377182
1788957293176904200,9.931904296875,0.23697815835475922,0.050713907927274704,-0.2299731969833374
1788957293186955300,9.941955322265626,0.3116651773452759,-0.034251581877470016,-0.17252615094184875
1788957293197005300,9.95200537109375,0.3642529249191284,-0.07501827925443649,0.008021383546292782
1788957293207056400,9.962056396484375,0.34476229548454285,-0.08437982201576233,0.1339726597070694
1788957293217106400,9.9721064453125,0.2602901756763458,-0.1692388355731964,0.17061704397201538
1788957293227156200,9.98215625,0.16775038838386536,-0.24334287643432617,0.1298254132270813
1788957293237207300,9.992207275390625,0.09631040692329407,-0.21226766705513,0.06591486930847168
1788957293247257300,10.00225732421875,0.07676892727613449,-0.1685635894536972,0.047217343002557755
1788957293257308200,10.01230810546875,0.07126118987798691,-0.15095561742782593,0.05462612211704254
1788957293267358200,10.022358154296874,0.07584981620311737,-0.1809699833393097,0.11214214563369751
1788957293277408000,10.032407958984376,0.11153465509414673,-0.2934873104095459,0.23532980680465698
1788957293287459000,10.042458984375,0.10706587135791779,-0.30776211619377136,0.353826105594635
1788957293297509000,10.052509033203124,0.10949232429265976,-0.2691592872142792,0.5169056057929993
1788957293307560200,10.062560302734376,0.14621305465698242,-0.2793024778366089,0.5581986904144287
1788957293317610200,10.0726103515625,0.07767768204212189,-0.24460545182228088,0.3391612768173218
1788957293327660300,10.082660400390624,0.012221178039908409,-0.15579010546207428,0.11429247260093689
1788957293337711400,10.09271142578125,0.03794774413108826,-0.09458809345960617,0.015655774623155594
1788957293347761200,10.10276123046875,0.06965108215808868,-0.00014041387476027012,-0.036032453179359436
1788957293357812200,10.112812255859374,0.08837109804153442,0.024151915684342384,0.009691538289189339
1788957293367862300,10.1228623046875,0.12525801360607147,-0.05422278493642807,0.12329453229904175
1788957293377912300,10.132912353515625,0.13370582461357117,-0.08672597259283066,0.19061237573623657
1788957293387963400,10.14296337890625,0.13734370470046997,-0.08635925501585007,0.3606405556201935
1788957293398013200,10.15301318359375,0.1497536599636078,-0.0159608144313097,0.4977461099624634
1788957293408064000,10.16306396484375,0.13424740731716156,0.03957301750779152,0.4702713191509247
1788957293418114300,10.1731142578125,0.06895756721496582,0.07546571642160416,0.3508710265159607
1788957293428164400,10.183164306640625,0.023557063192129135,0.06600723415613174,0.20825020968914032
1788957293438215200,10.193215087890625,-0.011455138213932514,0.07753431051969528,0.00812964141368866
1788957293448265200,10.20326513671875,-0.06222910061478615,0.1215241402387619,-0.19385407865047455
1788957293458316300,10.21331640625,-0.07895034551620483,0.12417631596326828,-0.26198771595954895
1788957293468366000,10.223365966796875,-0.048147961497306824,0.1420205682516098,-0.21708044409751892
1788957293478416100,10.233416015625,-0.01853632926940918,0.1653282195329666,-0.117216557264328
1788957293488467200,10.24346728515625,0.007983963005244732,0.14460162818431854,0.03224962577223778
1788957293498517200,10.253517333984375,0.02898423559963703,0.13099192082881927,0.14825031161308289
1788957293508567300,10.2635673828125,0.023388400673866272,0.03143417090177536,0.17831021547317505
1788957293518618400,10.273618408203125,-0.011601471342146397,-0.07266402244567871,0.12095188349485397
1788957293528668200,10.283668212890625,-0.06104518845677376,-0.07363341003656387,0.06732727587223053
1788957293538719200,10.29371923828125,-0.10405629128217697,-0.036837123334407806,0.09423843026161194
1788957293548769300,10.303769287109375,-0.12599648535251617,-0.0354168601334095,0.16374799609184265
1788957293558819300,10.3138193359375,-0.14994236826896667,-0.03029443882405758,0.14899998903274536
1788957293568870400,10.323870361328124,-0.1900719404220581,0.00009009824134409428,0.10910715907812119
1788957293578920200,10.333920166015625,-0.20340898633003235,0.018934525549411774,0.13841040432453156
1788957293588971300,10.34397119140625,-0.21041016280651093,0.0909208357334137,0.19998694956302643
1788957293599021300,10.354021240234376,-0.1855398565530777,0.2555687725543976,0.2444353848695755
1788957293609071400,10.3640712890625,-0.15576331317424774,0.32089662551879883,0.16181427240371704
1788957293619122200,10.3741220703125,-0.16279955208301544,0.3279482424259186,-0.0390784814953804
1788957293629172200,10.384172119140626,-0.14882327616214752,0.28791454434394836,-0.17011691629886627
1788957293639223300,10.394223388671875,-0.1077122911810875,0.21299569308757782,-0.17722362279891968
1788957293649273000,10.404273193359375,-0.07892751693725586,0.217519611120224,-0.12501980364322662
1788957293659323100,10.4143232421875,-0.08100488036870956,0.3331129550933838,-0.04735257476568222
1788957293669374200,10.424374267578125,-0.10080468654632568,0.32004430890083313,-0.00257711298763752
1788957293679424300,10.43442431640625,-0.1378798484802246,0.22843846678733826,0.010969998314976692
1788957293689475300,10.444475341796876,-0.16858503222465515,0.13347893953323364,0.08384180814027786
1788957293699525000,10.454525146484375,-0.15243737399578094,0.06585405021905899,0.19010081887245178
1788957293709575200,10.4645751953125,-0.16889837384223938,0.007643206976354122,0.18362906575202942
1788957293719626200,10.474626220703126,-0.1762930005788803,0.055333301424980164,0.1392277032136917
1788957293729676300,10.48467626953125,-0.16572770476341248,-0.003091393504291773,0.1666681170463562
1788957293739727400,10.494727294921875,-0.1627652943134308,-0.07477213442325592,0.19659756124019623
1788957293749777400,10.50477734375,-0.16277675330638885,-0.07077979296445847,0.1203499287366867
1788957293759827200,10.5148271484375,-0.14565712213516235,-0.07704930007457733,-0.09368078410625458
1788957293769878300,10.524878173828125,-0.1185717061161995,-0.06806353479623795,-0.2986781597137451
1788957293779928300,10.53492822265625,-0.09831845015287399,-0.04292745143175125,-0.2855537533760071
1788957293789979100,10.544979248046875,-0.05715210735797882,-0.012072332203388214,-0.11436391621828079
1788957293800029200,10.555029296875,0.01377849467098713,0.07923802733421326,0.07098613679409027
1788957293810079200,10.565079345703126,0.08372481912374496,0.10958635061979294,0.22126272320747375
1788957293820130300,10.57513037109375,0.09929757565259933,0.022653570398688316,0.21377214789390564
1788957293830180000,10.58518017578125,0.049824297428131104,-0.024635912850499153,0.06540611386299133
1788957293840231200,10.595231201171876,-0.03946191817522049,0.017652766779065132,-0.12655285000801086
1788957293850281200,10.60528125,-0.1135215014219284,0.11501820385456085,-0.24521690607070923
1788957293860331300,10.615331298828124,-0.09597965329885483,0.1377566009759903,-0.20044568181037903
1788957293870382300,10.62538232421875,-0.030657906085252762,0.14507628977298737,0.005691245198249817
1788957293880432000,10.63543212890625,0.037421658635139465,0.17465712130069733,0.15467625856399536
1788957293890483200,10.645483154296874,0.05579693987965584,0.17705555260181427,0.10542294383049011
1788957293900533200,10.655533203125,0.07591264694929123,0.16770045459270477,0.07831928879022598
1788957293910583300,10.665583251953125,0.11219821870326996,0.15250445902347565,0.15594696998596191
1788957293920634400,10.67563427734375,0.12028896063566208,0.22914975881576538,0.22652646899223328
1788957293930684400,10.685684326171875,0.1399012804031372,0.26905885338783264,0.24555103480815887
1788957293940735200,10.6957353515625,0.17090332508087158,0.19053258001804352,0.16411592066287994
1788957293950785300,10.705785400390624,0.1371096819639206,0.1547871083021164,-0.021242760121822357
1788957293960835300,10.71583544921875,0.08856098353862762,0.1364823430776596,-0.17762184143066406
1788957293970886100,10.72588623046875,0.09731879085302353,0.10757612437009811,-0.21690799295902252
1788957293980936200,10.735936279296874,0.10540954768657684,0.1290355920791626,-0.18342934548854828
1788957293990987300,10.7459873046875,0.097926065325737,0.12803611159324646,-0.1673494577407837
1788957294001037000,10.756037109375,0.10902321338653564,0.09901639074087143,-0.12283680588006973
1788957294011087000,10.766087158203124,0.16255488991737366,0.0436713770031929,-0.018694426864385605
1788957294021138200,10.77613818359375,0.16403014957904816,0.08848251402378082,0.0337333120405674
1788957294031188200,10.786188232421875,0.1428164839744568,0.07868581265211105,0.07990986108779907
1788957294041239300,10.7962392578125,0.1325659155845642,-0.10787028074264526,0.13129648566246033
1788957294051289300,10.806289306640625,0.08897662907838821,-0.12469266355037689,-0.02289920672774315
1788957294061339100,10.816339111328125,-0.021097252145409584,-0.06627768278121948,-0.22417452931404114
1788957294071390200,10.82639013671875,-0.0786399096250534,-0.0789460688829422,-0.3788309395313263
1788957294081440300,10.836440185546875,-0.12441272288560867,0.049311500042676926,-0.5412198901176453
1788957294091490300,10.846490234375,-0.12791797518730164,0.11383829265832901,-0.5171997547149658
1788957294101541400,10.856541259765624,-0.08224256336688995,0.0699874609708786,-0.35826385021209717
1788957294111591400,10.86659130859375,-0.04107062146067619,0.09052523225545883,-0.23670785129070282
1788957294121642000,10.87664208984375,-0.018102359026670456,0.10661053657531738,-0.21011072397232056
1788957294131692000,10.886692138671876,-0.014398433268070221,0.014587143436074257,-0.28095802664756775
1788957294141741800,10.896741943359375,-0.03906362131237984,-0.08179937303066254,-0.3921847641468048
1788957294151792600,10.906792724609375,-0.050421472638845444,-0.12335054576396942,-0.44475212693214417
1788957294161843000,10.916843017578126,0.013941062614321709,-0.16126218438148499,-0.40457290410995483
1788957294171893800,10.926893798828125,0.0811304897069931,-0.11717994511127472,-0.3293292820453644
1788957294181943800,10.93694384765625,0.11464788764715195,-0.0315268412232399,-0.21936139464378357
1788957294191993900,10.946993896484376,0.12526990473270416,-0.007327759638428688,-0.0787278413772583
1788957294202045000,10.957044921875,0.1241588145494461,-0.025691239163279533,0.06942948698997498
1788957294212094700,10.9670947265625,0.12607362866401672,-0.05450398102402687,0.1862357258796692
1788957294222145800,10.977145751953126,0.12100274115800858,-0.02501518651843071,0.24582232534885406
1788957294232195800,10.98719580078125,0.07299047708511353,0.0227520689368248,0.1284371018409729
1788957294242246000,10.997245849609374,0.0007026951643638313,0.08217982202768326,-0.1040252149105072
1788957294252297000,11.007296875,0.005467889364808798,0.016845019534230232,-0.19201073050498962
1788957294262346800,11.0173466796875,0.06445035338401794,-0.005213320720940828,-0.16615210473537445
1788957294272397800,11.027397705078124,0.1188717782497406,0.06280221790075302,-0.0662263035774231
1788957294282448000,11.03744775390625,0.1437668353319168,0.01435247901827097,0.0169488787651062
1788957294292498000,11.047497802734375,0.1210349053144455,-0.045875176787376404,-0.044580262154340744
1788957294302549000,11.057549072265624,0.09467992186546326,-0.05753713473677635,-0.12282983958721161
1788957294312599000,11.06759912109375,0.10754431784152985,-0.0520680695772171,-0.1243814006447792
1788957294322649900,11.07764990234375,0.12407619506120682,-0.06357038766145706,-0.06636980921030045
1788957294332699600,11.08769970703125,0.12558382749557495,-0.1424201875925064,0.024870894849300385
1788957294342750000,11.09775,0.1040467917919159,-0.26835083961486816,0.08374996483325958
1788957294352800800,11.10780078125,0.05824068561196327,-0.32584503293037415,0.10082721710205078
1788957294362850800,11.117850830078124,0.020549163222312927,-0.2998940944671631,0.12701298296451569
1788957294372902000,11.12790185546875,-0.007253705058246851,-0.23169587552547455,0.1335933804512024
1788957294382952000,11.137951904296875,-0.04472025856375694,-0.126529723405838,0.14265921711921692
1788957294393001700,11.148001708984374,-0.05777693912386894,-0.10613896697759628,0.1738208681344986
1788957294403052800,11.158052734375,-0.04326445236802101,-0.17709459364414215,0.09630361944437027
1788957294413102800,11.168102783203125,-0.06322271376848221,-0.20367640256881714,-0.07870494574308395
1788957294423153000,11.17815283203125,-0.027137301862239838,-0.246513232588768,-0.12510733306407928
1788957294433204000,11.188203857421875,0.0697314515709877,-0.2195572406053543,-0.05226508155465126
1788957294443253800,11.198253662109375,0.1424293965101242,-0.044141724705696106,0.10251598060131073
1788957294453304800,11.208304931640624,0.2210158258676529,0.05914285033941269,0.28337204456329346
1788957294463355000,11.21835498046875,0.2520079016685486,0.02906794100999832,0.33215099573135376
1788957294473405000,11.228405029296875,0.21410740911960602,-0.07341236621141434,0.19659635424613953
1788957294483456000,11.2384560546875,0.1343826949596405,-0.15898454189300537,0.024700496345758438
1788957294493506000,11.248506103515625,0.08997529745101929,-0.19036456942558289,0.02458864450454712
1788957294503556900,11.258556884765625,0.06597694009542465,-0.12680022418498993,0.16632361710071564
1788957294513607000,11.26860693359375,0.029070857912302017,-0.00506553566083312,0.3685299754142761
1788957294523657000,11.278656982421875,-0.01805439218878746,0.09291667491197586,0.551931619644165
1788957294533707800,11.288707763671875,-0.014005588367581367,0.12473159283399582,0.6660853624343872
1788957294543757800,11.2987578125,0.047660309821367264,0.05315708369016647,0.6272197365760803
1788957294553809000,11.308808837890625,0.06742416322231293,0.033435843884944916,0.38394981622695923
1788957294563858700,11.318858642578125,0.02726903185248375,0.0067743263207376,0.09294772148132324
1788957294573908700,11.32890869140625,-0.024448223412036896,0.020663244649767876,-0.11925800889730453
1788957294583959800,11.338959716796875,-0.05654294416308403,0.21657665073871613,-0.21358729898929596
1788957294594009900,11.349009765625,-0.03824569284915924,0.4562869668006897,-0.12958455085754395
1788957294604061000,11.35906103515625,0.001103098038583994,0.5414291024208069,0.05064581334590912
1788957294614111000,11.369111083984375,0.022697340697050095,0.5082429051399231,0.23915207386016846
1788957294624160800,11.379160888671874,0.03362524136900902,0.37143459916114807,0.37813445925712585
1788957294634211800,11.3892119140625,0.012282404117286205,0.2514464259147644,0.357690691947937
1788957294644262000,11.399261962890625,-0.001443712506443262,0.2809113562107086,0.21331772208213806
1788957294654312000,11.40931201171875,-0.019920723512768745,0.37983208894729614,0.06672481447458267
1788957294664363000,11.419363037109376,-0.051156237721443176,0.4286721348762512,0.0053351446986198425
1788957294674413000,11.4294130859375,-0.039783742278814316,0.36421725153923035,0.045842092484235764
1788957294684463900,11.4394638671875,0.00862441211938858,0.23169752955436707,0.06262089312076569
1788957294694514000,11.449513916015626,0.02559726871550083,0.21524371206760406,0.01505071297287941
1788957294704564000,11.45956396484375,0.027646908536553383,0.22421029210090637,-0.028957445174455643
1788957294714614800,11.46961474609375,0.014740431681275368,0.23191748559474945,-0.0433821901679039
1788957294724664800,11.479664794921876,-0.009437046945095062,0.2815072536468506,-0.01801149547100067
1788957294734716000,11.4897158203125,-0.016918664798140526,0.27952826023101807,-0.029349371790885925
1788957294744765700,11.499765625,-0.03167027607560158,0.2427700310945511,-0.08541778475046158
1788957294754815700,11.509815673828125,-0.08292999863624573,0.14711567759513855,-0.14574450254440308
1788957294764866800,11.51986669921875,-0.1781233251094818,0.08315213024616241,-0.1335156410932541
1788957294774916900,11.529916748046874,-0.22981475293636322,0.08259952068328857,-0.03434165194630623
1788957294784968000,11.539968017578126,-0.24884139001369476,0.11785154789686203,0.055770933628082275
1788957294795018000,11.55001806640625,-0.25799310207366943,0.15998700261116028,0.09663181751966476
1788957294805067800,11.56006787109375,-0.26738476753234863,0.1434343457221985,0.08966538310050964
1788957294815118800,11.570118896484376,-0.26434263586997986,0.12218338251113892,0.07325498759746552
1788957294825169000,11.5801689453125,-0.23725970089435577,0.050453636795282364,0.0762484222650528
1788957294835220000,11.590219970703124,-0.22473406791687012,-0.02580757811665535,0.05340409651398659
1788957294845270000,11.60027001953125,-0.21738025546073914,-0.004799811169505119,0.041096869856119156
1788957294855320000,11.610320068359375,-0.1773393601179123,0.05356336385011673,0.09197788685560226
1788957294865370600,11.62037060546875,-0.15653543174266815,0.09170010685920715,0.1444544792175293
1788957294875421000,11.6304208984375,-0.15126264095306396,0.11655192822217941,0.19524601101875305
1788957294885471000,11.640470947265625,-0.136243999004364,0.05785002559423447,0.2688037157058716
1788957294895521800,11.650521728515624,-0.1458713263273239,-0.058345288038253784,0.2466145008802414
1788957294905571800,11.66057177734375,-0.1935550719499588,-0.15879011154174805,0.09657101333141327
1788957294915623000,11.670622802734375,-0.27097636461257935,-0.2300610989332199,-0.052806757390499115
1788957294925672700,11.680672607421876,-0.33694756031036377,-0.27096468210220337,-0.08672907948493958
1788957294935722800,11.69072265625,-0.35045191645622253,-0.25243279337882996,-0.03162721171975136
1788957294945773800,11.70077392578125,-0.2967562973499298,-0.15201547741889954,0.10740643739700317
1788957294955823900,11.710823974609376,-0.1937284618616104,-0.14280758798122406,0.2606929540634155
1788957294965875000,11.720875,-0.11372222751379013,-0.16378667950630188,0.3283471167087555
1788957294975925000,11.730925048828125,-0.07450957596302032,-0.19340607523918152,0.3251257538795471
1788957294985974800,11.740974853515626,-0.04773484542965889,-0.20233288407325745,0.17868570983409882
1788957294996025900,11.75102587890625,-0.07208279520273209,-0.05738340690732002,-0.14632833003997803
1788957295006076000,11.761075927734375,-0.11241917312145233,0.07761546224355698,-0.4361088275909424
1788957295016127000,11.771126953125,-0.13213615119457245,0.11271379888057709,-0.4290114939212799
1788957295026177000,11.781177001953125,-0.03181072697043419,0.21987487375736237,-0.12031550705432892
1788957295036226800,11.791226806640625,0.0959368497133255,0.2154039591550827,0.22702434659004211
1788957295046278000,11.80127783203125,0.17064625024795532,0.028292834758758545,0.261956125497818
1788957295056328000,11.811327880859375,0.1968672126531601,-0.19723430275917053,-0.012739596888422966
1788957295066378000,11.8213779296875,0.14221015572547913,-0.2097475230693817,-0.19594940543174744
1788957295076428800,11.8314287109375,0.04540426656603813,0.024987218901515007,-0.15623261034488678
1788957295086478800,11.841478759765625,-0.0674527958035469,0.2438293695449829,-0.04413821920752525
1788957295096530000,11.851530029296875,-0.10260092467069626,0.23902608454227448,0.0756174698472023
1788957295106579700,11.861579833984376,-0.03644276410341263,0.14402686059474945,0.24533015489578247
1788957295116629800,11.871629638671875,0.015595406293869019,0.11772360652685165,0.3384859561920166
1788957295126680800,11.881680908203125,0.008647779002785683,0.14638864994049072,0.22244997322559357
1788957295136731000,11.89173095703125,-0.026430578902363777,0.08779989928007126,-0.0020238691940903664
1788957295146782000,11.901781982421875,-0.05782278627157211,0.11429566890001297,-0.17272259294986725
1788957295156831700,11.911831787109374,-0.07255992293357849,0.23927702009677887,-0.19310589134693146
1788957295166881800,11.9218818359375,-0.031313471496105194,0.3642064929008484,-0.12311474978923798
1788957295176932900,11.931932861328125,0.037444017827510834,0.4109140634536743,-0.029911566525697708
1788957295186983000,11.94198291015625,0.0936424508690834,0.3399055004119873,0.028068790212273598
1788957295197034000,11.952033935546876,0.09119447320699692,0.26251325011253357,0.09854082763195038
1788957295207084000,11.962083984375,0.04842236638069153,0.16777466237545013,0.1796933263540268
1788957295217133800,11.9721337890625,-0.0034717211965471506,0.0814317911863327,0.14115364849567413
1788957295227185000,11.982184814453126,-0.034998513758182526,-0.003743247129023075,-0.057132840156555176
1788957295237235000,11.99223486328125,-0.04602879285812378,-0.00748871685937047,-0.32250645756721497
1788957295247285000,12.002284912109374,-0.02227916195988655,0.02180119790136814,-0.48289525508880615
1788957295257335800,12.012335693359375,-0.015607674606144428,0.0493454709649086,-0.4539501368999481
1788957295267385900,12.0223857421875,0.007932426407933235,0.10485775023698807,-0.29195907711982727
1788957295277437000,12.03243701171875,0.05741369351744652,0.004702655598521233,-0.23902899026870728
1788957295287486700,12.04248681640625,0.11449543386697769,-0.16712181270122528,-0.3268183469772339
1788957295297536800,12.052536865234375,0.15031123161315918,-0.4000469148159027,-0.3424135446548462
1788957295307587800,12.062587890625,0.1706485003232956,-0.48546302318573,-0.2692906856536865
1788957295317638000,12.072637939453125,0.2129184603691101,-0.3965874910354614,-0.1858421415090561
1788957295327689000,12.08268896484375,0.26358553767204285,-0.36430928111076355,0.008867166936397552
1788957295337738800,12.09273876953125,0.2742837369441986,-0.3601078689098358,0.26836371421813965
1788957295347788800,12.102788818359375,0.22459451854228973,-0.2770165801048279,0.4508759379386902
1788957295357840000,12.11283984375,0.1470499187707901,-0.3170715868473053,0.45962628722190857
1788957295367890000,12.122889892578126,0.07600000500679016,-0.3970112204551697,0.3182605803012848
1788957295377940000,12.13293994140625,0.03698788955807686,-0.40282198786735535,0.09887361526489258
1788957295387991000,12.142990966796875,0.05336451157927513,-0.3337970972061157,-0.09864450246095657
1788957295398040800,12.153040771484376,0.14333008229732513,-0.21208104491233826,-0.1787095069885254
1788957295408092000,12.163091796875,0.23733486235141754,-0.15000349283218384,-0.2017630785703659
1788957295418142000,12.173141845703125,0.3249832093715668,-0.12068953365087509,-0.10516303777694702
1788957295428192000,12.18319189453125,0.42522597312927246,-0.1559387743473053,0.13867688179016113
1788957295438242800,12.193242919921875,0.444123238325119,-0.17051132023334503,0.27391138672828674
1788957295448292900,12.20329296875,0.3248666822910309,-0.20881003141403198,0.19094708561897278
1788957295458343700,12.21334375,0.18687447905540466,-0.30181586742401123,0.037188686430454254
1788957295468393700,12.223393798828125,0.13348999619483948,-0.2936379015445709,-0.15300603210926056
1788957295478443800,12.23344384765625,0.06854375451803207,-0.17042887210845947,-0.37721091508865356
1788957295488494800,12.243494873046876,0.0485333688557148,-0.06503067910671234,-0.4454505741596222
1788957295498545000,12.253544921875,0.11753346771001816,0.00519421836361289,-0.3099824786186218
1788957295508594700,12.2635947265625,0.2643207311630249,0.062386926263570786,-0.05552667751908302
1788957295518645800,12.273645751953126,0.3870450556278229,0.06506287306547165,0.17051178216934204
1788957295528695800,12.28369580078125,0.36246034502983093,-0.0027559110894799232,0.25598758459091187
1788957295538747000,12.293746826171875,0.19821548461914062,-0.14160780608654022,0.12453340739011765
1788957295548797000,12.303796875,0.044476136565208435,-0.14939755201339722,-0.1315026879310608
1788957295558847000,12.313846923828125,-0.003145709168165922,-0.08776401728391647,-0.33282753825187683
1788957295568898000,12.32389794921875,0.02860584482550621,-0.005679734982550144,-0.3548353910446167
1788957295578947800,12.33394775390625,0.10407689958810806,-0.0957276001572609,-0.24405136704444885
1788957295588999000,12.3439990234375,0.14421719312667847,-0.18629924952983856,-0.09426839649677277
1788957295599049000,12.354049072265624,0.24248197674751282,-0.2543294429779053,0.10256689786911011
1788957295609099000,12.36409912109375,0.22784048318862915,-0.1918247640132904,0.16769558191299438
1788957295619149800,12.37414990234375,0.09805692732334137,-0.14683225750923157,0.05506916344165802
1788957295629199600,12.38419970703125,-0.06297165900468826,-0.12929938733577728,-0.10497080534696579
1788957295639250000,12.39425,-0.16900062561035156,-0.09952311217784882,-0.0871816873550415
1788957295649300700,12.40430078125,-0.14727699756622314,-0.09509815275669098,0.14162836968898773
1788957295659350800,12.414350830078124,-0.07557244598865509,-0.09948757290840149,0.3149588704109192
1788957295669401900,12.42440185546875,-0.05397304892539978,-0.11669725179672241,0.3661622107028961
1788957295679452000,12.434451904296875,-0.04667545482516289,-0.14788472652435303,0.34634697437286377
1788957295689501700,12.444501708984374,-0.06379566341638565,-0.028240108862519264,0.19880661368370056
1788957295699552800,12.454552734375,-0.1225053146481514,0.14631173014640808,-0.02378891035914421
1788957295709602800,12.464602783203125,-0.1664140820503235,0.16415856778621674,-0.1521095186471939
1788957295719654000,12.47465380859375,-0.16281776130199432,0.1497679054737091,-0.11275704205036163
1788957295729704000,12.484703857421875,-0.17150576412677765,0.15768079459667206,-0.08424541354179382
1788957295739754000,12.49475390625,-0.19686785340309143,0.16852332651615143,-0.05120491236448288
1788957295749805000,12.50480517578125,-0.19640377163887024,0.09690209478139877,0.032985422760248184
1788957295759854800,12.514854736328125,-0.17750784754753113,0.04411691054701805,0.1472824364900589
1788957295769905000,12.52490478515625,-0.1719910055398941,0.13868069648742676,0.2433650940656662
1788957295779956000,12.5349560546875,-0.16322892904281616,0.24986900389194489,0.2295568585395813
1788957295790006000,12.545006103515625,-0.1596294343471527,0.2702579200267792,0.03797156363725662
1788957295800056800,12.555056884765625,-0.1785791516304016,0.2486913800239563,-0.21758031845092773
1788957295810107000,12.56510693359375,-0.1774100661277771,0.1873280107975006,-0.40531155467033386
1788957295820157000,12.575156982421875,-0.1326489895582199,0.1644756942987442,-0.49285072088241577
1788957295830207700,12.585207763671875,-0.07454881072044373,0.22162491083145142,-0.41924870014190674
1788957295840257800,12.5952578125,-0.01675475388765335,0.18997378647327423,-0.2013629823923111
1788957295850308900,12.605308837890625,0.01604234054684639,0.05646790936589241,-0.004009162075817585
1788957295860359000,12.61535888671875,0.027823366224765778,-0.013215028680860996,0.08039626479148865
1788957295870408700,12.62540869140625,0.022834887728095055,0.009867792949080467,0.05478757619857788
1788957295880459800,12.635459716796875,-0.017130371183156967,0.11060106009244919,-0.006353804841637611
1788957295890509800,12.645509765625,-0.0833553820848465,0.183059960603714,-0.028553269803524017
1788957295900560000,12.655559814453126,-0.14628693461418152,0.22330911457538605,-0.007756111212074757
1788957295910611000,12.66561083984375,-0.16124631464481354,0.24487824738025665,0.07348944246768951
1788957295920661000,12.675660888671874,-0.12417059391736984,0.18197810649871826,0.13382628560066223
1788957295930711800,12.6857119140625,-0.09170763194561005,0.22457252442836761,0.15576794743537903
1788957295940761900,12.695761962890625,-0.053415898233652115,0.28420495986938477,0.11541146039962769
1788957295950812000,12.70581201171875,-0.04555784910917282,0.27379897236824036,0.018832901492714882
1788957295960863000,12.715863037109376,-0.08167590945959091,0.2560194432735443,-0.08546101301908493
1788957295970913000,12.7259130859375,-0.10631611943244934,0.2955579459667206,-0.12873923778533936
1788957295980963800,12.7359638671875,-0.08746892958879471,0.37847092747688293,-0.1326679289340973
1788957295991014000,12.746013916015626,-0.04950661584734917,0.5017183423042297,-0.23608209192752838
1788957296001064000,12.75606396484375,-0.03771946579217911,0.5621894001960754,-0.4722575843334198
1788957296011114800,12.76611474609375,-0.11240393668413162,0.5537465214729309,-0.731534481048584
1788957296021164800,12.776164794921876,-0.20253010094165802,0.4598868787288666,-0.8806456327438354
1788957296031214800,12.78621484375,-0.23950475454330444,0.3249554932117462,-0.8964125514030457
1788957296041266000,12.796265869140624,-0.2611940801143646,0.26648765802383423,-0.8063961267471313
1788957296051315700,12.806315673828125,-0.3055914044380188,0.20208944380283356,-0.6520583629608154
1788957296061366800,12.81636669921875,-0.3489498198032379,0.11131319403648376,-0.40721502900123596
1788957296071416800,12.826416748046874,-0.25967177748680115,0.08370402455329895,0.12564340233802795
1788957296081467000,12.836466796875,-0.03767305985093117,0.1033986285328865,0.6860385537147522
1788957296091518000,12.84651806640625,0.09922800958156586,0.15983282029628754,0.8352779746055603
1788957296101567700,12.856567626953124,0.0754004418849945,0.07962825894355774,0.5018429756164551
1788957296111617800,12.86661767578125,-0.01079469732940197,-0.12515482306480408,0.11343695968389511
1788957296121669600,12.876669677734375,-0.09973202645778656,-0.23284906148910522,-0.08681411296129227
1788957296131719700,12.8867197265625,-0.2375221997499466,-0.08056923747062683,-0.2634143531322479
1788957296141770500,12.8967705078125,-0.26284724473953247,0.03277915343642235,-0.2155408263206482
1788957296151820500,12.906820556640625,-0.1446661800146103,0.035438016057014465,0.05598967522382736
1788957296161870600,12.91687060546875,-0.08958855271339417,0.19082041084766388,0.20137324929237366
1788957296171921400,12.92692138671875,-0.07305297255516052,0.24940015375614166,0.1489434391260147
1788957296181971500,12.936971435546875,-0.07070592790842056,0.22450412809848785,0.05268482118844986
1788957296192022500,12.9470224609375,-0.0577765591442585,0.2682715356349945,0.03649986535310745
1788957296202072600,12.957072509765625,-0.014412041753530502,0.2848595678806305,0.15044935047626495
1788957296212122400,12.967122314453125,0.01408802904188633,0.30985528230667114,0.1994294971227646
1788957296222173400,12.97717333984375,0.047037187963724136,0.41429832577705383,0.1688859611749649
1788957296232223500,12.987223388671875,0.09060847014188766,0.3842492997646332,0.1594480723142624
1788957296242273500,12.9972734375,0.13667050004005432,0.36216795444488525,0.18778330087661743
1788957296252324600,13.00732470703125,0.17023998498916626,0.329807847738266,0.2864806354045868
1788957296262374700,13.017374755859375,0.21210408210754395,0.24249720573425293,0.3840506076812744
1788957296272425500,13.027425537109375,0.20016978681087494,0.2544223368167877,0.37370410561561584
1788957296282475500,13.0374755859375,0.1717919409275055,0.31493306159973145,0.2812524735927582
1788957296292525600,13.047525634765625,0.1457248032093048,0.28734341263771057,0.17831279337406158
1788957296302576600,13.05757666015625,0.12245463579893112,0.31377795338630676,0.05522894486784935
1788957296312626700,13.067626708984376,0.10366452485322952,0.3064004182815552,-0.046890150755643845
1788957296322676500,13.077676513671875,0.05150971561670303,0.24057744443416595,-0.15417319536209106
1788957296332727600,13.0877275390625,-0.05475877597928047,0.27399972081184387,-0.36467477679252625
1788957296342777600,13.097777587890626,-0.19440269470214844,0.24292808771133423,-0.5647338032722473
1788957296352828400,13.107828369140625,-0.23513263463974,0.11041995137929916,-0.5841463804244995
1788957296362878500,13.11787841796875,-0.15379011631011963,0.13336175680160522,-0.5051887035369873
1788957296372928500,13.127928466796876,-0.05373738333582878,0.25693389773368835,-0.39733174443244934
1788957296382979600,13.1379794921875,-0.007918497547507286,0.224439337849617,-0.26638785004615784
1788957296393029400,13.148029296875,-0.06869606673717499,0.0995333194732666,-0.21518081426620483
1788957296403080400,13.15808056640625,-0.15505865216255188,-0.0412893146276474,-0.2273637056350708
1788957296413130500,13.168130615234375,-0.1734151989221573,-0.17403213679790497,-0.1668148636817932
1788957296423180500,13.1781806640625,-0.15077140927314758,-0.2283768653869629,-0.0015920773148536682
1788957296433231600,13.188231689453126,-0.1876557618379593,-0.06594907492399216,0.10390020906925201
1788957296443281400,13.198281494140625,-0.2430303394794464,0.09691787511110306,0.12965697050094604
1788957296453331500,13.20833154296875,-0.22739244997501373,-0.005826502572745085,0.08721613883972168
1788957296463382500,13.218382568359376,-0.1780848354101181,-0.12200877070426941,0.055348750203847885
1788957296473432600,13.2284326171875,-0.091429203748703,-0.16468118131160736,0.10666049271821976
1788957296483483600,13.238483642578124,-0.00713216420263052,-0.08093968778848648,0.10087423771619797
1788957296493533700,13.24853369140625,0.06515652686357498,-0.04920666664838791,0.05154690146446228
1788957296503583500,13.25858349609375,0.12069621682167053,-0.1413475126028061,-0.014501889236271381
1788957296513634600,13.268634521484374,0.15189188718795776,-0.15480829775333405,-0.08985734730958939
1788957296523684600,13.2786845703125,0.1881721168756485,-0.14878903329372406,-0.051647916436195374
1788957296533734700,13.288734619140625,0.22119587659835815,-0.1483285278081894,0.026991894468665123
1788957296543785500,13.298785400390624,0.21967680752277374,-0.1733238846063614,0.022120172157883644
1788957296553835500,13.30883544921875,0.18964630365371704,-0.21832643449306488,-0.013695476576685905
1788957296563886600,13.318886474609375,0.18707555532455444,-0.30505385994911194,0.04403626173734665
1788957296573936400,13.328936279296874,0.17391730844974518,-0.3346270024776459,0.126637265086174
1788957296583986400,13.338986328125,0.15233425796031952,-0.31680139899253845,0.21938210725784302
1788957296594037500,13.34903759765625,0.132740318775177,-0.39480575919151306,0.23812055587768555
1788957296604087600,13.359087646484374,0.10453371703624725,-0.3688170313835144,0.1135602593421936
1788957296614137300,13.369137451171875,0.15013593435287476,-0.3253420293331146,0.10468840599060059
1788957296624188400,13.3791884765625,0.24838607013225555,-0.2852638363838196,0.17758898437023163
1788957296634238500,13.389238525390626,0.2915324568748474,-0.32916373014450073,0.1719747930765152
1788957296644289500,13.39928955078125,0.3129943311214447,-0.5148292183876038,0.07917799800634384
1788957296654339600,13.409339599609375,0.30272412300109863,-0.5993315577507019,-0.09031622111797333
1788957296664389600,13.4193896484375,0.30269065499305725,-0.5522039532661438,-0.14869336783885956
1788957296674440700,13.429440673828125,0.3274849057197571,-0.5503860712051392,-0.062437623739242554
1788957296684490500,13.439490478515625,0.3243812322616577,-0.5576509237289429,0.03729642927646637
1788957296694540500,13.44954052734375,0.274026095867157,-0.5369041562080383,0.03093133494257927
1788957296704591600,13.459591552734375,0.22384494543075562,-0.4738199710845947,-0.017837271094322205
1788957296714641700,13.4696416015625,0.2128913253545761,-0.3848656117916107,0.09748079627752304
1788957296724692500,13.4796923828125,0.2604585587978363,-0.26768624782562256,0.3568146228790283
1788957296734742500,13.489742431640625,0.29800552129745483,-0.09079129248857498,0.48866814374923706
1788957296744792600,13.49979248046875,0.21396547555923462,0.023155249655246735,0.45392507314682007
1788957296754843400,13.509843505859376,0.10675497353076935,-0.10980081558227539,0.28121694922447205
1788957296764893400,13.5198935546875,0.013594938442111015,-0.15437066555023193,0.06112904101610184
1788957296774944500,13.529944580078125,0.011605977080762386,-0.0717262551188469,-0.01266980729997158
1788957296784994600,13.53999462890625,0.09694883227348328,0.03678397834300995,0.016716843470931053
1788957296795044400,13.55004443359375,0.17687758803367615,0.11772031337022781,0.09036558121442795
1788957296805095400,13.560095458984375,0.2343326210975647,0.09379846602678299,0.2520492970943451
1788957296815145500,13.5701455078125,0.28958892822265625,0.04188249260187149,0.41141006350517273
1788957296825195500,13.580195556640625,0.2832295596599579,0.04460957273840904,0.4092976450920105
1788957296835246600,13.59024658203125,0.2284950464963913,0.034741390496492386,0.30002865195274353
1788957296845296600,13.600296630859376,0.1990780383348465,-0.06313324719667435,0.20535005629062653
1788957296855347700,13.61034765625,0.19356191158294678,-0.054953236132860184,0.0931747704744339
1788957296865397500,13.6203974609375,0.18374523520469666,0.01457284763455391,-0.0274571031332016
1788957296875447600,13.630447509765625,0.17547142505645752,0.0026773004792630672,-0.13413716852664948
1788957296885498600,13.64049853515625,0.1297667920589447,-0.003757961792871356,-0.20161713659763336
1788957296895548700,13.650548583984374,0.06689147651195526,0.028239982202649117,-0.14979082345962524
1788957296905598700,13.6605986328125,0.040573850274086,0.07361066341400146,-0.026554107666015625
1788957296915649500,13.6706494140625,0.04046450927853584,0.13429290056228638,0.1081872433423996
1788957296925699600,13.680699462890624,0.07702411711215973,0.10635928064584732,0.23058746755123138
1788957296935750400,13.69075048828125,0.10347746312618256,0.0427425354719162,0.22943012416362762
1788957296945800400,13.700800537109375,0.06789017468690872,0.05587777867913246,0.11622527241706848
1788957296955850500,13.7108505859375,0.08158255368471146,0.06139278784394264,0.04181980341672897
1788957296965901600,13.720901611328125,0.06546536833047867,0.0327901728451252,-0.045123618096113205
1788957296975951400,13.730951416015625,-0.008256439119577408,-0.019937725737690926,-0.022377654910087585
1788957296986001400,13.74100146484375,-0.04655535891652107,-0.0932082086801529,0.12289325147867203
1788957296996052500,13.751052490234375,-0.06705723702907562,-0.11156322807073593,0.2252771109342575
1788957297006102500,13.7611025390625,-0.14601357281208038,-0.1523205190896988,0.22692321240901947
1788957297016153600,13.771153564453124,-0.22479195892810822,-0.06864485889673233,0.24913336336612701
1788957297026203600,13.78120361328125,-0.22872304916381836,-0.002576359547674656,0.3058456480503082
1788957297036253400,13.79125341796875,-0.14197812974452972,0.17575229704380035,0.4255892038345337
1788957297046304500,13.801304443359374,-0.040167078375816345,0.304311603307724,0.3987618684768677
1788957297056354600,13.8113544921875,-0.02694559283554554,0.3434206247329712,0.16157673299312592
1788957297066404600,13.821404541015625,-0.004533494357019663,0.4318096339702606,-0.03980245441198349
1788957297076455700,13.83145556640625,0.06394708156585693,0.424741268157959,-0.13778503239154816
1788957297086505500,13.84150537109375,0.13129577040672302,0.3513850271701813,-0.13933764398097992
1788957297096556500,13.851556640625,0.17168520390987396,0.1297280192375183,-0.12331211566925049
1788957297106606600,13.861606689453126,0.1512233316898346,-0.054340627044439316,-0.12951035797595978
1788957297116656600,13.87165673828125,0.09695224463939667,-0.05187218636274338,-0.07872112840414047
1788957297126707200,13.881707275390625,0.017127452418208122,-0.011512511409819126,0.005096275359392166
1788957297136757200,13.89175732421875,-0.07519329339265823,-0.0030681188218295574,0.0664876401424408
1788957297146807300,13.901807373046875,-0.14115233719348907,-0.09075243026018143,0.20628947019577026
1788957297156858000,13.911858154296874,-0.18111780285835266,-0.22803659737110138,0.33385881781578064
1788957297166908200,13.921908203125,-0.21136651933193207,-0.2987041175365448,0.30151230096817017
1788957297176959000,13.931958984375,-0.2446504831314087,-0.33424293994903564,0.1600976586341858
1788957297187009000,13.942009033203124,-0.24350745975971222,-0.3435554802417755,0.027286887168884277
1788957297197059000,13.95205908203125,-0.19966758787631989,-0.29689377546310425,0.03368024528026581
1788957297207110100,13.962110107421875,-0.1065397784113884,-0.2632431387901306,0.2017267644405365
1788957297217160200,13.97216015625,-0.030519792810082436,-0.24133433401584625,0.4123949408531189
1788957297227210000,13.9822099609375,-0.002468983642756939,-0.2744552791118622,0.5359805226325989
1788957297237261000,13.992260986328125,-0.013084511272609234,-0.25290703773498535,0.464764267206192
1788957297247311000,14.00231103515625,-0.03318924829363823,-0.17395122349262238,0.23622430860996246
1788957297257362200,14.012362060546875,-0.10141601413488388,-0.10331355780363083,-0.12573711574077606
1788957297267412200,14.022412109375,-0.20664335787296295,0.012410115450620651,-0.474801629781723
1788957297277462300,14.032462158203124,-0.2239571511745453,0.08297228813171387,-0.5390923619270325
1788957297287513300,14.042513427734375,-0.13401660323143005,0.10635137557983398,-0.38035523891448975
1788957297297563100,14.052563232421875,-0.012026268988847733,0.14881610870361328,-0.2666589319705963
1788957297307613200,14.06261328125,0.04401010274887085,0.12579414248466492,-0.23996128141880035
1788957297317664300,14.072664306640625,0.12053006142377853,0.04023343324661255,-0.013335008174180984
1788957297327714300,14.08271435546875,0.2201021909713745,-0.0879940465092659,0.3276928961277008
1788957297337765000,14.09276513671875,0.26271310448646545,-0.09016884863376617,0.5128012895584106
1788957297347815000,14.10281494140625,0.17486952245235443,-0.01937856525182724,0.4542700946331024
1788957297357865200,14.112865234375,0.028390394523739815,0.006929134018719196,0.27315667271614075
1788957297367916000,14.122916015625,-0.06117117777466774,0.0005378135247156024,0.06699977070093155
1788957297377966000,14.132966064453125,-0.11033888906240463,0.0002847590949386358,-0.057783618569374084
1788957297388016000,14.14301611328125,-0.11507638543844223,-0.029283519834280014,-0.15734829008579254
1788957297398067200,14.153067138671876,-0.10080162435770035,0.003554705996066332,-0.2925792932510376
1788957297408117000,14.163116943359375,-0.04902151599526405,-0.03871285542845726,-0.3673834800720215
1788957297418168000,14.17316796875,0.04998385161161423,-0.050560738891363144,-0.3451399803161621
1788957297428218000,14.183218017578126,0.1418895423412323,-0.01636069267988205,-0.21609598398208618
1788957297438268200,14.19326806640625,0.16989724338054657,-0.07591615617275238,-0.045740757137537
1788957297448319200,14.2033193359375,0.0988592877984047,-0.057513438165187836,0.07779636234045029
1788957297458369300,14.213369384765626,0.0036717194598168135,-0.06546561419963837,0.10633022338151932
1788957297468419000,14.223419189453125,-0.08855727314949036,-0.09309857338666916,-0.05829041823744774
1788957297478470100,14.23347021484375,-0.22864899039268494,-0.08280976116657257,-0.389015257358551
1788957297488520200,14.243520263671876,-0.2983734905719757,-0.13562877476215363,-0.6452049016952515
1788957297498571300,14.2535712890625,-0.3171128034591675,-0.16025696694850922,-0.7198498249053955
1788957297508621300,14.263621337890624,-0.2502056956291199,-0.1320197433233261,-0.6972707509994507
1788957297518671000,14.273671142578126,-0.10148832201957703,-0.12672775983810425,-0.5070694088935852
1788957297528722000,14.283721923828125,0.05981401726603508,-0.24502964317798615,-0.1204950362443924
1788957297538772200,14.293772216796874,0.2060188502073288,-0.2418687492609024,0.20475000143051147
1788957297548822300,14.303822265625,0.2397235631942749,-0.17591530084609985,0.3262263834476471
1788957297558873000,14.313873046875,0.11007068306207657,-0.16960091888904572,0.14152757823467255
1788957297568923100,14.323923095703124,-0.02580539509654045,-0.2854444086551666,-0.2853776812553406
1788957297578974200,14.33397412109375,-0.0943203866481781,-0.45221132040023804,-0.617012619972229
1788957297589024000,14.34402392578125,-0.06928560137748718,-0.47234082221984863,-0.6838337182998657
1788957297599074000,14.354073974609374,0.041319750249385834,-0.2906126379966736,-0.5257337093353271
1788957297609125000,14.364125,0.15194161236286163,-0.20485271513462067,-0.2304818034172058
1788957297619175200,14.374175048828125,0.15893426537513733,-0.22268959879875183,0.04520268365740776
1788957297629225200,14.38422509765625,0.12210515886545181,-0.25053587555885315,0.20026257634162903
1788957297639276300,14.3942763671875,0.05372697860002518,-0.26481863856315613,0.26499220728874207
1788957297649326000,14.404326171875,-0.019072391092777252,-0.36258965730667114,0.2051839977502823
1788957297659377200,14.414377197265624,-0.058475371450185776,-0.43969494104385376,0.1010170727968216
1788957297669427200,14.42442724609375,-0.025002367794513702,-0.45834478735923767,-0.020138375461101532
1788957297679477200,14.434477294921875,0.008229789324104786,-0.3428482413291931,-0.14312882721424103
1788957297689528300,14.4445283203125,0.044471949338912964,-0.2501417398452759,-0.23189093172550201
1788957297699578000,14.454578125,0.1250019520521164,-0.24170485138893127,-0.2582665979862213
1788957297709628200,14.464628173828125,0.18631882965564728,-0.2098824679851532,-0.3284246325492859
1788957297719679200,14.47467919921875,0.2259741872549057,-0.14126251637935638,-0.42698773741722107
1788957297729729300,14.484729248046875,0.2952515184879303,-0.14609774947166443,-0.49792051315307617
1788957297739780000,14.494780029296875,0.33391591906547546,-0.17757032811641693,-0.5689041614532471
1788957297749830100,14.504830078125,0.33253905177116394,-0.18708448112010956,-0.512959361076355
1788957297759880200,14.514880126953125,0.3716745674610138,-0.21412613987922668,-0.30259910225868225
1788957297769931000,14.524930908203125,0.38270246982574463,-0.16712932288646698,-0.04996737465262413
1788957297779981000,14.53498095703125,0.3562893867492676,-0.10909868031740189,0.1480189859867096
1788957297790031000,14.545031005859375,0.32079291343688965,-0.08398853242397308,0.23585429787635803
1788957297800082200,14.555082275390625,0.3033905029296875,-0.16118603944778442,0.17608745396137238
1788957297810132200,14.56513232421875,0.2318534404039383,-0.22540630400180817,0.006354615092277527
1788957297820183000,14.57518310546875,0.12331962585449219,-0.1892472356557846,-0.14166435599327087
1788957297830233000,14.585233154296875,0.08930333703756332,-0.13498319685459137,-0.16399602591991425
1788957297840283100,14.595283203125,0.1355459988117218,-0.13124866783618927,-0.0685269832611084
1788957297850334200,14.605334228515625,0.1856539100408554,-0.07590312510728836,0.03592671826481819
1788957297860384300,14.61538427734375,0.18749670684337616,-0.08936019986867905,0.054493214935064316
1788957297870434000,14.62543408203125,0.1573108434677124,-0.0562824085354805,0.04319555684924126
1788957297880485000,14.635485107421875,0.17569662630558014,-0.011118533089756966,0.06559167057275772
1788957297890535200,14.64553515625,0.19422583281993866,0.0868314653635025,0.10582084953784943
1788957297900586200,14.655586181640626,0.20010164380073547,0.20255644619464874,0.16567517817020416
1788957297910636300,14.66563623046875,0.2299809753894806,0.2359572798013687,0.18474127352237701
1788957297920686300,14.675686279296874,0.21575194597244263,0.2703203856945038,0.08224108815193176
1788957297930737200,14.685737060546876,0.15095990896224976,0.3475051820278168,-0.08719535171985626
1788957297940787200,14.695787109375,0.09720853716135025,0.37805449962615967,-0.207806795835495
1788957297950837200,14.705837158203124,0.05182401090860367,0.35793113708496094,-0.23503708839416504
1788957297960888000,14.71588818359375,-0.016750900074839592,0.28890690207481384,-0.2122574746608734
1788957297970938000,14.725938232421875,-0.08000390231609344,0.22420436143875122,-0.054191138595342636
1788957297980988200,14.73598828125,-0.0990995392203331,0.15598852932453156,0.16660119593143463
1788957297991039000,14.7460390625,-0.06815414130687714,0.276946097612381,0.31848660111427307
1788957298001089000,14.756089111328125,0.013491382822394371,0.41778019070625305,0.3454611599445343
1788957298011140000,14.76614013671875,0.10727699846029282,0.4468528628349304,0.23409096896648407
1788957298021190100,14.776190185546875,0.14652009308338165,0.420281320810318,0.015297873876988888
1788957298031240200,14.786240234375,0.12668700516223907,0.4380398094654083,-0.2501761317253113
1788957298041291300,14.796291259765624,0.11644264310598373,0.4717260003089905,-0.41470640897750854
1788957298051341000,14.806341064453125,0.11161380261182785,0.43878641724586487,-0.34017863869667053
1788957298061391000,14.81639111328125,0.05085689201951027,0.32224538922309875,-0.05918000638484955
1788957298071442200,14.826442138671876,0.018690699711441994,0.16305918991565704,0.2323029786348343
1788957298081492200,14.8364921875,0.012567981146275997,0.07239893823862076,0.40382465720176697
1788957298091543300,14.846543212890625,-0.023839028552174568,0.027499910444021225,0.3394635021686554
1788957298101593300,14.85659326171875,-0.11526929587125778,0.0846010223031044,0.07185578346252441
1788957298111643100,14.86664306640625,-0.19893038272857666,0.15361498296260834,-0.1861046552658081
1788957298121694500,14.876694580078125,-0.23249459266662598,0.18674451112747192,-0.277195543050766
1788957298131744500,14.88674462890625,-0.1953458935022354,0.17463058233261108,-0.23040033876895905
1788957298141794600,14.896794677734375,-0.1385476142168045,0.1596815288066864,-0.11246372759342194
1788957298151845600,14.906845703125,-0.10719741135835648,0.15520767867565155,-0.013977369293570518
1788957298161895400,14.9168955078125,-0.11576763540506363,0.15688687562942505,0.027597378939390182
1788957298171946500,14.926946533203125,-0.1519368290901184,0.0545908622443676,0.06102457642555237
1788957298181996500,14.93699658203125,-0.1787303388118744,-0.10032183676958084,0.11796420812606812
1788957298192046600,14.947046630859376,-0.18347583711147308,-0.1742088496685028,0.14594390988349915
1788957298202097700,14.95709765625,-0.17399924993515015,-0.1920279711484909,0.13579894602298737
1788957298212147700,14.967147705078125,-0.19285550713539124,-0.14276722073554993,0.0772341713309288
1788957298222197500,14.977197509765626,-0.19386549293994904,-0.08780840039253235,0.050522491335868835
1788957298232248600,14.98724853515625,-0.2162802517414093,-0.09127717465162277,0.03157596290111542
1788957298242298600,14.997298583984374,-0.2410469502210617,-0.1021801009774208,0.025629840791225433
1788957298252348700,15.0073486328125,-0.2489626556634903,-0.17949539422988892,0.031725283712148666
1788957298262399700,15.017399658203125,-0.26492035388946533,-0.2205798178911209,-0.003208558075129986
1788957298272449500,15.027449462890624,-0.27479562163352966,-0.18533234298229218,-0.054319679737091064
1788957298282500600,15.03750048828125,-0.26897597312927246,-0.17612504959106445,-0.034568529576063156
1788957298292550700,15.047550537109375,-0.2523413598537445,-0.28537216782569885,0.0371147096157074
1788957298302600700,15.0576005859375,-0.2625850439071655,-0.378862202167511,0.0583505854010582
1788957298312651500,15.067651611328126,-0.2674839198589325,-0.37187886238098145,0.04125175625085831
1788957298322701600,15.07770166015625,-0.22860600054264069,-0.3311225175857544,-0.032598018646240234
1788957298332751600,15.087751708984374,-0.19060376286506653,-0.24127650260925293,-0.11696456372737885
1788957298342802400,15.097802490234375,-0.1670520156621933,-0.1350359320640564,-0.13097283244132996
1788957298352852500,15.1078525390625,-0.1190677136182785,0.003083060495555401,-0.05672283470630646
1788957298362903600,15.117903564453124,-0.015573782846331596,0.18732303380966187,0.1076776534318924
1788957298372953600,15.12795361328125,0.08298928290605545,0.27402544021606445,0.27934181690216064
1788957298383003600,15.138003662109375,0.13689392805099487,0.4054505228996277,0.303010493516922
1788957298393054700,15.1480546875,0.10931076854467392,0.5749567151069641,0.029867902398109436
1788957298403104500,15.1581044921875,0.047732412815093994,0.5727301239967346,-0.31232500076293945
1788957298413154600,15.168154541015625,0.002079176716506481,0.4050106406211853,-0.42261263728141785
1788957298423205600,15.17820556640625,0.04639691114425659,0.31959718465805054,-0.30420762300491333
1788957298433255700,15.188255615234375,0.16528281569480896,0.3014437258243561,0.024411261081695557
1788957298443306800,15.198306640625,0.2148895412683487,0.18975447118282318,0.27265679836273193
1788957298453356500,15.2083564453125,0.15087300539016724,0.03985046222805977,0.2691297233104706
1788957298463406600,15.218406494140625,0.09249512106180191,-0.19780616462230682,0.34903305768966675
1788957298473457700,15.228457763671875,0.01354038342833519,-0.37078139185905457,0.33686479926109314
1788957298483507700,15.2385078125,-0.1592482328414917,-0.2877461314201355,0.1362943947315216
1788957298493557800,15.248557861328125,-0.1930786371231079,-0.4714515209197998,0.08203115314245224
1788957298503608600,15.258608642578125,-0.16815824806690216,-0.5066062808036804,0.15571248531341553
1788957298513658600,15.26865869140625,-0.15080268681049347,-0.34521153569221497,0.20471437275409698
1788957298523708700,15.278708740234375,-0.14367960393428802,-0.2371542751789093,0.21115118265151978
1788957298533759500,15.288759521484375,-0.1750151664018631,-0.22286535799503326,0.1122744083404541
1788957298543809500,15.2988095703125,-0.2620925307273865,-0.23950070142745972,-0.20723585784435272
1788957298553860600,15.308860595703125,-0.27612605690956116,-0.17451877892017365,-0.49887385964393616
1788957298563910700,15.31891064453125,-0.18919019401073456,-0.0939253717660904,-0.5314571261405945
1788957298573960400,15.32896044921875,-0.0370672307908535,0.05658530443906784,-0.3846181333065033
1788957298584011500,15.339011474609375,0.09156256914138794,0.20048758387565613,-0.20417487621307373
1788957298594061600,15.3490615234375,0.12873470783233643,0.2019302248954773,-0.06558237969875336
1788957298604111600,15.359111572265626,0.09224162995815277,0.11500170081853867,-0.10091869533061981
1788957298614162700,15.36916259765625,-0.011736700311303139,0.11474550515413284,-0.2081998884677887
1788957298624212500,15.37921240234375,-0.06744199246168137,-0.023243373259902,-0.2531359791755676
1788957298634263600,15.389263671875,-0.061501286923885345,-0.06102963536977768,-0.21997882425785065
1788957298644313600,15.399313720703125,-0.01410011574625969,-0.05141608417034149,-0.09465325623750687
1788957298654363600,15.40936376953125,0.06974764168262482,-0.004531397484242916,0.07021506130695343
1788957298664414700,15.419414794921876,0.14194238185882568,0.05503039434552193,0.1466074287891388
1788957298674464800,15.42946484375,0.17458555102348328,0.04036543145775795,0.1815294623374939
1788957298684514600,15.4395146484375,0.16269366443157196,0.010027519427239895,0.1164068654179573
1788957298694565600,15.449565673828126,0.1543734073638916,0.06362815946340561,0.02443167194724083
1788957298704615700,15.45961572265625,0.1707467883825302,0.1301286220550537,0.01045007724314928
1788957298714665700,15.469665771484374,0.21143163740634918,0.1611187607049942,0.09600972384214401
1788957298724716500,15.479716552734375,0.22644951939582825,0.19205902516841888,0.1775793433189392
1788957298734766800,15.489766845703125,0.22070668637752533,0.16272564232349396,0.2829534411430359
1788957298744817400,15.4998173828125,0.17517244815826416,0.15287752449512482,0.35428857803344727
1788957298754867500,15.509867431640625,0.07977509498596191,0.1990673840045929,0.3098561465740204
1788957298764917500,15.51991748046875,-0.0010786311468109488,0.164614737033844,0.22004608809947968
1788957298774968600,15.529968505859374,-0.03681665658950806,0.11177602410316467,0.05694398656487465
1788957298785018600,15.5400185546875,-0.030536223202943802,0.158045694231987,-0.1272280067205429
1788957298795068400,15.550068359375,0.06266269832849503,0.1711103618144989,-0.16780953109264374
1788957298805119500,15.560119384765626,0.17820227146148682,0.22484087944030762,-0.2042515128850937
1788957298815169500,15.57016943359375,0.2713868319988251,0.26879262924194336,-0.18668876588344574
1788957298825220600,15.580220703125,0.3868575096130371,0.22716480493545532,-0.02613731473684311
1788957298835270700,15.590270751953126,0.4576033353805542,0.19524389505386353,0.11841187626123428
1788957298845320700,15.60032080078125,0.42578646540641785,0.16832533478736877,0.1613159328699112
1788957298855371800,15.610371826171875,0.35719940066337585,0.027591651305556297,0.16648752987384796
1788957298865421600,15.620421630859376,0.27163949608802795,-0.1240776777267456,0.1387753039598465
1788957298875471600,15.6304716796875,0.20032618939876556,-0.13997381925582886,0.14069384336471558
1788957298885522700,15.640522705078125,0.17707966268062592,-0.15689058601856232,0.193739652633667
1788957298895572700,15.65057275390625,0.16423629224300385,-0.1599082201719284,0.22648029029369354
1788957298905622800,15.660622802734375,0.14618746936321259,-0.09051798284053802,0.27199968695640564
1788957298915673600,15.670673583984374,0.14709427952766418,-0.07190807908773422,0.30983173847198486
1788957298925723600,15.6807236328125,0.0894470065832138,-0.053550489246845245,0.2290540188550949
1788957298935774500,15.6907744140625,0.03315044194459915,-0.01402332168072462,0.08811980485916138
1788957298945824500,15.700824462890624,0.04146602749824524,0.02077971026301384,-0.0511028915643692
1788957298955874600,15.71087451171875,0.023683831095695496,0.03491709753870964,-0.09589565545320511
1788957298965925600,15.720925537109375,0.06416548043489456,-0.0024756710045039654,-0.023825785145163536
1788957298975975400,15.730975341796874,0.07921846956014633,-0.1590873748064041,0.05896816775202751
1788957298986025500,15.741025390625,0.06932898610830307,-0.28473153710365295,0.12405520677566528
1788957298996076500,15.75107666015625,0.09718405455350876,-0.35719427466392517,0.199131041765213
1788957299006126600,15.761126708984374,0.14610378444194794,-0.3143143951892853,0.3133859932422638
1788957299016176600,15.7711767578125,0.17829129099845886,-0.2803116738796234,0.45136383175849915
1788957299026227700,15.781227783203125,0.147587850689888,-0.3140344023704529,0.5591781139373779
1788957299036277500,15.791277587890624,0.09224309772253036,-0.37287428975105286,0.6429669857025146
1788957299046328600,15.80132861328125,0.053815968334674835,-0.41107797622680664,0.63434237241745
1788957299056378600,15.811378662109375,-0.0014289080863818526,-0.3519435524940491,0.4306020140647888
1788957299066428700,15.8214287109375,-0.06480123847723007,-0.18297308683395386,0.18479633331298828
1788957299076479700,15.831479736328125,-0.038639940321445465,-0.006651849485933781,0.022926196455955505
1788957299086529500,15.841529541015625,0.024624599143862724,0.17693917453289032,-0.09693633019924164
1788957299096579600,15.85157958984375,0.08237870782613754,0.245050847530365,-0.22919104993343353
1788957299106630700,15.861630615234375,0.15249700844287872,0.21310704946517944,-0.29505664110183716
1788957299116680700,15.8716806640625,0.18004074692726135,0.1504673808813095,-0.19086286425590515
1788957299126731000,15.88173095703125,0.22275309264659882,0.012088432908058167,0.01482401043176651
1788957299136781000,15.891781005859375,0.22906851768493652,-0.09156499058008194,0.13966873288154602
1788957299146831000,15.9018310546875,0.22528642416000366,-0.10098942369222641,0.19079460203647614
1788957299156882000,15.9118818359375,0.2530970275402069,-0.12799307703971863,0.27218878269195557
1788957299166932200,15.92193212890625,0.24998977780342102,-0.1411605179309845,0.3545605540275574
1788957299176982000,15.93198193359375,0.20368513464927673,-0.15376845002174377,0.41275620460510254
1788957299187032800,15.94203271484375,0.159615159034729,-0.20629653334617615,0.42892488837242126
1788957299197083000,15.952082763671875,-0.02063130773603916,-0.2687239646911621,0.2843826115131378
1788957299207133000,15.9621328125,-0.16470478475093842,-0.35913270711898804,0.13203679025173187
1788957299217184000,15.97218408203125,-0.214925616979599,-0.3456941246986389,0.13783688843250275
1788957299227234000,15.982234130859375,-0.1467694640159607,-0.21345433592796326,0.24693593382835388
1788957299237285000,15.99228515625,-0.09199003875255585,-0.005555490963160992,0.29927748441696167
1788957299247335000,16.0023349609375,-0.0889383926987648,0.05482931062579155,0.2160259634256363
1788957299257385000,16.012385009765627,-0.14073234796524048,0.011241354048252106,0.06804023683071136
1788957299267436000,16.02243603515625,-0.17865918576717377,-0.010403869673609734,-0.023839404806494713
1788957299277486000,16.032486083984374,-0.26265713572502136,0.0031457613222301006,-0.09549015760421753
1788957299287536000,16.0425361328125,-0.33264344930648804,0.028338762000203133,-0.1159491315484047
1788957299297587000,16.0525869140625,-0.34006649255752563,0.011097189970314503,-0.058531105518341064
1788957299307637000,16.062636962890625,-0.3740293085575104,-0.02665700390934944,-0.005439620465040207
1788957299317688000,16.07268798828125,-0.32480743527412415,-0.010769117623567581,0.14720158278942108
1788957299327738000,16.082738037109376,-0.1997717171907425,-0.019608084112405777,0.3609052300453186
1788957299337788200,16.0927880859375,-0.11374069005250931,-0.014974450692534447,0.38688144087791443
1788957299347839200,16.102839111328127,-0.11136531829833984,0.14784303307533264,0.11367692053318024
1788957299357889000,16.112888916015624,-0.13691382110118866,0.33495059609413147,-0.3009090721607208
1788957299367939000,16.12293896484375,-0.12186428904533386,0.3731679320335388,-0.5362297892570496
1788957299377990000,16.132989990234375,-0.06373174488544464,0.37684789299964905,-0.3790074288845062
1788957299388040200,16.143040283203124,0.049517519772052765,0.30431127548217773,0.012695789337158203
1788957299398090200,16.15309033203125,0.14694899320602417,0.24425727128982544,0.28492704033851624
1788957299408141000,16.16314111328125,0.1353691667318344,0.20547780394554138,0.25354456901550293
1788957299418190800,16.17319091796875,0.06242172047495842,0.07780187577009201,0.02564404532313347
1788957299428242000,16.183241943359373,-0.06543081998825073,0.03790638595819473,-0.15684561431407928
1788957299438292000,16.1932919921875,-0.21012462675571442,0.07593445479869843,-0.22777332365512848
1788957299448342000,16.203342041015624,-0.2610103487968445,0.05847826600074768,-0.12865455448627472
1788957299458393000,16.21339306640625,-0.18698513507843018,-0.03426205739378929,0.10218717902898788
1788957299468443000,16.22344287109375,-0.08916100114583969,-0.06643257290124893,0.3063884377479553
1788957299478493000,16.233492919921876,-0.04921811446547508,0.02454420179128647,0.3146439790725708
1788957299488544000,16.2435439453125,-0.0501139871776104,0.13261747360229492,0.1532943695783615
1788957299498594000,16.253593994140626,-0.056655243039131165,0.11896158009767532,-0.003719488624483347
1788957299508644000,16.26364404296875,-0.057621970772743225,0.13423001766204834,0.06114206835627556
1788957299518695200,16.273695068359373,-0.024774540215730667,0.11378705501556396,0.24972529709339142
1788957299528745000,16.283744873046874,0.011622092686593533,0.21413232386112213,0.3061661720275879
1788957299538796000,16.293796142578124,0.017609409987926483,0.32467296719551086,0.1693369597196579
1788957299548846000,16.30384619140625,-0.006967245135456324,0.34057381749153137,-0.11704786866903305
1788957299558896000,16.313896240234374,-0.07814554870128632,0.35875657200813293,-0.3341229259967804
1788957299568947200,16.323947265625,-0.11750037223100662,0.3268868029117584,-0.3147186040878296
1788957299578997200,16.333997314453125,-0.11717519909143448,0.2949802577495575,-0.1553047001361847
1788957299589047000,16.344047119140626,-0.053014229983091354,0.3092503547668457,0.08869293332099915
1788957299599097900,16.354097900390624,-0.008355147205293179,0.31241899728775024,0.20236836373806
1788957299609148000,16.36414794921875,-0.10789486020803452,0.3108210861682892,0.047341715544462204
1788957299619198200,16.3741982421875,-0.2410438507795334,0.1549055427312851,-0.30930349230766296
1788957299629249000,16.3842490234375,-0.3840700387954712,0.009775146842002869,-0.7126345634460449
1788957299639298800,16.394298828125,-0.3804721236228943,-0.01013890653848648,-0.8778117895126343
1788957299649350000,16.404349853515626,-0.3897300660610199,0.03239976614713669,-0.7797821760177612
1788957299659400000,16.41439990234375,-0.249586820602417,-0.011345851235091686,-0.5474700927734375
1788957299669450000,16.424449951171876,-0.034925542771816254,-0.25445497035980225,-0.1674443781375885
1788957299679501000,16.4345009765625,0.08498168736696243,-0.29862216114997864,0.09616781771183014
1788957299689551000,16.444551025390624,0.14429470896720886,-0.18959733843803406,0.12360469251871109
1788957299699601000,16.454600830078125,0.12434444576501846,-0.23055969178676605,-0.027596279978752136
1788957299709652000,16.46465185546875,0.032522037625312805,-0.3925360441207886,-0.14633415639400482
1788957299719702000,16.474701904296875,-0.038848549127578735,-0.46662917733192444,-0.15894316136837006
1788957299729752000,16.484751953125,-0.0935751274228096,-0.326982706785202,-0.16455239057540894
1788957299739803100,16.49480322265625,-0.10643260180950165,-0.21689321100711823,-0.28052210807800293
1788957299749853200,16.504853271484375,-0.07715155929327011,-0.15078569948673248,-0.4843223989009857
1788957299759904000,16.514904052734376,-0.01077733188867569,-0.07304029911756516,-0.5308874845504761
1788957299769954000,16.5249541015625,0.0404723696410656,-0.10028928518295288,-0.44636669754981995
1788957299780004000,16.535004150390623,0.09896071255207062,-0.05452711880207062,-0.27385643124580383
1788957299790055000,16.545054931640625,0.16590453684329987,0.03308974578976631,-0.1118740513920784
1788957299800105200,16.555105224609374,0.15381911396980286,0.08689892292022705,-0.10836027562618256
1788957299810155000,16.565155029296875,0.09459120780229568,0.012595390900969505,-0.24960395693778992
1788957299820205800,16.575205810546876,0.03133953735232353,-0.09058958292007446,-0.3964961767196655
1788957299830255900,16.585255859375,0.0054054646752774715,-0.15804418921470642,-0.45512691140174866
1788957299840306000,16.595305908203127,0.04379492998123169,-0.1502927988767624,-0.39302170276641846
1788957299850357000,16.60535693359375,0.11169911175966263,-0.08568528294563293,-0.2898295521736145
1788957299860407000,16.615406982421874,0.2054080367088318,-0.029765553772449493,-0.14301642775535583
1788957299870458000,16.6254580078125,0.3014720678329468,-0.07856549322605133,0.028612608090043068
1788957299880508000,16.6355078125,0.3302736282348633,-0.050129059702157974,0.13069316744804382
1788957299890558000,16.645557861328125,0.26360267400741577,0.08135561645030975,0.02456967532634735
1788957299900609000,16.655609130859375,0.12851648032665253,0.08675836771726608,-0.24690230190753937
1788957299910659000,16.6656591796875,0.0746527686715126,-0.04433247447013855,-0.41711947321891785
1788957299920709000,16.675709228515625,0.08639544248580933,-0.07990245521068573,-0.40033969283103943
1788957299930760000,16.685760009765627,0.09066540002822876,-0.024591811001300812,-0.3362075090408325
1788957299940810000,16.69581005859375,0.10731122642755508,-0.02631647139787674,-0.1750817447900772
1788957299950861000,16.705861083984374,0.144747793674469,-0.18619292974472046,-0.046879325062036514
1788957299960911000,16.7159111328125,0.12995126843452454,-0.14465346932411194,0.020807839930057526
1788957299970961200,16.725961181640624,0.09828687459230423,-0.004941524006426334,0.10746389627456665
1788957299981012200,16.73601220703125,0.07837442308664322,0.025966059416532516,0.0970141813158989
1788957299991062000,16.74606201171875,-0.012436550110578537,0.030378127470612526,-0.03912346810102463
1788957300001112000,16.756112060546876,-0.0683826431632042,-0.031010664999485016,-0.23727384209632874
1788957300011163000,16.766162841796874,-0.1107729971408844,-0.08350367099046707,-0.4367552697658539
1788957300021213000,16.776212890625,-0.08130379021167755,-0.055042997002601624,-0.4312475919723511
1788957300031263200,16.78626318359375,0.036900173872709274,-0.06682422012090683,-0.21183522045612335
1788957300041314000,16.79631396484375,0.14898383617401123,0.003387360367923975,0.08366061002016068
1788957300051363800,16.80636376953125,0.22329145669937134,0.06805285811424255,0.3319208323955536
1788957300061414000,16.816413818359376,0.23784323036670685,-0.016302239149808884,0.43738892674446106
1788957300071465000,16.82646484375,0.15240801870822906,-0.1188846230506897,0.40794870257377625
1788957300081515000,16.836514892578126,0.07069477438926697,-0.2100243866443634,0.3488331735134125
1788957300091566000,16.846566162109376,0.01806381717324257,-0.20822478830814362,0.27722033858299255
1788957300101616000,16.8566162109375,-0.01592184603214264,-0.06203696131706238,0.2375842183828354
1788957300111666000,16.866666015625,0.05484968423843384,0.05427262559533119,0.2980557978153229
1788957300121717200,16.87671728515625,0.227826789021492,0.20421525835990906,0.3678726851940155
1788957300131767000,16.88676708984375,0.2533102333545685,0.35172438621520996,0.32059842348098755
1788957300141817000,16.896817138671874,0.1838589757680893,0.3011868894100189,0.07995837181806564
1788957300151868200,16.9068681640625,0.06411059200763702,0.2167384773492813,-0.27234989404678345
1788957300161918200,16.916918212890625,-0.051797106862068176,0.12730605900287628,-0.4180178940296173
1788957300171968300,16.92696826171875,-0.02857508324086666,0.12558424472808838,-0.3711247146129608
1788957300182019300,16.937019287109376,0.07435209304094315,0.23863837122917175,-0.25444844365119934
1788957300192069000,16.947069091796877,0.17007124423980713,0.2708885669708252,-0.062345340847969055
1788957300202120200,16.9571201171875,0.2510822117328644,0.16726070642471313,0.17318569123744965
1788957300212170200,16.967170166015624,0.26345545053482056,0.04592235013842583,0.3473384976387024
1788957300222220300,16.97722021484375,0.22195620834827423,-0.07206074148416519,0.38138940930366516
1788957300232271000,16.98727099609375,0.1383514106273651,-0.08484920859336853,0.3019498884677887
1788957300242321200,16.997321044921875,0.0885697528719902,0.016043588519096375,0.30168864130973816
1788957300252371200,17.00737109375,0.13340283930301666,0.09289450198411942,0.34486261010169983
1788957300262422000,17.017422119140626,0.16565477848052979,0.12124518305063248,0.2744954824447632
1788957300272472000,17.02747216796875,0.16894961893558502,0.1414976269006729,0.1422034054994583
1788957300282522000,17.037522216796877,0.16050206124782562,0.18323789536952972,-0.02326970547437668
1788957300292573200,17.0475732421875,0.09741088002920151,0.3143060803413391,-0.22433237731456757
1788957300302623000,17.057623046875,-0.01641288958489895,0.35394003987312317,-0.376217246055603
1788957300312674000,17.067674072265625,-0.1170443668961525,0.27801191806793213,-0.3909211754798889
1788957300322724000,17.07772412109375,-0.2106829732656479,0.13535729050636292,-0.15231364965438843
1788957300332774100,17.087774169921875,-0.25068947672843933,-0.044824931770563126,0.1347467452287674
1788957300342825200,17.0978251953125,-0.2593860328197479,-0.013362878933548927,0.2543541193008423
1788957300352875300,17.107875244140626,-0.23984159529209137,0.056749098002910614,0.25069519877433777
1788957300362925000,17.117925048828123,-0.25384798645973206,-0.024541763588786125,0.1860370934009552
1788957300372976000,17.12797607421875,-0.31107527017593384,-0.08164837211370468,0.08897455781698227
1788957300383026200,17.138026123046874,-0.3279554545879364,-0.11897709965705872,0.042919714003801346
1788957300393076200,17.148076171875,-0.32674890756607056,-0.23299212753772736,-0.03342104330658913
1788957300403127300,17.158127197265625,-0.3099672496318817,-0.2422412782907486,-0.014081699773669243
1788957300413177300,17.16817724609375,-0.22253639996051788,-0.2737475037574768,0.18551813066005707
1788957300423228200,17.178228271484375,-0.12904958426952362,-0.2924215793609619,0.4013572037220001
1788957300433278200,17.1882783203125,-0.04055653512477875,-0.21281284093856812,0.4384450614452362
1788957300443328300,17.198328369140626,-0.008169298060238361,-0.1672256588935852,0.09493456780910492
1788957300453379000,17.208379150390623,-0.07925470173358917,-0.10414404422044754,-0.36268141865730286
1788957300463429000,17.21842919921875,-0.17605634033679962,-0.11541774123907089,-0.44075703620910645
1788957300473479000,17.22847900390625,-0.2508527338504791,-0.2240878939628601,-0.16800859570503235
1788957300483530000,17.238530029296875,-0.32184648513793945,-0.3988237679004669,0.06004587188363075
1788957300493580000,17.248580078125,-0.4198269844055176,-0.43452081084251404,0.031322162598371506
1788957300503630000,17.258630126953125,-0.48097315430641174,-0.364543080329895,-0.09922066330909729
1788957300513681200,17.26868115234375,-0.46538692712783813,-0.40158161520957947,-0.12160270661115646
1788957300523731200,17.278731201171876,-0.45923101902008057,-0.4335595369338989,-0.026735588908195496
1788957300533782300,17.2887822265625,-0.4238707721233368,-0.4683505594730377,0.10953499376773834
1788957300543832000,17.29883203125,-0.3573301136493683,-0.4540885388851166,0.10026665776968002
1788957300553882000,17.308882080078124,-0.3246304392814636,-0.34002846479415894,-0.1150953620672226
1788957300563933200,17.31893310546875,-0.28645244240760803,-0.2646399736404419,-0.36886903643608093
1788957300573983200,17.328983154296875,-0.17697161436080933,-0.2689038813114166,-0.45156294107437134
1788957300584033300,17.339033203125,-0.062227729707956314,-0.1947481781244278,-0.27527791261672974
1788957300594084400,17.34908447265625,0.0013326499611139297,-0.1188170462846756,-0.008664131164550781
1788957300604134100,17.359134033203127,0.0022482448257505894,-0.10118824988603592,0.14063960313796997
1788957300614184200,17.36918408203125,-0.038513537496328354,-0.2395773082971573,0.1031295508146286
1788957300624235300,17.3792353515625,-0.06456217914819717,-0.28267526626586914,0.09787752479314804
1788957300634285300,17.389285400390627,-0.013243166729807854,-0.3122884929180145,0.23487231135368347
1788957300644335400,17.39933544921875,0.009451492689549923,-0.2204379141330719,0.40650585293769836
1788957300654386000,17.409385986328125,-0.016011692583560944,-0.12584955990314484,0.5019238591194153
1788957300664436200,17.419436279296875,-0.09762612730264664,-0.11934293061494827,0.3922666013240814
1788957300674487000,17.429487060546876,-0.17587076127529144,-0.1549711674451828,0.10984943807125092
1788957300684537000,17.439537109375,-0.2528712749481201,-0.1700473129749298,-0.211907297372818
1788957300694587100,17.449587158203126,-0.3176425099372864,-0.18601645529270172,-0.5499393343925476
1788957300704638200,17.45963818359375,-0.2579552233219147,-0.1808272898197174,-0.720035970211029
1788957300714688000,17.46968798828125,-0.07519958168268204,-0.19422703981399536,-0.562129020690918
1788957300724738000,17.479738037109374,0.10563917458057404,-0.11936665326356888,-0.29410025477409363
1788957300734789000,17.4897890625,0.19353945553302765,-0.09062884002923965,-0.11517161875963211
1788957300744839200,17.499839111328125,0.19139453768730164,-0.13583093881607056,-0.07149790972471237
1788957300754889200,17.50988916015625,0.1623091846704483,-0.25574207305908203,0.010926534421741962
1788957300764940300,17.519940185546876,0.13186553120613098,-0.3066641092300415,0.11630675196647644
1788957300774990000,17.529989990234377,0.12171699106693268,-0.2552976906299591,0.17863234877586365
1788957300785041200,17.540041259765626,0.12944148480892181,-0.22187769412994385,0.15463514626026154
1788957300795091200,17.55009130859375,0.16707347333431244,-0.1352429836988449,0.08545003831386566
1788957300805141200,17.560141357421877,0.23845790326595306,-0.05243304744362831,0.1390475034713745
1788957300815192300,17.5701923828125,0.30137619376182556,0.05140615627169609,0.27898645401000977
1788957300825242000,17.5802421875,0.327683687210083,0.09866847097873688,0.35496482253074646
1788957300835292200,17.590292236328125,0.35519838333129883,-0.0031078425236046314,0.2706979215145111
1788957300845343200,17.60034326171875,0.3125166893005371,-0.1795840710401535,0.0842558816075325
1788957300855393300,17.610393310546876,0.27285799384117126,-0.15010325610637665,-0.03183402493596077
1788957300865443300,17.620443359375,0.2626575529575348,-0.014836782589554787,-0.05817055702209473
1788957300875494100,17.630494140625,0.24092991650104523,0.12147960811853409,-0.07915350794792175
1788957300885544000,17.6405439453125,0.20761804282665253,0.16441775858402252,-0.10859634727239609
1788957300895595000,17.650594970703125,0.15334567427635193,0.14122605323791504,-0.1364547163248062
1788957300905645000,17.66064501953125,0.07336083054542542,0.09260258823633194,-0.12788572907447815
1788957300915695000,17.670695068359375,0.010259243659675121,0.04201970994472504,-0.1712649017572403
1788957300925746200,17.68074609375,-0.041984785348176956,0.0778951495885849,-0.21280860900878906
1788957300935796200,17.690796142578126,-0.029948310926556587,0.08395242691040039,-0.15167474746704102
1788957300945846000,17.700845947265623,0.0806218758225441,0.13883404433727264,-0.012564802542328835
1788957300955897000,17.71089697265625,0.2687528431415558,0.29955270886421204,0.18988557159900665
1788957300965947100,17.720947021484374,0.34448355436325073,0.3544228971004486,0.3758580982685089
1788957300975997200,17.7309970703125,0.29792121052742004,0.37247171998023987,0.3610292375087738
1788957300986048300,17.74104833984375,0.26119861006736755,0.3428184688091278,0.16051557660102844
1788957300996098000,17.75109814453125,0.2974284291267395,0.34885287284851074,-0.04996882379055023
1788957301006148000,17.761148193359375,0.4039572775363922,0.37870344519615173,-0.1959574669599533
1788957301016199200,17.77119921875,0.47307610511779785,0.39542466402053833,-0.2032841444015503
1788957301026249200,17.781249267578126,0.4527133107185364,0.30028510093688965,-0.16712427139282227
1788957301036300300,17.79130029296875,0.4087330400943756,0.14984031021595,-0.18205255270004272
1788957301046350300,17.801350341796876,0.3377922773361206,0.04214447736740112,-0.18407414853572845
1788957301056400100,17.811400146484374,0.3096136450767517,-0.08425251394510269,-0.16681039333343506
1788957301066451200,17.821451171875,0.276826947927475,-0.11860036849975586,-0.07860862463712692
1788957301076501200,17.831501220703124,0.2069823294878006,-0.11921706795692444,0.07458766549825668
1788957301086551300,17.84155126953125,0.14977283775806427,-0.18420006334781647,0.1891520619392395
1788957301096602000,17.85160205078125,0.049266885966062546,-0.2511146366596222,0.21481849253177643
1788957301106652200,17.861652099609376,-0.05466084182262421,-0.2919938862323761,0.19780436158180237
1788957301116702000,17.871701904296874,-0.1147574856877327,-0.29986172914505005,0.22090023756027222
1788957301126753000,17.8817529296875,-0.11968113481998444,-0.26483795046806335,0.22829370200634003
1788957301136803000,17.891802978515624,-0.09141860902309418,-0.20180973410606384,0.2086520940065384
1788957301146853000,17.90185302734375,-0.0048941029235720634,-0.11573476344347,0.255621999502182
1788957301156904200,17.911904296875,0.15578217804431915,-0.0521702840924263,0.3818855881690979
1788957301166954000,17.9219541015625,0.36874717473983765,0.10347310453653336,0.4870903193950653
1788957301177005000,17.932005126953126,0.43022963404655457,0.2550784647464752,0.4766235947608948
1788957301187055000,17.94205517578125,0.4104921519756317,0.30466997623443604,0.22442863881587982
1788957301197105200,17.952105224609376,0.33345863223075867,0.3408990204334259,-0.25548240542411804
1788957301207156200,17.96215625,0.3476969301700592,0.4219094514846802,-0.5739104747772217
1788957301217206300,17.972206298828127,0.44153574109077454,0.3941739499568939,-0.5526152849197388
1788957301227256000,17.982256103515624,0.4946027100086212,0.32247525453567505,-0.4321962296962738
1788957301237307100,17.99230712890625,0.35942816734313965,0.2549244463443756,-0.29576003551483154
1788957301247357200,18.002357177734375,0.24423500895500183,0.06308495998382568,-0.17226552963256836
1788957301257407200,18.0124072265625,0.20578618347644806,-0.014640195295214653,-0.09588845074176788
1788957301267458300,18.022458251953125,0.16682226955890656,-0.004416853189468384,0.0032136281952261925
1788957301277508400,18.03250830078125,0.14742837846279144,0.004755228757858276,0.1894652098417282
1788957301287558100,18.04255810546875,0.12336299568414688,-0.045490629971027374,0.34764739871025085
1788957301297609200,18.052609130859373,0.07489682734012604,-0.06333041936159134,0.3740849792957306
1788957301307659300,18.0626591796875,0.04639807343482971,-0.06758987903594971,0.2763086259365082
1788957301317710000,18.0727099609375,0.0618816502392292,-0.05469686910510063,0.09552211314439774
1788957301327760100,18.082760009765625,0.042582519352436066,-0.012178969569504261,-0.09641243517398834
1788957301337810000,18.092809814453126,-0.05448519065976143,-0.024540740996599197,-0.25353753566741943
1788957301347861000,18.102861083984376,-0.14599166810512543,-0.055589739233255386,-0.2528722584247589
1788957301357911000,18.1129111328125,-0.13777123391628265,-0.14927396178245544,-0.1200631633400917
1788957301367961000,18.122961181640626,-0.05887162685394287,-0.15357044339179993,0.061309028416872025
1788957301378012200,18.13301220703125,0.06657274812459946,-0.0478491485118866,0.12136183679103851
1788957301388062200,18.143062255859373,0.09966599196195602,0.07385518401861191,0.019113760441541672
1788957301398112000,18.153112060546874,0.09438535571098328,0.1651090532541275,-0.12668472528457642
1788957301408163000,18.1631630859375,0.07223691046237946,0.12577150762081146,-0.19912828505039215
1788957301418213000,18.173213134765625,0.08957494050264359,0.08099673688411713,-0.10829057544469833
1788957301428264200,18.18326416015625,0.10409289598464966,0.05155016481876373,0.012226247228682041
1788957301438314200,18.193314208984376,0.09417903423309326,0.20327533781528473,0.02947350963950157
1788957301448364300,18.2033642578125,0.07567805796861649,0.3071404993534088,-0.0573229044675827
1788957301458415000,18.2134150390625,-0.018359284847974777,0.18400169909000397,-0.1597577929496765
1788957301468465200,18.223465087890624,-0.1702800989151001,0.07917436212301254,-0.19924981892108917
1788957301478515200,18.23351513671875,-0.24722997844219208,0.012601079419255257,-0.09663480520248413
1788957301488566300,18.243566162109374,-0.24940018355846405,-0.10406108945608139,0.06629232317209244
1788957301498616300,18.2536162109375,-0.25058433413505554,-0.076554074883461,0.14512476325035095
1788957301508666000,18.263666015625,-0.23050090670585632,-0.0377531498670578,0.08347897976636887
1788957301518717000,18.273717041015626,-0.26226699352264404,-0.09262831509113312,-0.06585150957107544
1788957301528767200,18.283767333984375,-0.29207122325897217,-0.17688487470149994,-0.1773223876953125
1788957301538817300,18.2938173828125,-0.3191516697406769,-0.2693712115287781,-0.23310962319374084
1788957301548868000,18.3038681640625,-0.3531154990196228,-0.29052868485450745,-0.27573245763778687
1788957301558918100,18.313918212890623,-0.36292797327041626,-0.2271815687417984,-0.25047019124031067
1788957301568969200,18.32396923828125,-0.31676527857780457,-0.24496854841709137,-0.1331709921360016
1788957301579019000,18.33401904296875,-0.28665897250175476,-0.26794010400772095,0.012907257303595543
1788957301589069000,18.344069091796875,-0.2568763196468353,-0.18906553089618683,0.08367330580949783
1788957301599120100,18.3541201171875,-0.1883617341518402,-0.06626040488481522,-0.013751201331615448
1788957301609170200,18.364170166015626,-0.17311406135559082,0.0068095470778644085,-0.2068527489900589
1788957301619220200,18.37422021484375,-0.1754448562860489,-0.029921507462859154,-0.3246024250984192
1788957301629271300,18.384271240234376,-0.19058147072792053,-0.0750354528427124,-0.36137855052948
1788957301639321000,18.394321044921874,-0.22193224728107452,-0.020567305386066437,-0.41865938901901245
1788957301649371100,18.40437109375,-0.20377160608768463,0.11666272580623627,-0.4127274453639984
1788957301659422200,18.414422119140625,-0.13951367139816284,0.08887826651334763,-0.24248017370700836
1788957301669472300,18.42447216796875,-0.1048789992928505,0.05135433003306389,-0.0398639477789402
1788957301679522000,18.43452197265625,-0.05061721429228783,0.13793951272964478,0.08986936509609222
1788957301689573000,18.444572998046876,-0.023427670821547508,0.19804784655570984,0.09938643872737885
1788957301699623200,18.454623046875,-0.06545200943946838,0.1805253028869629,-0.025041455402970314
1788957301709674200,18.46467431640625,-0.17691436409950256,0.10610166192054749,-0.25293347239494324
1788957301719724300,18.474724365234376,-0.29245176911354065,-0.0016792358364909887,-0.3637053072452545
1788957301729774300,18.4847744140625,-0.35697484016418457,-0.17604251205921173,-0.42050492763519287
1788957301739825200,18.4948251953125,-0.39150092005729675,-0.15590767562389374,-0.4068405330181122
1788957301749875000,18.504875,-0.31441810727119446,-0.10038317739963531,-0.24839790165424347
1788957301759925200,18.51492529296875,-0.19552351534366608,-0.0824802815914154,-0.08846638351678848
1788957301769976000,18.52497607421875,-0.10707008093595505,-0.042401835322380066,-0.0001897905021905899
1788957301780026000,18.535026123046876,-0.09595855325460434,-0.03020448610186577,-0.031330548226833344
1788957301790076200,18.545076171875,-0.1330995410680771,-0.0006457949057221413,-0.13075752556324005
1788957301800127200,18.555127197265627,-0.15723204612731934,-0.0874805599451065,-0.21948926150798798
1788957301810177000,18.565177001953124,-0.18474110960960388,-0.17391303181648254,-0.33156898617744446
1788957301820227000,18.57522705078125,-0.15891033411026,-0.15077345073223114,-0.4660845398902893
1788957301830278100,18.585278076171875,-0.07084173709154129,-0.06097511574625969,-0.47203510999679565
1788957301840328200,18.595328125,0.04454296454787254,-0.031184550374746323,-0.3099064826965332
1788957301850379300,18.605379150390625,0.1361628919839859,0.03963742032647133,-0.11800947040319443
1788957301860429000,18.615428955078126,0.17054538428783417,0.07601611316204071,-0.006700340658426285
1788957301870479000,18.62547900390625,0.1620059609413147,0.01620844006538391,-0.007756018079817295
1788957301880530200,18.6355302734375,0.15871325135231018,-0.027229227125644684,-0.11886166781187057
1788957301890580200,18.645580322265626,0.14892639219760895,-0.013825538568198681,-0.2446528971195221
1788957301900630300,18.65563037109375,0.1326403170824051,0.02139432728290558,-0.3084490895271301
1788957301910681300,18.665681396484374,0.1697288304567337,0.06492210179567337,-0.2329745888710022
1788957301920731100,18.675731201171875,0.24100081622600555,0.12447386234998703,-0.08595269173383713
1788957301930781200,18.68578125,0.2826150953769684,0.15497878193855286,0.04749564453959465
1788957301940832300,18.695832275390625,0.31028857827186584,0.19087673723697662,0.1003369688987732
1788957301950882300,18.70588232421875,0.30324050784111023,0.25658172369003296,0.14980491995811462
1788957301960932400,18.715932373046876,0.2716939151287079,0.29350605607032776,0.2506667673587799
1788957301970983200,18.725983154296873,0.2864139974117279,0.3273170292377472,0.3157714903354645
1788957301981033000,18.736032958984374,0.28482553362846375,0.3281419575214386,0.4098210036754608
1788957301991084000,18.746083984375,0.1423536092042923,0.2853934168815613,0.34810972213745117
1788957302001134000,18.756134033203125,-0.031015634536743164,0.2996053397655487,-0.035387247800827026
1788957302011184000,18.76618408203125,-0.11460640281438828,0.08577000349760056,-0.4476323127746582
1788957302021235200,18.776235107421876,-0.06108039990067482,-0.049806442111730576,-0.5444060564041138
1788957302031285000,18.786284912109377,0.09470520168542862,0.05896424874663353,-0.3277917504310608
1788957302041335000,18.7963349609375,0.2458290308713913,0.15614530444145203,-0.004403970204293728
1788957302051386000,18.80638623046875,0.36324459314346313,0.16080690920352936,0.30727270245552063
1788957302061436200,18.816436279296877,0.4029848575592041,0.005328250117599964,0.4708845615386963
1788957302071486200,18.826486328125,0.3120586574077606,-0.11265937238931656,0.4339473247528076
1788957302081537300,18.836537353515624,0.14275377988815308,-0.11358952522277832,0.3025089502334595
1788957302091587000,18.846587158203125,0.020716547966003418,-0.14800022542476654,0.15182995796203613
1788957302101637000,18.85663720703125,-0.05193544924259186,-0.1526637226343155,0.03953652083873749
1788957302111688200,18.866688232421875,-0.06291886419057846,-0.08413926512002945,0.018754277378320694
1788957302121738200,18.87673828125,0.005822819657623768,-0.02946186438202858,0.11165591329336166
1788957302131789600,18.88678955078125,0.11284860223531723,-0.004424954764544964,0.2100892812013626
1788957302141839400,18.89683935546875,0.18980056047439575,0.011718973517417908,0.25626638531684875
1788957302151889400,18.906889404296876,0.24656610190868378,-0.011362909339368343,0.27481263875961304
1788957302161940200,18.916940185546874,0.2910878658294678,-0.030979622155427933,0.22927631437778473
1788957302171990300,18.926990234375,0.3009602129459381,0.00014793802984058857,0.13921593129634857
1788957302182040600,18.93704052734375,0.28534141182899475,-0.012489428743720055,0.08052198588848114
1788957302192091400,18.94709130859375,0.2482643723487854,-0.0849982500076294,0.035354241728782654
1788957302202141200,18.95714111328125,0.21574561297893524,-0.14759212732315063,0.02609471045434475
1788957302212191200,18.967191162109376,0.2061116248369217,-0.2742784321308136,0.06474277377128601
1788957302222242300,18.9772421875,0.21032477915287018,-0.2975921332836151,0.146727055311203
1788957302232292400,18.987292236328123,0.22132231295108795,-0.22652246057987213,0.2764696180820465
1788957302242342400,18.99734228515625,0.242055743932724,-0.19491516053676605,0.4444807767868042
1788957302252393200,19.007393310546874,0.24399584531784058,-0.23182125389575958,0.5364362597465515
1788957302262443300,19.017443359375,0.18040511012077332,-0.2971855103969574,0.42540085315704346
1788957302272493300,19.027493408203124,0.12463585287332535,-0.29873839020729065,0.27233752608299255
1788957302282544400,19.03754443359375,0.15556231141090393,-0.3327065706253052,0.11991728842258453
1788957302292594400,19.047594482421875,0.21237793564796448,-0.21304328739643097,0.07509548962116241
1788957302302645500,19.0576455078125,0.3201179802417755,-0.07953919470310211,0.17482270300388336
1788957302312695300,19.0676953125,0.4102358818054199,0.030007274821400642,0.3547261655330658
1788957302322745300,19.077745361328127,0.44839033484458923,0.1486295759677887,0.46564406156539917
1788957302332796400,19.08779638671875,0.3984057307243347,0.10644643753767014,0.3864341974258423
1788957302342846500,19.097846435546874,0.29523950815200806,0.10447591543197632,0.16650885343551636
1788957302352896500,19.107896484375,0.23228104412555695,0.05471768230199814,-0.07374956458806992
1788957302362947600,19.117947509765624,0.24317850172519684,0.11041991412639618,-0.23135161399841309
1788957302372997400,19.127997314453125,0.31817740201950073,0.1254928857088089,-0.27362367510795593
1788957302383047400,19.13804736328125,0.41156554222106934,0.15947537124156952,-0.17731691896915436
1788957302393098200,19.14809814453125,0.4240206182003021,0.1574537605047226,-0.05505066365003586
1788957302403148300,19.158148193359374,0.32079851627349854,0.12602059543132782,-0.02538730576634407
1788957302413198600,19.168198486328127,0.17164257168769836,0.09360674023628235,-0.02261708490550518
1788957302423249200,19.178249267578124,0.11322563886642456,0.01736334152519703,0.004777023568749428
1788957302433299200,19.18829931640625,0.10057349503040314,0.050306908786296844,-0.011792365461587906
1788957302443350300,19.198350341796875,0.07572054117918015,0.1467333436012268,0.0581243559718132
1788957302453400300,19.208400390625,0.05956154316663742,0.059331852942705154,0.1903550922870636
1788957302463450400,19.218450439453125,0.03918261453509331,0.052119191735982895,0.38777926564216614
1788957302473501400,19.22850146484375,0.08204672485589981,0.025339245796203613,0.5416418313980103
1788957302483551200,19.23855126953125,0.06584985554218292,-0.04200737178325653,0.441030889749527
1788957302493601300,19.248601318359373,-0.02309306710958481,-0.0158292967826128,0.10626064985990524
1788957302503652400,19.25865234375,-0.11859046667814255,-0.04053442180156708,-0.10523687303066254
1788957302513702400,19.268702392578124,-0.0758211612701416,-0.06596441566944122,0.01835297793149948
1788957302523752400,19.27875244140625,0.03846639394760132,-0.07497464865446091,0.2941080331802368
1788957302533803500,19.288803466796875,0.08460672944784164,0.05329171568155289,0.49323901534080505
1788957302543853300,19.298853271484376,0.06970848143100739,0.26415830850601196,0.5426450371742249
1788957302553903400,19.3089033203125,-0.03660997003316879,0.32153213024139404,0.37785157561302185
1788957302563954400,19.318954345703126,-0.13685289025306702,0.3068004846572876,0.10380477458238602
1788957302574004500,19.32900439453125,-0.17384712398052216,0.2876880466938019,-0.057457610964775085
1788957302584054500,19.339054443359377,-0.23644590377807617,-0.06412827223539352,-0.1649889200925827
1788957302594105300,19.349105224609374,-0.25401929020881653,-0.2433379739522934,-0.12286650389432907
1788957302604155400,19.3591552734375,-0.18635159730911255,-0.22435514628887177,0.10959772020578384
1788957302614206200,19.369206298828125,-0.0773521363735199,-0.26542267203330994,0.2730835974216461
1788957302624256300,19.37925634765625,0.03803791478276253,-0.09806042909622192,0.36351650953292847
1788957302634306300,19.389306396484375,0.07528648525476456,0.16163292527198792,0.4211404025554657
1788957302644357400,19.399357421875,-0.06054588779807091,0.3224722445011139,0.37719300389289856
1788957302654407200,19.4094072265625,-0.17851300537586212,0.4025220572948456,0.25151336193084717
1788957302664457200,19.419457275390624,-0.23812131583690643,0.25240832567214966,0.10728482156991959
1788957302674508300,19.42950830078125,-0.26102423667907715,0.014415998011827469,-0.0009529679082334042
1788957302684558300,19.439558349609374,-0.2890738248825073,-0.05000227689743042,0.0575375109910965
1788957302694608400,19.4496083984375,-0.35850271582603455,-0.0720580443739891,0.18896105885505676
1788957302704659500,19.459659423828125,-0.44325703382492065,-0.0532967783510685,0.23076343536376953
1788957302714709200,19.469709228515626,-0.4719153344631195,-0.03976073116064072,0.09188757091760635
1788957302724759300,19.47975927734375,-0.4600372612476349,-0.15391315519809723,-0.010835820809006691
1788957302734810400,19.489810302734377,-0.4320024251937866,-0.04549960047006607,0.05581910163164139
1788957302744860400,19.4998603515625,-0.349576473236084,0.07527817785739899,0.11257459968328476
1788957302754911500,19.509911376953124,-0.2568180561065674,0.16301947832107544,0.10342104732990265
1788957302764961300,19.519961181640625,-0.2392691820859909,0.09852102398872375,0.14011704921722412
1788957302775011300,19.53001123046875,-0.13199864327907562,-0.09351605921983719,0.14208753407001495
1788957302785062400,19.5400625,-0.022170644253492355,-0.1877041906118393,0.06353222578763962
1788957302795112400,19.550112548828125,-0.03204351291060448,-0.10910525172948837,0.04185062646865845
1788957302805162500,19.56016259765625,0.04381868988275528,0.07304779440164566,0.14329944550991058
1788957302815213600,19.570213623046875,0.18302477896213531,0.30228763818740845,0.2781771123409271
1788957302825263400,19.580263427734376,0.23461486399173737,0.1419491469860077,0.3087881803512573
1788957302835313400,19.5903134765625,0.2378349006175995,0.10505025088787079,0.24247333407402039
1788957302845364200,19.6003642578125,0.20331324636936188,0.08064927905797958,0.0899520292878151
1788957302855414300,19.610414306640624,0.17420808970928192,0.027392985299229622,-0.03427032008767128
1788957302865464600,19.620464599609374,0.16026996076107025,0.05138371139764786,-0.028593597933650017
1788957302875515400,19.630515380859375,0.111984983086586,-0.005165319424122572,0.07743562757968903
1788957302885565200,19.640565185546876,0.04021864011883736,-0.04806859418749809,0.012116038240492344
1788957302895615200,19.650615234375,0.02055465802550316,-0.1435631513595581,-0.1363149881362915
1788957302905666300,19.660666259765627,0.08828344196081161,-0.15496709942817688,-0.12777258455753326
1788957302915716400,19.67071630859375,0.14967383444309235,-0.09166190028190613,-0.010024906136095524
1788957302925767400,19.680767333984374,0.19232068955898285,-0.08109521120786667,-0.014189692214131355
1788957302935817200,19.690817138671875,0.24889396131038666,-0.009136863052845001,-0.15696680545806885
1788957302945867300,19.7008671875,0.30911001563072205,-0.06705586612224579,-0.3182981014251709
1788957302955918300,19.71091845703125,0.3467617928981781,-0.14407289028167725,-0.39907604455947876
1788957302965968400,19.720968505859375,0.32864096760749817,-0.21137918531894684,-0.3700309097766876
1788957302976018400,19.731018310546876,0.12347371131181717,-0.25165948271751404,-0.33510246872901917
1788957302986069500,19.741069580078126,-0.2870902419090271,-0.20569026470184326,-0.35118260979652405
1788957302996119300,19.751119384765627,-0.5492081642150879,-0.2508188784122467,-0.319469153881073
1788957303006169300,19.76116943359375,-0.7237082123756409,-0.22265931963920593,-0.2107047438621521
1788957303016220400,19.771220458984374,-0.7831630110740662,-0.26335641741752625,-0.12656988203525543
1788957303026270500,19.7812705078125,-0.7971968650817871,-0.3342479169368744,-0.06830951571464539
1788957303036320500,19.791320556640624,-0.7662410736083984,-0.19105665385723114,-0.07169865816831589
1788957303046371600,19.80137158203125,-0.6973716020584106,0.10034184902906418,-0.07190150022506714
1788957303056421400,19.81142138671875,-0.70302414894104,0.07142897695302963,-0.043586503714323044
1788957303066471400,19.821471435546876,-0.646812379360199,-0.06929969042539597,0.05048628896474838
1788957303076522200,19.831522216796873,-0.5353521704673767,-0.2218167930841446,0.19293078780174255
1788957303086572300,19.841572265625,-0.4139406681060791,-0.40821847319602966,0.3799920082092285
1788957303096623400,19.851623291015624,-0.34828895330429077,-0.46284496784210205,0.5332502722740173
1788957303106673200,19.861673095703125,-0.33634501695632935,-0.3658551275730133,0.6028281450271606
1788957303116723200,19.87172314453125,-0.35442227125167847,-0.11746848374605179,0.5378528833389282
1788957303126774300,19.881774169921876,-0.37796565890312195,0.19021521508693695,0.3283568322658539
1788957303136824300,19.89182421875,-0.3604883849620819,0.4565217196941376,0.04006005823612213
1788957303146874000,19.9018740234375,-0.2169378697872162,0.5897092223167419,-0.30539751052856445
1788957303156925200,19.91192529296875,0.035160429775714874,0.5797545909881592,-0.5923720002174377
1788957303166975200,19.921975341796873,0.2745096981525421,0.4494327902793884,-0.6989351511001587
1788957303177025300,19.932025390625,0.4898243844509125,0.21029825508594513,-0.5823062658309937
1788957303187076400,19.942076416015624,0.7550337910652161,-0.07160625606775284,-0.40331581234931946
1788957303197126400,19.95212646484375,0.94571852684021,-0.2673773467540741,-0.20857590436935425
1788957303207176200,19.96217626953125,0.9821712970733643,-0.43400999903678894,-0.001498116645962
1788957303217227300,19.972227294921876,0.9306558966636658,-0.5012433528900146,0.18525099754333496
1788957303227277300,19.98227734375,0.8707028031349182,-0.4520607888698578,0.3995382785797119
1788957303237327400,19.992327392578126,0.8406026363372803,-0.3436205983161926,0.5680657625198364
1788957303247378400,20.00237841796875,0.8916637897491455,-0.25958192348480225,0.6203562021255493
1788957303257428200,20.01242822265625,1.0430392026901245,-0.05767783522605896,0.5706256628036499
1788957303267479300,20.022479248046874,1.2239080667495728,-0.03245352953672409,0.37724924087524414
1788957303277529300,20.032529296875,1.3865046501159668,0.2765527665615082,0.11562855541706085
1788957303287579400,20.042579345703125,1.4926631450653076,0.40091219544410706,-0.20385205745697021
1788957303297630200,20.052630126953126,1.5508044958114624,0.5256059169769287,-0.45453914999961853
1788957303307680300,20.06268017578125,1.4238585233688354,0.5830416083335876,-0.6709892749786377
1788957303317730300,20.072730224609376,1.2110536098480225,0.8090286254882812,-0.6744159460067749
1788957303327781000,20.082781005859374,0.9246902465820312,0.7154552340507507,-0.388730525970459
1788957303337831200,20.0928310546875,0.737760603427887,0.595211386680603,-0.06772135198116302
1788957303347881200,20.102881103515625,0.6910977959632874,0.44896215200424194,0.23604990541934967
1788957303357932300,20.112932373046874,0.8170983195304871,0.274826318025589,0.5199505686759949
1788957303367982300,20.122982421875,0.9690443873405457,0.13562878966331482,0.6269388198852539
1788957303378032000,20.1330322265625,0.9751358032226562,0.17003868520259857,0.6553962826728821
1788957303388083200,20.143083251953126,0.7878883481025696,0.48488762974739075,0.5511693358421326
1788957303398133200,20.15313330078125,0.567221999168396,0.8631073832511902,0.3118235766887665
1788957303408183300,20.163183349609376,0.45738089084625244,1.161690592765808,-0.0912601426243782
1788957303418234400,20.173234375,0.4631841778755188,1.488315224647522,-0.5502378344535828
1788957303428284200,20.1832841796875,0.36298587918281555,2.0263853073120117,-1.0010348558425903
1788957303438334200,20.193334228515624,0.22274275124073029,2.2859463691711426,-1.3504221439361572
1788957303448385300,20.20338525390625,0.02468147501349449,2.036668300628662,-1.3401992321014404
1788957303458435300,20.213435302734375,0.12491700053215027,1.9127976894378662,-1.3265295028686523
1788957303468486400,20.223486328125,0.4041561186313629,1.8767365217208862,-1.361181378364563
1788957303478536400,20.233536376953126,0.7818213701248169,1.6845253705978394,-1.2333488464355469
1788957303488586200,20.243586181640627,1.056222915649414,1.4121990203857422,-1.2373027801513672
1788957303498637300,20.25363720703125,0.9811298847198486,1.5681947469711304,-0.934270977973938
1788957303508687400,20.263687255859374,0.35760101675987244,1.6892569065093994,-0.3346768021583557
1788957303518737400,20.2737373046875,0.34721097350120544,1.7663288116455078,-0.04480423033237457
1788957303528788200,20.283788330078124,0.4455605745315552,1.1248446702957153,-0.024999544024467468
1788957303538838300,20.29383837890625,0.946550190448761,1.7570865154266357,-0.3287338614463806
1788957303548888300,20.303888427734375,1.2142860889434814,2.131775140762329,-0.5863606929779053
1788957303558939100,20.313939208984376,1.1793750524520874,2.4823217391967773,-0.6889070272445679
1788957303568989200,20.3239892578125,0.8116415143013,2.585059404373169,-0.9785281419754028
1788957303579039200,20.334039306640626,0.18906262516975403,2.928821086883545,-1.4368075132369995
1788957303589090300,20.34409033203125,-0.5884128212928772,3.3507707118988037,-1.9102662801742554
1788957303599140000,20.35414013671875,-1.5766359567642212,3.6048693656921387,-2.1080410480499268
1788957303609190100,20.364190185546875,-2.6060142517089844,3.811217784881592,-1.5922513008117676
1788957303619241200,20.3742412109375,-3.275791883468628,3.795667886734009,-0.7622923851013184
1788957303629291300,20.384291259765625,-3.6037752628326416,3.9403884410858154,-0.23117433488368988
1788957303639342300,20.39434228515625,-3.673151969909668,4.520782470703125,0.03370607644319534
1788957303649392400,20.404392333984376,-3.4835705757141113,5.055567741394043,-0.034404456615448
1788957303659442200,20.414442138671873,-3.389997720718384,5.732566833496094,-0.33162257075309753
1788957303669493200,20.4244931640625,-3.5118587017059326,6.209509372711182,-1.242512822151184
1788957303679543300,20.434543212890624,-3.6898484230041504,7.244833469390869,-2.3370513916015625
1788957303689593300,20.44459326171875,-4.070498466491699,8.235896110534668,-3.199286460876465
1788957303699644400,20.45464453125,-4.641946792602539,8.701539993286133,-3.7869162559509277
1788957303709694500,20.464694580078124,-5.303335666656494,9.078446388244629,-4.2653069496154785
1788957303719744300,20.474744140625,-5.927191734313965,9.393242835998535,-4.3503594398498535
1788957303729795300,20.48479541015625,-5.98743200302124,8.53494930267334,-4.164381980895996
1788957303739845400,20.494845458984376,-5.397266864776611,6.79265022277832,-3.9555065631866455
1788957303749895400,20.5048955078125,-4.649298667907715,5.18888521194458,-3.8774571418762207
1788957303759946200,20.5149462890625,-3.990978479385376,3.7379674911499023,-3.876964569091797
1788957303769996300,20.524996337890624,-3.580873489379883,2.7152276039123535,-3.9690451622009277
1788957303780046300,20.53504638671875,-3.531583547592163,2.0973763465881348,-4.101081848144531
1788957303790097200,20.54509716796875,-3.765794038772583,1.470038652420044,-4.223565578460693
1788957303800147200,20.555147216796875,-4.081181526184082,1.1568615436553955,-4.377172470092773
1788957303810197200,20.565197265625,-4.3342366218566895,1.0721770524978638,-4.6240553855896
1788957303820248300,20.575248291015626,-4.428759574890137,0.8434427380561829,-4.6482439041137695
1788957303830298000,20.585298095703124,-4.176685810089111,0.24794349074363708,-4.318965435028076
1788957303840349200,20.59534912109375,-3.6922848224639893,-0.7014004588127136,-3.3718528747558594
1788957303850399200,20.605399169921874,-3.2726614475250244,-1.4465209245681763,-1.9735816717147827
1788957303860449300,20.61544921875,-3.0055181980133057,-1.7561962604522705,-0.21370120346546173
1788957303870500400,20.625500244140625,-3.1050117015838623,-1.793454885482788,1.568031668663025
1788957303880550400,20.63555029296875,-3.405378818511963,-2.009329080581665,3.112682819366455
1788957303890600200,20.64560009765625,-3.65822172164917,-2.4116005897521973,4.295929431915283
1788957303900651300,20.6556513671875,-3.722449541091919,-2.8800466060638428,5.094962120056152
1788957303910701300,20.665701416015626,-3.492798328399658,-3.2199535369873047,5.573707580566406
1788957303920751400,20.67575146484375,-2.9305312633514404,-3.321232557296753,5.78867244720459
1788957303930802400,20.685802490234376,-2.068723440170288,-3.4999592304229736,5.862092971801758
1788957303940852200,20.695852294921874,-1.210350513458252,-4.563738822937012,5.983547210693359
1788957303950902300,20.70590234375,-0.8058809638023376,-5.972058296203613,6.213371276855469
1788957303960953300,20.715953369140625,-1.148844838142395,-6.958393573760986,6.489748954772949
1788957303971003400,20.72600341796875,-1.8575884103775024,-7.088494777679443,6.599382400512695
1788957303981053400,20.736053466796875,-2.4089322090148926,-7.723519325256348,6.48939847946167
1788957303991104300,20.746104248046876,-2.6583175659179688,-9.328373908996582,6.197298526763916
1788957304001154300,20.756154296875,-2.511600971221924,-10.078056335449219,5.252713203430176
1788957304011205000,20.766205078125,0.8637890815734863,-2.393908739089966,0.5873531699180603
1788957304021255200,20.776255126953124,3.4309628009796143,-0.8259745836257935,-2.451218366622925
1788957304031305200,20.78630517578125,4.053421974182129,-2.6517980098724365,-2.9708142280578613
1788957304041356300,20.796356201171875,4.107998847961426,-4.17587947845459,-2.7625691890716553
1788957304051406300,20.80640625,3.8908846378326416,-4.379551410675049,-2.6005444526672363
1788957304061456100,20.8164560546875,3.550950765609741,-3.789440631866455,-2.5963354110717773
1788957304071507200,20.826507080078127,3.269235372543335,-3.567046642303467,-2.6114344596862793
1788957304081557200,20.83655712890625,2.9789602756500244,-3.262782335281372,-2.7677645683288574
1788957304091607300,20.846607177734374,2.525527000427246,-2.8939359188079834,-3.1925487518310547
1788957304101658400,20.856658447265627,2.1455767154693604,-2.8021557331085205,-3.664135694503784
1788957304111708200,20.866708251953124,1.7893604040145874,-2.6034414768218994,-3.86338210105896
1788957304121758200,20.87675830078125,1.2391313314437866,-2.1096410751342773,-3.659221649169922
1788957304131809300,20.886809326171875,0.42986729741096497,-1.4283201694488525,-3.0337464809417725
1788957304141859300,20.896859375,-0.4909733831882477,-0.47925129532814026,-2.1641957759857178
1788957304151909400,20.906909423828125,-1.097288727760315,0.17553403973579407,-1.4413450956344604
1788957304161960400,20.91696044921875,-1.3652712106704712,0.6234833002090454,-0.9707489013671875
1788957304172010200,20.92701025390625,-1.4324270486831665,0.8537435531616211,-0.7673760652542114
1788957304182060300,20.937060302734373,-1.416717290878296,0.9416009783744812,-0.7479379177093506
1788957304192111400,20.947111328125,-1.3232663869857788,0.9027405381202698,-0.9002798795700073
1788957304202161400,20.957161376953124,-1.172546148300171,0.5692925453186035,-1.185288906097412
1788957304212212200,20.967212158203125,-1.1589384078979492,0.3677816092967987,-1.4329572916030884
1788957304222262300,20.97726220703125,-1.2746769189834595,0.29179444909095764,-1.4493106603622437
1788957304232312300,20.987312255859376,-1.431072473526001,0.10005415976047516,-1.1973395347595215
1788957304242363100,20.997363037109373,-1.5152608156204224,-0.16214869916439056,-0.8240302205085754
1788957304252413200,21.0074130859375,-1.4416401386260986,-0.21630053222179413,-0.43195316195487976
1788957304262463200,21.017463134765624,-1.2372806072235107,-0.0015061978483572602,-0.03752465173602104
1788957304272514300,21.027514404296873,-0.9681788682937622,0.2643395662307739,0.3159780502319336
1788957304282564000,21.037564208984374,-0.7294424176216125,0.46944212913513184,0.5247105360031128
1788957304292614100,21.0476142578125,-0.7554306387901306,0.8376757502555847,0.7357525825500488
1788957304302665200,21.057665283203125,-0.9491942524909973,1.0251963138580322,0.8072640299797058
1788957304312715300,21.06771533203125,-1.0172415971755981,0.992013692855835,0.46068501472473145
1788957304322765300,21.077765380859375,-0.9555392861366272,0.8621513247489929,-0.023793522268533707
1788957304332816400,21.08781640625,-0.9082316160202026,0.700846254825592,-0.38038110733032227
1788957304342866200,21.0978662109375,-0.8925439715385437,0.6247216463088989,-0.6172069907188416
1788957304352916200,21.107916259765624,-0.8501526117324829,0.6649369597434998,-0.8965704441070557
1788957304362967300,21.11796728515625,-0.7515370845794678,0.7433188557624817,-1.124718189239502
1788957304373017300,21.128017333984374,-0.5593823194503784,0.8319432139396667,-1.0972063541412354
1788957304383067400,21.1380673828125,-0.2915218770503998,0.7437281012535095,-0.8177671432495117
1788957304393118500,21.148118408203125,-0.019937295466661453,0.5300290584564209,-0.4041312038898468
1788957304403168300,21.158168212890626,0.18955093622207642,0.2877432405948639,0.08434312045574188
1788957304413219300,21.16821923828125,0.28946027159690857,0.17011095583438873,0.5527304410934448
1788957304423269400,21.178269287109377,0.2569875419139862,0.2225872129201889,0.9008148908615112
1788957304433319400,21.1883193359375,0.15507648885250092,0.32189908623695374,1.0223686695098877
1788957304443370200,21.198370361328124,0.023780781775712967,0.29434657096862793,0.933982789516449
1788957304453420300,21.208420166015625,-0.1168031394481659,0.24906383454799652,0.7351020574569702
1788957304463470300,21.21847021484375,-0.2695207893848419,0.1805572211742401,0.5572436451911926
1788957304473521200,21.228521240234375,-0.35861915349960327,0.07046042382717133,0.428449422121048
1788957304483571200,21.2385712890625,-0.34545034170150757,-0.08675716072320938,0.27629557251930237
1788957304493621200,21.248621337890626,-0.28252744674682617,-0.3223455846309662,0.1464153230190277
1788957304503672300,21.25867236328125,-0.2587890923023224,-0.6806046366691589,0.096791572868824
1788957304513722000,21.26872216796875,-0.21596893668174744,-0.9242303967475891,0.07979261130094528
1788957304523772200,21.278772216796874,-0.06866177171468735,-0.9026222825050354,0.05480071157217026
1788957304533823200,21.2888232421875,0.12366324663162231,-0.6658111810684204,0.0910572037100792
1788957304543873300,21.298873291015624,0.2868979871273041,-0.3958849012851715,0.2096959799528122
1788957304553923300,21.30892333984375,0.42471542954444885,-0.2617826461791992,0.48536568880081177
1788957304563974400,21.318974365234375,0.547426164150238,0.007952971383929253,0.7371039390563965
1788957304574024200,21.329024169921876,0.4409966766834259,0.3593807518482208,0.8762533068656921
1788957304584074200,21.33907421875,0.23783741891384125,0.4884108901023865,0.8954169154167175
1788957304594125300,21.349125244140627,0.08099417388439178,0.35835373401641846,0.6951756477355957
1788957304604175400,21.35917529296875,0.03810849040746689,0.015785977244377136,0.3126908838748932
1788957304614226400,21.369226318359374,0.01620248518884182,-0.26625192165374756,-0.23065955936908722
1788957304624276200,21.379276123046875,-0.058015286922454834,-0.43517303466796875,-0.7682915925979614
1788957304634326300,21.389326171875,-0.2407621294260025,-0.5182845592498779,-1.1560924053192139
1788957304644377300,21.39937744140625,-0.46321916580200195,-0.5881275534629822,-1.257412075996399
