time,seconds_elapsed,z,y,x
1789058863827943400,0.062943359375,-0.49654558300971985,-0.006622216198593378,0.12360849231481552
1789058863837954300,0.072954345703125,-0.5196887254714966,0.005320196971297264,0.03957989811897278
1789058863847965200,0.082965087890625,-0.4733246862888336,-0.07172318547964096,-0.07185395061969757
1789058863857976300,0.092976318359375,-0.47871145606040955,-0.05741562321782112,-0.07151519507169724
1789058863867987500,0.102987548828125,-0.524894118309021,-0.1539807766675949,-0.09176667034626007
1789058863877999400,0.112999267578125,-0.46798771619796753,-0.1162208840250969,0.031562186777591705
1789058863888010200,0.12301025390625,-0.4559986889362335,-0.04760719835758209,0.1836228221654892
1789058863898021000,0.133021240234375,-0.4759524166584015,-0.17081542313098907,0.018632540479302406
1789058863908032300,0.1430322265625,-0.3992730975151062,-0.11155235767364502,0.016522517427802086
1789058863918043400,0.15304345703125,-0.4970974028110504,-0.16755065321922302,-0.06226257607340813
1789058863928054300,0.16305419921875,-0.3948881924152374,-0.1380942165851593,0.07122065126895905
1789058863938065400,0.1730654296875,-0.3958762288093567,-0.12127609550952911,0.1000637486577034
1789058863948077300,0.183077392578125,-0.3165681064128876,-0.20429322123527527,0.04693634808063507
1789058863958088400,0.19308837890625,-0.2797014117240906,-0.25094354152679443,-0.07664204388856888
1789058863968099300,0.203099365234375,-0.31960463523864746,-0.19772453606128693,-0.11354067921638489
1789058863978110200,0.213110107421875,-0.36841636896133423,-0.1710633635520935,-0.016528643667697906
1789058863988121300,0.223121337890625,-0.2135397046804428,-0.13397963345050812,0.14942410588264465
1789058863998132200,0.23313232421875,-0.15965144336223602,-0.24071860313415527,0.08051401376724243
1789058864008144400,0.243144287109375,-0.061096642166376114,-0.2608872652053833,-0.02177613601088524
1789058864018155300,0.2531552734375,-0.1691565364599228,-0.17521442472934723,-0.07596506923437119
1789058864028166400,0.26316650390625,-0.19299662113189697,-0.1590631604194641,-0.019837353378534317
1789058864038177300,0.27317724609375,-0.12911324203014374,-0.1315407156944275,0.08353244513273239
1789058864048188200,0.283188232421875,-0.018032263964414597,-0.1253664493560791,0.17108678817749023
1789058864058199000,0.293198974609375,0.005208876915276051,-0.2020023614168167,-0.009040100499987602
1789058864068211200,0.303211181640625,-0.005126318894326687,-0.21328431367874146,-0.12123268097639084
1789058864078222300,0.313222412109375,-0.11277661472558975,-0.18046991527080536,-0.07668359577655792
1789058864088232400,0.323232421875,-0.00803289283066988,-0.16552717983722687,0.04898405447602272
1789058864098243600,0.33324365234375,-0.016381103545427322,-0.15294693410396576,0.1102716475725174
1789058864108254500,0.34325439453125,-0.0198605228215456,-0.1090729609131813,0.14736787974834442
1789058864118265300,0.353265380859375,-0.08863825350999832,-0.11482831835746765,-0.012987437658011913
1789058864128277500,0.363277587890625,0.05795624479651451,-0.15971696376800537,0.014241253957152367
1789058864138288400,0.373288330078125,0.08755142241716385,-0.2129191905260086,-0.02851979248225689
1789058864148299500,0.383299560546875,0.05849074199795723,-0.17524878680706024,0.011347196996212006
1789058864158310400,0.393310302734375,0.020415525883436203,-0.08894425630569458,0.16519267857074738
1789058864168321300,0.4033212890625,0.04483964294195175,-0.1634078323841095,0.10009783506393433
1789058864178332700,0.413332763671875,0.13223473727703094,-0.18539516627788544,0.10981304943561554
1789058864188344600,0.423344482421875,0.14580486714839935,-0.04897633194923401,0.1639852076768875
1789058864198355500,0.43335546875,0.06738010793924332,-0.20359067618846893,-0.1228308454155922
1789058864208366300,0.443366455078125,0.1522369384765625,-0.0999702736735344,-0.10004723817110062
1789058864218377500,0.45337744140625,0.10324037075042725,-0.18023288249969482,-0.151581272482872
1789058864228388600,0.463388671875,0.22341258823871613,-0.12263643741607666,0.11721983551979065
1789058864238399500,0.4733994140625,0.2548210918903351,-0.18261508643627167,0.03085911273956299
1789058864248411400,0.483411376953125,0.33815595507621765,-0.12905731797218323,0.05578922852873802
1789058864258422300,0.49342236328125,0.3042832016944885,-0.08936077356338501,-0.013644172810018063
1789058864268433400,0.503433349609375,0.30452394485473633,-0.12048912793397903,-0.08885929733514786
1789058864278444500,0.513444580078125,0.2827984094619751,-0.08458811789751053,-0.08278143405914307
1789058864288455400,0.523455322265625,0.3135635256767273,-0.08997489511966705,0.026647323742508888
1789058864298466600,0.533466552734375,0.4938848316669464,-0.115102618932724,0.17691005766391754
1789058864308478500,0.543478515625,0.3981945216655731,-0.17573028802871704,0.01944240741431713
1789058864318489600,0.553489501953125,0.4802930951118469,-0.08975572139024734,0.11855434626340866
1789058864328500500,0.56350048828125,0.4050832986831665,-0.12371820956468582,-0.08731679618358612
1789058864338511400,0.573511474609375,0.5540677309036255,-0.06708262860774994,-0.054716773331165314
1789058864348522500,0.5835224609375,0.5427242517471313,-0.0656232163310051,-0.009475260972976685
1789058864358533400,0.593533447265625,0.5737103819847107,-0.08203761279582977,-0.017171263694763184
1789058864368545500,0.603545654296875,0.6409932971000671,-0.05210767686367035,0.037571076303720474
1789058864378556400,0.613556396484375,0.7375597953796387,-0.03804298862814903,0.038900792598724365
1789058864388567600,0.623567626953125,0.8501494526863098,0.01070963591337204,0.10411841422319412
1789058864398578400,0.633578369140625,0.9751241207122803,-0.0344085730612278,0.013375992886722088
1789058864408589300,0.64358935546875,1.123213529586792,0.03494040668010712,0.14926591515541077
1789058864418600400,0.653600341796875,1.1478341817855835,0.09977879375219345,0.27266696095466614
1789058864428611600,0.663611572265625,1.1123512983322144,0.10451069474220276,0.12411422282457352
1789058864438623500,0.67362353515625,1.105596661567688,0.23758725821971893,0.10429657995700836
1789058864448634400,0.68363427734375,1.0093244314193726,0.15236690640449524,-0.12697286903858185
1789058864458645200,0.693645263671875,0.9110050797462463,0.17723070085048676,-0.21502602100372314
1789058864468656600,0.70365673828125,0.8094736933708191,0.24816080927848816,-0.12509027123451233
1789058864478667500,0.71366748046875,0.7576858401298523,0.22500142455101013,0.014595454558730125
1789058864488678400,0.723678466796875,0.6820336580276489,0.1857517510652542,0.06657742708921432
1789058864498690300,0.733690185546875,0.6803447008132935,0.21822980046272278,0.23647405207157135
1789058864508701400,0.743701416015625,0.5788239240646362,0.202128067612648,0.035658661276102066
1789058864518712600,0.753712646484375,0.47752130031585693,0.2460039108991623,0.03899826481938362
1789058864528723500,0.763723388671875,0.2858847379684448,0.25996339321136475,-0.0838158056139946
1789058864538734300,0.773734375,0.13058757781982422,0.27870461344718933,-0.0368749275803566
1789058864548745500,0.783745361328125,0.09025106579065323,0.2228298783302307,-0.08445949107408524
1789058864558757600,0.793757568359375,0.049258891493082047,0.23094239830970764,-0.04150989279150963
1789058864568768500,0.8037685546875,-0.04484390467405319,0.21943089365959167,0.045644715428352356
1789058864578779400,0.813779296875,-0.19316306710243225,0.2694258689880371,0.2102038413286209
1789058864588790500,0.82379052734375,-0.3124889135360718,0.33868589997291565,0.2278512716293335
1789058864598801400,0.833801513671875,-0.3196653425693512,0.17467913031578064,-0.09509748965501785
1789058864608812300,0.843812255859375,-0.429367333650589,0.2083667814731598,-0.022054435685276985
1789058864618824400,0.853824462890625,-0.6441973447799683,0.2796763777732849,0.02160675823688507
1789058864628835300,0.86383544921875,-0.7334854006767273,0.24525795876979828,0.19108979403972626
1789058864638846500,0.873846435546875,-0.8215766549110413,0.2909247875213623,0.30214014649391174
1789058864648857300,0.883857421875,-0.8104297518730164,0.11751997470855713,-0.126180037856102
1789058864658868500,0.893868408203125,-0.8906905055046082,0.20119808614253998,-0.06449350714683533
1789058864668879600,0.903879638671875,-0.9262815117835999,0.07337328046560287,-0.2614726126194
1789058864678891500,0.9138916015625,-0.9229277968406677,0.146632581949234,0.017039703205227852
1789058864688902400,0.92390234375,-0.8103535771369934,0.07585135102272034,-0.14248816668987274
1789058864698913300,0.933913330078125,-0.8032336235046387,0.13510535657405853,-0.05277533084154129
1789058864708924400,0.94392431640625,-0.805444598197937,0.16992005705833435,-0.02155216410756111
1789058864718935600,0.953935546875,-0.8596558570861816,0.17789089679718018,0.018800320103764534
1789058864728946400,0.963946533203125,-0.7562671899795532,0.14828214049339294,0.03297393023967743
1789058864738957300,0.973957275390625,-0.6645939946174622,0.03518728166818619,-0.1603023260831833
1789058864748969500,0.983969482421875,-0.7397699356079102,0.10253249853849411,0.03509247303009033
1789058864758980600,0.993980712890625,-0.7274610996246338,0.0786689817905426,-0.005754558369517326
1789058864768991500,1.003991455078125,-0.7296507358551025,0.04893505200743675,0.1003151535987854
1789058864779002400,1.01400244140625,-0.7095507979393005,0.0014711301773786545,-0.11283893138170242
1789058864789013500,1.024013427734375,-0.6994683146476746,-0.001163002452813089,-0.05595807358622551
1789058864799024400,1.0340244140625,-0.7598214149475098,-0.014545919373631477,-0.07251548022031784
1789058864809036500,1.04403662109375,-0.7548258900642395,-0.048771534115076065,-0.023092003539204597
1789058864819047400,1.05404736328125,-0.6906660795211792,-0.052739378064870834,0.11148551851511002
1789058864829058300,1.064058349609375,-0.670511782169342,-0.0012178635224699974,0.10395489633083344
1789058864839069400,1.0740693359375,-0.6635569334030151,-0.047816257923841476,-0.1037152111530304
1789058864849080600,1.08408056640625,-0.6064838171005249,-0.10696453601121902,-0.19992536306381226
1789058864859091500,1.094091552734375,-0.5785490870475769,-0.05709391087293625,-0.03629542142152786
1789058864869103400,1.104103271484375,-0.5121421217918396,-0.07691022753715515,0.16376416385173798
1789058864879114500,1.114114501953125,-0.47595614194869995,-0.12891536951065063,0.04574272036552429
1789058864889125400,1.12412548828125,-0.49123603105545044,-0.08305227756500244,0.12359756976366043
1789058864899136500,1.134136474609375,-0.4207767844200134,-0.1558537781238556,0.010308830067515373
1789058864909147400,1.1441474609375,-0.3645225763320923,-0.16680575907230377,-0.005814746022224426
1789058864919158500,1.154158447265625,-0.41644781827926636,-0.11234358698129654,-0.08712185174226761
1789058864929169400,1.16416943359375,-0.3828728199005127,-0.14142636954784393,-0.07381696254014969
1789058864939181600,1.174181640625,-0.2895817458629608,-0.1360800713300705,-0.022233400493860245
1789058864949192400,1.1841923828125,-0.19934266805648804,-0.19860176742076874,-0.003620833856984973
1789058864959203600,1.19420361328125,-0.21361401677131653,-0.08274202048778534,0.20645196735858917
1789058864969214500,1.20421435546875,-0.3170549273490906,-0.1786714792251587,-0.12812520563602448
1789058864979225300,1.214225341796875,-0.2906704545021057,-0.08212736248970032,-0.024028370156884193
1789058864989236500,1.224236572265625,-0.16612692177295685,-0.21010130643844604,-0.12935373187065125
1789058864999248400,1.234248291015625,-0.14344291388988495,-0.15317517518997192,-0.006109557580202818
1789058865009259500,1.244259521484375,-0.19063572585582733,-0.1233443021774292,0.03352547064423561
1789058865019270400,1.2542705078125,-0.1417454183101654,-0.12760962545871735,0.057668887078762054
1789058865029281300,1.26428125,-0.03732074052095413,-0.13147945702075958,0.068075992166996
1789058865039292400,1.27429248046875,0.024567926302552223,-0.1457606703042984,0.0563034862279892
1789058865049303600,1.284303466796875,0.033977407962083817,-0.13712802529335022,-0.01751454547047615
1789058865059315500,1.2943154296875,0.0120087256655097,-0.11347223073244095,-0.02365632727742195
1789058865069326300,1.304326416015625,0.04205397516489029,-0.053203035145998,0.19014570116996765
1789058865079337500,1.31433740234375,0.14328685402870178,-0.13327230513095856,0.24766598641872406
1789058865089348600,1.3243486328125,0.19157741963863373,-0.14823393523693085,0.29753369092941284
1789058865099359500,1.334359375,0.1429062932729721,-0.1352049559354782,0.13534264266490936
1789058865109370400,1.344370361328125,-0.040828656405210495,-0.12559200823307037,-0.11509782820940018
1789058865119381500,1.354381591796875,-0.08123626559972763,-0.10093007981777191,-0.14737240970134735
1789058865129393700,1.3643935546875,0.06406313925981522,-0.1280495822429657,0.020557206124067307
1789058865139404500,1.374404541015625,0.08227063715457916,-0.15306757390499115,0.10230293869972229
1789058865149415400,1.38441552734375,0.0806029662489891,-0.18059641122817993,0.061821289360523224
1789058865159426600,1.394426513671875,0.05277186632156372,-0.16606274247169495,-0.031504664570093155
1789058865169437700,1.404437744140625,0.011748269200325012,-0.08813279122114182,0.14418727159500122
1789058865179448600,1.414448486328125,0.04484550282359123,-0.12243936210870743,0.17152860760688782
1789058865189460500,1.42446044921875,0.01149686612188816,-0.09722775220870972,0.23044732213020325
1789058865199471400,1.434471435546875,0.037162281572818756,-0.2140347957611084,-0.032280974090099335
1789058865209482500,1.444482421875,0.033016007393598557,-0.13981595635414124,0.017901236191391945
1789058865219493600,1.45449365234375,0.04212987795472145,-0.19043013453483582,-0.14727173745632172
1789058865229504500,1.46450439453125,0.06138692796230316,-0.12177357077598572,-0.024209732189774513
1789058865239515600,1.474515625,0.05420145392417908,-0.12126491218805313,-0.019666112959384918
1789058865249527600,1.484527587890625,0.07505586743354797,-0.07306462526321411,0.19606058299541473
1789058865259538700,1.49453857421875,0.12401515245437622,-0.14667652547359467,0.054913848638534546
1789058865269549600,1.504549560546875,0.13932619988918304,-0.10025043785572052,0.10820716619491577
1789058865279560400,1.514560546875,0.14518941938877106,-0.16956771910190582,-0.055393751710653305
1789058865289571600,1.524571533203125,0.11591355502605438,-0.10225553065538406,0.011550928466022015
1789058865299582500,1.53458251953125,0.1352377086877823,-0.12086010724306107,-0.16514235734939575
1789058865309593300,1.54459326171875,0.1640174388885498,-0.06004735827445984,-0.10231784731149673
1789058865319605500,1.55460546875,0.17423652112483978,-0.12124786525964737,-0.10617277771234512
1789058865329616600,1.56461669921875,0.2512034773826599,-0.08916449546813965,0.1672574281692505
1789058865339627500,1.57462744140625,0.25387489795684814,-0.11618013679981232,0.11069109290838242
1789058865349638400,1.584638427734375,0.22485095262527466,-0.1158648207783699,-0.033605631440877914
1789058865359649500,1.5946494140625,0.179190531373024,-0.10641645640134811,-0.14131611585617065
1789058865369660700,1.60466064453125,0.12883122265338898,-0.1056760922074318,-0.07468089461326599
1789058865379672600,1.614672607421875,0.14522510766983032,-0.1276485025882721,0.07969669252634048
1789058865389683500,1.624683349609375,0.13396872580051422,-0.15714648365974426,0.19271644949913025
1789058865399694300,1.6346943359375,0.028367459774017334,-0.140916109085083,0.11594311147928238
1789058865409705700,1.644705810546875,-0.027047863230109215,-0.130288228392601,0.04621463268995285
1789058865419716600,1.654716552734375,-0.08765049278736115,-0.16719111800193787,-0.11686722934246063
1789058865429727500,1.6647275390625,-0.07152478396892548,-0.14588209986686707,-0.13065095245838165
1789058865439738600,1.674738525390625,-0.03105618618428707,-0.20235736668109894,-0.11911839991807938
1789058865449750500,1.68475048828125,-0.03907336667180061,-0.18133383989334106,0.11042185127735138
1789058865459761700,1.69476171875,-0.09876279532909393,-0.16701561212539673,0.07119401544332504
1789058865469772500,1.7047724609375,-0.06102260574698448,-0.14121465384960175,-0.0011150655336678028
1789058865479783400,1.714783447265625,-0.006903712637722492,-0.16539588570594788,-0.02750725857913494
1789058865489794600,1.724794677734375,0.02622787468135357,-0.17008890211582184,-0.027187146246433258
1789058865499805400,1.734805419921875,0.08153533935546875,-0.19649921357631683,-0.08744116872549057
1789058865509817600,1.744817626953125,0.1312062293291092,-0.1782408356666565,-0.13136467337608337
1789058865519828500,1.754828369140625,0.14727599918842316,-0.20459921658039093,-0.11650850623846054
1789058865529839600,1.764839599609375,0.11741051822900772,-0.16136544942855835,-0.04378423094749451
1789058865539850500,1.7748505859375,0.1466866433620453,-0.17978841066360474,0.111582450568676
1789058865549861400,1.784861328125,0.17909465730190277,-0.1865922510623932,0.11799028515815735
1789058865559872500,1.79487255859375,0.15184971690177917,-0.1431523710489273,0.16176359355449677
1789058865569883600,1.804883544921875,0.20557686686515808,-0.1779862493276596,0.09447537362575531
1789058865579895600,1.8148955078125,0.24892327189445496,-0.11393429338932037,-0.010867561213672161
1789058865589906400,1.824906494140625,0.3092705011367798,-0.06839210540056229,-0.043353866785764694
1789058865599917600,1.83491748046875,0.4284634590148926,-0.17359070479869843,-0.2315932810306549
1789058865609928700,1.8449287109375,0.4861485958099365,-0.06426314264535904,0.1065853014588356
1789058865619939600,1.854939697265625,0.5534226894378662,-0.12568575143814087,0.07983171194791794
1789058865629950500,1.864950439453125,0.5330183506011963,-0.06482240557670593,0.10348963737487793
1789058865639962400,1.87496240234375,0.46553438901901245,-0.0047090016305446625,0.06045189127326012
1789058865649973500,1.884973388671875,0.450394868850708,-0.03820863738656044,0.006922088097780943
1789058865659984600,1.894984619140625,0.5041260123252869,-0.06407325714826584,-0.11073556542396545
1789058865669995500,1.90499560546875,0.537145733833313,-0.017198694869875908,0.02666197158396244
1789058865680006400,1.91500634765625,0.5691830515861511,-0.0574188195168972,0.08562915027141571
1789058865690017500,1.925017578125,0.52086341381073,0.010885670781135559,0.23362261056900024
1789058865700028400,1.9350283203125,0.5174516439437866,-0.022964438423514366,0.019846675917506218
1789058865710040600,1.94504052734375,0.5370000600814819,-0.02046452835202217,-0.0596766471862793
1789058865720051500,1.955051513671875,0.5142800807952881,-0.028253741562366486,-0.03699317201972008
1789058865730062600,1.9650625,0.47217845916748047,-0.006558300461620092,0.12244335561990738
1789058865740073500,1.975073486328125,0.428130567073822,0.028492894023656845,0.12071070820093155
1789058865750084600,1.985084716796875,0.36103835701942444,0.05200274661183357,-0.04119883477687836
1789058865760095500,1.995095458984375,0.35719409584999084,0.0544416718184948,-0.04698508605360985
1789058865770107400,2.005107421875,0.3916897475719452,-0.021629927679896355,0.052852828055620193
1789058865780118500,2.015118408203125,0.3382512927055359,0.0024082965683192015,0.054485078901052475
1789058865790129400,2.02512939453125,0.24810168147087097,0.03623497113585472,-0.003459712490439415
1789058865800140500,2.035140625,0.2051483541727066,0.04225770756602287,-0.14021755754947662
1789058865810151700,2.045151611328125,0.11005273461341858,0.04592115432024002,0.037698641419410706
1789058865820162600,2.05516259765625,0.11406132578849792,0.09281568974256516,0.09984483569860458
1789058865830173400,2.06517333984375,0.08557268977165222,0.038781218230724335,0.07215461879968643
1789058865840185600,2.075185546875,0.06398271024227142,0.07345903664827347,0.061770688742399216
1789058865850196500,2.085196533203125,0.05212045833468437,0.06768210977315903,0.05824972316622734
1789058865860207600,2.09520751953125,0.04695499315857887,0.08837300539016724,0.08305653929710388
1789058865870218500,2.105218505859375,0.03885898366570473,0.10906363278627396,-0.07448329031467438
1789058865880229400,2.1152294921875,0.08041947335004807,0.08423738181591034,-0.17299973964691162
1789058865890240500,2.125240478515625,0.10228988528251648,0.0860118493437767,-0.13400040566921234
1789058865900252700,2.135252685546875,0.12672439217567444,0.05852775648236275,-0.039925843477249146
1789058865910263600,2.145263671875,0.12049099057912827,0.0515097975730896,-0.05529627948999405
1789058865920274400,2.1552744140625,-0.012104599736630917,0.07172345370054245,-0.006630471907556057
1789058865930285600,2.16528564453125,-0.078032486140728,0.11626855283975601,0.11848030984401703
1789058865940296700,2.175296630859375,0.004752677399665117,0.07300150394439697,-0.0842783972620964
1789058865950307600,2.1853076171875,-0.018970495089888573,0.09909089654684067,-0.04499836638569832
1789058865960318500,2.195318359375,0.03370949253439903,0.01998143084347248,-0.24153512716293335
1789058865970330400,2.205330322265625,0.03014964610338211,0.07675949484109879,-0.016277240589261055
1789058865980341500,2.215341552734375,0.12428360432386398,0.0683383122086525,0.03708185628056526
1789058865990352600,2.2253525390625,0.12805277109146118,0.06271504610776901,0.11645150929689407
1789058866000363500,2.235363525390625,0.09604743868112564,0.08138061314821243,0.03787041828036308
1789058866010374700,2.245374755859375,0.011090467683970928,0.11384773999452591,0.0231748279184103
1789058866020385500,2.255385498046875,0.05558256804943085,0.07380977272987366,-0.0024200144689530134
1789058866030397400,2.2653974609375,0.05643797665834427,0.10950678586959839,0.029321137815713882
1789058866040408600,2.27540869140625,-0.020616328343749046,0.12615659832954407,0.04103025794029236
1789058866050419500,2.28541943359375,-0.12071230262517929,0.16800658404827118,0.013768542557954788
1789058866060430600,2.2954306640625,-0.04676564037799835,0.10505104809999466,0.11841505765914917
1789058866070441500,2.30544140625,0.05421237275004387,0.059894490987062454,0.03448820114135742
1789058866080452400,2.315452392578125,-0.06066201627254486,0.08368664234876633,0.057369016110897064
1789058866090464000,2.325464111328125,-0.13430534303188324,0.1545426994562149,-0.033005353063344955
1789058866100476000,2.335475830078125,-0.15984664857387543,0.13864123821258545,-0.13218094408512115
1789058866110486800,2.34548681640625,-0.06596224009990692,0.12219008803367615,-0.05975547432899475
1789058866120498000,2.355497802734375,-0.06262822449207306,0.05326109007000923,-0.03520992025732994
1789058866130508800,2.3655087890625,-0.16924068331718445,0.10796082019805908,0.12090271711349487
1789058866140520000,2.37552001953125,-0.234800785779953,0.12758246064186096,0.13674773275852203
1789058866150530800,2.38553076171875,-0.18847404420375824,0.07525773346424103,0.11809521168470383
1789058866160541700,2.395541748046875,-0.1924048662185669,0.024713335558772087,0.02105814777314663
1789058866170553900,2.405553955078125,-0.2519534230232239,0.08524565398693085,0.08500836789608002
1789058866180565000,2.41556494140625,-0.29758402705192566,0.09013335406780243,0.04723329097032547
1789058866190575900,2.425575927734375,-0.25989043712615967,0.08301765471696854,0.04072612524032593
1789058866200586800,2.435586669921875,-0.16304591298103333,0.027468109503388405,-0.042929090559482574
1789058866210597600,2.44559765625,-0.18756137788295746,0.03754870593547821,0.048413872718811035
1789058866220608800,2.45560888671875,-0.18400952219963074,0.038666170090436935,0.0859559178352356
1789058866230621000,2.465620849609375,-0.15973134338855743,0.027638019993901253,0.059296879917383194
1789058866240631800,2.4756318359375,-0.12829218804836273,0.0588097870349884,-0.012583702802658081
1789058866250642700,2.485642578125,-0.15785114467144012,0.05917144566774368,0.012205267325043678
1789058866260653800,2.49565380859375,-0.15178686380386353,0.07628731429576874,0.05446217581629753
1789058866270665000,2.5056650390625,-0.0989481508731842,0.0674821063876152,-0.007727960590273142
1789058866280675800,2.51567578125,-0.03834233060479164,0.03369937464594841,-0.03280188888311386
1789058866290686700,2.525686767578125,-0.01799311488866806,0.016694556921720505,-0.018908709287643433
1789058866300699000,2.535698974609375,-0.07229017466306686,0.056236375123262405,0.046361640095710754
1789058866310709800,2.545709716796875,-0.09316536039113998,0.08195558935403824,-0.016287093982100487
1789058866320721000,2.555720947265625,-0.06234646588563919,0.07614989578723907,-0.06503492593765259
1789058866330731800,2.565731689453125,-0.007415572181344032,0.023394538089632988,-0.029880933463573456
1789058866340743000,2.575742919921875,-0.035363052040338516,0.0488080196082592,0.075865738093853
1789058866350753800,2.58575390625,-0.047511592507362366,0.012592224404215813,-0.06856761127710342
1789058866360766000,2.595765869140625,-0.06336938589811325,0.03470258787274361,-0.07512058317661285
1789058866370776800,2.60577685546875,-0.05254629999399185,-0.024637436494231224,-0.14765523374080658
1789058866380788000,2.6157880859375,-0.10556664317846298,0.02937253564596176,0.014847922138869762
1789058866390798800,2.625798828125,-0.12190939486026764,0.056472864001989365,0.07241614162921906
1789058866400809700,2.635809814453125,-0.16442595422267914,0.04568865895271301,0.035844285041093826
1789058866410820600,2.645820556640625,-0.18634377419948578,-0.009258746169507504,-0.054730355739593506
1789058866420832000,2.65583203125,-0.20986855030059814,-0.009887784719467163,0.0978195071220398
1789058866430844000,2.665843994140625,-0.18345504999160767,-0.041255027055740356,0.015017565339803696
1789058866440854800,2.675854736328125,-0.2382144331932068,-0.025313345715403557,-0.0054855793714523315
1789058866450865700,2.68586572265625,-0.30055662989616394,-0.037344709038734436,-0.05157477781176567
1789058866460877000,2.695876953125,-0.392976850271225,0.021349230781197548,0.04806233569979668
1789058866470888000,2.705887939453125,-0.3993718922138214,-0.010978082194924355,-0.032400816679000854
1789058866480898800,2.71589892578125,-0.33665764331817627,-0.02171621471643448,-0.001859152689576149
1789058866490910700,2.72591064453125,-0.2755271792411804,-0.12907515466213226,-0.07070239633321762
1789058866500921600,2.735921630859375,-0.4250628650188446,-0.047994956374168396,0.09483037143945694
1789058866510933000,2.74593310546875,-0.4575401246547699,-0.032039690762758255,-0.09068383276462555
1789058866520943900,2.75594384765625,-0.42831993103027344,-0.03087748773396015,-0.03402135148644447
1789058866530954800,2.765954833984375,-0.2843230664730072,-0.16784732043743134,-0.2044796347618103
1789058866540966000,2.7759658203125,-0.3037809133529663,-0.10218335688114166,-0.03374890983104706
1789058866550976800,2.785976806640625,-0.3066132068634033,-0.1218409538269043,-0.06662110239267349
1789058866560989000,2.795989013671875,-0.311642587184906,-0.06406153738498688,0.048222389072179794
1789058866570999800,2.805999755859375,-0.2640470862388611,-0.11122452467679977,-0.017852500081062317
1789058866581011000,2.816010986328125,-0.2069166898727417,-0.04421672970056534,0.07623139023780823
1789058866591021800,2.826021728515625,-0.12356534600257874,-0.165833979845047,-0.08646272122859955
1789058866601032700,2.83603271484375,-0.07616081088781357,-0.13881807029247284,-0.03284556418657303
1789058866611043800,2.8460439453125,-0.010154100134968758,-0.13311651349067688,0.017978999763727188
1789058866621055000,2.856054931640625,0.052027780562639236,-0.10767266899347305,0.09740564972162247
1789058866631067000,2.86606689453125,0.12384364753961563,-0.11723075062036514,-0.012865465134382248
1789058866641077800,2.876077880859375,0.21084140241146088,-0.15844662487506866,-0.12167583405971527
1789058866651088600,2.886088623046875,0.2571154236793518,-0.18085899949073792,-0.1404452621936798
1789058866661100000,2.89610009765625,0.28582456707954407,-0.09237999469041824,0.08802812546491623
1789058866671111000,2.90611083984375,0.3693402409553528,-0.08393937349319458,0.15688122808933258
1789058866681121800,2.916121826171875,0.4060564339160919,-0.1313854604959488,0.06502693891525269
1789058866691132700,2.926132568359375,0.45922884345054626,-0.1564716249704361,-0.02894030511379242
1789058866701144800,2.936144775390625,0.4462619125843048,-0.09671135991811752,0.21298125386238098
1789058866711156000,2.946156005859375,0.45532676577568054,-0.13566088676452637,0.06930211186408997
1789058866721166800,2.956166748046875,0.41732585430145264,-0.0761706680059433,-0.03767920285463333
1789058866731177700,2.966177734375,0.4427976608276367,-0.10666199773550034,-0.06589672714471817
1789058866741188900,2.97618896484375,0.42775267362594604,-0.10009916871786118,0.026265425607562065
1789058866751199700,2.98619970703125,0.3956967294216156,-0.0982365533709526,-0.033728670328855515
1789058866761212000,2.9962119140625,0.35336366295814514,-0.06570657342672348,0.012407135218381882
1789058866771222800,3.006222900390625,0.35805055499076843,-0.12331420928239822,-0.027484089136123657
1789058866781233700,3.016233642578125,0.3942277431488037,-0.1347394436597824,0.12173628807067871
1789058866791244800,3.026244873046875,0.3047820031642914,-0.08504299074411392,0.05462756007909775
1789058866801256000,3.036255859375,0.186533123254776,-0.11165249347686768,-0.2014303207397461
1789058866811266800,3.046266845703125,0.20538537204265594,-0.11357050389051437,-0.2190183699131012
1789058866821278000,3.05627783203125,0.22926701605319977,-0.10823033004999161,-0.06603627651929855
1789058866831289900,3.066289794921875,0.1661255955696106,-0.12152349948883057,0.0692182183265686
1789058866841300700,3.07630078125,0.09622880071401596,-0.0705370157957077,0.08778604120016098
1789058866851311900,3.086311767578125,0.016587233170866966,-0.06645412743091583,-0.043591953814029694
1789058866861322800,3.09632275390625,0.11681690067052841,-0.105052649974823,0.07459647208452225
1789058866871334000,3.106333984375,0.2322620004415512,-0.14977964758872986,-0.009848369285464287
1789058866881344800,3.1163447265625,0.17180371284484863,-0.06673801690340042,0.054361775517463684
1789058866891355600,3.126355712890625,0.2003898173570633,-0.13491733372211456,-0.19362565875053406
1789058866901367800,3.136367919921875,0.259827584028244,-0.09632440656423569,-0.007246727589517832
1789058866911379000,3.14637890625,0.3272998332977295,-0.10237617045640945,-0.007355118170380592
1789058866921389800,3.156389892578125,0.31335845589637756,-0.11420965939760208,0.08282111585140228
1789058866931400700,3.166400634765625,0.28584933280944824,-0.037882134318351746,0.05772135406732559
1789058866941411800,3.176411865234375,0.2973262071609497,-0.06403037905693054,0.04659333452582359
1789058866951423000,3.186423095703125,0.40552645921707153,-0.10681672394275665,-0.04362843558192253
1789058866961433900,3.196433837890625,0.40623965859413147,-0.06085110083222389,0.014962970279157162
1789058866971445800,3.20644580078125,0.40440633893013,-0.09568045288324356,0.09577712416648865
1789058866981456600,3.21645654296875,0.44035741686820984,-0.0697934627532959,0.26628386974334717
1789058866991467800,3.2264677734375,0.4536260664463043,-0.02172313816845417,0.2053707242012024
1789058867001479000,3.23647900390625,0.3968016803264618,-0.029288113117218018,0.04611369967460632
1789058867011489800,3.24648974609375,0.3946533203125,-0.01618163287639618,-0.01678297482430935
1789058867021501000,3.2565009765625,0.4560982882976532,0.013708354905247688,0.016563797369599342
1789058867031512800,3.266512939453125,0.49583131074905396,-0.006773217581212521,-0.04265664890408516
1789058867041524000,3.27652392578125,0.50980144739151,0.024811873212456703,-0.060391705483198166
1789058867051534800,3.286534912109375,0.4737715721130371,0.02425980009138584,-0.017425594851374626
1789058867061545700,3.296545654296875,0.524226725101471,0.03123888000845909,0.1490885466337204
1789058867071556900,3.306556884765625,0.5991832613945007,-0.01500877644866705,0.05771549418568611
1789058867081567700,3.316567626953125,0.5140875577926636,0.029875341802835464,-0.10378951579332352
1789058867091578600,3.32657861328125,0.4031541049480438,0.061652444303035736,-0.04140523076057434
1789058867101590800,3.3365908203125,0.4967791438102722,0.09465833008289337,0.13318361341953278
1789058867111602000,3.346601806640625,0.4543246328830719,0.11167699843645096,0.09869275242090225
1789058867121612800,3.35661279296875,0.35880741477012634,0.23214562237262726,0.10606704652309418
1789058867131623700,3.366623779296875,0.4047911763191223,0.11753355711698532,0.009074455127120018
1789058867141634800,3.376634765625,0.43457889556884766,0.17869651317596436,0.19450131058692932
1789058867151646000,3.38664599609375,0.47736096382141113,0.09191714227199554,0.1710822731256485
1789058867161656800,3.39665673828125,0.40727242827415466,0.17506475746631622,0.020003002136945724
1789058867171668700,3.406668701171875,0.2344852089881897,0.20589616894721985,0.0651281401515007
1789058867181679600,3.4166796875,0.2555809020996094,0.19840790331363678,0.14719636738300323
1789058867191690800,3.426690673828125,0.35062965750694275,0.16227786242961884,0.11484775692224503
1789058867201702000,3.436701904296875,0.2078123241662979,0.1518571674823761,0.054777227342128754
1789058867211712800,3.446712646484375,0.12169207632541656,0.1543392390012741,0.060141898691654205
1789058867221724000,3.456723876953125,0.07181400060653687,0.19682517647743225,0.11310125142335892
1789058867231734800,3.46673486328125,0.11436466127634048,0.12653982639312744,0.06630072742700577
1789058867241746700,3.47674658203125,0.1128288134932518,0.12780269980430603,-0.042386606335639954
1789058867251757800,3.4867578125,0.01296586636453867,0.09476432204246521,-0.0008785768295638263
1789058867261768700,3.496768798828125,-0.006610231939703226,0.09419041126966476,-0.0022916500456631184
1789058867271779800,3.50677978515625,-0.06271558254957199,0.14576785266399384,0.14470872282981873
1789058867281790700,3.516790771484375,-0.1196126863360405,0.060214072465896606,-0.07516106218099594
1789058867291801600,3.526801513671875,-0.13586249947547913,0.10793045908212662,0.05982019007205963
1789058867301813000,3.53681298828125,-0.21750275790691376,0.08696312457323074,-0.08118753135204315
1789058867311825000,3.546824951171875,-0.185075581073761,0.08162455260753632,-0.010687531903386116
1789058867321835800,3.556835693359375,-0.19004663825035095,0.07422523200511932,-0.15002144873142242
1789058867331846700,3.5668466796875,-0.22785499691963196,0.05771363154053688,0.1344483494758606
1789058867341857800,3.57685791015625,-0.3005739450454712,0.13497166335582733,0.04078151658177376
1789058867351869000,3.586868896484375,-0.36615827679634094,0.17857080698013306,0.11492844671010971
1789058867361879800,3.5968798828125,-0.2387193739414215,0.060210343450307846,-0.035593148320913315
1789058867371890700,3.606890625,-0.12477468699216843,0.08632423728704453,0.19456414878368378
1789058867381902600,3.616902587890625,-0.15521275997161865,0.024693895131349564,-0.03236326575279236
1789058867391914000,3.6269140625,-0.13603506982326508,0.09605170041322708,-0.0677710548043251
1789058867401924900,3.6369248046875,-0.1352454423904419,0.07117804139852524,-0.1712665557861328
1789058867411935700,3.646935791015625,-0.08543207496404648,0.17845389246940613,0.23055464029312134
1789058867421947000,3.65694677734375,0.030103307217359543,0.004604605492204428,-0.19553914666175842
1789058867431957800,3.666957763671875,0.0023992417845875025,0.09130354970693588,-0.0587322898209095
1789058867441970000,3.676969970703125,0.008084557950496674,0.1177668496966362,-0.06312224268913269
1789058867451980800,3.686980712890625,0.0051984903402626514,0.11489542573690414,0.14147350192070007
1789058867461991700,3.69699169921875,-0.015737684443593025,0.10037880390882492,-0.07006990164518356
1789058867472002800,3.7070029296875,-0.0718611404299736,0.1197490394115448,-0.2488662749528885
1789058867482013700,3.717013671875,-0.03317206725478172,0.11434654891490936,-0.08382219821214676
1789058867492024800,3.72702490234375,0.03742167353630066,0.08588481694459915,0.037405163049697876
1789058867502036000,3.737035888671875,0.03784751519560814,0.02515089325606823,-0.07167338579893112
1789058867512047900,3.7470478515625,-0.008257663808763027,0.08599187433719635,-0.010173807851970196
1789058867522058800,3.757058837890625,-0.0157757680863142,0.12323617935180664,-0.01028885692358017
1789058867532069600,3.767069580078125,-0.0299051683396101,0.0906396210193634,0.03206046298146248
1789058867542080800,3.777080810546875,-0.00714606000110507,0.09953298419713974,0.016339559108018875
1789058867552092000,3.787091796875,0.0017773937433958054,0.04904504120349884,-0.0791986808180809
1789058867562102800,3.797102783203125,-0.004265052266418934,0.10249894112348557,0.1139231026172638
1789058867572113700,3.80711376953125,0.011929896660149097,0.06413184851408005,0.0619957260787487
1789058867582125600,3.81712548828125,0.06457792967557907,0.06726106256246567,0.1124945878982544
1789058867592137000,3.827136962890625,0.08701719343662262,0.023258451372385025,-0.04754967615008354
1789058867602147800,3.83714794921875,0.038726888597011566,0.1323937326669693,-0.01079538930207491
1789058867612158700,3.84715869140625,0.04014502093195915,0.03953143209218979,-0.007291735149919987
1789058867622169900,3.857169921875,0.137853741645813,0.007848069071769714,-0.10568728297948837
1789058867632180700,3.8671806640625,0.1126658245921135,0.05926891416311264,0.05854373797774315
1789058867642192000,3.87719189453125,0.14018507301807404,0.08314122259616852,0.07031464576721191
1789058867652203800,3.887203857421875,0.08554019778966904,0.09790605306625366,0.09309345483779907
1789058867662214700,3.897214599609375,0.0296122208237648,0.1345335692167282,-0.0831281766295433
1789058867672225800,3.907225830078125,0.04679759964346886,0.11122692376375198,-0.18364599347114563
1789058867682236700,3.917236572265625,0.10466302931308746,0.049125202000141144,-0.21453812718391418
1789058867692247800,3.927247802734375,0.06422479450702667,0.10332638770341873,0.0728776678442955
1789058867702259000,3.937259033203125,0.07313546538352966,0.05994722247123718,0.0037859496660530567
1789058867712269800,3.947269775390625,0.1113121435046196,0.08481795340776443,0.10182862728834152
1789058867722281700,3.95728173828125,0.10450989753007889,0.08880337327718735,-0.061716627329587936
1789058867732292900,3.96729296875,0.16016064584255219,0.12026063352823257,0.1023854911327362
1789058867742303700,3.9773037109375,0.1104479506611824,0.09842856973409653,-0.004217914305627346
1789058867752315000,3.98731494140625,0.0845569595694542,0.13645398616790771,0.030485205352306366
1789058867762325800,3.99732568359375,0.08726593106985092,0.10141796618700027,0.06788397580385208
1789058867772336600,4.007336669921875,0.13086959719657898,0.09391877055168152,0.09290357679128647
1789058867782347800,4.01734765625,0.08252470195293427,0.11717402935028076,0.15002305805683136
1789058867792360000,4.02735986328125,0.0523497574031353,0.11579024791717529,-0.050269827246665955
1789058867802370800,4.037370849609375,0.01793931983411312,0.13690511882305145,-0.021889852359890938
1789058867812381700,4.047381591796875,-0.02875441685318947,0.13153965771198273,0.0033161682076752186
1789058867822392600,4.057392578125,0.03719743713736534,0.10766121745109558,0.10351867228746414
1789058867832404000,4.067404052734375,0.0462133027613163,0.07921066880226135,0.03911304846405983
1789058867842414800,4.077414794921875,-0.0644381120800972,0.15603087842464447,-0.07264304161071777
1789058867852425700,4.08742578125,-0.08414177596569061,0.19707737863063812,0.01810656487941742
1789058867862437600,4.097437744140625,-0.06797558814287186,0.10080677270889282,-0.2017272561788559
1789058867872448800,4.10744873046875,-0.06208733841776848,0.1270226687192917,-0.0036362800747156143
1789058867882460000,4.1174599609375,-0.1187807098031044,0.08721053600311279,0.04031253606081009
1789058867892470800,4.127470703125,-0.170186385512352,0.11490634828805923,0.27255696058273315
1789058867902482000,4.13748193359375,-0.2099849283695221,0.1796930581331253,0.21652591228485107
1789058867912492800,4.147492919921875,-0.08397506177425385,0.08872933685779572,0.1286916732788086
1789058867922503700,4.157503662109375,-0.19652611017227173,0.12472409009933472,0.05199635401368141
1789058867932515800,4.167515869140625,-0.28891435265541077,0.13813896477222443,0.18919682502746582
1789058867942526700,4.177526611328125,-0.3331609070301056,0.09598032385110855,0.0377843976020813
1789058867952537900,4.187537841796875,-0.2875683903694153,0.0399966835975647,0.030130205675959587
1789058867962548700,4.197548828125,-0.342464417219162,-0.009821205399930477,-0.11058936268091202
1789058867972559600,4.2075595703125,-0.3545173406600952,0.08365494757890701,0.22080561518669128
1789058867982571000,4.217571044921875,-0.4508973956108093,0.12370969355106354,0.11887632310390472
1789058867992582000,4.227581787109375,-0.31219571828842163,0.048943839967250824,0.02521534077823162
1789058868002593800,4.23759375,-0.2453642189502716,-0.161334827542305,-0.053574010729789734
1789058868012604700,4.247604736328125,-0.33751145005226135,-0.034158769994974136,0.3035223186016083
1789058868022615600,4.257615478515625,-0.4513581395149231,-0.004028563853353262,0.14618250727653503
1789058868032627000,4.267626953125,-0.4134986400604248,0.011924037709832191,0.012339490465819836
1789058868042637800,4.277637939453125,-0.3633536994457245,-0.1805942803621292,-0.35872167348861694
1789058868052648700,4.287648681640625,-0.3203047811985016,-0.07306782156229019,-0.08564352989196777
1789058868062659800,4.297659912109375,-0.2941797077655792,-0.10555412620306015,-0.1106404960155487
1789058868072672000,4.307672119140625,-0.2685545086860657,-0.1120184138417244,-0.06277470290660858
1789058868082683000,4.317682861328125,-0.20185749232769012,-0.0682259276509285,0.1480826735496521
1789058868092693500,4.327693603515625,-0.11332735419273376,-0.07570168375968933,0.08305387198925018
1789058868102704600,4.33770458984375,-0.02215244062244892,-0.0866968110203743,0.09975375980138779
1789058868112715500,4.347715576171875,0.04047978296875954,-0.06473931670188904,0.042764775454998016
1789058868122726400,4.357726318359375,0.044013265520334244,-0.08801347762346268,-0.04140070453286171
1789058868132737500,4.367737548828125,0.11748562008142471,-0.05356389284133911,-0.04620664194226265
1789058868142749400,4.37774951171875,0.18458369374275208,-0.12593555450439453,-0.22344613075256348
1789058868152760600,4.387760498046875,0.238500714302063,-0.05041204020380974,0.036966271698474884
1789058868162771500,4.397771484375,0.3225037455558777,-0.060205549001693726,0.04411686211824417
1789058868172782300,4.4077822265625,0.255163311958313,-0.011921107769012451,0.053939130157232285
1789058868182793700,4.417793701171875,0.30726781487464905,-0.006650712341070175,-0.11293906718492508
1789058868192804600,4.4278046875,0.3519047796726227,0.037528734654188156,-0.039269108325242996
1789058868202815500,4.4378154296875,0.3750346004962921,0.004347610287368298,-0.07222572714090347
1789058868212827400,4.447827392578125,0.36863288283348083,0.024148212745785713,-0.0033563817851245403
1789058868222838500,4.457838623046875,0.35281264781951904,0.028083566576242447,-0.09738567471504211
1789058868232849700,4.467849609375,0.34472277760505676,0.04523805156350136,-0.09222127497196198
1789058868242860500,4.477860595703125,0.35299134254455566,0.00794607400894165,-0.189053013920784
1789058868252871400,4.487871337890625,0.3940642178058624,0.04796352982521057,0.04655924439430237
1789058868262882600,4.497882568359375,0.5146396160125732,-0.014285728335380554,-0.012072375044226646
1789058868272893400,4.5078935546875,0.4528407156467438,0.04788656532764435,0.023557256907224655
1789058868282905600,4.517905517578125,0.3472959101200104,-0.010631072334945202,-0.0764060914516449
1789058868292916500,4.52791650390625,0.35692429542541504,0.07450459152460098,0.26498931646347046
1789058868302927600,4.537927734375,0.319118857383728,0.09249744564294815,0.1203213483095169
1789058868312938500,4.5479384765625,0.22606562077999115,0.10000809282064438,-0.18901492655277252
1789058868322949600,4.55794970703125,0.22013609111309052,0.039681900292634964,-0.2147117704153061
1789058868332960500,4.56796044921875,0.2507629692554474,-0.04165876284241676,-0.11041199415922165
1789058868342971600,4.5779716796875,0.24342623353004456,0.024700552225112915,-0.003210440743714571
1789058868352983600,4.587983642578125,0.20787090063095093,0.02911713905632496,0.18158577382564545
1789058868362994400,4.597994384765625,0.178684264421463,0.017111342400312424,0.11338727921247482
1789058868373005600,4.608005615234375,0.1468254029750824,0.11185303330421448,0.2608683407306671
1789058868383016700,4.6180166015625,0.2867835760116577,-0.053513556718826294,-0.17469245195388794
1789058868393027600,4.628027587890625,0.25323012471199036,0.0032711606472730637,-0.11172040551900864
1789058868403038500,4.63803857421875,0.18248219788074493,0.12684209644794464,-0.11638280004262924
1789058868413049300,4.64804931640625,0.06390707939863205,0.1644669771194458,0.17090143263339996
1789058868423061500,4.6580615234375,0.16279157996177673,0.14126445353031158,-0.06302797049283981
1789058868433072600,4.66807275390625,0.283775269985199,0.10026268661022186,-0.08090576529502869
1789058868443083500,4.67808349609375,0.3953164219856262,0.00507092522457242,-0.008036887273192406
1789058868453094400,4.688094482421875,0.24576635658740997,0.05873788148164749,0.35327789187431335
1789058868463105500,4.69810546875,0.14930853247642517,0.16232658922672272,0.0075820195488631725
1789058868473116700,4.70811669921875,0.08309914916753769,0.1989983171224594,-0.2079436182975769
1789058868483127600,4.71812744140625,0.03599368780851364,0.14028361439704895,-0.18547850847244263
1789058868493139500,4.728139404296875,0.03941851109266281,0.22760839760303497,-0.000480434246128425
1789058868503150300,4.738150390625,0.04811612889170647,0.21733711659908295,-0.0341116301715374
1789058868513161500,4.748161376953125,0.019336147233843803,0.22692503035068512,0.10060650110244751
1789058868523172600,4.758172607421875,-0.011875834316015244,0.26074716448783875,0.06131076067686081
1789058868533183500,4.76818359375,0.016331035643815994,0.19951950013637543,-0.08683902770280838
1789058868543194600,4.778194580078125,-0.0025393241085112095,0.2418706864118576,-0.047084689140319824
1789058868553205500,4.78820556640625,-0.1045335978269577,0.28031420707702637,-0.04276876896619797
1789058868563217700,4.7982177734375,-0.22473964095115662,0.33495429158210754,0.10372399538755417
1789058868573228500,4.808228515625,-0.23211552202701569,0.22184105217456818,-0.08650559931993484
1789058868583239700,4.81823974609375,-0.3014650344848633,0.25990667939186096,0.009499495849013329
1789058868593250600,4.82825048828125,-0.3509939908981323,0.22151081264019012,-0.15173093974590302
1789058868603261400,4.838261474609375,-0.49256202578544617,0.23984907567501068,0.007723167072981596
1789058868613272300,4.848272216796875,-0.5838024616241455,0.2477075308561325,0.20477472245693207
1789058868623283700,4.85828369140625,-0.5369473099708557,0.23627857863903046,0.2173251211643219
1789058868633295600,4.868295654296875,-0.49842309951782227,0.11910508573055267,-0.13164591789245605
1789058868643306500,4.878306396484375,-0.6202834844589233,0.2141202837228775,-0.07118389755487442
1789058868653317400,4.8883173828125,-0.5830751657485962,0.12879179418087006,-0.030652716755867004
1789058868663328800,4.898328857421875,-0.5807288885116577,0.17923207581043243,-0.1482299417257309
1789058868673339600,4.908339599609375,-0.6770325303077698,0.17378777265548706,-0.07401510328054428
1789058868683350500,4.9183505859375,-0.6465739607810974,0.08993201702833176,0.02666463330388069
1789058868693361400,4.928361328125,-0.7230157256126404,0.09263060241937637,0.25772127509117126
1789058868703373300,4.938373291015625,-0.7837368845939636,0.10937096178531647,0.11942572891712189
1789058868713384700,4.948384765625,-0.7625261545181274,0.11699505895376205,-0.0036402747500687838
1789058868723395600,4.9583955078125,-0.73119056224823,-0.007816910743713379,-0.17886482179164886
1789058868733406500,4.968406494140625,-0.7449154257774353,0.026033464819192886,0.051789429038763046
1789058868743417600,4.97841748046875,-0.7108197808265686,0.037287984043359756,-0.05780870467424393
1789058868753428500,4.988428466796875,-0.6316453218460083,-0.003918308764696121,-0.020979050546884537
1789058868763439400,4.998439453125,-0.5297549366950989,-0.015901468694210052,0.0010932276491075754
1789058868773451500,5.008451416015625,-0.49050846695899963,-0.03474173694849014,0.05384166166186333
1789058868783462400,5.01846240234375,-0.456074595451355,-0.031090540811419487,-0.030531277880072594
1789058868793473500,5.0284736328125,-0.4339900612831116,-0.007771636825054884,0.03144687041640282
1789058868803484400,5.038484375,-0.35423824191093445,-0.05114227905869484,-0.013648700900375843
1789058868813495600,5.04849560546875,-0.29421138763427734,-0.04635018855333328,0.02237747795879841
1789058868823506700,5.058506591796875,-0.2721489667892456,-0.07903436571359634,-0.0035353463608771563
1789058868833517600,5.068517578125,-0.29286807775497437,-0.011228419840335846,0.0007821703911758959
1789058868843529500,5.078529541015625,-0.33457985520362854,-0.006206230726093054,-0.024506142362952232
1789058868853540400,5.088540283203125,-0.20831458270549774,-0.07776350528001785,-0.16961219906806946
1789058868863551700,5.0985517578125,-0.19214387238025665,-0.07181107252836227,-0.03873221576213837
1789058868873562600,5.108562744140625,-0.2627541422843933,-0.053340718150138855,-0.03610820323228836
1789058868883573500,5.118573486328125,-0.36314064264297485,0.007191067561507225,0.01979500986635685
1789058868893584400,5.12858447265625,-0.2819523215293884,-0.0752611979842186,0.0116188395768404
1789058868903595500,5.138595458984375,-0.2693052291870117,-0.09733587503433228,0.06760008633136749
1789058868913606700,5.148606689453125,-0.30980658531188965,-0.09809087961912155,-0.011711783707141876
1789058868923618600,5.15861865234375,-0.34233176708221436,-0.035054389387369156,-0.045275866985321045
1789058868933629400,5.16862939453125,-0.2777807414531708,-0.11973119527101517,-0.09416777640581131
1789058868943640600,5.178640625,-0.265095591545105,-0.13413463532924652,0.0454242080450058
1789058868953651500,5.1886513671875,-0.3115035593509674,-0.1069437637925148,0.013640444725751877
1789058868963662600,5.19866259765625,-0.27114948630332947,-0.1519479900598526,-0.06507594138383865
1789058868973673500,5.208673583984375,-0.2828487455844879,-0.11295478045940399,0.04494670033454895
1789058868983684600,5.2186845703125,-0.36485812067985535,-0.05542890354990959,0.1920972764492035
1789058868993696500,5.228696533203125,-0.3109184503555298,-0.06710659712553024,0.07081904262304306
1789058869003707600,5.238707763671875,-0.18086911737918854,-0.1820283979177475,-0.06977535039186478
1789058869013718500,5.248718505859375,-0.24193406105041504,-0.1278218775987625,0.021044299006462097
1789058869023729700,5.258729736328125,-0.2739119827747345,-0.08937861770391464,0.1288759559392929
1789058869033740500,5.268740478515625,-0.16531279683113098,-0.11989204585552216,0.1409432739019394
1789058869043751400,5.27875146484375,-0.05668032169342041,-0.2360767126083374,-0.1270841807126999
1789058869053762600,5.288762451171875,-0.08577588945627213,-0.17448657751083374,-0.055819589644670486
1789058869063774500,5.2987744140625,-0.15379196405410767,-0.08995092660188675,-0.060681454837322235
1789058869073785600,5.30878564453125,-0.0944167822599411,-0.1184677928686142,-0.002126534003764391
1789058869083796500,5.31879638671875,-0.0067604342475533485,-0.1626158058643341,-0.10077321529388428
1789058869093807600,5.3288076171875,-0.01781734637916088,-0.09689006209373474,0.15918725728988647
1789058869103819500,5.338819580078125,-0.019509784877300262,-0.10695414990186691,-0.022469090297818184
1789058869113830700,5.34883056640625,-0.0024080302100628614,-0.1242966502904892,-0.036131903529167175
1789058869123841800,5.358841796875,-0.07477837055921555,-0.0910034105181694,-0.0075796227902174
1789058869133852700,5.368852783203125,-0.148278146982193,-0.00037923414492979646,0.17654147744178772
1789058869143864600,5.378864501953125,-0.06662803143262863,-0.1616237759590149,0.1090625673532486
1789058869153875700,5.388875732421875,-0.04498904570937157,-0.13374261558055878,0.15555283427238464
1789058869163886600,5.398886474609375,-0.14777907729148865,-0.0860387459397316,0.2013847827911377
1789058869173897700,5.408897705078125,-0.14445970952510834,-0.13404595851898193,0.03695695102214813
1789058869183908600,5.41890869140625,-0.11565389484167099,-0.1300133913755417,-0.05468934401869774
1789058869193919700,5.428919677734375,-0.17150092124938965,-0.06920117884874344,-0.0817800834774971
1789058869203930600,5.4389306640625,-0.10423053056001663,-0.08556976169347763,0.0622178353369236
1789058869213941500,5.44894140625,-0.054365236312150955,-0.1225658655166626,0.14335663616657257
1789058869223953700,5.45895361328125,-0.06349401921033859,-0.0912763848900795,0.08254547417163849
1789058869233964800,5.46896484375,-0.08087940514087677,-0.12554940581321716,0.04939045384526253
1789058869243975700,5.4789755859375,-0.08941882848739624,-0.08573327958583832,-0.11416438966989517
1789058869253986600,5.488986572265625,-0.17444556951522827,-0.029980270192027092,-0.13526222109794617
1789058869263997400,5.49899755859375,-0.18705883622169495,-0.0054885088466107845,-0.05756795406341553
1789058869274008800,5.5090087890625,-0.11786511540412903,-0.02322915568947792,0.18787881731987
1789058869284019700,5.519019775390625,-0.052562810480594635,-0.09324712306261063,0.16609123349189758
1789058869294031600,5.529031494140625,0.019813917577266693,-0.18915927410125732,0.005764412228018045
1789058869304042500,5.53904248046875,-0.024107467383146286,-0.18583936989307404,-0.014279336668550968
1789058869314054000,5.549053955078125,-0.15110856294631958,-0.09043748676776886,0.020068516954779625
1789058869324064800,5.559064697265625,-0.16925986111164093,-0.05306348577141762,-0.017586451023817062
1789058869334075600,5.56907568359375,-0.08592209964990616,-0.01824291981756687,0.058640144765377045
1789058869344086500,5.57908642578125,-0.049367815256118774,-0.08331912755966187,-0.06488551944494247
1789058869354097700,5.58909765625,-0.0749320313334465,-0.03491031378507614,0.1462072730064392
1789058869364109800,5.59910986328125,-0.006883206311613321,-0.0644969642162323,0.10077774524688721
1789058869374120700,5.60912060546875,-0.025771409273147583,-0.049912430346012115,0.26504257321357727
1789058869384131600,5.619131591796875,0.007369499187916517,-0.1604570597410202,0.009977532550692558
1789058869394142700,5.629142822265625,-0.02815653756260872,-0.1486762911081314,-0.07913423329591751
1789058869404153600,5.639153564453125,-0.0693572387099266,-0.05706088989973068,0.014610634185373783
1789058869414164500,5.64916455078125,-0.1137010008096695,-0.06940943747758865,0.07047709822654724
1789058869424175600,5.659175537109375,-0.08823824673891068,-0.06948933005332947,0.13057026267051697
1789058869434187800,5.669187744140625,-0.0166772473603487,-0.12063853442668915,0.049245577305555344
1789058869444198700,5.67919873046875,-0.02274898812174797,-0.06883552670478821,0.2069886028766632
1789058869454209500,5.68920947265625,-0.04580503702163696,-0.11286396533250809,-0.18637414276599884
1789058869464219600,5.6992197265625,-0.05585820600390434,-0.09342662245035172,-0.12640933692455292
1789058869474230800,5.709230712890625,0.033009614795446396,-0.15083372592926025,-0.1698974221944809
1789058869484242700,5.71924267578125,0.004354268312454224,-0.0370568223297596,0.09111339598894119
1789058869494253600,5.729253662109375,-0.016207998618483543,-0.09409826993942261,0.13805854320526123
1789058869504264700,5.7392646484375,0.09498776495456696,-0.04628227651119232,0.00965529028326273
1789058869514275600,5.749275634765625,0.0646708682179451,-0.00823928788304329,0.06884218007326126
1789058869524286700,5.75928662109375,0.11803236603736877,-0.0784362182021141,-0.1285467892885208
1789058869534297600,5.769297607421875,0.13563399016857147,-0.029885195195674896,-0.052190233021974564
1789058869544308700,5.779308837890625,0.12895052134990692,-0.05517084524035454,-0.00042504051816649735
1789058869554320600,5.789320556640625,0.18139348924160004,-0.07584656029939651,0.0460955910384655
1789058869564331800,5.799331787109375,0.17021727561950684,0.006360427476465702,0.00748960766941309
1789058869574342700,5.8093427734375,0.16033241152763367,-0.07347235083580017,-0.09091552346944809
1789058869584353800,5.819353759765625,0.17863978445529938,-0.02215403877198696,0.020265057682991028
1789058869594364700,5.82936474609375,0.10763351619243622,0.008379636332392693,0.10199906677007675
1789058869604375600,5.83937548828125,0.09063642472028732,-0.0528099499642849,-0.08639054745435715
1789058869614386400,5.849386474609375,0.08744382858276367,-0.046234339475631714,0.01906983181834221
1789058869624398600,5.859398681640625,-0.016698552295565605,0.05487709864974022,0.08191058039665222
1789058869634409700,5.86940966796875,-0.0006644586683250964,-0.03134886920452118,0.0297927837818861
1789058869644420600,5.879420654296875,-0.07679038494825363,0.01612197794020176,0.10516317188739777
1789058869654431500,5.889431396484375,-0.210757777094841,0.025463014841079712,0.03724563866853714
1789058869664442600,5.899442626953125,-0.23486976325511932,-0.006982542108744383,-0.012375443242490292
1789058869674453800,5.909453857421875,-0.31397417187690735,-0.1002776026725769,-0.15988554060459137
1789058869684464600,5.919464599609375,-0.4292546808719635,0.01738431677222252,0.08254814147949219
1789058869694476500,5.9294765625,-0.4040292203426361,-0.0643632784485817,-0.03530845418572426
1789058869704487700,5.93948779296875,-0.4608248770236969,-0.09372808784246445,-0.0827484056353569
1789058869714498800,5.949498779296875,-0.5288007259368896,-0.0916079506278038,-0.07546067237854004
1789058869724509700,5.959509765625,-0.5515158772468567,-0.05851204693317413,0.06445622444152832
1789058869734520600,5.9695205078125,-0.5135826468467712,-0.11760652810335159,-0.06579872220754623
1789058869744531700,5.97953173828125,-0.4576224088668823,-0.14367221295833588,-0.05558150261640549
1789058869754542600,5.98954248046875,-0.48591291904449463,-0.15652969479560852,-0.11248499900102615
1789058869764553500,5.999553466796875,-0.5161885023117065,-0.0538451224565506,0.1296306997537613
1789058869774565600,6.009565673828125,-0.4745960831642151,-0.07762635499238968,0.031199198216199875
1789058869784576800,6.01957666015625,-0.32040756940841675,-0.10288483649492264,0.020482905209064484
1789058869794587600,6.029587646484375,-0.20468735694885254,-0.20183858275413513,-0.11514309793710709
1789058869804598500,6.0395986328125,-0.23519307374954224,-0.1934802532196045,-0.024921860545873642
1789058869814609700,6.049609619140625,-0.23459438979625702,-0.1366710364818573,0.0945371612906456
1789058869824620800,6.059620849609375,-0.19414576888084412,-0.09945201873779297,0.15383882820606232
1789058869834631700,6.069631591796875,-0.03157550469040871,-0.22689732909202576,-0.1115688756108284
1789058869844643600,6.0796435546875,-0.016321714967489243,-0.18690836429595947,-0.10003844648599625
1789058869854654500,6.089654541015625,-0.024692563340067863,-0.19582782685756683,-0.09362316131591797
1789058869864665900,6.099665771484375,-0.04030534625053406,-0.14301307499408722,-0.051832571625709534
1789058869874676700,6.1096767578125,0.012457734905183315,-0.1827802062034607,0.1291385442018509
1789058869884687600,6.1196875,0.07432163506746292,-0.2046183943748474,-0.03809944912791252
1789058869894698500,6.129698486328125,0.0907948836684227,-0.2031983882188797,-0.09176453948020935
1789058869904709600,6.139709716796875,0.005047223065048456,-0.19590479135513306,-0.04590197652578354
1789058869914721800,6.1497216796875,0.030519826337695122,-0.15408331155776978,0.06258135288953781
1789058869924732700,6.159732666015625,0.05128129571676254,-0.20666448771953583,-0.02208719216287136
1789058869934743600,6.16974365234375,0.049488455057144165,-0.2288225293159485,-0.005403287708759308
1789058869944754700,6.179754638671875,0.07258978486061096,-0.2032998502254486,0.1021420806646347
1789058869954765600,6.189765625,0.05317773297429085,-0.21417753398418427,0.0638199895620346
1789058869964776700,6.199776611328125,0.08023891597986221,-0.2343648374080658,-0.04746898263692856
1789058869974787800,6.209787841796875,0.08039630204439163,-0.19031241536140442,0.057925619184970856
1789058869984798700,6.219798828125,0.13915042579174042,-0.1926402896642685,0.13149172067642212
1789058869994810600,6.229810546875,0.2145218849182129,-0.20430120825767517,0.017726266756653786
1789058870004821500,6.239821533203125,0.2619525194168091,-0.2352532595396042,-0.056166864931583405
1789058870014832600,6.24983251953125,0.3023050129413605,-0.18450592458248138,0.06665519624948502
1789058870024843800,6.25984375,0.252918541431427,-0.1623114049434662,0.13487446308135986
1789058870034854700,6.269854736328125,0.28835296630859375,-0.10898267477750778,0.12250248342752457
1789058870044865500,6.279865478515625,0.358124315738678,-0.15391552448272705,-0.03515106439590454
1789058870054876700,6.289876708984375,0.37601545453071594,-0.1873222291469574,-0.031151793897151947
1789058870064888800,6.299888916015625,0.3301488757133484,-0.14813406765460968,-0.12252777814865112
1789058870074899700,6.309899658203125,0.27607977390289307,-0.049623213708400726,-0.008729043416678905
1789058870084910600,6.31991064453125,0.2630196511745453,-0.11229751259088516,0.10063979029655457
1789058870094922000,6.329921875,0.33870455622673035,-0.12031576037406921,0.30925852060317993
1789058870104933000,6.33993310546875,0.2828846871852875,-0.10632137954235077,0.1252756267786026
1789058870114944000,6.349944091796875,0.2905255854129791,-0.12088913470506668,-0.0625629797577858
1789058870124955000,6.359954833984375,0.29753395915031433,-0.1140781044960022,-0.010539726354181767
1789058870134966000,6.369966064453125,0.27250370383262634,-0.03592897206544876,0.05551945045590401
1789058870144978000,6.37997802734375,0.239056795835495,-0.04709853604435921,0.04282229766249657
1789058870154989000,6.389989013671875,0.2606760561466217,-0.05178489908576012,0.0594492107629776
1789058870165000000,6.4,0.25519129633903503,-0.04770307242870331,0.009808954782783985
1789058870175010800,6.4100107421875,0.2449471652507782,-0.05714983865618706,-0.04631530120968819
1789058870185022200,6.420022216796875,0.2127319723367691,-0.025717081502079964,0.06992022693157196
1789058870195033000,6.430033203125,0.21060623228549957,-0.033542513847351074,-0.10232264548540115
1789058870205044000,6.4400439453125,0.18989670276641846,-0.02803616225719452,-0.14085085690021515
1789058870215056000,6.450055908203125,0.19156117737293243,-0.04977341368794441,-0.14928695559501648
1789058870225067300,6.4600673828125,0.16778580844402313,-0.02317695878446102,-0.05318865180015564
1789058870235078100,6.470078125,0.15389448404312134,-0.02985296957194805,0.09721869230270386
1789058870245089000,6.480089111328125,0.164079487323761,0.045530468225479126,0.19041362404823303
1789058870255100000,6.490099853515625,0.10934167355298996,-0.006081860978156328,-0.025064872577786446
1789058870265111000,6.500111083984375,0.12512142956256866,-0.04559385031461716,-0.11020214110612869
1789058870275122000,6.510121826171875,0.10443133115768433,-0.00155262288171798,0.17237603664398193
1789058870285134000,6.520134033203125,0.073252372443676,-0.05710136890411377,-0.024778584018349648
1789058870295145000,6.53014501953125,0.013250557705760002,-0.004388356581330299,-0.13266323506832123
1789058870305156000,6.540156005859375,-0.012559467926621437,-0.03594415262341499,-0.08826354891061783
1789058870315167000,6.5501669921875,-0.026975158601999283,-0.000538491178303957,0.14613936841487885
1789058870325178000,6.56017822265625,0.00797137338668108,-0.03620274364948273,0.11124556511640549
1789058870335189000,6.57018896484375,0.00743155088275671,-0.13625317811965942,-0.18940187990665436
1789058870345200000,6.5802001953125,-0.10289256274700165,0.042519498616456985,-0.10991158336400986
1789058870355211000,6.5902109375,-0.15426254272460938,-0.012545619159936905,-0.07780291885137558
1789058870365223000,6.600222900390625,-0.04198366776108742,-0.04332536831498146,-0.0319046713411808
1789058870375234000,6.610234130859375,-0.11639531701803207,-0.022412098944187164,-0.04857765510678291
1789058870385245200,6.6202451171875,-0.19265998899936676,-0.037576936185359955,-0.02598685957491398
1789058870395256000,6.630256103515625,-0.13147467374801636,-0.005681854207068682,0.052264802157878876
1789058870405267000,6.640266845703125,-0.13728435337543488,-0.030857514590024948,-0.07195089012384415
1789058870415278000,6.650278076171875,-0.11576654762029648,-0.08339422941207886,-0.11670850962400436
1789058870425289000,6.6602890625,-0.03882782161235809,-0.07776430249214172,0.24240118265151978
1789058870435301000,6.670301025390625,-0.10465504229068756,-0.06058664619922638,0.13323555886745453
1789058870445312000,6.68031201171875,-0.14613963663578033,0.015218900516629219,-0.10824710875749588
1789058870455323000,6.690322998046875,-0.13924391567707062,0.018377941101789474,-0.14642485976219177
1789058870465334000,6.700333984375,-0.04050907492637634,-0.009134909138083458,-0.10824152082204819
1789058870475345200,6.71034521484375,0.03287752345204353,-0.02135349251329899,0.00809334684163332
1789058870485356000,6.72035595703125,0.04975157603621483,-0.05763666331768036,0.20236429572105408
1789058870495367200,6.7303671875,0.021770276129245758,-0.07250536233186722,0.20300690829753876
1789058870505378000,6.7403779296875,-0.07107098400592804,0.05204935371875763,-0.01967330276966095
1789058870515390000,6.750389892578125,-0.12222391366958618,0.053529538214206696,0.007505853194743395
1789058870525401000,6.760401123046875,-0.08444750308990479,-0.02640444226562977,-0.116951122879982
1789058870535412000,6.770411865234375,-0.11373268812894821,0.025652898475527763,0.04297516494989395
1789058870545423000,6.780423095703125,-0.11618945747613907,-0.0337102934718132,0.11809974163770676
1789058870555434000,6.79043408203125,-0.1197197437286377,-0.10240360349416733,-0.07213251292705536
1789058870565444900,6.80044482421875,-0.1402260810136795,-0.09844108670949936,-0.09693373739719391
1789058870575456300,6.810456298828125,-0.19600199162960052,-0.004517786670476198,0.06565011292695999
1789058870585468200,6.82046826171875,-0.2699073851108551,-0.017950771376490593,0.029709426686167717
1789058870595479000,6.83047900390625,-0.2578757405281067,-0.0009257147903554142,0.0064895907416939735
1789058870605490000,6.840489990234375,-0.12985973060131073,-0.0881735309958458,0.04475681856274605
1789058870615500800,6.850500732421875,-0.10783591866493225,-0.09412863105535507,-0.027879035100340843
1789058870625512200,6.86051220703125,-0.14966405928134918,-0.07067177444696426,-0.09328174591064453
1789058870635523000,6.870523193359375,-0.11893464624881744,-0.08639480918645859,0.003087935270741582
1789058870645534000,6.880533935546875,-0.03881077840924263,-0.12008938938379288,0.06733802706003189
1789058870655545000,6.890545166015625,-0.10651152580976486,-0.08403658121824265,0.0367492251098156
1789058870665557200,6.90055712890625,-0.10135059058666229,-0.06307137757539749,0.04929244890809059
1789058870675568000,6.910568115234375,-0.09225083142518997,-0.11479395627975464,-0.10109040141105652
1789058870685579000,6.9205791015625,-0.03870105743408203,-0.06314541399478912,-0.09178104996681213
1789058870695590100,6.930590087890625,0.039796680212020874,-0.12810364365577698,-0.13060355186462402
1789058870705601000,6.94060107421875,0.09689965099096298,-0.14017921686172485,-0.11156167834997177
1789058870715612000,6.95061181640625,0.14266234636306763,-0.09495101124048233,-0.05096198245882988
1789058870725623000,6.960623046875,0.2577196955680847,-0.07628465443849564,0.34270569682121277
1789058870735635000,6.970635009765625,0.2474135160446167,-0.18901225924491882,0.08394017070531845
1789058870745646000,6.98064599609375,0.26000815629959106,-0.044686511158943176,0.05697087571024895
1789058870755657000,6.990656982421875,0.26115357875823975,-0.0578896664083004,0.05240941047668457
1789058870765667800,7.000667724609375,0.28651273250579834,-0.048827461898326874,0.00965822022408247
1789058870775679200,7.01067919921875,0.3473699390888214,-0.06872420012950897,-0.10559486597776413
1789058870785690000,7.020690185546875,0.43688225746154785,-0.09968291968107224,-0.11676523089408875
1789058870795701000,7.030700927734375,0.4170161485671997,-0.023151125758886337,0.044371191412210464
1789058870805712000,7.0407119140625,0.2997798025608063,0.006524478085339069,-0.04089896380901337
1789058870815724000,7.05072412109375,0.3685186505317688,-0.026458771899342537,0.015623967163264751
1789058870825735200,7.060735107421875,0.5684530735015869,-0.10582603514194489,0.07174502313137054
1789058870835746000,7.07074609375,0.46900424361228943,-0.06519205123186111,0.18585854768753052
1789058870845757000,7.0807568359375,0.33211109042167664,0.019702598452568054,0.06929385662078857
1789058870855768000,7.09076806640625,0.32531338930130005,-0.007322361227124929,-0.010046509094536304
1789058870865779000,7.100779052734375,0.35210877656936646,-0.04398476704955101,-0.11518890410661697
1789058870875790000,7.1107900390625,0.41134199500083923,-0.01571717858314514,-0.006610498297959566
1789058870885802000,7.120802001953125,0.3353779911994934,-0.04081933572888374,-0.07328939437866211
1789058870895812900,7.130812744140625,0.23536750674247742,0.028417792171239853,-0.0828099250793457
1789058870905824000,7.140823974609375,0.28523918986320496,0.008477640338242054,-0.07223425060510635
1789058870915835100,7.150835205078125,0.3064989447593689,0.05964948236942291,0.16179876029491425
1789058870925846000,7.160845947265625,0.23698697984218597,-0.013966149650514126,-0.0422515831887722
1789058870935857200,7.170857177734375,0.3015771508216858,-0.0057798586785793304,-0.09753934293985367
1789058870945868000,7.180867919921875,0.21246033906936646,0.010516024194657803,-0.11723661422729492
1789058870955879000,7.19087890625,0.17945444583892822,0.02088930271565914,-0.09210968762636185
1789058870965891000,7.20089111328125,0.22639133036136627,0.042022816836833954,-0.010368218645453453
1789058870975902200,7.210902099609375,0.26654353737831116,-0.015358449891209602,0.07438208907842636
1789058870985913000,7.2209130859375,0.20983046293258667,0.01260900218039751,0.10711100697517395
1789058870995924000,7.230924072265625,0.14133448898792267,0.046609312295913696,-0.05564648285508156
1789058871005934800,7.240934814453125,0.12860777974128723,0.06335367262363434,-0.04824475944042206
1789058871015946200,7.2509462890625,0.1444740891456604,0.05397694930434227,-0.013916614465415478
1789058871025957000,7.26095703125,0.10552322864532471,0.059361595660448074,-0.02924763411283493
1789058871035969000,7.270968994140625,0.03792634233832359,0.056783922016620636,-0.06186496466398239
1789058871045980000,7.28097998046875,0.04445641487836838,0.04611583054065704,-0.03632764890789986
1789058871055991000,7.290990966796875,0.0411146804690361,0.0531737394630909,0.08688829094171524
1789058871066002200,7.301002197265625,0.01721041277050972,0.050148654729127884,0.07154715061187744
1789058871076013000,7.311012939453125,-0.03666213899850845,0.014485465362668037,-0.009823069907724857
1789058871086024000,7.32102392578125,-0.06271851062774658,0.04332137480378151,0.09194803237915039
1789058871096034800,7.331034912109375,-0.11024688184261322,0.09668686240911484,0.019523367285728455
1789058871106045700,7.341045654296875,-0.06766986101865768,-0.005525792948901653,-0.08936077356338501
1789058871116057600,7.3510576171875,-0.05543582886457443,-0.02779248170554638,-0.192827507853508
1789058871126068500,7.361068359375,-0.13064828515052795,0.023792413994669914,0.0656874030828476
1789058871136080000,7.371079833984375,-0.11344879865646362,0.050873301923274994,0.05760230869054794
1789058871146090800,7.3810908203125,-0.12924720346927643,0.04604818671941757,-0.01805010624229908
1789058871156101600,7.3911015625,-0.14460670948028564,-0.049377404153347015,-0.09647434204816818
1789058871166112800,7.40111279296875,-0.07335357367992401,0.049015212804079056,0.16592025756835938
1789058871176123600,7.41112353515625,-0.0640849769115448,-0.07795818150043488,-0.027117371559143066
1789058871186134800,7.421134765625,-0.03439925238490105,-0.1345737874507904,-0.13749420642852783
1789058871196146700,7.431146728515625,-0.11603792011737823,0.039447806775569916,0.1267925649881363
1789058871206157600,7.441157470703125,-0.050816044211387634,-0.01878087781369686,0.164565771818161
1789058871216168700,7.451168701171875,-0.022291989997029305,-0.05915946140885353,0.11087964475154877
1789058871226179600,7.4611796875,-0.04037165641784668,0.011968512088060379,0.27418309450149536
1789058871236190700,7.471190673828125,-0.008461927995085716,-0.06452226638793945,0.05360383912920952
1789058871246201900,7.481201904296875,-0.0019630161114037037,-0.015308648347854614,-0.04399648681282997
1789058871256212700,7.491212646484375,0.07330537587404251,-0.042153578251600266,0.021627530455589294
1789058871266224600,7.501224609375,0.17096109688282013,-0.06282077729701996,0.006101568229496479
1789058871276235500,7.511235595703125,0.15294480323791504,-0.021915152668952942,0.07733340561389923
1789058871286246700,7.52124658203125,0.17293262481689453,-0.007031810469925404,0.08123733103275299
1789058871296257800,7.5312578125,0.1597747504711151,0.013354421593248844,-0.023416642099618912
1789058871306268700,7.5412685546875,0.11378461867570877,0.02226509153842926,-0.0683276578783989
1789058871316279600,7.551279541015625,0.19620946049690247,0.006352704484015703,-0.13373862206935883
1789058871326290700,7.561290771484375,0.2841379940509796,0.0284633319824934,0.05191619321703911
1789058871336301800,7.5713017578125,0.2942561209201813,-0.03545466437935829,-0.04303561896085739
1789058871346313700,7.581313720703125,0.25406715273857117,0.035039741545915604,0.004032558295875788
1789058871356324600,7.59132470703125,0.3297952115535736,-0.03471750020980835,0.030058300122618675
1789058871366335700,7.601335693359375,0.3415727913379669,-0.00016058860637713224,0.04012185335159302
1789058871376346600,7.6113466796875,0.273206502199173,-0.06868132948875427,-0.12359251081943512
1789058871386357800,7.621357666015625,0.2658231556415558,0.11676310002803802,0.15551182627677917
1789058871396368600,7.63136865234375,0.2792406976222992,0.01889406330883503,-0.02689073607325554
1789058871406379800,7.6413798828125,0.2193419337272644,0.07934462279081345,-0.06745866686105728
1789058871416390700,7.651390625,0.2659933269023895,0.09220289438962936,0.005005144979804754
1789058871426402800,7.66140283203125,0.34696221351623535,0.03696121275424957,-0.0008841694798320532
1789058871436413700,7.67141357421875,0.4197509288787842,0.010583136230707169,0.022948725149035454
1789058871446424800,7.6814248046875,0.35133060812950134,0.042274218052625656,0.03460804373025894
1789058871456435700,7.691435791015625,0.31272223591804504,0.09318666905164719,0.07935687154531479
1789058871466446600,7.701446533203125,0.29888418316841125,0.113048255443573,-0.10453306883573532
1789058871476457500,7.71145751953125,0.256914883852005,0.09004014730453491,-0.11349939554929733
1789058871486468900,7.72146875,0.2567545473575592,0.10603135824203491,0.06385567784309387
1789058871496480800,7.731480712890625,0.3301805853843689,0.011272894218564034,0.035710059106349945
1789058871506491600,7.74149169921875,0.3117925226688385,-0.008925051428377628,-0.1314227432012558
1789058871516502500,7.75150244140625,0.25043541193008423,0.08301685750484467,0.06437366455793381
1789058871526514000,7.761513916015625,0.19566404819488525,0.08800522238016129,0.03068707324564457
1789058871536524800,7.77152490234375,0.20544689893722534,0.12416322529315948,0.12067422270774841
1789058871546535700,7.78153564453125,0.18663965165615082,0.12033066898584366,0.004400873556733131
1789058871556546800,7.791546875,0.2530900537967682,0.15128405392169952,0.11852824687957764
1789058871566557700,7.8015576171875,0.27964097261428833,0.04192508012056351,-0.08180458843708038
1789058871576569900,7.81156982421875,0.26852279901504517,0.08102108538150787,-0.10805775970220566
1789058871586580700,7.821580810546875,0.32003340125083923,0.050098054111003876,-0.03648264333605766
1789058871596591600,7.831591552734375,0.2702626585960388,0.16990861296653748,0.10866895318031311
1789058871606602800,7.841602783203125,0.24127785861492157,0.12661093473434448,0.06739768385887146
1789058871616613600,7.851613525390625,0.12289050221443176,0.2219310700893402,-0.06300453096628189
1789058871626624500,7.86162451171875,0.1369706392288208,0.20102259516716003,0.016923323273658752
1789058871636636000,7.871635986328125,0.29928895831108093,0.041967954486608505,-0.11367277055978775
1789058871646646800,7.881646728515625,0.2720072865486145,0.054788678884506226,0.024960743263363838
1789058871656658700,7.89165869140625,0.07077536731958389,0.10534054040908813,0.0041313618421554565
1789058871666669600,7.901669677734375,0.09039753675460815,0.11779320985078812,0.032932382076978683
1789058871676680700,7.9116806640625,0.08290153741836548,0.11037977039813995,0.06598247587680817
1789058871686691800,7.92169189453125,0.03032594732940197,0.12113015353679657,0.1825658231973648
1789058871696702700,7.93170263671875,-0.013125655241310596,0.12285587936639786,0.2360394299030304
1789058871706713600,7.941713623046875,-0.10911396890878677,0.1674177497625351,0.18062064051628113
1789058871716724700,7.951724853515625,-0.14228789508342743,0.09304791688919067,0.0520019493997097
1789058871726735600,7.961735595703125,-0.16898636519908905,0.07928124070167542,-0.05693252384662628
1789058871736747800,7.971747802734375,-0.18949270248413086,0.09856412559747696,0.08368424326181412
1789058871746758700,7.981758544921875,-0.24236923456192017,0.11819002032279968,0.15923652052879333
1789058871756769500,7.99176953125,-0.28676652908325195,0.08414710313081741,0.060981329530477524
1789058871766780700,8.00178076171875,-0.32916030287742615,0.0786905512213707,0.08315613865852356
1789058871776791800,8.011791748046875,-0.3498613238334656,0.06916309148073196,0.06950557231903076
1789058871786802700,8.021802734375,-0.37094372510910034,0.018747322261333466,-0.03664509579539299
1789058871796813800,8.031813720703125,-0.42830580472946167,0.05146905034780502,-0.07337408512830734
1789058871806825700,8.04182568359375,-0.38619670271873474,0.012079832144081593,-0.08037260174751282
1789058871816836600,8.051836669921874,-0.40612247586250305,0.04506734386086464,0.0735008493065834
1789058871826847700,8.06184765625,-0.3672808110713959,-0.06882460415363312,-0.19792479276657104
1789058871836858600,8.071858642578125,-0.4101574420928955,0.018690597265958786,0.01726793684065342
1789058871846869800,8.081869873046875,-0.36013367772102356,-0.032698292285203934,-0.026330141350626945
1789058871856880600,8.091880615234375,-0.39718863368034363,0.10591551661491394,0.10438606142997742
1789058871866891500,8.1018916015625,-0.2846676707267761,-0.0927714854478836,-0.10989347845315933
1789058871876902700,8.111902587890626,-0.25200268626213074,-0.005520200356841087,0.05355643481016159
1789058871886914800,8.121914794921874,-0.21059904992580414,-0.012232431210577488,0.09064441174268723
1789058871896925700,8.13192578125,-0.17508846521377563,-0.043361589312553406,0.09212007373571396
1789058871906936600,8.1419365234375,-0.12691587209701538,0.06011553481221199,0.1101004034280777
1789058871916947700,8.15194775390625,-0.06737131625413895,0.018610170111060143,-0.05943349748849869
1789058871926958800,8.161958740234375,0.06646157801151276,-0.10965406149625778,-0.059130165725946426
1789058871936969700,8.1719697265625,0.05559428781270981,0.012688364833593369,0.033847976475954056
1789058871946980600,8.181980712890624,0.0725860521197319,-0.027280356734991074,0.0962330624461174
1789058871956991700,8.19199169921875,0.13012923300266266,0.0021899172570556402,0.12628284096717834
1789058871967003600,8.202003662109375,0.08606298267841339,-0.03615400940179825,-0.08357798308134079
1789058871977014800,8.212014892578125,0.09906985610723495,-0.03513002395629883,-0.1668238788843155
1789058871987025700,8.222025634765625,0.07415678352117538,0.013249492272734642,-0.09194456785917282
1789058871997036800,8.232036865234376,0.06590843945741653,-0.03582031652331352,-0.10467314720153809
1789058872007047700,8.242047607421876,0.09837450832128525,0.025838786736130714,0.10253755748271942
1789058872017058600,8.25205859375,0.1259579360485077,-0.019952403381466866,0.13168399035930634
1789058872027069700,8.262069580078125,0.14006683230400085,-0.05949794873595238,0.003087668912485242
1789058872037080800,8.272080810546875,0.0941198393702507,-0.05072682723402977,-0.07898669689893723
1789058872047092700,8.2820927734375,0.07872384041547775,-0.05972830951213837,-0.14034326374530792
1789058872057103600,8.292103515625,0.10343531519174576,0.007522897329181433,-0.0011763182701542974
1789058872067114500,8.302114501953126,0.07688013464212418,-0.033196836709976196,-0.013323528692126274
1789058872077126000,8.3121259765625,0.09485220909118652,-0.037579331547021866,0.034398455172777176
1789058872087136800,8.32213671875,0.1277606189250946,-0.022485867142677307,0.05225148797035217
1789058872097147100,8.332147216796875,0.1289428025484085,-0.04268568009138107,0.0026820695493370295
1789058872107158500,8.342158447265625,0.14452442526817322,-0.04180150851607323,0.02827797643840313
1789058872117169400,8.35216943359375,0.12118208408355713,-0.0037670412566512823,0.07447343319654465
1789058872127181300,8.362181396484376,0.12311767041683197,-0.004963066894561052,0.07530780136585236
1789058872137192200,8.372192138671876,0.1357639580965042,-0.024709073826670647,-0.044315800070762634
1789058872147203300,8.382203369140624,0.20640456676483154,-0.03947949782013893,0.024705613031983376
1789058872157214500,8.39221435546875,0.2283460944890976,-0.03445864096283913,0.04025927186012268
1789058872167225300,8.402225341796875,0.18508782982826233,0.004766792058944702,0.04170030727982521
1789058872177236200,8.412236328125,0.17089077830314636,-0.01943095587193966,0.04439515992999077
1789058872187247400,8.422247314453125,0.1760900765657425,-0.0325334407389164,0.043964263051748276
1789058872197258200,8.43225830078125,0.1576889604330063,-0.003177683800458908,0.07385238260030746
1789058872207270400,8.4422705078125,0.1110474243760109,-0.042158372700214386,-0.023199329152703285
1789058872217281300,8.45228125,0.09910953789949417,-0.008855809457600117,0.05054333433508873
1789058872227292400,8.46229248046875,0.10139159858226776,0.024475781247019768,0.0341009795665741
1789058872237303300,8.47230322265625,0.11679159849882126,0.00245090713724494,0.002454369328916073
1789058872247314200,8.482314208984375,0.1359059065580368,-0.0577184222638607,-0.13549284636974335
1789058872257325300,8.4923251953125,0.15745887160301208,0.02792244404554367,-0.03621499612927437
1789058872267336400,8.50233642578125,0.19432073831558228,-0.02425766922533512,-0.07747428864240646
1789058872277348400,8.512348388671874,0.26865968108177185,-0.004223507363349199,0.007321029901504517
1789058872287359200,8.522359130859375,0.28502535820007324,0.020321782678365707,0.014030331745743752
1789058872297370400,8.532370361328125,0.3408377468585968,0.045280396938323975,0.050689008086919785
1789058872307381500,8.542381591796875,0.412739634513855,0.028847893700003624,0.0678299143910408
1789058872317392400,8.552392333984375,0.422861784696579,0.0476042702794075,0.04230378195643425
1789058872327403300,8.5624033203125,0.37599867582321167,0.17617610096931458,0.16660842299461365
1789058872337414100,8.5724140625,0.32192477583885193,0.06489857286214828,-0.23891058564186096
1789058872347425300,8.58242529296875,0.3692866861820221,0.12026835232973099,-0.29257380962371826
1789058872357437400,8.5924375,0.4597628116607666,0.10826309025287628,0.06872420012950897
1789058872367448300,8.6024482421875,0.5306409597396851,0.0574563667178154,0.18994782865047455
1789058872377459200,8.612459228515625,0.38186347484588623,0.12069525569677353,0.14654763042926788
1789058872387470300,8.62247021484375,0.3153800666332245,0.17581789195537567,0.018907377496361732
1789058872397481500,8.6324814453125,0.26296213269233704,0.24142833054065704,0.09803495556116104
1789058872407492400,8.642492431640624,0.20330491662025452,0.1293974071741104,-0.10779251158237457
1789058872417503200,8.652503173828125,0.15758110582828522,0.15551795065402985,-0.10323024541139603
1789058872427514400,8.662514404296875,0.13682761788368225,0.1253427416086197,0.025685124099254608
1789058872437526300,8.6725263671875,0.06548473238945007,0.2098701447248459,0.1577286422252655
1789058872447537400,8.682537353515626,-0.0425458624958992,0.17103326320648193,0.03146924450993538
1789058872457548300,8.69254833984375,0.030825024470686913,0.11964970082044601,-0.06461095064878464
1789058872467559400,8.702559326171874,-0.017377391457557678,0.13433730602264404,0.102754607796669
1789058872477570300,8.7125703125,-0.08017366379499435,0.038188397884368896,-0.20482078194618225
1789058872487581200,8.722581298828125,-0.1251877397298813,0.11328154802322388,-0.25948455929756165
1789058872497592300,8.73259228515625,-0.2030218243598938,0.1122296005487442,-0.05548642948269844
1789058872507603500,8.742603515625,-0.1737382411956787,0.13683614134788513,0.06299334764480591
1789058872517615400,8.752615478515626,-0.20209823548793793,0.08683449774980545,0.06913565844297409
1789058872527626200,8.762626220703124,-0.31041592359542847,0.14402854442596436,0.07750331610441208
1789058872537637000,8.77263720703125,-0.3325395882129669,0.1486896127462387,0.09425273537635803
1789058872547648500,8.7826484375,-0.30900925397872925,0.10807081311941147,-0.015634620562195778
1789058872557659400,8.792659423828125,-0.3248249590396881,0.06498964875936508,-0.0832860991358757
1789058872567670300,8.802670166015625,-0.3341907560825348,0.04313255846500397,-0.0489017628133297
1789058872577681400,8.812681396484376,-0.3459845781326294,0.056046489626169205,0.05961645767092705
1789058872587692300,8.8226923828125,-0.34203484654426575,0.056593503803014755,-0.015117966569960117
1789058872597704400,8.832704345703124,-0.3628016412258148,0.0776657685637474,-0.14887523651123047
1789058872607715300,8.84271533203125,-0.33466774225234985,0.024270452558994293,-0.12226545810699463
1789058872617726200,8.852726318359375,-0.33248794078826904,0.09574330598115921,0.12029258906841278
1789058872627737300,8.8627373046875,-0.3294535279273987,0.034572359174489975,0.15292111039161682
1789058872637748200,8.872748291015625,-0.25413668155670166,0.14339017868041992,0.2177533656358719
1789058872647759400,8.88275927734375,-0.25586798787117004,-0.023437149822711945,-0.22982947528362274
1789058872657770500,8.8927705078125,-0.21587690711021423,-0.034689802676439285,-0.24150343239307404
1789058872667781400,8.902781494140624,-0.19045622646808624,0.020891433581709862,-0.11868883669376373
1789058872677793300,8.912793212890625,-0.15827539563179016,0.01636805385351181,0.03652258962392807
1789058872687804200,8.92280419921875,-0.1742599457502365,-0.000824248360004276,-0.012045477516949177
1789058872697815300,8.932815185546875,-0.12291793525218964,0.06339548528194427,0.21957150101661682
1789058872707826400,8.942826416015626,-0.08114784955978394,0.08901242911815643,0.026456907391548157
1789058872717837300,8.95283740234375,-0.023441409692168236,0.019640812650322914,-0.03895219415426254
1789058872727848200,8.96284814453125,-0.011356784030795097,0.013397830538451672,-0.147622749209404
1789058872737859300,8.972859375,0.02623985894024372,0.03067988157272339,0.07978803664445877
1789058872747870200,8.9828701171875,0.07046777755022049,0.03220054507255554,-0.0533582977950573
1789058872757882400,8.99288232421875,0.010156497359275818,0.040712274610996246,0.015279087238013744
1789058872767893200,9.002893310546876,0.020474914461374283,0.08303629606962204,0.052489571273326874
1789058872777904400,9.012904296875,0.0345342755317688,0.025954635813832283,0.04170030727982521
1789058872787915300,9.022915283203124,0.10169892758131027,-0.01894306391477585,0.031317975372076035
1789058872797926400,9.032926513671875,0.127188578248024,-0.02930782176554203,-0.05728885531425476
1789058872807937300,9.042937255859375,-0.011830028146505356,0.09045054018497467,0.06977561861276627
1789058872817948400,9.052948486328125,0.0253442395478487,-0.015305186621844769,-0.19272178411483765
1789058872827959300,9.062959228515625,0.03631992265582085,0.01787327229976654,-0.1350049525499344
1789058872837971200,9.07297119140625,0.07443588227033615,0.0051779840141534805,0.026791134849190712
1789058872847982300,9.082982421875,0.08343496918678284,0.02791711874306202,0.1950720250606537
1789058872857993500,9.092993408203125,0.04987568035721779,0.04998460412025452,0.13669313490390778
1789058872868004400,9.10300439453125,0.05064693093299866,-0.047751810401678085,-0.058341335505247116
1789058872878015200,9.11301513671875,0.13699327409267426,0.046727292239665985,-0.008923187851905823
1789058872888026000,9.123026123046875,0.11227700859308243,0.00920068845152855,-0.05151698738336563
1789058872898037500,9.13303759765625,0.17680060863494873,0.03398992493748665,-0.035825375467538834
1789058872908048400,9.14304833984375,0.1873326152563095,0.04378849267959595,-0.021344436332583427
1789058872918060300,9.153060302734374,0.20036186277866364,0.07545773684978485,0.02299213409423828
1789058872928071200,9.1630712890625,0.3167811334133148,0.038294125348329544,0.025841983035206795
1789058872938082300,9.173082275390625,0.352252334356308,0.06451933830976486,0.0737898051738739
1789058872948093400,9.183093505859375,0.3451712429523468,0.06107054278254509,0.02472345530986786
1789058872958104300,9.193104248046875,0.32496824860572815,0.10718584060668945,0.05222751945257187
1789058872968115500,9.203115478515626,0.29737389087677,0.1198158860206604,0.07639623433351517
1789058872978126300,9.213126220703124,0.3020924925804138,0.11571568250656128,-0.06341385841369629
1789058872988137200,9.22313720703125,0.28483280539512634,0.12815716862678528,-0.0248480923473835
1789058872998149400,9.2331494140625,0.2686026990413666,0.08411914110183716,-0.11467784643173218
1789058873008160300,9.24316015625,0.2303682267665863,0.15164971351623535,0.07004353404045105
1789058873018171400,9.25317138671875,0.1975061446428299,0.12690015137195587,-0.0312199704349041
1789058873028182300,9.263182373046876,0.1928488165140152,0.08862467110157013,-0.00364746549166739
1789058873038193200,9.273193115234376,0.10646811872720718,0.16204269230365753,0.054912783205509186
1789058873048204500,9.28320458984375,0.002692455891519785,0.15149764716625214,0.07022968679666519
1789058873058215400,9.29321533203125,-0.013707556761801243,0.170357346534729,0.03110518865287304
1789058873068226300,9.303226318359375,-0.08309409022331238,0.16228237748146057,-0.05420278385281563
1789058873078238200,9.31323828125,-0.10987084358930588,0.12373366206884384,0.09333553910255432
1789058873088249000,9.3232490234375,-0.12555766105651855,0.10306832939386368,0.01811269111931324
1789058873098260700,9.3332607421875,-0.21688544750213623,0.1122535690665245,0.035049330443143845
1789058873108272600,9.343272705078125,-0.2697795331478119,0.13219958543777466,-0.09039061516523361
1789058873118283500,9.353283447265625,-0.33841028809547424,0.14939960837364197,0.1393219381570816
1789058873128294400,9.36329443359375,-0.3554590344429016,0.11600010842084885,-0.02347629703581333
1789058873138305500,9.373305419921875,-0.40002837777137756,0.18048322200775146,0.053759101778268814
1789058873148316700,9.383316650390626,-0.3596785366535187,0.0755472183227539,-0.12062415480613708
1789058873158327600,9.39332763671875,-0.4335205554962158,0.11174757033586502,0.048777658492326736
1789058873168338400,9.40333837890625,-0.43944501876831055,0.08169353008270264,-0.1654965579509735
1789058873178349600,9.413349609375,-0.3997953236103058,0.1100066602230072,-0.020071446895599365
1789058873188361700,9.42336181640625,-0.4016001522541046,0.041256360709667206,-0.14532870054244995
1789058873198372600,9.43337255859375,-0.46720820665359497,0.0839199349284172,0.14569967985153198
1789058873208383500,9.443383544921875,-0.45424020290374756,0.027004186064004898,-0.017121994867920876
1789058873218394600,9.45339453125,-0.4966427981853485,0.04861866682767868,0.05025305226445198
1789058873228405500,9.463405517578124,-0.4843355119228363,-0.05742600932717323,-0.17728450894355774
1789058873238416400,9.47341650390625,-0.5741602182388306,0.06099970266222954,0.07295889407396317
1789058873248427500,9.483427490234375,-0.5954809784889221,0.023437149822711945,-0.10936244577169418
1789058873258438700,9.493438720703125,-0.5406099557876587,0.008011055178940296,-0.000996821210719645
1789058873268450600,9.503450439453125,-0.5352565050125122,-0.05534448102116585,-0.025370337069034576
1789058873278461400,9.51346142578125,-0.5515800714492798,0.002403769176453352,0.07723646610975266
1789058873288472300,9.523472412109374,-0.5333981513977051,-0.054782554507255554,-0.040470995008945465
1789058873298483700,9.533483642578124,-0.49845027923583984,-0.04831267148256302,0.05118382349610329
1789058873308494600,9.54349462890625,-0.44370394945144653,-0.09692414849996567,-0.0035840822383761406
1789058873318505500,9.55350537109375,-0.45086944103240967,-0.07240735739469528,0.025352761149406433
1789058873328516600,9.5635166015625,-0.4806388020515442,-0.041362885385751724,-0.05615248531103134
1789058873338527500,9.573527587890625,-0.3440191447734833,-0.04277462884783745,-0.016224509105086327
1789058873348539600,9.58353955078125,-0.2741905450820923,-0.11349247395992279,-0.011345066130161285
1789058873358550500,9.593550537109374,-0.24886973202228546,-0.06317870318889618,0.10693630576133728
1789058873368561400,9.6035615234375,-0.20062604546546936,-0.04710093140602112,0.12458161264657974
1789058873378572500,9.613572509765625,-0.08658202737569809,-0.1258964091539383,-0.0389854833483696
1789058873388583400,9.62358349609375,-0.06702990084886551,-0.09687541425228119,-0.09559256583452225
1789058873398594600,9.633594482421875,-0.1127273440361023,-0.029815420508384705,0.0992022156715393
1789058873408605700,9.643605712890626,-0.02905402146279812,-0.08953627198934555,0.11862944811582565
1789058873418616600,9.653616455078126,0.026855049654841423,-0.09658752381801605,0.1399105042219162
1789058873428627500,9.66362744140625,0.022427810356020927,-0.1071285828948021,0.01187823060899973
1789058873438638300,9.673638427734375,0.054187603294849396,-0.03628716617822647,0.13392184674739838
1789058873448649700,9.683649658203125,0.10217616707086563,-0.20535369217395782,-0.1738990843296051
1789058873458660600,9.69366064453125,0.08394842594861984,-0.09591827541589737,-0.09299145638942719
1789058873468671500,9.70367138671875,0.03369325026869774,-0.0013337110867723823,0.06583014875650406
1789058873478683400,9.713683349609376,0.0705852210521698,0.00842570886015892,0.19971418380737305
1789058873488694500,9.723694580078124,0.17572975158691406,-0.11255237460136414,0.05879594013094902
1789058873498705700,9.73370556640625,0.20431505143642426,-0.09817423671483994,0.08644993603229523
1789058873508716500,9.743716552734375,0.06114085018634796,-0.06342930346727371,0.10902954638004303
1789058873518727400,9.7537275390625,0.08133107423782349,-0.16313938796520233,-0.07151945680379868
1789058873528738600,9.763738525390625,0.028852686285972595,-0.02209385111927986,-0.016685502603650093
1789058873538749400,9.77374951171875,0.00035499935620464385,-0.06638594716787338,-0.039628900587558746
1789058873548760300,9.78376025390625,-0.006163619924336672,-0.009073656052350998,0.028230838477611542
1789058873558771700,9.793771728515624,-0.027510453015565872,-0.05711228772997856,-0.03159734234213829
1789058873568783600,9.80378369140625,0.006190251559019089,-0.054609715938568115,0.058342933654785156
1789058873578794500,9.81379443359375,0.012752280570566654,-0.0917525589466095,0.01739417016506195
1789058873588805400,9.823805419921875,0.030651386827230453,-0.0744747668504715,0.11808323115110397
1789058873598816500,9.83381640625,-0.033789653331041336,-0.06149318814277649,0.010075004771351814
1789058873608827600,9.84382763671875,-0.14894846081733704,0.05302193760871887,0.11624671518802643
1789058873618838500,9.853838623046874,-0.026734674349427223,-0.04054875671863556,0.10022114217281342
1789058873628849400,9.863849365234374,0.13748781383037567,-0.1290956735610962,-0.012252671644091606
1789058873638860500,9.873860595703125,0.03009132295846939,-0.029414348304271698,-0.006384662352502346
1789058873648872700,9.883872802734375,-0.03178323060274124,-0.08256411552429199,-0.1729336977005005
1789058873658883600,9.893883544921875,-0.04318741708993912,-0.06548366695642471,-0.055635564029216766
1789058873668894500,9.90389453125,-0.09517525136470795,-0.028258802369236946,-0.0062706791795790195
1789058873678905600,9.913905517578126,-0.10205899178981781,-0.05775916948914528,0.03965979442000389
1789058873688916500,9.92391650390625,-0.1009063720703125,-0.12186864763498306,0.052914079278707504
1789058873698927600,9.933927734375,-0.20405326783657074,-0.06208893656730652,0.12969061732292175
1789058873708938500,9.9439384765625,-0.3485065698623657,-0.026278475299477577,0.019030150026082993
1789058873718949600,9.95394970703125,-0.35146668553352356,-0.05042242631316185,-0.12022281438112259
1789058873728961500,9.96396142578125,-0.29342976212501526,-0.09007769823074341,0.000251402409048751
1789058873738972400,9.973972412109376,-0.25445786118507385,-0.128515362739563,-0.07459434121847153
1789058873748983600,9.983983642578124,-0.33537372946739197,-0.09691136330366135,-0.029294772073626518
1789058873758994700,9.99399462890625,-0.39144501090049744,-0.1323159635066986,-0.0486903078854084
1789058873769005600,10.004005615234375,-0.37721920013427734,-0.08131669461727142,0.09774227440357208
1789058873779016400,10.014016357421875,-0.34603995084762573,-0.11812824010848999,-0.00998925045132637
1789058873789027300,10.02402734375,-0.32543960213661194,-0.08031001687049866,-0.09093629568815231
1789058873799038700,10.034038818359376,-0.3005387783050537,-0.2523004114627838,-0.23464898765087128
1789058873809050600,10.044050537109374,-0.32045045495033264,-0.10242490470409393,-0.08904651552438736
1789058873819061500,10.0540615234375,-0.36420193314552307,-0.06391586363315582,0.1079549640417099
1789058873829072400,10.064072265625,-0.24338868260383606,-0.12562823295593262,0.07089867442846298
1789058873839083500,10.07408349609375,-0.2077113837003708,-0.0988759770989418,0.17931222915649414
1789058873849094700,10.0840947265625,-0.190941721200943,-0.23600080609321594,-0.1588386446237564
1789058873859105500,10.09410546875,-0.13780580461025238,-0.11965076625347137,-0.08449570834636688
1789058873869116700,10.10411669921875,-0.08731519430875778,-0.17810554802417755,-0.1740088164806366
1789058873879127600,10.11412744140625,-0.047253530472517014,-0.13299134373664856,-0.08195611834526062
1789058873889138400,10.124138427734374,-0.08390368521213531,-0.09991008788347244,-0.000025300030756625347
1789058873899150600,10.134150634765625,-0.06399256736040115,-0.17229028046131134,-0.054250188171863556
1789058873909161500,10.144161376953125,0.003031742526218295,-0.14245274662971497,0.056828927248716354
1789058873919172600,10.154172607421875,-0.03513055667281151,-0.07593125104904175,0.10112901777029037
1789058873929183500,10.16418359375,0.01685701124370098,-0.13141261041164398,0.08106209337711334
1789058873939194400,10.1741943359375,0.06232968717813492,-0.1377623975276947,-0.12455577403306961
1789058873949205800,10.184205810546874,0.09027689695358276,-0.12542849779129028,-0.004145476501435041
1789058873959216600,10.194216552734375,0.1727304905653,-0.12447348237037659,-0.03299363702535629
1789058873969227500,10.2042275390625,0.16262540221214294,-0.16362594068050385,-0.16306641697883606
1789058873979239400,10.214239501953125,0.16928303241729736,-0.1335303634405136,0.009431584738194942
1789058873989250300,10.224250244140626,0.18498475849628448,-0.0880691409111023,0.07072743028402328
1789058873999261700,10.23426171875,0.16389518976211548,-0.12497575581073761,-0.0007177218794822693
1789058874009272600,10.2442724609375,0.15630358457565308,-0.11891626566648483,-0.13702070713043213
1789058874019283500,10.254283447265625,0.1604384034872055,-0.057849183678627014,0.06835881620645523
1789058874029294600,10.264294677734375,0.19885636866092682,-0.08050496131181717,0.1488368809223175
1789058874039305500,10.274305419921875,0.20846852660179138,-0.13834190368652344,0.026451313868165016
1789058874049316600,10.284316650390625,0.19984467327594757,-0.10105391591787338,-0.041066475212574005
1789058874059328500,10.29432861328125,0.1863134205341339,-0.005678125657141209,0.025598837062716484
1789058874069339400,10.30433935546875,0.2609035074710846,-0.11496200412511826,-0.021979333832859993
1789058874079350500,10.3143505859375,0.26916277408599854,-0.07872889935970306,0.031211981549859047
1789058874089361400,10.324361328125,0.25737133622169495,-0.031980834901332855,0.057440921664237976
1789058874099372300,10.334372314453125,0.32923540472984314,-0.06124338507652283,0.0051534827798604965
1789058874109383400,10.344383544921875,0.34283965826034546,-0.07628731429576874,-0.027469974011182785
1789058874119394300,10.354394287109375,0.28731513023376465,0.008049936965107918,0.10830889642238617
1789058874129405200,10.3644052734375,0.3007603585720062,0.04399408772587776,0.11638493090867996
1789058874139416300,10.374416259765624,0.3619917631149292,-0.08147701621055603,-0.18651129305362701
1789058874149428500,10.384428466796875,0.40794992446899414,-0.09022203832864761,-0.04484070837497711
1789058874159439400,10.394439453125,0.3673015832901001,-0.012823120690882206,0.01203828677535057
1789058874169450200,10.4044501953125,0.2735220789909363,0.015245531685650349,0.0703900083899498
1789058874179461000,10.414461181640625,0.2813248932361603,-0.02612108364701271,0.006707970052957535
1789058874189472500,10.424472412109376,0.2657991945743561,0.036562804132699966,0.0516195185482502
1789058874199483400,10.4344833984375,0.2481112778186798,-0.012367986142635345,-0.027226028963923454
1789058874209494300,10.444494384765624,0.2166910320520401,0.04069682955741882,-0.004098871257156134
1789058874219505400,10.45450537109375,0.25639158487319946,-0.03681473806500435,0.13237455487251282
1789058874229516300,10.464516357421875,0.2519347667694092,-0.013157879933714867,0.13014069199562073
1789058874239528400,10.474528564453125,0.185259610414505,-0.018075672909617424,0.06800355017185211
1789058874249539300,10.484539306640626,0.20320318639278412,0.01065131276845932,0.1031000167131424
1789058874259550200,10.49455029296875,0.18294718861579895,0.02534104324877262,0.1349109411239624
1789058874269561300,10.504561279296874,0.0838640108704567,0.05377960950136185,0.05613171309232712
1789058874279572200,10.514572265625,0.0729820653796196,0.03784964233636856,0.054837148636579514
1789058874289583000,10.5245830078125,0.0034085798542946577,0.04723915085196495,0.054557785391807556
1789058874299594500,10.534594482421875,-0.02731844037771225,0.03981825336813927,-0.04566176235675812
1789058874309605400,10.54460546875,-0.0023427826818078756,0.04591822251677513,-0.07886338979005814
1789058874319617300,10.5546171875,-0.05855998396873474,-0.014541392214596272,0.038065891712903976
1789058874329628200,10.564628173828124,-0.14550499618053436,0.10920771211385727,0.05836770310997963
1789058874339639600,10.5746396484375,-0.24102060496807098,0.09094322472810745,-0.06679820269346237
1789058874349650400,10.584650390625,-0.2185022383928299,0.07909908145666122,-0.0038511971943080425
1789058874359661300,10.594661376953125,-0.23720429837703705,0.08533753454685211,0.07617413252592087
1789058874369672200,10.604672119140625,-0.2897883951663971,0.026685940101742744,0.05549788102507591
1789058874379683300,10.614683349609376,-0.30663102865219116,-0.0004868258547503501,-0.10426542162895203
1789058874389694200,10.624694091796876,-0.34181806445121765,0.009949569590389729,-0.10247231274843216
1789058874399705300,10.634705322265624,-0.43630141019821167,0.04663301631808281,-0.14317686855793
1789058874409717200,10.64471728515625,-0.4499964416027069,0.051895420998334885,-0.14816948771476746
1789058874419728400,10.654728271484375,-0.4164981544017792,-0.03861130774021149,-0.11536920070648193
1789058874429739300,10.6647392578125,-0.35947880148887634,0.022117286920547485,0.21899066865444183
1789058874439750400,10.67475048828125,-0.35854509472846985,-0.0343443900346756,0.15098418295383453
1789058874449761300,10.68476123046875,-0.3033428490161896,-0.07350164651870728,-0.09253925085067749
1789058874459772400,10.6947724609375,-0.25869521498680115,-0.04418344050645828,0.1104402244091034
1789058874469783300,10.704783203125,-0.26980963349342346,-0.07073009759187698,0.1039719358086586
1789058874479794200,10.714794189453125,-0.3092305362224579,-0.02598952315747738,0.042989280074834824
1789058874489806300,10.724806396484375,-0.3272668123245239,-0.011450793594121933,0.048041827976703644
1789058874499817500,10.7348173828125,-0.27539509534835815,-0.13428376615047455,-0.0409676730632782
1789058874509828400,10.744828369140626,-0.27032843232154846,-0.13926388323307037,-0.11666829138994217
1789058874519839200,10.754839111328126,-0.26861628890037537,-0.1837426722049713,-0.17969466745853424
1789058874529850400,10.764850341796874,-0.25111931562423706,-0.12393845617771149,0.017121462151408195
1789058874539861500,10.774861572265625,-0.26692622900009155,-0.11643446981906891,0.06138639524579048
1789058874549872400,10.784872314453125,-0.21547769010066986,-0.10441242903470993,0.07690995931625366
1789058874559883300,10.79488330078125,-0.07795445621013641,-0.13390666246414185,0.011754659935832024
1789058874569894400,10.804894287109375,-0.014985607005655766,-0.2262142300605774,-0.11605682969093323
1789058874579906300,10.81490625,0.007191333919763565,-0.14487169682979584,-0.018553709611296654
1789058874589917400,10.82491748046875,-0.01378345675766468,-0.13898637890815735,-0.06288735568523407
1789058874599928300,10.83492822265625,0.08087221533060074,-0.10896296799182892,0.14536571502685547
1789058874609939500,10.844939453125,0.1626048982143402,-0.1598312109708786,0.028745893388986588
1789058874619950300,10.854950439453125,0.13137772679328918,-0.09736330807209015,0.021527396515011787
1789058874629961200,10.864961181640625,0.20256482064723969,-0.14543496072292328,0.04611316695809364
1789058874639972000,10.87497216796875,0.23375976085662842,-0.06233607977628708,0.04248860478401184
1789058874649983500,10.8849833984375,0.23102016746997833,-0.09812337160110474,0.026385800912976265
1789058874659995400,10.894995361328125,0.27033481001853943,-0.12970632314682007,-0.02960156835615635
1789058874670006300,10.90500634765625,0.28485995531082153,-0.08078406006097794,0.06515157222747803
1789058874680017200,10.91501708984375,0.3008900582790375,-0.10468539595603943,-0.06372891366481781
1789058874690028500,10.925028564453125,0.35441532731056213,-0.10248403251171112,-0.010359696112573147
1789058874700039400,10.935039306640626,0.3199119567871094,-0.11239764839410782,0.10608888417482376
1789058874710050300,10.94505029296875,0.34629935026168823,0.027295537292957306,0.2617197632789612
1789058874720061200,10.955061279296874,0.31611350178718567,-0.10262278467416763,-0.035780102014541626
1789058874730072300,10.965072265625,0.3640400171279907,-0.10979467630386353,-0.0677737221121788
1789058874740083200,10.975083251953125,0.28809091448783875,-0.07873928546905518,-0.09068649262189865
1789058874750095400,10.985095458984375,0.17303356528282166,-0.0023899206425994635,-0.028064124286174774
1789058874760106200,10.995106201171875,0.18896618485450745,-0.08434204757213593,-0.13186481595039368
1789058874770117400,11.005117431640626,0.24229119718074799,-0.03478993847966194,0.09963817894458771
1789058874780128300,11.015128173828124,0.2800641357898712,-0.0289341788738966,0.13650724291801453
1789058874790139400,11.025139404296874,0.31579312682151794,-0.07736243307590485,0.0641680657863617
1789058874800150300,11.035150390625,0.38353168964385986,-0.08223788440227509,-0.05663744732737541
1789058874810161400,11.045161376953125,0.30460092425346375,0.04812944680452347,0.07847829908132553
1789058874820172300,11.05517236328125,0.23523035645484924,-0.030847927555441856,-0.10004910081624985
1789058874830183200,11.06518310546875,0.18002836406230927,0.018684471026062965,-0.018101772293448448
1789058874840195300,11.0751953125,0.2171964943408966,-0.03993463143706322,-0.03615054860711098
1789058874850206500,11.08520654296875,0.21324756741523743,-0.000553404854144901,0.1447124481201172
1789058874860217300,11.09521728515625,0.21442601084709167,-0.05944601446390152,-0.020682642236351967
1789058874870228200,11.105228271484375,0.19896423816680908,-0.033121202141046524,0.14831091463565826
1789058874880239400,11.1152392578125,0.2057635486125946,0.024103738367557526,0.25787708163261414
1789058874890250200,11.125250244140625,0.18135353922843933,-0.05321448668837547,-0.05721189081668854
1789058874900261400,11.135261474609376,0.12564261257648468,-0.016828248277306557,-0.16191992163658142
1789058874910272300,11.145272216796876,0.046190932393074036,0.03238110989332199,-0.10707958042621613
1789058874920284200,11.1552841796875,-0.036617666482925415,0.0145299406722188,0.06153952702879906
1789058874930295300,11.16529541015625,0.007089600898325443,0.057134125381708145,-0.05681907385587692
1789058874940306400,11.175306396484375,0.06894231587648392,0.0041547976434230804,0.04773662984371185
1789058874950317300,11.1853173828125,0.12103987485170364,-0.0030368026345968246,-0.0020423782989382744
1789058874960328400,11.195328369140626,0.11418090015649796,0.02311144396662712,-0.016944894567131996
1789058874970339300,11.20533935546875,0.10908201336860657,-0.03173156455159187,-0.11825287342071533
1789058874980350200,11.21535009765625,0.06221357360482216,0.04080841690301895,0.05573703348636627
1789058874990361000,11.225361083984374,0.014842063188552856,-0.02737356722354889,-0.01722053252160549
1789058875000372500,11.23537255859375,-0.04711158573627472,0.09278612583875656,0.012373312376439571
1789058875010384400,11.24538427734375,-0.08940338343381882,0.023494407534599304,-0.11279205977916718
1789058875020395300,11.255395263671875,-0.0415319986641407,-0.009216934442520142,-0.04553952068090439
1789058875030406100,11.26540625,-0.03788772597908974,0.01665966957807541,0.058753859251737595
1789058875040417500,11.27541748046875,-0.03015577234327793,-0.021939920261502266,0.05788220837712288
1789058875050428400,11.285428466796875,0.027421237900853157,0.01619894430041313,0.030914772301912308
1789058875060439300,11.295439208984375,0.05001815780997276,0.00162426196038723,-0.13598473370075226
1789058875070450400,11.305450439453125,0.04653021693229675,0.09404287487268448,-0.00983558688312769
1789058875080461300,11.31546142578125,0.08605046570301056,0.04609212651848793,-0.1762663722038269
1789058875090472200,11.32547216796875,0.10552322864532471,0.09970582276582718,-0.0587163083255291
1789058875100484000,11.335484130859374,0.14050091803073883,0.09881206601858139,0.06458138674497604
1789058875110495000,11.345494873046874,0.1970749795436859,0.057077933102846146,0.06667196750640869
1789058875120506000,11.355506103515625,0.2066999077796936,0.0759299173951149,-0.00833862368017435
1789058875130517000,11.36551708984375,0.12336640805006027,0.09950342029333115,-0.14162157475948334
1789058875140527900,11.37552783203125,-0.015624233521521091,0.15218287706375122,-0.10153887420892715
1789058875150539300,11.385539306640625,-0.052926596254110336,0.09824001789093018,-0.2152705043554306
1789058875160550100,11.395550048828126,-0.046961117535829544,0.10561644285917282,-0.028493693098425865
1789058875170561000,11.40556103515625,0.0014911039033904672,0.047087617218494415,0.016656741499900818
1789058875180572200,11.415572265625,-0.00580835435539484,0.04555550217628479,0.12049418687820435
1789058875190584000,11.425583984375,-0.051832303404808044,0.05156998336315155,0.05741855129599571
1789058875200595200,11.43559521484375,-0.05112550035119057,0.10694855451583862,-0.025197232142090797
1789058875210606000,11.445606201171875,-0.041674740612506866,0.013292103074491024,-0.059064384549856186
1789058875220617000,11.455616943359376,-0.10440683364868164,0.03987524285912514,-0.03564747795462608
1789058875230628000,11.465628173828126,-0.16331222653388977,0.11200083792209625,0.16615967452526093
1789058875240639000,11.475638916015624,-0.13638687133789062,0.06455741822719574,0.11903531104326248
1789058875250650000,11.485650146484375,-0.150425985455513,0.05642572417855263,0.01720774918794632
1789058875260661200,11.4956611328125,-0.14879480004310608,0.005624063778668642,-0.02731231413781643
1789058875270672100,11.505672119140625,-0.1835293471813202,0.039271239191293716,-0.023737287148833275
1789058875280684000,11.51568408203125,-0.23600001633167267,0.02852298691868782,0.15706391632556915
1789058875290695200,11.525695068359376,-0.2682897746562958,0.07644790410995483,0.019727632403373718
1789058875300706000,11.5357060546875,-0.29617494344711304,0.028181836009025574,-0.10391787439584732
1789058875310717200,11.54571728515625,-0.23747247457504272,0.026978354901075363,0.058102451264858246
1789058875320728000,11.55572802734375,-0.12282285839319229,-0.013262541964650154,0.027530694380402565
1789058875330739000,11.565739013671875,-0.07386250793933868,-0.06599073112010956,-0.0024580976460129023
1789058875340750000,11.57575,-0.11036965250968933,-0.015304387547075748,0.029507558792829514
1789058875350761200,11.58576123046875,-0.09426897764205933,0.041494712233543396,0.2312641143798828
1789058875360773000,11.595773193359374,-0.15007604658603668,0.10203954577445984,0.018752649426460266
1789058875370784000,11.605783935546874,-0.04400021582841873,0.022821160033345222,-0.11782676726579666
1789058875380795000,11.615794921875,0.043106190860271454,0.005682653281837702,0.07845619320869446
1789058875390806000,11.625805908203125,0.055935703217983246,0.031572308391332626,0.06022605672478676
1789058875400817200,11.635817138671875,0.08381953090429306,-0.055935703217983246,0.04072745516896248
1789058875410828000,11.645828125,0.11293267458677292,0.014256433583796024,0.11935515701770782
1789058875420839200,11.655839111328126,0.08935490995645523,0.04516960680484772,0.1754429191350937
1789058875430850000,11.66585009765625,0.07877204567193985,0.0830024778842926,0.13969771564006805
1789058875440861000,11.67586083984375,0.1269499659538269,-0.09097757935523987,-0.13747930526733398
1789058875450873000,11.685873046875,0.08318863064050674,-0.0067995828576385975,-0.14122849702835083
1789058875460884000,11.695884033203125,0.05650455504655838,-0.0106531772762537,-0.11986621469259262
1789058875470895000,11.70589501953125,0.04577014967799187,0.007379619404673576,-0.06964459270238876
1789058875480906000,11.715906005859376,0.11269991844892502,-0.019960125908255577,0.15676671266555786
1789058875490916900,11.725916748046876,0.08763477951288223,0.09932099282741547,0.24116042256355286
1789058875500928300,11.73592822265625,0.03833966702222824,0.08512341976165771,0.08134572207927704
1789058875510939100,11.745939208984375,0.10241319239139557,0.019487414509058,-0.029648706316947937
1789058875520950000,11.755949951171875,-0.00006711165769957006,0.04104224219918251,0.15933559834957123
1789058875530961200,11.765961181640625,-0.059732306748628616,0.12156744301319122,0.1299944818019867
1789058875540973300,11.775973388671876,-0.1132141724228859,0.07694005221128464,-0.06573507189750671
1789058875550984200,11.785984130859376,-0.11972001194953918,0.08827153593301773,0.06055255979299545
1789058875560995000,11.7959951171875,-0.16547204554080963,0.07348992675542831,0.08759722858667374
1789058875571006000,11.806005859375,-0.1669253408908844,0.09369479864835739,0.11043010652065277
1789058875581017000,11.81601708984375,-0.16988703608512878,0.01047154888510704,0.04560982808470726
1789058875591028000,11.826028076171875,-0.050214968621730804,0.003644003299996257,0.14218510687351227
1789058875601039000,11.8360390625,-0.1353471726179123,0.09232939779758453,0.17666424810886383
1789058875611050200,11.84605029296875,-0.21223104000091553,0.0034583809319883585,-0.06950531154870987
1789058875621061000,11.85606103515625,-0.1918482631444931,0.03257312253117561,-0.13238413631916046
1789058875631073000,11.866072998046874,-0.22210310399532318,0.09742855280637741,0.013689447194337845
1789058875641084000,11.876083984375,-0.1352829933166504,-0.010916297324001789,-0.04092506319284439
1789058875651095000,11.886094970703125,-0.12684476375579834,0.042578086256980896,0.08580651879310608
1789058875661106200,11.896106201171875,-0.1623430997133255,0.030227145180106163,0.07024513185024261
1789058875671117000,11.906116943359375,-0.15195411443710327,0.03268470987677574,-0.02762310579419136
1789058875681128000,11.9161279296875,-0.19342991709709167,0.09568630903959274,0.07602951675653458
1789058875691139000,11.92613916015625,-0.1409110426902771,-0.0038839541375637054,0.03864007070660591
1789058875701150200,11.936150146484374,-0.07885246723890305,-0.028972795233130455,0.09986001998186111
1789058875711161000,11.9461611328125,-0.1094663068652153,-0.06995218992233276,-0.09066598862409592
1789058875721172000,11.956171875,-0.1660342514514923,0.03105938248336315,0.020082365721464157
1789058875731184000,11.96618408203125,-0.18512538075447083,0.04733981937170029,-0.011963185854256153
1789058875741195000,11.976195068359376,-0.20828981697559357,0.02257002331316471,-0.20096053183078766
1789058875751206100,11.9862060546875,-0.08877354115247726,0.032219722867012024,-0.028015920892357826
1789058875761217000,11.996217041015624,-0.06227189674973488,-0.07353973388671875,-0.15825168788433075
1789058875771228200,12.006228271484375,-0.0753762498497963,-0.05306188762187958,-0.19063332676887512
1789058875781239000,12.016239013671875,-0.00751916877925396,-0.031802404671907425,-0.015266038477420807
1789058875791250000,12.02625,0.02707555890083313,0.01793345995247364,0.23785996437072754
1789058875801261300,12.03626123046875,0.0022101574577391148,0.10213382542133331,0.21472321450710297
1789058875811272200,12.046272216796876,0.03633403778076172,0.01245160959661007,-0.016103602945804596
1789058875821284000,12.0562841796875,0.054120227694511414,0.05010844022035599,0.07598264515399933
1789058875831295000,12.066294921875,-0.019101522862911224,0.05998344346880913,0.06253741681575775
1789058875841305900,12.076305908203125,-0.047519583255052567,0.03347167372703552,-0.013309147208929062
1789058875851317200,12.086317138671875,-0.09649910777807236,-0.12815023958683014,-0.15749268233776093
1789058875861328100,12.096328125,-0.07991880178451538,-0.06391479820013046,-0.1199256032705307
1789058875871339000,12.106339111328126,-0.12259595841169357,-0.09088063985109329,-0.054001715034246445
1789058875881350100,12.11635009765625,-0.2083532065153122,-0.03556118905544281,0.0010612696642056108
1789058875891361000,12.126361083984374,-0.2196308970451355,0.020194750279188156,0.26688095927238464
1789058875901372000,12.136371826171874,-0.12904852628707886,0.014638330787420273,0.14438380300998688
1789058875911384000,12.146384033203125,-0.05434153601527214,-0.09742695093154907,-0.10018039494752884
1789058875921395000,12.15639501953125,-0.07091305404901505,-0.035301532596349716,0.02954723872244358
1789058875931406000,12.166406005859375,-0.07377009093761444,-0.030230339616537094,0.025012942031025887
1789058875941417000,12.1764169921875,-0.1211213618516922,-0.05275775492191315,0.07701701670885086
1789058875951428000,12.186427978515624,-0.1394186168909073,-0.03164581209421158,0.0492226742208004
1789058875961439200,12.196439208984375,-0.19059711694717407,-0.030158700421452522,-0.013981595635414124
1789058875971450000,12.2064501953125,-0.1700982302427292,-0.05392688140273094,0.012911004945635796
1789058875981461000,12.2164609375,-0.1586969643831253,-0.06662003695964813,-0.02569497749209404
1789058875991472000,12.22647216796875,-0.23148569464683533,-0.05497882887721062,0.005948170088231564
1789058876001483000,12.23648291015625,-0.20909994840621948,-0.048771001398563385,-0.05748140066862106
1789058876011495200,12.2464951171875,-0.12105132639408112,-0.17533959448337555,-0.22651755809783936
1789058876021506000,12.256506103515624,-0.21685108542442322,-0.09037117660045624,0.17263436317443848
1789058876031517000,12.266516845703125,-0.13882046937942505,-0.077342189848423,0.1660158634185791
1789058876041528000,12.276528076171875,-0.18514135479927063,-0.04579971358180046,0.17364875972270966
1789058876051539200,12.286539306640625,-0.16913096606731415,-0.05849553272128105,0.05735170468688011
1789058876061550000,12.296550048828125,-0.12196878343820572,-0.07197858393192291,-0.06067719683051109
1789058876071561200,12.306561279296876,-0.23739337921142578,-0.010524545796215534,0.05630295351147652
1789058876081572000,12.316572021484374,-0.18457463383674622,-0.10411655157804489,0.10184380412101746
1789058876091583000,12.3265830078125,0.029229523614048958,-0.15198633074760437,0.032637305557727814
1789058876101595100,12.33659521484375,0.033430393785238266,-0.15666258335113525,-0.018682075664401054
1789058876111606300,12.346606201171875,-0.0904633179306984,-0.16206108033657074,0.013637514784932137
1789058876121617400,12.356617431640625,-0.042745865881443024,-0.08774023503065109,0.11289432644844055
1789058876131628300,12.366628173828126,-0.17323942482471466,-0.077976293861866,0.06968001276254654
1789058876141639200,12.37663916015625,-0.08874425292015076,-0.11201868206262589,0.02895308844745159
1789058876151650300,12.386650390625,0.05108369141817093,-0.04254639521241188,-0.046960052102804184
1789058876161661400,12.396661376953125,-0.07710996270179749,-0.13202780485153198,-0.027597539126873016
1789058876171672300,12.40667236328125,0.08109911531209946,-0.20283326506614685,-0.026869164779782295
1789058876181683200,12.41668310546875,0.02454395964741707,-0.03283357992768288,0.31680378317832947
1789058876191695000,12.426695068359376,0.08121815323829651,-0.13308055698871613,0.08882308006286621
1789058876201706200,12.436706298828126,0.13913364708423615,-0.1620887666940689,-0.13628967106342316
1789058876211717400,12.44671728515625,0.20580695569515228,-0.12020550668239594,-0.12500637769699097
1789058876221728300,12.456728271484375,0.280671089887619,-0.13141421973705292,-0.20412276685237885
1789058876231739400,12.466739501953125,0.28723496198654175,-0.10189041495323181,-0.12311900407075882
1789058876241750300,12.476750244140625,0.4207243323326111,-0.06640725582838058,0.039674706757068634
1789058876251761200,12.48676123046875,0.4471290409564972,-0.007215568795800209,0.032574720680713654
1789058876261772300,12.496772216796876,0.528632402420044,-0.04169018939137459,-0.07743726670742035
1789058876271783400,12.506783447265626,0.5437669157981873,-0.07322627305984497,-0.0012745888670906425
1789058876281794300,12.516794189453124,0.5271080136299133,-0.022162027657032013,0.0112222945317626
1789058876291806200,12.52680615234375,0.4751606583595276,0.03184714540839195,0.2908147871494293
1789058876301817000,12.536817138671875,0.4980230927467346,-0.035038676112890244,0.125505730509758
1789058876311828500,12.546828369140625,0.4239773750305176,0.07889561355113983,0.16538070142269135
1789058876321839400,12.55683935546875,0.3446945250034332,-0.020552946254611015,-0.15353842079639435
1789058876331850200,12.566850341796876,0.4825117886066437,-0.09642454236745834,-0.3641659617424011
1789058876341861400,12.576861328125,0.3021460175514221,-0.03942170739173889,-0.15534724295139313
1789058876351872300,12.586872314453124,0.24768729507923126,-0.041857700794935226,-0.11413642764091492
1789058876361883100,12.596883056640625,0.1058124527335167,0.05503928288817406,0.07316555827856064
1789058876371894300,12.606894287109375,0.24583479762077332,0.0027393274940550327,-0.004325772635638714
1789058876381906200,12.61690625,0.1483500599861145,0.04562527686357498,0.009674731642007828
1789058876391917300,12.626917236328126,0.19607922434806824,-0.061096109449863434,-0.22789335250854492
1789058876401928200,12.63692822265625,0.19278410077095032,0.02424009144306183,0.04536561667919159
1789058876411939300,12.646939208984374,0.26464390754699707,-0.08264028280973434,-0.00618066405877471
1789058876421950500,12.656950439453125,0.14461790025234222,0.02209172025322914,-0.05146186053752899
1789058876431961300,12.66696142578125,0.09909462183713913,0.054962050169706345,0.08946783095598221
1789058876441972200,12.67697216796875,0.013760553672909737,0.10253755748271942,-0.002388589084148407
1789058876451983000,12.686983154296875,0.05226826295256615,0.1372412145137787,-0.07137244939804077
1789058876461994200,12.696994140625,0.04628227651119232,0.07016177475452423,0.017618674784898758
1789058876472005400,12.70700537109375,0.1654193252325058,0.0694403275847435,0.06568153947591782
1789058876482017300,12.717017333984375,0.13501214981079102,0.062367770820856094,-0.007895739749073982
1789058876492028200,12.727028076171875,0.1563669741153717,-0.01805569976568222,-0.24469976127147675
1789058876502039300,12.737039306640625,0.12028300017118454,0.12425564229488373,0.09252913296222687
1789058876512050400,12.747050537109375,0.1957884132862091,0.10178042203187943,0.12511050701141357
1789058876522061300,12.757061279296876,0.17884911596775055,0.08411940187215805,-0.02177293971180916
1789058876532072200,12.767072265625,0.14968270063400269,0.11204131692647934,0.051295146346092224
1789058876542083300,12.777083251953124,0.24961861968040466,0.17693056166172028,0.35564813017845154
1789058876552094200,12.78709423828125,0.14153289794921875,-0.016876451671123505,-0.17792180180549622
1789058876562105000,12.79710498046875,0.13802337646484375,0.13372370600700378,-0.17160238325595856
1789058876572117200,12.8071171875,0.0014106763992458582,0.12124893069267273,-0.018275676295161247
1789058876582128400,12.81712841796875,-0.01840483956038952,0.11614684760570526,0.13862818479537964
1789058876592139300,12.82713916015625,-0.08499984443187714,0.025008946657180786,0.009402822703123093
1789058876602150100,12.837150146484374,-0.054481618106365204,0.06950743496417999,0.26517626643180847
1789058876612161300,12.847161376953125,-0.2085856944322586,0.11967473477125168,0.12138288468122482
1789058876622172400,12.85717236328125,-0.2843957841396332,0.07510087639093399,0.028550684452056885
1789058876632183300,12.867183349609375,-0.29776352643966675,0.08073612302541733,0.01624475046992302
1789058876642194200,12.877194091796875,-0.32473307847976685,0.12866850197315216,-0.1729840338230133
1789058876652205300,12.887205322265626,-0.2786734402179718,0.05096198245882988,-0.1360877901315689
1789058876662216200,12.89721630859375,-0.25629836320877075,0.13850034773349762,-0.048958487808704376
1789058876672228400,12.907228271484374,-0.2866983413696289,0.09231874346733093,-0.06861981004476547
1789058876682239200,12.9172392578125,-0.18134182691574097,0.05759192258119583,-0.01805170439183712
1789058876692250400,12.92725048828125,-0.23012986779212952,0.09281222522258759,0.049422409385442734
1789058876702261200,12.93726123046875,-0.3522653579711914,0.05937464162707329,-0.1043410524725914
1789058876712272100,12.947272216796875,-0.2747628688812256,0.1186629980802536,0.02388189733028412
1789058876722283300,12.957283203125,-0.35247310996055603,0.03542004153132439,-0.14790184795856476
1789058876732294400,12.96729443359375,-0.37515151500701904,0.10933128744363785,-0.03290282189846039
1789058876742305300,12.97730517578125,-0.3697279691696167,0.0961771309375763,-0.0015835155500099063
1789058876752316200,12.987316162109375,-0.4247851073741913,0.0556720495223999,-0.02623826265335083
1789058876762327300,12.997327392578125,-0.34334325790405273,0.01834758184850216,0.044015128165483475
1789058876772339500,13.00733935546875,-0.4327453076839447,0.0324583426117897,0.20551294088363647
1789058876782350300,13.017350341796876,-0.47344693541526794,0.006703975144773722,0.13826040923595428
1789058876792361200,13.027361328125,-0.47859081625938416,-0.08002746105194092,-0.07393228262662888
1789058876802372000,13.0373720703125,-0.5673278570175171,-0.0902598574757576,0.039918120950460434
1789058876812383200,13.04738330078125,-0.584138035774231,0.04676297679543495,0.06572628021240234
1789058876822394400,13.057394287109375,-0.5493273138999939,-0.0007629956235177815,-0.03478754311800003
1789058876832405200,13.0674052734375,-0.44853436946868896,-0.10375462472438812,-0.023998543620109558
1789058876842416400,13.07741650390625,-0.34048035740852356,-0.11888696998357773,-0.08110550791025162
1789058876852427300,13.08742724609375,-0.29945993423461914,-0.1693914234638214,-0.015414642170071602
1789058876862439400,13.097439453125,-0.26020655035972595,-0.15929964184761047,0.005657086614519358
1789058876872450300,13.1074501953125,-0.3474445044994354,-0.07507477700710297,0.1776096671819687
1789058876882461200,13.117461181640625,-0.28872954845428467,-0.005141232628375292,0.21180972456932068
1789058876892472300,13.127472412109375,-0.19888779520988464,-0.2759711444377899,-0.21343718469142914
1789058876902483200,13.137483154296875,-0.24116946756839752,-0.17155231535434723,-0.14087936282157898
1789058876912494000,13.147494140625,-0.2367699295282364,-0.06465675681829453,-0.05668724700808525
1789058876922505500,13.15750537109375,-0.10516956448554993,-0.14498861134052277,-0.06779555976390839
1789058876932516400,13.167516357421874,-0.08061148971319199,-0.041244640946388245,0.12488574534654617
1789058876942527200,13.17752734375,0.02148611657321453,-0.10771501064300537,0.16510745882987976
1789058876952538400,13.187538330078125,0.13866546750068665,-0.1410207748413086,0.14838680624961853
1789058876962550300,13.19755029296875,0.2086581438779831,-0.16590774059295654,0.025121863931417465
1789058876972561400,13.2075615234375,0.13331331312656403,-0.16356761753559113,0.09202180057764053
1789058876982572300,13.217572265625,0.06930370628833771,-0.08587868511676788,-0.06703522801399231
1789058876992583200,13.227583251953124,0.09770525246858597,-0.08343444019556046,-0.0015169365797191858
1789058877002594300,13.23759423828125,0.17184951901435852,-0.0651441141963005,0.10656319558620453
1789058877012605200,13.247605224609375,0.09180981665849686,-0.02624332159757614,0.05050258710980415
1789058877022616300,13.2576162109375,0.19463419914245605,-0.05602092295885086,0.14371348917484283
1789058877032627500,13.26762744140625,0.2973344624042511,-0.08184240013360977,0.003861050819978118
1789058877042638300,13.277638427734376,0.2549406886100769,-0.042878758162260056,-0.02436952106654644
1789058877052649200,13.287649169921876,0.26508384943008423,-0.24987614154815674,-0.36638304591178894
1789058877062661000,13.2976611328125,0.3482013940811157,-0.03268124908208847,0.09520081430673599
1789058877072672300,13.30767236328125,0.24064616858959198,-0.06513053178787231,-0.018484733998775482
1789058877082683400,13.317683349609375,0.27458202838897705,0.0024146882351487875,0.058515772223472595
1789058877092694300,13.3276943359375,0.28156644105911255,-0.04459037259221077,-0.05384938418865204
1789058877102706000,13.337705810546876,0.26480209827423096,0.011195662431418896,0.11290498077869415
1789058877112717800,13.3477177734375,0.28683391213417053,-0.04030481353402138,0.045044172555208206
1789058877122728700,13.357728759765624,0.2859087288379669,-0.03993809595704079,-0.19071455299854279
1789058877132740000,13.367739990234375,0.2989310324192047,-0.07253971695899963,-0.15581250190734863
1789058877142751000,13.3777509765625,0.1590823233127594,-0.05361928418278694,-0.14810770750045776
1789058877152761900,13.387761962890625,0.1791071742773056,0.027663318440318108,0.015519305132329464
1789058877162773000,13.39777294921875,0.3008924722671509,-0.03215287625789642,0.1579723209142685
1789058877172783900,13.407783935546876,0.3414529263973236,0.055385492742061615,0.3698901832103729
1789058877182794800,13.417794677734374,0.22350898385047913,-0.05218144506216049,-0.07421217858791351
1789058877192806000,13.427805908203124,0.14438088238239288,-0.1494307667016983,-0.3716891407966614
1789058877202817800,13.43781787109375,0.01101430132985115,0.06509990990161896,-0.05727900192141533
1789058877212829000,13.447828857421875,0.18514296412467957,0.05320356786251068,0.12568362057209015
1789058877222839800,13.45783984375,0.06414143741130829,-0.04400287941098213,0.17333823442459106
1789058877232850700,13.4678505859375,0.08775728195905685,-0.013332316651940346,0.19595378637313843
1789058877242862000,13.477862060546874,0.0609605573117733,0.04126967489719391,0.1254466027021408
1789058877252873000,13.487873046875,-0.15022864937782288,0.029772542417049408,-0.06060502305626869
1789058877262883800,13.4978837890625,-0.16929449141025543,0.006705306936055422,-0.10954593122005463
1789058877272895000,13.50789501953125,-0.052023254334926605,0.07991773635149002,-0.05228264629840851
1789058877282905900,13.51790576171875,-0.028505144640803337,-0.05759138986468315,-0.18513470888137817
1789058877292917000,13.5279169921875,0.06195924058556557,-0.060904361307621,-0.2365717887878418
1789058877302929000,13.537928955078126,-0.02310372143983841,0.04199245572090149,0.002983805723488331
1789058877312939800,13.547939697265624,-0.047564055770635605,0.04583992436528206,-0.0049643986858427525
1789058877322951000,13.557950927734375,0.038543663918972015,0.03934580832719803,0.025859827175736427
1789058877332961800,13.5679619140625,-0.06653561443090439,0.06828051805496216,-0.03888667747378349
1789058877342973000,13.577972900390625,-0.08617616444826126,0.09939849376678467,0.040894970297813416
1789058877352984000,13.587984130859375,-0.07529421895742416,0.06275978684425354,-0.03209295496344566
1789058877362995000,13.597994873046876,-0.024230504408478737,0.09677740931510925,0.1462075412273407
1789058877373005800,13.608005859375,0.0018437063554301858,-0.015557654201984406,-0.04481301084160805
1789058877383016700,13.6180166015625,-0.0019225359428673983,0.07774406671524048,0.040996700525283813
1789058877393028000,13.628028076171875,-0.043727774173021317,-0.013740579597651958,-0.049972351640462875
1789058877403040000,13.6380400390625,0.011344799771904945,0.05435831472277641,0.0844951793551445
1789058877413051000,13.64805078125,-0.07385770976543427,0.1469750702381134,0.021931132301688194
1789058877423061800,13.658061767578126,-0.11975409835577011,0.1603878140449524,-0.00857244897633791
1789058877433071900,13.66807177734375,-0.08442779630422592,0.06692923605442047,0.056415073573589325
1789058877443082800,13.678082763671876,-0.09465327113866806,0.11770452558994293,-0.08718337118625641
1789058877453094000,13.688093994140624,-0.04760027676820755,0.03434838727116585,-0.17024309933185577
1789058877463105800,13.698105712890625,-0.06861607730388641,-0.07370112091302872,-0.2862171232700348
1789058877473117000,13.708116943359375,-0.17960384488105774,0.08811680972576141,-0.016382701694965363
1789058877483127800,13.7181279296875,-0.12079379707574844,0.14578169584274292,0.28545838594436646
1789058877493138700,13.728138671875,-0.1657881736755371,-0.06354675441980362,-0.1583009511232376
1789058877503150000,13.738150146484376,-0.06891435384750366,0.06328736245632172,-0.13467152416706085
1789058877513161000,13.748160888671874,-0.07061318308115005,-0.0256305281072855,-0.19483579695224762
1789058877523171800,13.758171875,-0.14709250628948212,0.10533787310123444,0.21385635435581207
1789058877533183000,13.768182861328125,-0.0826200470328331,0.03470631688833237,0.21683883666992188
1789058877543193900,13.77819384765625,-0.10525451600551605,-0.05934881046414375,0.0901125818490982
1789058877553205000,13.788205078125,-0.12056796252727509,-0.08264614641666412,-0.1532049924135208
1789058877563216000,13.7982158203125,-0.25546586513519287,0.048354215919971466,0.10400895774364471
1789058877573227800,13.808227783203124,-0.2828546166419983,-0.012745356187224388,0.10873021185398102
1789058877583239000,13.818239013671874,-0.2947504222393036,0.08138646930456161,0.1604274958372116
1789058877593249800,13.828249755859375,-0.22747470438480377,-0.0786396861076355,0.006925550289452076
1789058877603261000,13.838260986328125,-0.2545071244239807,-0.0011142665753141046,-0.03395716845989227
1789058877613272000,13.84827197265625,-0.34899020195007324,-0.025007082149386406,-0.1477005034685135
1789058877623283000,13.858282958984375,-0.41673970222473145,-0.06172728165984154,-0.30365681648254395
1789058877633293800,13.8682939453125,-0.3928500711917877,0.05799059942364693,0.028356540948152542
1789058877643304700,13.8783046875,-0.3002740740776062,-0.08587229996919632,-0.06735986471176147
1789058877653316000,13.888316162109374,-0.12654969096183777,-0.09099382162094116,-0.09639817476272583
1789058877663327000,13.898326904296875,-0.13097772002220154,-0.13738608360290527,-0.1479942500591278
1789058877673339000,13.9083388671875,-0.1414993405342102,-0.07303932309150696,-0.0602170005440712
1789058877683349800,13.918349853515625,-0.13536980748176575,-0.02245124615728855,0.007216101046651602
1789058877693361000,13.92836083984375,-0.09115361422300339,-0.12774251401424408,-0.09714199602603912
1789058877703372000,13.9383720703125,-0.028598621487617493,0.013858024962246418,0.18212559819221497
1789058877713383000,13.9483828125,-0.09491213411092758,-0.12882189452648163,-0.24328827857971191
1789058877723393800,13.958393798828125,-0.09133470803499222,-0.04944584518671036,-0.12420770525932312
1789058877733405000,13.968405029296875,-0.05012015998363495,-0.09089581668376923,0.06824164092540741
1789058877743415800,13.978415771484375,0.05163176730275154,0.028968801721930504,0.37296000123023987
1789058877753426700,13.9884267578125,0.02960130199790001,-0.09520241618156433,0.22968459129333496
1789058877763438000,13.99843798828125,0.15857046842575073,-0.07470912486314774,-0.02106666937470436
1789058877773450000,14.008449951171874,-0.08384429663419724,-0.1387096792459488,-0.22903583943843842
1789058877783460900,14.0184609375,-0.20936466753482819,0.05577085539698601,-0.023094400763511658
1789058877793471700,14.0284716796875,-0.1536521464586258,-0.1745891124010086,-0.1273193359375
1789058877803483100,14.038483154296875,-0.1331857442855835,-0.11135715246200562,-0.06869703531265259
1789058877813494000,14.048493896484375,-0.11441925168037415,-0.13370506465435028,0.010641193017363548
1789058877823505000,14.0585048828125,0.02154550515115261,-0.10845030844211578,0.12305029481649399
1789058877833515800,14.068515869140626,0.029221534729003906,-0.12446576356887817,0.11174970120191574
1789058877843527000,14.07852685546875,-0.007932757958769798,-0.06617742031812668,0.08334788680076599
1789058877853537800,14.088537841796875,0.029625270515680313,-0.13149677217006683,-0.07356876134872437
1789058877863549000,14.098548828125,0.03099333681166172,-0.14625521004199982,-0.07326089590787888
1789058877873560000,14.10856005859375,0.0999702736735344,-0.14864113926887512,-0.008502141572535038
1789058877883572000,14.118572021484376,-0.0024535702541470528,-0.07581300288438797,0.01618722639977932
1789058877893582800,14.128582763671876,0.04243693873286247,-0.06877373903989792,0.024036094546318054
1789058877903594000,14.138593994140624,0.1769566684961319,-0.04230910912156105,0.17827492952346802
1789058877913604900,14.14860498046875,0.3413805067539215,-0.15754248201847076,0.11918871104717255
1789058877923616000,14.158615966796875,0.3784692883491516,-0.10332425683736801,0.030775222927331924
1789058877933627000,14.168626953125,0.3244023025035858,-0.16848382353782654,-0.01920218952000141
1789058877943637800,14.1786376953125,0.332793653011322,-0.10618715733289719,-0.022829681634902954
1789058877953649000,14.18864892578125,0.32109999656677246,-0.07349765300750732,0.12080338597297668
1789058877963660000,14.198659912109376,0.25986248254776,-0.07416051626205444,0.01188275869935751
1789058877973671000,14.2086708984375,0.2582126259803772,-0.04573526233434677,0.12659576535224915
1789058877983682800,14.218682861328125,0.27426671981811523,-0.13991369307041168,-0.06261144578456879
1789058877993694000,14.22869384765625,0.2380692958831787,-0.04761412367224693,0.060681454837322235
1789058878003705000,14.238705078125,0.21996378898620605,-0.08347252011299133,0.10855524241924286
1789058878013716000,14.248716064453125,0.20583944022655487,-0.03032994270324707,0.16401663422584534
1789058878023726800,14.258726806640626,0.20274245738983154,-0.09689618647098541,-0.0038810246624052525
1789058878033738000,14.268738037109374,0.2539862096309662,-0.08131642639636993,0.047751277685165405
1789058878043748900,14.278748779296874,0.1331322193145752,-0.08877673745155334,-0.09697501361370087
1789058878053759700,14.288759765625,0.11505255103111267,0.009829195216298103,-0.006918626371771097
1789058878063771100,14.298771240234375,0.23492543399333954,-0.08490876853466034,0.08263229578733444
1789058878073782000,14.308781982421875,0.22608134150505066,-0.0008729841792955995,0.26032906770706177
1789058878083794000,14.3187939453125,0.19849072396755219,-0.05222965031862259,0.15379808843135834
1789058878093804800,14.3288046875,0.25102052092552185,0.05151938274502754,0.20916546881198883
1789058878103815400,14.3388154296875,0.14047828316688538,-0.11416998505592346,-0.26303642988204956
1789058878113826300,14.348826416015624,0.10233569145202637,0.05814213305711746,-0.20056159794330597
1789058878123837200,14.358837158203125,0.06957162171602249,-0.07228564471006393,-0.3760164976119995
1789058878133848000,14.36884814453125,0.07978644222021103,0.06160371005535126,-0.01438213512301445
1789058878143859500,14.378859375,0.17995326220989227,-0.02299666218459606,-0.018063688650727272
1789058878153870300,14.388870361328125,0.22797298431396484,0.03259815648198128,0.29409554600715637
1789058878163881200,14.398881103515626,0.13634799420833588,0.05104454234242439,0.0585663728415966
1789058878173892400,14.408892333984374,0.1908024400472641,0.04255438596010208,-0.12603117525577545
1789058878183903200,14.4189033203125,0.14332200586795807,-0.049919623881578445,-0.2559252381324768
1789058878193915400,14.428915283203125,0.0789872258901596,0.04460395500063896,0.021982796490192413
1789058878203926300,14.43892626953125,0.12528787553310394,0.026555445045232773,0.20637314021587372
1789058878213937400,14.4489375,0.03057228960096836,0.006906908005475998,0.20594623684883118
1789058878223948300,14.4589482421875,-0.003323358716443181,0.057137854397296906,0.19022239744663239
1789058878233959200,14.468959228515626,-0.019414177164435387,0.0960751324892044,0.1271962970495224
1789058878243970300,14.47897021484375,-0.021448034793138504,-0.020352143794298172,-0.0351441390812397
1789058878253981400,14.4889814453125,-0.003826429834589362,-0.04453231394290924,0.10921996086835861
1789058878263992300,14.498992431640625,-0.07712115347385406,0.01637231558561325,0.329020231962204
1789058878274003200,14.509003173828125,-0.2071997970342636,0.02237641252577305,0.005685316398739815
1789058878284014300,14.519014404296875,-0.12222018092870712,-0.077192522585392,-0.21945485472679138
1789058878294025200,14.529025146484376,-0.1656845659017563,-0.028445489704608917,0.03759824112057686
1789058878304037400,14.539037353515624,-0.10429418087005615,-0.008187889121472836,0.10609155148267746
1789058878314048300,14.54904833984375,0.017222397029399872,-0.0010665960144251585,-0.08603235334157944
1789058878324059100,14.55905908203125,-0.10478473454713821,0.021801702678203583,0.016752082854509354
1789058878334070300,14.5690703125,-0.08155078440904617,0.17998920381069183,0.0787922814488411
1789058878344081200,14.5790810546875,-0.033067405223846436,0.06938200443983078,-0.22557294368743896
1789058878354092300,14.58909228515625,0.09784267097711563,0.046425554901361465,-0.1543448269367218
1789058878364103400,14.599103515625,0.10322225838899612,0.033901773393154144,-0.061224739998579025
1789058878374114300,14.6091142578125,0.01594514399766922,0.10048319399356842,0.19761906564235687
1789058878384125200,14.619125244140625,0.026809243485331535,0.05227944999933243,0.06078265607357025
1789058878394136000,14.629135986328125,0.08851654827594757,0.06131209433078766,0.05738978832960129
1789058878404148200,14.639148193359375,0.056777793914079666,0.026910442858934402,-0.07967938482761383
1789058878414159400,14.649159423828126,0.1290980577468872,0.14435957372188568,0.1677735596895218
1789058878424170200,14.659170166015626,0.0592084638774395,0.01949833333492279,-0.04170536994934082
1789058878434181000,14.66918115234375,-0.02474023401737213,0.06353583186864853,0.12083294242620468
1789058878444192300,14.679192138671874,0.04960297420620918,-0.016822123900055885,-0.07932890951633453
1789058878454203400,14.689203369140625,0.029866285622119904,0.06768397241830826,-0.003008040366694331
1789058878464214300,14.69921435546875,-0.00782809592783451,-0.004276770167052746,0.0408792570233345
1789058878474225400,14.709225341796875,-0.06571643054485321,0.07446490973234177,0.03831516578793526
1789058878484236300,14.719236328125,-0.13939997553825378,0.08103945851325989,-0.07926446199417114
1789058878494247200,14.7292470703125,-0.09302741289138794,0.002921487670391798,-0.18040892481803894
1789058878504258300,14.73925830078125,0.10401614755392075,-0.04866207763552666,-0.1084979772567749
1789058878514270200,14.749270263671875,0.1488874852657318,-0.09018821269273758,-0.07117830961942673
1789058878524281300,14.75928125,0.11911600083112717,0.022523950785398483,-0.10792113840579987
1789058878534292200,14.769292236328125,-0.003245328087359667,0.06790581345558167,-0.1029207855463028
1789058878544303000,14.77930322265625,0.09560934454202652,0.021218203008174896,-0.06234007328748703
1789058878554314500,14.789314453125,0.22149723768234253,0.01278743427246809,0.08147647976875305
1789058878564325400,14.799325439453124,0.11805420368909836,0.09396617859601974,0.06899318099021912
1789058878574336300,14.809336181640624,0.06723017245531082,0.09204576909542084,-0.07423880696296692
1789058878584347100,14.81934716796875,0.049125466495752335,0.0935688316822052,-0.030537934973835945
1789058878594358300,14.829358154296875,0.03329723700881004,0.03410923480987549,0.032945431768894196
1789058878604369200,14.839369140625,0.06329455226659775,0.05156545713543892,0.034340664744377136
1789058878614380300,14.84938037109375,0.04532726854085922,0.022945262491703033,0.12223057448863983
1789058878624392200,14.85939208984375,0.011607387103140354,-0.016806144267320633,0.20182792842388153
1789058878634403300,14.8694033203125,-0.07158337533473969,0.25035977363586426,0.3547056317329407
1789058878644414200,14.879414306640625,-0.010493920184671879,-0.11154729872941971,-0.30954399704933167
1789058878654425300,14.88942529296875,0.05368533357977867,-0.14178802073001862,-0.4131028950214386
1789058878664436200,14.899436279296875,0.012288091704249382,0.02315565198659897,0.034575819969177246
1789058878674447400,14.909447265625,-0.040703222155570984,0.033184584230184555,0.2211286574602127
1789058878684458200,14.919458251953126,0.03939907252788544,-0.04012637957930565,0.14349804818630219
1789058878694469000,14.92946923828125,0.0011414308100938797,0.022961508482694626,0.041675008833408356
1789058878704480300,14.939480224609374,-0.11657508462667465,0.06370733678340912,0.006191316992044449
1789058878714491400,14.949491455078125,-0.050512440502643585,0.021734589710831642,-0.07540154457092285
1789058878724502300,14.959502197265625,0.053031258285045624,0.05151885002851486,-0.08286212384700775
1789058878734514200,14.96951416015625,0.06332863867282867,0.08031321316957474,-0.03677798807621002
1789058878744525300,14.979525390625,0.1078319251537323,0.06609326601028442,-0.14943182468414307
1789058878754536400,14.989536376953126,0.07209283858537674,0.08559799194335938,-0.024392690509557724
1789058878764547300,14.99954736328125,0.08813518285751343,0.07204383611679077,0.04651690274477005
1789058878774558200,15.00955810546875,0.05668724700808525,0.10451868921518326,0.37209659814834595
1789058878784569300,15.0195693359375,-0.000934236915782094,0.2641967535018921,0.18368487060070038
1789058878794580200,15.029580322265625,-0.07250802218914032,0.20667514204978943,-0.19330847263336182
1789058878804591000,15.039591064453125,-0.02719620056450367,0.12399491667747498,-0.08277397602796555
1789058878814602500,15.0496025390625,0.09830126911401749,0.19327092170715332,0.06979665905237198
1789058878824613400,15.05961328125,0.10404837131500244,0.09184230864048004,-0.042032137513160706
1789058878834624300,15.069624267578124,0.11091959476470947,-0.0030655646696686745,-0.11890934407711029
1789058878844636200,15.07963623046875,-0.015895076096057892,0.19662411510944366,0.31127533316612244
1789058878854647300,15.089647216796875,0.007092264015227556,0.02780073881149292,-0.17845256626605988
1789058878864658400,15.099658447265625,0.03921185061335564,0.08901242911815643,-0.2715252637863159
1789058878874669300,15.10966943359375,0.04843277856707573,0.10122222453355789,-0.2291269302368164
1789058878884680200,15.11968017578125,0.03654629364609718,0.10522522032260895,-0.02033057250082493
1789058878894691300,15.12969140625,0.09201647341251373,0.050327885895967484,-0.11235556751489639
1789058878904702200,15.1397021484375,0.05166612192988396,0.08098326623439789,-0.03248870000243187
1789058878914713300,15.14971337890625,0.006638728082180023,0.0425860770046711,0.06045881658792496
1789058878924724200,15.15972412109375,-0.02208080142736435,0.0993790477514267,0.105809785425663
1789058878934735400,15.1697353515625,-0.11547999083995819,0.08734209835529327,-0.006179332733154297
1789058878944746200,15.179746337890625,-0.074399933218956,0.018818428739905357,-0.18182438611984253
1789058878954758100,15.189758056640626,-0.0696302130818367,0.06235711649060249,-0.04568226635456085
1789058878964769300,15.199769287109374,-0.0732627585530281,-0.01962243765592575,-0.0142958490177989
1789058878974780400,15.209780517578125,-0.1437065750360489,0.11564244329929352,-0.0038037928752601147
1789058878984791300,15.219791259765625,-0.1441209614276886,0.09835586696863174,0.03759078308939934
1789058878994802200,15.22980224609375,-0.050646133720874786,0.016927318647503853,0.13994592428207397
1789058879004813300,15.239813232421875,-0.03885818272829056,0.020788636058568954,0.04808763414621353
1789058879014824400,15.249824462890626,-0.007428355049341917,0.009166866540908813,0.08921322971582413
1789058879024835300,15.25983544921875,0.07582499086856842,0.012980779632925987,-0.07504388689994812
1789058879034846200,15.26984619140625,0.004494350403547287,0.11130735278129578,0.044075049459934235
1789058879044857300,15.279857421875,-0.02834109403192997,0.11271855980157852,-0.07805858552455902
1789058879054868200,15.2898681640625,0.005774798337370157,0.12176238745450974,0.09724771976470947
1789058879064880400,15.29988037109375,0.04893771559000015,0.027360517531633377,-0.09203964471817017
1789058879074891300,15.309891357421876,0.1294594556093216,0.03328045830130577,-0.037096768617630005
1789058879084902400,15.31990234375,0.038539137691259384,0.04917393624782562,0.18284597992897034
1789058879094913300,15.329913330078124,-0.05602864921092987,0.0855410024523735,0.3514230251312256
1789058879104924400,15.33992431640625,-0.09912951290607452,0.14358006417751312,0.22604405879974365
1789058879114935600,15.349935546875,-0.1251712292432785,0.08181443810462952,0.22336970269680023
1789058879124946700,15.35994677734375,-0.14996978640556335,0.06690499931573868,0.6115741729736328
1789058879134957600,15.36995751953125,-0.15943972766399384,0.1916072517633438,0.531383216381073
1789058879144968400,15.379968505859376,-0.15431340038776398,-0.031083351001143456,-0.06700300425291061
1789058879154979600,15.3899794921875,-0.17678968608379364,-0.0014029532903805375,-0.060388240963220596
1789058879164990500,15.399990478515624,-0.1708199381828308,0.07118230313062668,0.0044104610569775105
1789058879175001600,15.410001708984375,-0.2194596529006958,0.042513638734817505,0.047798946499824524
1789058879185013500,15.420013427734375,-0.2250291258096695,0.09708047658205032,0.19453033804893494
1789058879195024400,15.4300244140625,-0.1350337117910385,0.011728561483323574,-0.20678167045116425
1789058879205035500,15.440035400390625,-0.1497008055448532,-0.0343201570212841,-0.45282021164894104
1789058879215046700,15.450046630859376,-0.197982057929039,0.09721523523330688,-0.02075561136007309
1789058879225057500,15.4600576171875,-0.2734437882900238,0.07065846025943756,0.22366824746131897
1789058879235068700,15.470068603515625,-0.35250717401504517,0.08305414021015167,0.3456554114818573
1789058879245079600,15.48007958984375,-0.3387458324432373,0.036615002900362015,0.3253194987773895
1789058879255090400,15.49009033203125,-0.37460237741470337,0.12480291724205017,0.6592476963996887
1789058879265101300,15.500101318359375,-0.5745964646339417,-0.04580210894346237,0.07684870809316635
1789058879275112700,15.51011279296875,-0.6132335662841797,-0.04807937890291214,-0.10027068108320236
1789058879285123600,15.52012353515625,-0.5600286722183228,0.10860317945480347,-0.03886643797159195
1789058879295135500,15.530135498046874,-0.571357786655426,-0.1046300083398819,-0.4219602942466736
1789058879305146400,15.540146484375,-0.5219646692276001,0.06226683780550957,-0.24151381850242615
1789058879315157500,15.550157470703125,-0.5117192268371582,-0.008945291861891747,0.022467225790023804
1789058879325168600,15.560168701171875,-0.42549189925193787,-0.04315785691142082,0.12346094846725464
1789058879335179500,15.570179443359375,-0.2968868017196655,0.081526018679142,0.13640257716178894
1789058879345190400,15.5801904296875,-0.30991843342781067,-0.14727041125297546,-0.2731609642505646
1789058879355201500,15.590201416015624,-0.2204626053571701,-0.03801475837826729,-0.43998509645462036
1789058879365212400,15.60021240234375,-0.21114739775657654,-0.10260733217000961,-0.5634527206420898
1789058879375223600,15.6102236328125,-0.1256314218044281,-0.057978879660367966,-0.46401533484458923
1789058879385234700,15.620234619140625,-0.059544820338487625,-0.04487399756908417,-0.4681892991065979
1789058879395245600,15.63024560546875,-0.05044613033533096,-0.15820348262786865,-0.2421969175338745
1789058879405256400,15.64025634765625,-0.21226805448532104,-0.021350828930735588,0.049971554428339005
1789058879415268400,15.650268310546876,-0.24198919534683228,-0.21273623406887054,0.14224955439567566
1789058879425279700,15.66027978515625,-0.1768418848514557,-0.20481812953948975,0.24930302798748016
1789058879435290600,15.67029052734375,-0.4746709167957306,-0.05133003368973732,0.16091884672641754
1789058879445301500,15.680301513671875,-0.4268985986709595,0.01212617103010416,0.27465152740478516
1789058879455312400,15.6903125,-0.015918245539069176,-0.07885753363370895,0.303650438785553
1789058879465323500,15.700323486328125,0.2167738527059555,-0.18499967455863953,-0.008436361327767372
1789058879475334700,15.710334716796876,0.21371868252754211,-0.22221122682094574,-0.44216543436050415
1789058879485345500,15.720345458984376,0.1184195876121521,-0.1763731688261032,-0.4485096037387848
1789058879495356700,15.730356689453124,0.0020999026019126177,0.010899785906076431,-0.004107926040887833
1789058879505367600,15.740367431640625,0.19630533456802368,-0.08680333942174911,-0.05083734914660454
1789058879515378400,15.75037841796875,0.14339444041252136,-0.023861125111579895,0.07053248584270477
1789058879525389300,15.760389404296875,0.16676874458789825,-0.1443566530942917,-0.0974128395318985
1789058879535401500,15.7704013671875,0.3339606523513794,-0.41857168078422546,-0.3817231357097626
1789058879545412600,15.78041259765625,0.33325573801994324,-0.26088592410087585,-0.35318735241889954
1789058879555423500,15.790423583984374,0.11951334774494171,-0.059479039162397385,-0.10533653944730759
1789058879565434400,15.800434326171874,0.06920836865901947,-0.03712313249707222,0.07178603857755661
1789058879575445500,15.810445556640625,0.1748056262731552,-0.14215873181819916,-0.16906705498695374
1789058879585456600,15.82045654296875,0.16411224007606506,-0.1067458838224411,0.08268901705741882
1789058879595467500,15.830467529296875,0.33224746584892273,-0.19331087172031403,0.0347348116338253
1789058879605478400,15.840478515625,0.4371986389160156,-0.12587271630764008,0.09554356336593628
1789058879615489500,15.850489501953126,0.36085405945777893,-0.12837101519107819,0.20131820440292358
1789058879625500400,15.86050048828125,0.4411585032939911,-0.07727587968111038,0.30024585127830505
1789058879635511600,15.870511474609375,0.5415726900100708,-0.07977499067783356,0.24492347240447998
1789058879645522700,15.880522705078125,0.5166583061218262,-0.05469440296292305,0.0840243324637413
1789058879655534600,15.89053466796875,0.4926544427871704,-0.054486412554979324,-0.07244516909122467
1789058879665545500,15.90054541015625,0.4555424749851227,0.03755456581711769,-0.09137758612632751
1789058879675556400,15.910556396484376,0.44892266392707825,-0.012937902472913265,-0.21414931118488312
1789058879685567700,15.920567626953124,0.4356694519519806,-0.07523030787706375,-0.09704399108886719
1789058879695578600,15.93057861328125,0.2934105694293976,-0.0001984054979402572,0.2208586037158966
1789058879705589500,15.940589599609375,0.24739061295986176,-0.07477490603923798,-0.058936286717653275
1789058879715600400,15.950600341796875,0.20263034105300903,0.0023039006628096104,-0.14964941143989563
1789058879725611500,15.960611572265625,0.11763262003660202,0.00004234426160110161,-0.2837478220462799
1789058879735622700,15.97062255859375,0.1102500781416893,0.0062706791795790195,-0.10419750958681107
1789058879745633500,15.980633544921876,0.09612812846899033,0.03110918402671814,-0.03556039184331894
1789058879755644700,15.990644775390624,0.02978053316473961,0.05211539939045906,0.19089512526988983
1789058879765656600,16.000656494140625,0.09670044481754303,-0.046715039759874344,0.06752711534500122
1789058879775667500,16.01066748046875,0.0037148434203118086,0.03158562257885933,-0.004511395003646612
1789058879785678600,16.0206787109375,-0.133760467171669,0.10598129034042358,-0.05811044201254845
1789058879795689500,16.030689453125,-0.028482774272561073,0.15262523293495178,0.12137649208307266
1789058879805700600,16.04070068359375,0.06448977440595627,-0.017521468922495842,-0.1640312820672989
1789058879815711500,16.05071142578125,-0.05468934401869774,0.08278782665729523,-0.0537167564034462
1789058879825722400,16.060722412109374,-0.07177059352397919,0.07948337495326996,0.2004324346780777
1789058879835733500,16.0707333984375,-0.08401207625865936,0.07861784845590591,0.1611984819173813
1789058879845744600,16.08074462890625,-0.026023611426353455,0.026976490393280983,0.1506771296262741
1789058879855755500,16.090755615234375,-0.009588445536792278,0.0158894844353199,0.15501675009727478
1789058879865766400,16.100766357421875,-0.09842750430107117,0.0007440872141160071,-0.0863649845123291
1789058879875777500,16.110777587890624,-0.15108512341976166,0.015984825789928436,-0.138955757021904
1789058879885789700,16.120789794921876,-0.21840690076351166,0.03268018364906311,-0.046605851501226425
1789058879895800600,16.130800537109376,-0.28148600459098816,0.025667013600468636,0.048117995262145996
1789058879905811500,16.1408115234375,-0.3414284288883209,0.04024355858564377,0.12774650752544403
1789058879915822600,16.150822509765625,-0.3501340448856354,-0.003946538548916578,-0.017223462462425232
1789058879925833500,16.16083349609375,-0.2503259479999542,-0.06643574684858322,-0.1723339557647705
1789058879935844400,16.17084423828125,-0.2249324470758438,-0.01380848977714777,-0.16015717387199402
1789058879945855700,16.180855712890626,-0.19431035220623016,-0.09182020276784897,-0.2803964912891388
1789058879955866600,16.19086669921875,-0.26870736479759216,-0.024172181263566017,-0.049726542085409164
1789058879965877500,16.20087744140625,-0.461004376411438,0.03008999116718769,0.19309888780117035
1789058879975888400,16.210888427734375,-0.487422376871109,0.026735739782452583,0.1676981896162033
1789058879985899500,16.2208994140625,-0.5093676447868347,0.04480874910950661,0.28870290517807007
1789058879995910700,16.23091064453125,-0.42143645882606506,-0.14249056577682495,-0.0036967338528484106
1789058880005922600,16.240922607421876,-0.3013915419578552,-0.14016562700271606,-0.11471619457006454
1789058880015933400,16.250933349609376,-0.31195762753486633,-0.13895761966705322,-0.1786957085132599
1789058880025944600,16.260944580078124,-0.2787538766860962,-0.05774931609630585,-0.10041262209415436
1789058880035955500,16.27095556640625,-0.16856105625629425,-0.09643518924713135,-0.2522905766963959
1789058880045966600,16.280966552734377,-0.21605773270130157,-0.10250400751829147,-0.24580177664756775
1789058880055977500,16.2909775390625,-0.19010388851165771,-0.13497352600097656,0.23118582367897034
1789058880065988600,16.300988525390625,-0.25695377588272095,-0.10413838922977448,0.2570815980434418
1789058880075999500,16.31099951171875,-0.33510634303092957,-0.06735613942146301,0.004429901950061321
1789058880086010400,16.32101025390625,-0.162493035197258,-0.19065064191818237,-0.21048159897327423
1789058880096021500,16.331021484375,-0.09623705595731735,-0.1383453607559204,-0.14398859441280365
1789058880106033000,16.341032958984375,-0.0638841763138771,-0.2135583609342575,-0.15016792714595795
1789058880116043800,16.351043701171875,0.009271528571844101,-0.044373057782649994,0.1462075412273407
1789058880126056000,16.361055908203124,0.04428676888346672,-0.18626335263252258,-0.21274316310882568
1789058880136066800,16.37106689453125,0.116793192923069,-0.18182438611984253,-0.154722198843956
1789058880146078000,16.381077880859376,0.21467208862304688,-0.22022637724876404,-0.054190002381801605
1789058880156088800,16.3910888671875,0.12690308690071106,-0.16229037940502167,-0.04320499300956726
1789058880166100000,16.401099853515625,0.11858469992876053,-0.17921662330627441,0.1026877611875534
1789058880176111000,16.411111083984373,0.113749198615551,-0.08431115001440048,0.15499889850616455
1789058880186122000,16.4211220703125,0.023851536214351654,0.007481085602194071,0.20477046072483063
1789058880196132900,16.4311328125,0.18820559978485107,-0.173139289021492,-0.18886232376098633
1789058880206143700,16.441143798828126,0.3204493820667267,-0.18626601994037628,-0.1653095930814743
1789058880216155000,16.45115478515625,0.34279677271842957,-0.2109186351299286,-0.4078218340873718
1789058880226166000,16.461166015625,0.39641764760017395,-0.1396939903497696,-0.10776428133249283
1789058880236177000,16.471177001953127,0.4530681371688843,-0.21627505123615265,0.0373242013156414
1789058880246188000,16.48118798828125,0.31659606099128723,-0.20766185224056244,0.21751262247562408
1789058880256200000,16.491199951171875,0.33189404010772705,-0.04230884090065956,0.3070363700389862
1789058880266210800,16.5012109375,0.31757768988609314,-0.06541788578033447,0.14463122189044952
1789058880276222000,16.511221923828124,0.23899100720882416,0.0017012272728607059,-0.02889236807823181
1789058880286232800,16.52123291015625,0.33816471695899963,0.022244852036237717,0.023849673569202423
1789058880296244000,16.531243896484376,0.46889185905456543,-0.08158034831285477,0.20311449468135834
1789058880306254800,16.5412548828125,0.44959619641304016,-0.11050627380609512,0.04965463653206825
1789058880316265700,16.551265625,0.3850683271884918,0.005478388629853725,0.15545164048671722
1789058880326277000,16.561277099609374,0.34518536925315857,-0.07798480987548828,0.012307798489928246
1789058880336288000,16.5712880859375,0.25233396887779236,-0.06301598250865936,0.09321542829275131
1789058880346299000,16.581298828125,0.18975315988063812,-0.04002890735864639,0.13321344554424286
1789058880356310000,16.59131005859375,0.1810707151889801,0.033354759216308594,0.3314572870731354
1789058880366321000,16.60132080078125,0.1492810994386673,-0.03562910109758377,0.10569899529218674
1789058880376333000,16.6113330078125,0.031143272295594215,0.04915875568985939,-0.12045077979564667
1789058880386344000,16.621343994140624,0.10401987284421921,-0.02787051349878311,-0.07150933891534805
1789058880396354800,16.631354736328124,0.18284571170806885,-0.043063048273324966,0.12836410105228424
1789058880406366000,16.641365966796876,0.05847076699137688,-0.019241338595747948,0.36397767066955566
1789058880416376800,16.651376953125,-0.032879654318094254,0.03828373923897743,0.33509305119514465
1789058880426388000,16.661387939453125,-0.02750273048877716,0.09515634179115295,0.2035485953092575
1789058880436399000,16.671399169921877,0.03581072762608528,0.019119631499052048,-0.04350992664694786
1789058880446410000,16.681409912109373,0.08241311460733414,-0.035775840282440186,-0.30190178751945496
1789058880456420900,16.6914208984375,0.050154779106378555,0.06843870878219604,0.043596744537353516
1789058880466431700,16.701431640625,0.10652990639209747,0.05729151889681816,0.15408997237682343
1789058880476443000,16.71144287109375,0.0698469951748848,0.030956052243709564,0.22906434535980225
1789058880486454000,16.7214541015625,0.03326208144426346,-0.0060919807292521,0.04396825656294823
1789058880496466000,16.7314658203125,-0.018187260255217552,0.002666356973350048,0.02064269408583641
1789058880506476800,16.741476806640627,-0.11922812461853027,0.16030259430408478,0.36912956833839417
1789058880516488000,16.751488037109375,-0.07158124446868896,-0.031511321663856506,0.09758061915636063
1789058880526498800,16.761498779296875,-0.07163557410240173,0.03441150486469269,0.05583610013127327
1789058880536510000,16.771510009765624,-0.0734742134809494,0.0075812204740941525,-0.03178003430366516
1789058880546520800,16.781520751953124,-0.02267761528491974,0.032516930252313614,-0.13931448757648468
1789058880556532000,16.791531982421876,-0.08069777488708496,-0.028316326439380646,-0.2398189902305603
1789058880566542800,16.80154296875,-0.14435477554798126,0.05343526229262352,-0.10754457116127014
1789058880576553700,16.8115537109375,-0.13330265879631042,0.08529572188854218,-0.06035362184047699
1789058880586565000,16.821565185546874,-0.16135773062705994,0.05445285513997078,-0.05673065781593323
1789058880596576000,16.831575927734374,-0.10176790505647659,0.03038799948990345,-0.21369816362857819
1789058880606587000,16.8415869140625,-0.1131390705704689,0.03163569048047066,-0.29191121459007263
1789058880616598000,16.851597900390626,-0.0432092547416687,-0.06760434061288834,-0.25232866406440735
1789058880626610000,16.86160986328125,-0.026022279635071754,-0.0025590313598513603,-0.03327326849102974
1789058880636621000,16.87162109375,-0.1292772889137268,0.07441351562738419,0.28683868050575256
1789058880646632000,16.8816318359375,-0.18406037986278534,0.048115864396095276,-0.016710536554455757
1789058880656642800,16.891642822265624,-0.07833129167556763,-0.05387015640735626,-0.2441149353981018
1789058880666654000,16.901654052734376,-0.05409732460975647,0.050329215824604034,-0.27280116081237793
1789058880676664800,16.911664794921876,-0.031210649758577347,-0.0316585935652256,-0.26052531599998474
1789058880686676000,16.921676025390624,0.08391007781028748,-0.10779064893722534,-0.285753458738327
1789058880696687000,16.93168701171875,0.08005515486001968,-0.025712553411722183,-0.04850814864039421
1789058880706698000,16.941697998046877,0.08263282477855682,-0.08105836808681488,0.0697934627532959
1789058880716708900,16.951708984375,0.1449902057647705,-0.03537503629922867,0.16001789271831512
1789058880726719700,16.9617197265625,0.10710940510034561,-0.11986169219017029,-0.077387735247612
1789058880736731000,16.97173095703125,0.05512077733874321,-0.005856557283550501,0.004063451196998358
1789058880746743000,16.981742919921874,0.18028561770915985,-0.004284759983420372,0.10646678507328033
1789058880756754000,16.99175390625,0.13827505707740784,-0.017856495454907417,0.0014780544443055987
1789058880766764800,17.001764892578127,0.17881901562213898,-0.09698913246393204,-0.032772861421108246
1789058880776776000,17.01177587890625,0.31336164474487305,-0.12381621450185776,-0.27370956540107727
1789058880786786800,17.021786865234375,0.24560897052288055,-0.08647869527339935,-0.15630517899990082
1789058880796798000,17.0317978515625,0.1793798804283142,-0.026512833312153816,0.10440070927143097
1789058880806808800,17.041808837890624,0.22230097651481628,-0.011262508109211922,0.3464019000530243
1789058880816820000,17.051820068359376,0.20527192950248718,-0.04796646162867546,0.3248217701911926
1789058880826830800,17.061830810546876,0.2795323133468628,-0.06481494754552841,0.0439155250787735
1789058880836841700,17.071841796875,0.2599064111709595,0.007725297473371029,0.14797748625278473
1789058880846853000,17.08185302734375,0.28851062059402466,-0.05313858389854431,0.06443145126104355
1789058880856864000,17.091864013671874,0.349935382604599,-0.011693674139678478,0.28484290838241577
1789058880866875000,17.101875,0.2828255891799927,0.06566343456506729,0.37930363416671753
1789058880876886000,17.111885986328126,0.31073230504989624,0.04843571037054062,0.1876111775636673
1789058880886898000,17.12189794921875,0.36514440178871155,-0.0037952708080410957,-0.15709614753723145
1789058880896909000,17.131908935546875,0.2702786326408386,0.06704108417034149,-0.14471137523651123
1789058880906920000,17.141919921875,0.2575037181377411,0.06796173751354218,-0.05409439280629158
1789058880916930800,17.151930908203123,0.2483227252960205,0.06694920361042023,0.1873517781496048
1789058880926942000,17.16194189453125,0.19475963711738586,0.0781342163681984,0.49049806594848633
1789058880936952800,17.171952880859376,0.28161463141441345,0.0224432572722435,0.5380623936653137
1789058880946964000,17.1819638671875,0.257695734500885,0.12849192321300507,0.4308651089668274
1789058880956975000,17.19197509765625,0.2521960139274597,-0.018017882481217384,-0.14140187203884125
1789058880966986000,17.201986083984377,0.33753517270088196,-0.045283325016498566,-0.3837977349758148
1789058880976996900,17.211996826171877,0.16300277411937714,0.12147077172994614,-0.09199250489473343
1789058880987007700,17.2220078125,0.1760285496711731,0.22636842727661133,0.16706329584121704
1789058880997019000,17.232018798828125,0.07475173473358154,0.1480587124824524,-0.07066591084003448
1789058881007031000,17.242031005859374,0.1627444475889206,0.08116116374731064,-0.01600639708340168
1789058881017042000,17.2520419921875,0.2791637182235718,0.05814133211970329,-0.17090916633605957
1789058881027052800,17.262052734375,0.13047145307064056,0.16769392788410187,0.19094865024089813
1789058881037064000,17.27206396484375,0.16425631940364838,0.23941418528556824,-0.10843992233276367
1789058881047074800,17.28207470703125,0.10116603225469589,0.21845456957817078,-0.2243870347738266
1789058881057086000,17.2920859375,0.0890427902340889,0.22699587047100067,-0.2501278221607208
1789058881067096800,17.302096923828124,0.18491792678833008,0.1402769535779953,-0.15200871229171753
1789058881077108000,17.31210791015625,0.15618374943733215,0.14824645221233368,-0.1324448585510254
1789058881087118800,17.322118896484376,-0.08457640558481216,0.27573543787002563,0.29188671708106995
1789058881097129700,17.332129638671876,-0.04012265056371689,0.2606257200241089,0.015866847708821297
1789058881107140400,17.342140380859377,0.031449802219867706,0.21269628405570984,-0.23547963798046112
1789058881117152300,17.35215234375,0.06440002471208572,0.13334155082702637,-0.23856064677238464
1789058881127163100,17.3621630859375,0.07223451882600784,0.16683664917945862,-0.08395055681467056
1789058881137174300,17.37217431640625,-0.05915147066116333,0.19962869584560394,0.1302000731229782
1789058881147185400,17.382185302734374,-0.20132991671562195,0.22639212012290955,0.256649374961853
1789058881157196300,17.3921962890625,-0.2728576362133026,0.2846285402774811,0.1439467817544937
1789058881167207200,17.402207275390627,-0.12094426155090332,0.1686984747648239,-0.22256223857402802
1789058881177218300,17.41221826171875,-0.14277338981628418,0.07403108477592468,-0.2689116299152374
1789058881187229400,17.4222294921875,-0.33832693099975586,0.11530182510614395,-0.1093059852719307
1789058881197241300,17.432241455078124,-0.47797802090644836,0.16865453124046326,-0.05420145392417908
1789058881207252200,17.442252197265624,-0.523324191570282,0.1065051406621933,-0.018195249140262604
1789058881217263000,17.45226318359375,-0.5118979215621948,0.0732121616601944,-0.08279155194759369
1789058881227274200,17.462274169921876,-0.5524448156356812,0.033616550266742706,-0.10449472069740295
1789058881237285400,17.472285400390625,-0.4974702298641205,-0.0062765381298959255,-0.0445682667195797
1789058881247296300,17.482296142578125,-0.4667320251464844,-0.06722963601350784,0.0160045325756073
1789058881257307400,17.492307373046874,-0.5334253311157227,0.05552717298269272,0.142280712723732
1789058881267318300,17.502318359375,-0.47547200322151184,0.0022367890924215317,0.125299334526062
1789058881277329200,17.5123291015625,-0.3603384792804718,-0.10102728009223938,-0.13184751570224762
1789058881287340300,17.52234033203125,-0.38339585065841675,-0.015237808227539062,-0.0821172371506691
1789058881297351400,17.532351318359375,-0.303727924823761,0.0010269149206578732,0.02883218042552471
1789058881307362300,17.5423623046875,-0.11288341134786606,-0.09277654439210892,-0.02375992387533188
1789058881317373200,17.552373291015623,-0.1441822052001953,-0.03273104876279831,-0.00956660695374012
1789058881327385000,17.562385009765624,-0.12616458535194397,-0.032048214226961136,-0.10192716121673584
1789058881337396500,17.572396484375,-0.045953910797834396,-0.04054290056228638,-0.2807946503162384
1789058881347407400,17.582407470703124,-0.02532719448208809,-0.0035987296141684055,-0.242534339427948
1789058881357418200,17.592418212890625,0.03176272287964821,-0.006422212813049555,-0.04929697513580322
1789058881367429400,17.602429443359377,0.10623988509178162,-0.0423772856593132,0.01338984165340662
1789058881377440300,17.612440185546873,0.08984173834323883,0.03827202320098877,0.02203206531703472
1789058881387451100,17.622451171875,0.07498156279325485,0.015171762555837631,-0.18436051905155182
1789058881397462300,17.632462158203126,0.11704912781715393,-0.021166536957025528,-0.10136044025421143
1789058881407473400,17.642473388671874,0.10670088231563568,0.08959779143333435,0.021813154220581055
1789058881417484300,17.652484375,0.10463187098503113,0.06772924959659576,0.23696674406528473
1789058881427495200,17.6624951171875,0.1971713900566101,-0.10742366313934326,0.011091799475252628
1789058881437506300,17.67250634765625,0.05958662927150726,0.12431316077709198,0.0614553727209568
1789058881447517400,17.682517333984375,0.0242608655244112,-0.010289122350513935,-0.16600841283798218
1789058881457528300,17.6925283203125,0.04471180960536003,0.017899638041853905,-0.10250267386436462
1789058881467539200,17.702539306640624,-0.07430938631296158,0.04861520603299141,0.04385374113917351
1789058881477550300,17.71255029296875,-0.10664895176887512,0.09800273180007935,0.10306646674871445
1789058881487561200,17.722561279296876,-0.1586916446685791,0.01745888590812683,0.0758950337767601
1789058881497572000,17.732572021484376,-0.20024441182613373,-0.017459949478507042,-0.010871555656194687
1789058881507583500,17.74258349609375,-0.1679876744747162,-0.12129313498735428,-0.25413772463798523
1789058881517594400,17.752594482421873,-0.24401213228702545,-0.07503243535757065,0.07171066850423813
1789058881527605200,17.762605224609374,-0.3545905649662018,-0.015689214691519737,0.2970884144306183
1789058881537616100,17.7726162109375,-0.3827894628047943,-0.039145536720752716,0.3277994394302368
1789058881547628300,17.782628173828126,-0.36250680685043335,-0.08719029277563095,0.3919733762741089
1789058881557639400,17.792639404296875,-0.36438220739364624,-0.13537247478961945,0.24893444776535034
1789058881567650300,17.802650390625,-0.3910130262374878,-0.007455519400537014,0.0798756554722786
1789058881577661200,17.8126611328125,-0.3315318524837494,-0.01660800538957119,0.12597258388996124
1789058881587672300,17.82267236328125,-0.21301986277103424,-0.13448937237262726,0.025829732418060303
1789058881597683200,17.83268310546875,-0.209059476852417,-0.10215060412883759,0.09758621454238892
1789058881607694300,17.8426943359375,-0.07544974982738495,-0.19063839316368103,0.10795203596353531
1789058881617705500,17.85270556640625,-0.073867566883564,-0.157691091299057,0.2795432209968567
1789058881627716400,17.86271630859375,-0.08789043873548508,-0.1814957559108734,0.14663365483283997
1789058881637727200,17.872727294921877,-0.01179194450378418,-0.19737352430820465,-0.03185087442398071
1789058881647738000,17.882738037109377,-0.011652128770947456,-0.1549333930015564,-0.011404987424612045
1789058881657749200,17.892749267578125,0.049122538417577744,-0.16057316958904266,0.003084206720814109
1789058881667760400,17.902760498046874,0.0981563925743103,-0.15326306223869324,0.10133194923400879
1789058881677771300,17.912771240234374,0.1310672014951706,-0.11287222057580948,0.13701777160167694
1789058881687783200,17.922783203125,0.21288616955280304,-0.23842668533325195,-0.11789414286613464
1789058881697794300,17.932794189453126,0.21775895357131958,-0.208534836769104,-0.15849164128303528
1789058881707805400,17.942805419921875,0.18991267681121826,-0.09409347176551819,-0.0476631261408329
1789058881717816300,17.95281640625,0.28633561730384827,-0.18211548030376434,-0.14751489460468292
1789058881727827200,17.9628271484375,0.2607932388782501,-0.11402404308319092,0.17552708089351654
1789058881737838300,17.97283837890625,0.22193852066993713,-0.023275228217244148,0.2421010434627533
1789058881747849200,17.98284912109375,0.2862458825111389,-0.13547153770923615,-0.07795312255620956
1789058881757860000,17.992860107421876,0.2701374888420105,-0.1464426964521408,-0.2650550901889801
1789058881767871500,18.00287158203125,0.1878066509962082,-0.057786066085100174,-0.037890657782554626
1789058881777882400,18.01288232421875,0.19745421409606934,-0.13974085450172424,-0.0413501039147377
1789058881787893200,18.022893310546873,0.24202142655849457,-0.15015621483325958,0.18912065029144287
1789058881797904100,18.032904052734374,0.10182783007621765,-0.11289885640144348,-0.011826831847429276
1789058881807915300,18.042915283203126,0.014389059506356716,-0.11137206107378006,-0.1952483206987381
1789058881817927400,18.052927490234374,0.0047031426802277565,-0.07093729078769684,-0.05031856521964073
1789058881827938300,18.062938232421875,0.06490416824817657,-0.15059882402420044,-0.13168665766716003
1789058881837949200,18.07294921875,0.10883647203445435,-0.1060076579451561,-0.09045639634132385
1789058881847960300,18.082960205078123,0.08622010797262192,-0.12459225952625275,0.16576926410198212
1789058881857971200,18.09297119140625,0.033368609845638275,-0.08840203285217285,0.1331828236579895
1789058881867982300,18.102982421875,0.014275075867772102,0.02780846133828163,0.13009515404701233
1789058881877993500,18.112993408203124,0.0716795101761818,-0.022276809439063072,0.08983268588781357
1789058881888004400,18.12300439453125,0.13204379379749298,-0.15355946123600006,-0.2205161303281784
1789058881898015200,18.13301513671875,0.12623463571071625,-0.020448017865419388,-0.15437625348567963
1789058881908026000,18.143026123046877,0.2100251317024231,-0.06119198352098465,0.11604484915733337
1789058881918037200,18.153037353515625,0.18860293924808502,-0.043538156896829605,0.04026060551404953
1789058881928048400,18.16304833984375,0.12125052511692047,0.004827778320759535,-0.10112608224153519
1789058881938059300,18.173059326171874,0.16028767824172974,0.02653067745268345,0.007171626668423414
1789058881948070400,18.1830703125,0.13196656107902527,0.03321893885731697,-0.044956024736166
1789058881958082300,18.193082275390626,0.11357929557561874,0.07430272549390793,0.006037918850779533
1789058881968093400,18.203093505859375,0.2326047420501709,0.015389875508844852,0.24918000400066376
1789058881978104300,18.213104248046875,0.21121370792388916,-0.02045014686882496,0.1605265587568283
1789058881988115200,18.223115234375,0.15203507244586945,0.02010553516447544,0.06994099915027618
1789058881998126300,18.233126220703124,0.20909462869167328,0.04337144270539284,0.17139944434165955
1789058882008137200,18.24313720703125,0.09230063855648041,0.10164433717727661,0.010329603217542171
1789058882018148000,18.253148193359376,0.06579899042844772,-0.02449548989534378,-0.15994413197040558
1789058882028159500,18.263159423828125,0.150706946849823,0.061712633818387985,0.029225263744592667
1789058882038170400,18.27317041015625,0.1193636804819107,0.03701341152191162,0.0950080081820488
1789058882048181200,18.28318115234375,0.11263466626405716,-0.12563888728618622,-0.21359165012836456
1789058882058192100,18.293192138671873,0.07479327917098999,0.03626852482557297,-0.08544272929430008
1789058882068203300,18.303203369140626,-0.014819692820310593,0.07305850088596344,0.01085690874606371
1789058882078214100,18.313214111328126,-0.029799174517393112,0.059184759855270386,0.14301760494709015
1789058882088225300,18.323225341796874,-0.015746738761663437,0.0735812783241272,-0.08272550255060196
1789058882098237200,18.3332373046875,0.01564580574631691,0.050026148557662964,-0.09635929018259048
1789058882108248300,18.343248291015627,0.03662965074181557,-0.008494152687489986,-0.12996812164783478
1789058882118259200,18.35325927734375,-0.10229548066854477,0.12515445053577423,0.2395995408296585
1789058882128270000,18.36327001953125,-0.06618247926235199,0.055990032851696014,0.24300865828990936
1789058882138281200,18.37328125,0.004316185135394335,0.020368654280900955,0.2908267676830292
1789058882148292000,18.3832919921875,-0.017421867698431015,0.054370030760765076,0.2308976650238037
1789058882158303200,18.39330322265625,-0.06613907217979431,0.007375091779977083,0.023970579728484154
1789058882168314000,18.403314208984376,-0.061596520245075226,0.08113480359315872,0.05878129228949547
1789058882178325200,18.4133251953125,0.018609903752803802,0.11493057757616043,0.07529475539922714
1789058882188336000,18.423336181640625,0.12924879789352417,0.025473669171333313,0.04645538330078125
1789058882198347000,18.433346923828125,0.16710110008716583,0.04978060722351074,0.043292347341775894
1789058882208358100,18.443358154296874,0.14548449218273163,0.0355026014149189,-0.09126892685890198
1789058882218369300,18.453369384765626,0.07390058785676956,0.10315275192260742,-0.0956956297159195
1789058882228380200,18.463380126953126,0.1337820291519165,0.11600356549024582,0.029031917452812195
1789058882238391000,18.47339111328125,0.20864562690258026,0.03827255219221115,0.08712797611951828
1789058882248403200,18.4834033203125,0.1995096504688263,0.08968354761600494,0.19555112719535828
1789058882258414300,18.493414306640624,0.2266818732023239,0.0401197224855423,0.08128633350133896
1789058882268425200,18.50342529296875,0.21961411833763123,-0.029512085020542145,-0.20393341779708862
1789058882278436000,18.51343603515625,0.14210174977779388,0.08699055761098862,-0.16920526325702667
1789058882288447200,18.523447265625,0.05122430622577667,0.09181913733482361,-0.019363578408956528
1789058882298458000,18.5334580078125,0.07067177444696426,0.03127909451723099,0.1314869225025177
1789058882308469000,18.543468994140625,0.016151806339621544,0.03899959847331047,0.3803049921989441
1789058882318480100,18.553480224609373,0.019449330866336823,0.05519534647464752,0.1207226887345314
1789058882328491300,18.5634912109375,-0.0806700810790062,0.19508613646030426,0.1080433800816536
1789058882338502100,18.573502197265626,0.008100536651909351,0.017969945445656776,0.008628109470009804
1789058882348513000,18.583512939453126,0.011982627213001251,0.08599826693534851,0.19893920421600342
1789058882358524200,18.593524169921874,0.08922868221998215,0.052323658019304276,0.06983580440282822
1789058882368535000,18.60353515625,0.13630244135856628,0.04701358079910278,-0.07317008078098297
1789058882378546200,18.613546142578127,0.16829952597618103,0.04508545249700546,-0.19777220487594604
1789058882388557300,18.623557373046875,-0.006222209427505732,0.12181591987609863,-0.15784981846809387
1789058882398569200,18.6335693359375,0.052618738263845444,0.1056598499417305,-0.17607596516609192
1789058882408580000,18.643580078125,0.10472987592220306,0.05613623932003975,-0.2434467375278473
1789058882418591200,18.65359130859375,0.10315754264593124,0.03382107987999916,-0.18615709245204926
1789058882428602000,18.66360205078125,0.056775663048028946,0.0976053848862648,0.00794341042637825
1789058882438613200,18.67361328125,0.06889597326517105,0.07188670337200165,0.14795032143592834
1789058882448624000,18.6836240234375,-0.026212695986032486,0.12293524295091629,0.08809284120798111
1789058882458635000,18.693635009765625,-0.02046586014330387,0.07546519488096237,-0.042509909719228745
1789058882468646100,18.703646240234374,0.004885302856564522,0.060336578637361526,-0.08584539592266083
1789058882478657300,18.7136572265625,-0.04802105575799942,0.16849207878112793,-0.09068649262189865
1789058882488668200,18.723668212890626,-0.06579312682151794,0.04087206721305847,-0.19485816359519958
1789058882498679000,18.733678955078126,-0.010790595784783363,0.07343266904354095,-0.11917272955179214
1789058882508690200,18.743690185546875,-0.12169021368026733,0.10509392619132996,0.06548792868852615
1789058882518701000,18.753701171875,-0.21248562633991241,0.05476391315460205,0.065714031457901
1789058882528712200,18.763712158203123,-0.2559894323348999,0.15952813625335693,0.1344832479953766
1789058882538723300,18.773723388671876,-0.24733495712280273,0.007873369380831718,-0.10349337011575699
1789058882548735200,18.7837353515625,-0.3178735673427582,0.015390674583613873,-0.0502445288002491
1789058882558746000,18.79374609375,-0.3349476456642151,-0.0471254326403141,0.13052871823310852
1789058882568757000,18.803757080078125,-0.35720980167388916,-0.03179521486163139,0.007752461824566126
1789058882578768100,18.81376806640625,-0.4424128532409668,-0.04736831411719322,-0.052074652165174484
1789058882588779300,18.823779296875,-0.4532305896282196,-0.010483266785740852,-0.017292704433202744
1789058882598790100,18.8337900390625,-0.4912581443786621,-0.03206579014658928,0.041787393391132355
1789058882608801000,18.843801025390626,-0.5234168767929077,-0.0062483083456754684,0.008536762557923794
1789058882618812200,18.853812255859374,-0.4233616590499878,-0.06303968280553818,-0.011511513963341713
1789058882628823000,18.863822998046874,-0.3498820960521698,-0.11000479757785797,0.06752311438322067
1789058882638834200,18.873834228515626,-0.2741180956363678,-0.11824434995651245,-0.029135780408978462
1789058882648845300,18.88384521484375,-0.26356878876686096,-0.058211106806993484,-0.001841575838625431
1789058882658856200,18.893856201171875,-0.16624276340007782,-0.14082422852516174,-0.06142580881714821
1789058882668867000,18.9038671875,-0.10337459295988083,-0.1331135779619217,-0.1260753720998764
1789058882678878000,18.9138779296875,-0.09894735366106033,-0.036798760294914246,0.03580912947654724
1789058882688889300,18.923889404296876,0.021044032648205757,-0.10243316739797592,0.00011105381418019533
1789058882698901200,18.9339013671875,0.05735676735639572,-0.10931184142827988,0.08706645667552948
1789058882708912000,18.943912109375,0.06546849012374878,-0.11403176188468933,0.0865362212061882
1789058882718923000,18.953923095703125,0.12407773733139038,-0.09779606759548187,0.060328852385282516
1789058882728934100,18.96393408203125,0.170244961977005,-0.09017197042703629,0.12048966437578201
1789058882738945300,18.9739453125,0.18132637441158295,-0.10300787538290024,-0.007654191460460424
1789058882748956200,18.9839560546875,0.2149711549282074,-0.10078945755958557,0.05999675765633583
1789058882758967000,18.993967041015626,0.2205270528793335,-0.08220139890909195,0.13403423130512238
1789058882768978200,19.003978271484375,0.21002034842967987,-0.10229015350341797,-0.037819549441337585
1789058882778989000,19.013989013671875,0.22576335072517395,-0.08910830318927765,-0.2034207582473755
1789058882789000200,19.024000244140623,0.23500053584575653,-0.11795593053102493,0.09944536536931992
1789058882799011300,19.03401123046875,0.23431237041950226,-0.08740734308958054,-0.046784017235040665
1789058882809022200,19.044022216796876,0.13988013565540314,0.021385449916124344,0.06805761158466339
1789058882819033000,19.054033203125,0.2675510048866272,-0.10422174632549286,-0.08976663649082184
1789058882829044200,19.064044189453124,0.23228517174720764,-0.05880046635866165,-0.11503364145755768
1789058882839055000,19.07405517578125,0.18484415113925934,-0.14088468253612518,-0.3107304573059082
1789058882849066200,19.084066162109377,0.1341543346643448,-0.06811753660440445,0.08959273248910904
1789058882859078100,19.094078125,0.05595807358622551,-0.042442530393600464,-0.030461503192782402
1789058882869089000,19.104089111328125,0.06987015902996063,-0.005931658670306206,-0.02719966322183609
1789058882879100200,19.11410009765625,0.15728363394737244,-0.13966788351535797,-0.16614876687526703
1789058882889111000,19.124111083984374,0.12045930325984955,-0.019721239805221558,-0.15385401248931885
1789058882899122200,19.1341220703125,0.1460040807723999,0.010126936249434948,-0.09948637336492538
1789058882909133300,19.14413330078125,0.26067739725112915,-0.0364629365503788,0.0042131207883358
1789058882919144200,19.154144287109375,0.28888052701950073,0.011201255023479462,0.139011412858963
1789058882929155000,19.164155029296875,0.2783128619194031,0.09103883057832718,0.03876097872853279
1789058882939166000,19.174166015625,0.3529607355594635,-0.014148043468594551,-0.012030031532049179
1789058882949177300,19.18417724609375,0.3631316125392914,0.07229230552911758,0.013908624649047852
1789058882959188200,19.194188232421876,0.24458417296409607,0.11356810480356216,0.036081571131944656
1789058882969199000,19.20419921875,0.23826903104782104,0.02268107794225216,-0.20593293011188507
1789058882979210200,19.214210205078125,0.20492598414421082,0.09819074720144272,0.04466281086206436
1789058882989221000,19.22422119140625,0.16223125159740448,0.041256360709667206,0.06517767161130905
1789058882999232000,19.23423193359375,0.09093789756298065,0.07171893119812012,0.07067150622606277
1789058883009244200,19.244244140625,0.02076706290245056,0.07880479842424393,0.14569835364818573
1789058883019255000,19.254255126953126,-0.08387572318315506,0.12328465282917023,0.15651610493659973
1789058883029266200,19.26426611328125,-0.13423104584217072,0.04429875314235687,-0.02353595197200775
1789058883039277000,19.274277099609375,-0.19542595744132996,0.09640643000602722,0.15087606012821198
1789058883049288200,19.2842880859375,-0.22561874985694885,0.026501648128032684,0.08808218687772751
1789058883059299300,19.29429931640625,-0.2767208218574524,0.04776592552661896,-0.09583544731140137
1789058883069310200,19.304310302734375,-0.3206794857978821,0.008986570872366428,0.12042734771966934
1789058883079321000,19.314321044921876,-0.2776387929916382,-0.05823800712823868,0.152854785323143
1789058883089332200,19.324332275390624,-0.3299075961112976,0.06771939247846603,0.20256003737449646
1789058883099343000,19.334343017578124,-0.37538427114486694,0.020604344084858894,0.049314286559820175
1789058883109354800,19.344354736328125,-0.3649284243583679,-0.11380912363529205,-0.035958800464868546
1789058883119366000,19.354365966796873,-0.32853153347969055,-0.022069616243243217,0.09229184687137604
1789058883129376800,19.364376708984373,-0.26132932305336,-0.09896013885736465,-0.048469532281160355
1789058883139388000,19.374387939453126,-0.1736612766981125,-0.07570488005876541,0.12376641482114792
1789058883149398800,19.384398681640626,-0.19357159733772278,-0.06264100968837738,-0.004765726625919342
1789058883159409700,19.39440966796875,-0.17725174129009247,-0.11679159849882126,-0.04033144563436508
1789058883169421800,19.404421875,-0.05853654816746712,-0.1223490834236145,0.10679382085800171
1789058883179433000,19.414432861328127,-0.022298114374279976,-0.15021054446697235,0.07019426673650742
1789058883189443800,19.42444384765625,-0.011088604107499123,-0.11908058077096939,0.003778493031859398
1789058883199454700,19.434454833984375,-0.02544677071273327,-0.053404368460178375,0.07123290002346039
1789058883209465900,19.4444658203125,0.009528524242341518,-0.09596647322177887,-0.033250365406274796
1789058883219477000,19.45447705078125,0.11503657698631287,-0.13777890801429749,-0.13049249351024628
1789058883229487900,19.46448779296875,0.16648058593273163,-0.06778118014335632,0.17631910741329193
1789058883239498800,19.474498779296876,0.20824427902698517,-0.16281341016292572,0.013623666949570179
1789058883249510000,19.484510009765625,0.21977470815181732,-0.09711083769798279,-0.17179173231124878
1789058883259520800,19.494520751953125,0.22896048426628113,-0.08596630394458771,-0.1217847540974617
1789058883269531600,19.50453173828125,0.2830175757408142,-0.12471343576908112,-0.2238469421863556
1789058883279543000,19.51454296875,0.2507193088531494,-0.07578664273023605,-0.1828736811876297
1789058883289554000,19.524553955078126,0.28501760959625244,-0.033125463873147964,0.06460029631853104
1789058883299564800,19.534564697265626,0.3639664947986603,-0.1314443051815033,-0.02829049341380596
1789058883309575700,19.54457568359375,0.3322831392288208,0.005215268116444349,0.016633572056889534
1789058883319586800,19.5545869140625,0.2984676659107208,-0.07165234535932541,-0.11015233397483826
1789058883329599000,19.564598876953124,0.28705334663391113,-0.007868043147027493,-0.08193081617355347
1789058883339609900,19.57460986328125,0.22105835378170013,0.02755413018167019,-0.003992078360170126
1789058883349620700,19.584620849609376,0.26086142659187317,-0.028442293405532837,-0.0806700810790062
1789058883359632000,19.5946318359375,0.2456933856010437,0.014044712297618389,-0.04446972906589508
1789058883369642800,19.604642822265625,0.2532482445240021,0.0026293389964848757,-0.07008667290210724
1789058883379654000,19.61465380859375,0.2469160407781601,-0.045306496322155,-0.20365272462368011
1789058883389664800,19.624664794921873,0.22487039864063263,0.03970959410071373,0.007876299321651459
1789058883399676000,19.634676025390625,0.1461188644170761,0.07726495712995529,0.06798703968524933
1789058883409686800,19.644686767578126,0.09469481557607651,0.03201385959982872,-0.025305356830358505
1789058883419697700,19.65469775390625,0.07791690528392792,0.09302128851413727,0.04481540992856026
1789058883429708800,19.664708740234374,0.05060192570090294,0.061142448335886,-0.038238998502492905
1789058883439720000,19.674719970703126,0.028838839381933212,0.010823885910212994,-0.21425770223140717
1789058883449730800,19.684730712890627,-0.031803734600543976,0.10231412202119827,-0.0380813404917717
1789058883459742000,19.694741943359375,-0.10164114087820053,0.07869427651166916,-0.013460415415465832
1789058883469752800,19.7047529296875,-0.12807194888591766,0.0799369066953659,0.08698736131191254
1789058883479763700,19.714763671875,-0.17182715237140656,0.11313800513744354,0.15376345813274384
1789058883489774800,19.72477490234375,-0.20651589334011078,0.060748569667339325,-0.08746859431266785
1789058883499786800,19.734786865234376,-0.24772697687149048,0.08772106468677521,-0.1197706088423729
1789058883509798000,19.7447978515625,-0.18475094437599182,-0.02510189078748226,-0.11789654195308685
1789058883519808800,19.754808837890625,-0.1391533613204956,0.03259895741939545,0.07553603500127792
1789058883529819600,19.764819580078125,-0.18836617469787598,0.03846190497279167,0.0940074548125267
1789058883539831000,19.7748310546875,-0.1803380846977234,0.014706774614751339,0.041014280170202255
1789058883549842000,19.784842041015626,-0.1523629128932953,0.06896388530731201,0.16999223828315735
1789058883559852800,19.794852783203126,-0.12723970413208008,0.05359957739710808,-0.03130678832530975
1789058883569863700,19.80486376953125,-0.030044717714190483,-0.04571182653307915,-0.14732953906059265
1789058883579874800,19.814874755859375,0.09401224553585052,0.05331036075949669,0.19473353028297424
1789058883589885700,19.8248857421875,0.04120149835944176,0.07429447025060654,0.18838855624198914
1789058883599896800,19.834896728515623,0.13635145127773285,-0.02173032984137535,-0.044505417346954346
1789058883609908000,19.844907958984376,0.17464397847652435,0.04012424871325493,0.027525367215275764
1789058883619918800,19.8549189453125,0.1308051496744156,0.06744907796382904,0.05143469572067261
1789058883629929700,19.8649296875,0.13771046698093414,0.0313323549926281,-0.08069298416376114
1789058883639940900,19.87494091796875,0.1632818728685379,0.0856134369969368,-0.046845536679029465
1789058883649952000,19.884951904296877,0.13483265042304993,0.029829001054167747,-0.21724523603916168
1789058883659963000,19.894962890625,0.15092772245407104,0.020790232345461845,-0.15865223109722137
1789058883669974800,19.904974853515625,0.18765617907047272,0.05828780680894852,0.13358522951602936
1789058883679985700,19.914985595703126,0.19378624856472015,0.06174006313085556,0.09202313423156738
1789058883689996800,19.924996826171874,0.19749337434768677,0.004078364931046963,-0.10804124921560287
1789058883700008000,19.935008056640626,0.2220383882522583,0.053044840693473816,-0.05842788890004158
1789058883710018800,19.945018798828126,0.1240236759185791,-0.03712180256843567,-0.2661304771900177
1789058883720030000,19.955030029296875,0.08620546013116837,0.11151294410228729,-0.06119731068611145
1789058883730040800,19.965040771484375,0.11938365548849106,0.027115773409605026,-0.1773657351732254
1789058883740051700,19.9750517578125,0.1048065721988678,0.040400419384241104,-0.11268393695354462
1789058883750062800,19.985062744140624,-0.0022327941842377186,0.08229034394025803,-0.07337168604135513
1789058883760074000,19.995073974609376,0.03298617899417877,0.04923705384135246,0.049431730061769485
1789058883770084900,20.0050849609375,0.033914558589458466,0.06668581813573837,0.19412259757518768
1789058883780095700,20.015095703125,-0.06069450452923775,0.10511043667793274,0.10655786842107773
1789058883790107000,20.02510693359375,-0.06012778356671333,0.06835056096315384,-0.09457231312990189
1789058883800117800,20.03511767578125,-0.06883419305086136,0.0712938904762268,-0.04157966747879982
1789058883810129000,20.04512890625,-0.08067407459020615,0.023997211828827858,-0.10251013189554214
1789058883820139800,20.055139892578126,-0.12413100153207779,0.06297177821397781,0.06628288328647614
1789058883830151000,20.06515087890625,-0.15835314989089966,0.05439959093928337,0.2021365910768509
1789058883840162800,20.075162841796875,-0.2449900507926941,0.0853995829820633,0.08840203285217285
1789058883850173700,20.085173583984375,-0.18667666614055634,-0.005003546830266714,-0.15023131668567657
1789058883860184800,20.095184814453123,-0.13667449355125427,0.08384403586387634,-0.11927313357591629
1789058883870196000,20.105196044921875,-0.18614590167999268,0.04271017760038376,-0.13196256756782532
1789058883880206800,20.115206787109376,-0.19135957956314087,0.12175839394330978,-0.016317719593644142
1789058883890217700,20.1252177734375,-0.08061681687831879,0.05758500099182129,0.17418351769447327
1789058883900228900,20.135228759765624,0.0603533536195755,0.03997031971812248,0.08879857510328293
1789058883910240000,20.145239990234376,0.1422191858291626,-0.01101643219590187,0.061473745852708817
1789058883920251000,20.1552509765625,0.14466264843940735,-0.012051869183778763,-0.051906608045101166
1789058883930261800,20.16526171875,0.0471842885017395,0.07361350208520889,-0.06753217428922653
1789058883940273000,20.17527294921875,0.04788549989461899,0.03458194434642792,-0.11063569784164429
1789058883950283800,20.18528369140625,0.11364773660898209,0.049255162477493286,0.06904937326908112
1789058883960294700,20.195294677734374,0.1605265587568283,0.019659986719489098,0.1981346607208252
1789058883970305800,20.205305908203126,0.14543814957141876,0.020118318498134613,0.17531909048557281
1789058883980317000,20.21531689453125,0.0984293669462204,0.12106809765100479,0.16414685547351837
1789058883990327800,20.225327880859375,0.07480207085609436,0.06750820577144623,0.1262229084968567
1789058884000338700,20.235338623046875,0.11462218314409256,0.02641802467405796,-0.007411310914903879
1789058884010349800,20.245349853515624,0.06405089050531387,0.12865571677684784,0.055334363132715225
1789058884020362000,20.255362060546876,0.04897766187787056,0.028330175206065178,-0.1662536859512329
1789058884030372900,20.265372802734376,0.032036229968070984,0.10461349785327911,-0.04166062921285629
1789058884040383700,20.2753837890625,0.024104537442326546,0.0952727198600769,0.05510745942592621
1789058884050395000,20.285394775390625,0.10790836066007614,0.025849441066384315,0.11729387193918228
1789058884060405800,20.29540576171875,0.12451023608446121,0.032767534255981445,0.16957758367061615
1789058884070417000,20.3054169921875,0.014155233278870583,0.05089327320456505,0.08059151470661163
1789058884080427800,20.315427734375,-0.01582956314086914,0.110712930560112,-0.0504264235496521
1789058884090439000,20.32543896484375,-0.028175711631774902,0.09933031350374222,-0.12425723671913147
1789058884100449800,20.33544970703125,-0.03149161487817764,0.12494300305843353,-0.09775212407112122
1789058884110460200,20.345460205078126,-0.05576606094837189,0.14536358416080475,0.09014507383108139
1789058884120471300,20.35547119140625,-0.00983345601707697,0.07629556953907013,0.20764507353305817
1789058884130482200,20.365482177734375,-0.014336328953504562,0.11765286326408386,0.23945759236812592
1789058884140493000,20.3754931640625,-0.10188455134630203,0.12537230551242828,0.024648621678352356
1789058884150504200,20.385504150390624,-0.14514334499835968,0.08499185740947723,-0.11122612655162811
1789058884160515000,20.39551513671875,-0.1284269541501999,0.12516696751117706,-0.0357593297958374
1789058884170526200,20.405526123046876,-0.21665027737617493,0.10539539903402328,0.025502696633338928
1789058884180537300,20.415537353515624,-0.20892232656478882,0.09043429046869278,0.1961521953344345
1789058884190548200,20.42554833984375,-0.20293021202087402,0.08231537789106369,0.3226712644100189
1789058884200560000,20.43556005859375,-0.32003259658813477,0.047200802713632584,0.08288422971963882
1789058884210571000,20.445571044921873,-0.2939932644367218,-0.003753991797566414,-0.13136841356754303
1789058884220582100,20.45558203125,-0.32547423243522644,0.02929876558482647,0.034304179251194
1789058884230593300,20.46559326171875,-0.4668276309967041,0.09527991712093353,0.045095574110746384
1789058884240604200,20.475604248046874,-0.47560247778892517,0.04626709595322609,0.09176453948020935
1789058884250615000,20.485614990234374,-0.4045749008655548,-0.022653114050626755,0.22645817697048187
1789058884260626200,20.495626220703127,-0.41197824478149414,-0.08867527544498444,0.036434173583984375
1789058884270637300,20.50563720703125,-0.3507401645183563,-0.12910126149654388,-0.14956286549568176
1789058884280648200,20.515648193359375,-0.34764423966407776,-0.006682403851300478,0.028847360983490944
1789058884290659000,20.5256591796875,-0.36032330989837646,-0.04673634469509125,-0.0350772924721241
1789058884300670200,20.535670166015624,-0.32491177320480347,-0.013628726825118065,0.1127646341919899
1789058884310681000,20.54568115234375,-0.2732270061969757,-0.08154705911874771,0.11457451432943344
1789058884320692000,20.55569189453125,-0.24470295011997223,-0.04698801413178444,0.047931574285030365
1789058884330703400,20.565703369140625,-0.24762578308582306,-0.04963439702987671,-0.13779808580875397
1789058884340714200,20.57571435546875,-0.19395242631435394,-0.023179087787866592,0.12063107639551163
1789058884350725000,20.58572509765625,-0.13177081942558289,-0.05446643754839897,-0.014155499637126923
1789058884360736300,20.595736328125,-0.08511968702077866,-0.04896887391805649,-0.05121631547808647
1789058884370747100,20.6057470703125,0.031569112092256546,-0.08182189613580704,-0.1000823900103569
1789058884380758000,20.615758056640626,0.09164176881313324,-0.06347750872373581,0.027331223711371422
1789058884390770200,20.625770263671875,0.09030060470104218,-0.04613926634192467,-0.005548163317143917
1789058884400781000,20.635781005859375,0.14442561566829681,-0.05179448798298836,-0.055086955428123474
1789058884410792200,20.645792236328123,0.20112165808677673,-0.09855906665325165,-0.15914225578308105
1789058884420803000,20.655802978515624,0.13920237123966217,0.03002767451107502,-0.08273429423570633
1789058884430814200,20.665814208984376,0.1779407113790512,-0.01647964119911194,-0.11586587876081467
1789058884440825300,20.675825439453124,0.203024759888649,-0.01648949459195137,0.028803419321775436
1789058884450836200,20.685836181640624,0.1658606082201004,0.01167423278093338,0.04133598878979683
1789058884460847000,20.69584716796875,0.21468593180179596,-0.046419162303209305,-0.07399380207061768
1789058884470858000,20.70585791015625,0.22496387362480164,-0.011115767993032932,0.1279904544353485
1789058884480869000,20.715869140625,0.17150597274303436,-0.06666690856218338,-0.14637719094753265
1789058884490880300,20.72588037109375,0.15017059445381165,-0.03401708975434303,-0.2633650600910187
1789058884500891100,20.73589111328125,0.055680837482213974,0.009070992469787598,-0.22599904239177704
1789058884510902300,20.74590234375,-0.02244299091398716,0.025590315461158752,0.0345369391143322
1789058884520913200,20.7559130859375,0.01757233589887619,-0.00675324397161603,0.07055406272411346
1789058884530924000,20.765924072265626,-0.04765060916543007,-0.007811317685991526,0.1628911793231964
1789058884540935000,20.775934814453127,-0.06328922510147095,-0.026253441348671913,0.1683698296546936
1789058884550946300,20.7859462890625,-0.0632932186126709,-0.01305348426103592,0.10333064943552017
1789058884560957200,20.795957275390624,-0.11693567782640457,0.009798568673431873,-0.0642053484916687
1789058884570968000,20.805968017578124,-0.10760795325040817,0.019569439813494682,-0.03984861448407173
1789058884580980000,20.81597998046875,-0.10427340865135193,0.016535567119717598,-0.0776979923248291
1789058884590991400,20.825991455078125,-0.1376073956489563,0.01853906363248825,-0.06437978893518448
1789058884601002200,20.836002197265625,-0.09723573923110962,0.09018821269273758,-0.0075455340556800365
1789058884611013000,20.84601318359375,-0.06651484221220016,0.04217754676938057,-0.18429447710514069
1789058884621024300,20.856024169921874,-0.10786254703998566,0.02906440757215023,-0.19354256987571716
1789058884631035100,20.86603515625,-0.1451854258775711,0.05608776956796646,-0.08992083370685577
1789058884641046000,20.8760458984375,-0.23507429659366608,0.0706707090139389,0.09733694046735764
1789058884651057200,20.88605712890625,-0.1804075837135315,0.04230538010597229,-0.005518868565559387
1789058884661068300,20.896068359375,-0.195405974984169,-0.03864619508385658,-0.021403558552265167
1789058884671079200,20.9060791015625,-0.29454508423805237,-0.03792394697666168,0.03388473019003868
1789058884681090000,20.916090087890623,-0.31889915466308594,-0.05780817195773125,-0.015568573027849197
1789058884691101200,20.92610107421875,-0.3383096158504486,-0.0997026264667511,-0.05505712702870369
1789058884701112300,20.9361123046875,-0.503750741481781,-0.04621409997344017,0.11146580427885056
1789058884711123200,20.946123291015624,-0.4846702814102173,-0.06911728531122208,0.04878591373562813
1789058884721134000,20.956134033203124,-0.4899076521396637,-0.11656922101974487,-0.049990464001894
1789058884731145200,20.966145263671876,-0.5577817559242249,-0.10800556093454361,0.009306682273745537
1789058884741156000,20.976156005859377,-0.5157634615898132,-0.15554006397724152,0.12592943012714386
1789058884751167000,20.9861669921875,-0.46937549114227295,-0.20718353986740112,0.013605557382106781
1789058884761178400,20.996178466796874,-0.550815761089325,-0.1488693654537201,0.07753793150186539
1789058884771190300,21.006190185546874,-0.5086690783500671,-0.19311966001987457,0.1595238745212555
1789058884781201200,21.016201171875,-0.5204322934150696,-0.19262324273586273,0.028725920245051384
1789058884791212000,21.0262119140625,-0.5001709461212158,-0.20166015625,0.1706300675868988
1789058884801223000,21.036222900390626,-0.3740819990634918,-0.30787208676338196,-0.07617758959531784
1789058884811234300,21.046234375,-0.3201545774936676,-0.28718942403793335,-0.12181245535612106
1789058884821245200,21.0562451171875,-0.44439423084259033,-0.17541229724884033,0.08749416470527649
1789058884831256000,21.066256103515624,-0.38484248518943787,-0.22940096259117126,0.26890602707862854
1789058884841267200,21.07626708984375,-0.2490321844816208,-0.18272614479064941,0.23475311696529388
1789058884851278000,21.086278076171876,-0.13357217609882355,-0.20140928030014038,0.16239823400974274
1789058884861289200,21.096289306640625,-0.030194653198122978,-0.48337092995643616,-0.25007376074790955
1789058884871300000,21.106300048828125,0.037578001618385315,-0.25501498579978943,-0.030242323875427246
1789058884881311200,21.116311279296873,0.17560803890228271,-0.2989307641983032,-0.052138835191726685
1789058884891322000,21.126322021484373,0.2959863841533661,-0.23779551684856415,0.12328944355249405
1789058884901333000,21.1363330078125,0.3600045144557953,-0.2729308605194092,0.08876582235097885
1789058884911344000,21.14634423828125,0.3402726352214813,-0.20063616335391998,0.06202661991119385
1789058884921355300,21.156355224609374,0.3545631468296051,-0.20615583658218384,0.1634856015443802
1789058884931366100,21.1663662109375,0.4355256259441376,-0.17432786524295807,0.1859203279018402
1789058884941377300,21.176377197265627,0.5082088708877563,-0.1937447041273117,-0.005372927524149418
1789058884951388200,21.18638818359375,0.5560619235038757,-0.2495933175086975,-0.15087340772151947
1789058884961399000,21.19639892578125,0.5644071698188782,-0.1410529911518097,-0.0706629827618599
1789058884971411200,21.2064111328125,0.6027540564537048,-0.15002891421318054,-0.026823891326785088
1789058884981422000,21.216422119140624,0.6495023965835571,-0.1635146290063858,-0.01949700154364109
1789058884991433200,21.22643310546875,0.6699336171150208,-0.0809294730424881,0.08903879672288895
1789058885001444000,21.236444091796876,0.642947793006897,-0.088839590549469,0.024717863649129868
1789058885011455000,21.246455078125,0.665428102016449,-0.11603472381830215,-0.08077527582645416
1789058885021466400,21.25646630859375,0.6944839358329773,-0.032459404319524765,0.014550979249179363
1789058885031477200,21.266477294921874,0.6991114616394043,-0.0818578451871872,-0.11728721112012863
1789058885041488100,21.276488037109374,0.6645875573158264,-0.04645511507987976,-0.2981099784374237
1789058885051499000,21.2864990234375,0.6350321173667908,-0.049915894865989685,-0.2770289480686188
1789058885061510100,21.29651025390625,0.6266343593597412,-0.001958488719537854,-0.10688676685094833
1789058885071521000,21.30652099609375,0.5522131323814392,0.04031466692686081,-0.10672485083341599
1789058885081532200,21.3165322265625,0.5751826167106628,-0.07028508186340332,-0.24519218504428864
1789058885091543300,21.326543212890623,0.547903299331665,-0.0014535533264279366,-0.018910840153694153
1789058885101554200,21.33655419921875,0.397269070148468,0.05204535648226738,-0.1773763746023178
1789058885111566300,21.34656640625,0.38218411803245544,0.059720855206251144,-0.24707050621509552
1789058885121577200,21.3565771484375,0.4124738574028015,0.028810875490307808,-0.00036618465674109757
1789058885131588000,21.366588134765625,0.30818232893943787,0.03813619911670685,0.06568820029497147
1789058885141599200,21.37659912109375,0.23127317428588867,0.050523363053798676,0.04921548441052437
1789058885151610000,21.386610107421873,0.18565987050533295,0.02423955872654915,0.08093692362308502
1789058885161621000,21.39662109375,0.030913440510630608,0.12158821523189545,0.06463651359081268
1789058885171632400,21.40663232421875,-0.016833309084177017,0.07607106864452362,0.02552133798599243
1789058885181643300,21.416643310546874,-0.03909360617399216,0.06770234555006027,0.09595928341150284
1789058885191654100,21.426654052734374,-0.13733415305614471,0.09625676274299622,0.0623382106423378
1789058885201665300,21.436665283203126,-0.1050313413143158,0.03364397957921028,-0.008740761317312717
1789058885211676200,21.44667626953125,-0.1461779773235321,0.056283511221408844,0.11709360033273697
1789058885221687300,21.456687255859375,-0.2365289181470871,0.10265713930130005,0.226805180311203
1789058885231698200,21.4666982421875,-0.17109425365924835,0.0349622443318367,0.18822583556175232
1789058885241710000,21.4767099609375,-0.19771920144557953,0.01835876703262329,-0.02646569535136223
1789058885251721200,21.48672119140625,-0.26788097620010376,0.030731014907360077,0.02365153282880783
1789058885261732000,21.496732177734376,-0.19920630753040314,0.04059349745512009,0.06066814064979553
1789058885271743200,21.5067431640625,-0.2335115522146225,0.025655295699834824,0.17627942562103271
1789058885281754400,21.51675439453125,-0.21713390946388245,0.04289766773581505,0.13701963424682617
1789058885291765200,21.52676513671875,-0.20612014830112457,0.03675242140889168,0.11681076884269714
1789058885301776100,21.536776123046874,-0.1538846343755722,0.025173796340823174,0.06885842978954315
1789058885311787000,21.546787109375,-0.06654254347085953,-0.007254983298480511,0.18807722628116608
1789058885321798100,21.556798095703126,-0.07071971148252487,0.03688717633485794,0.3065756559371948
1789058885331809300,21.566809326171875,-0.05777488276362419,0.005117530468851328,0.21097801625728607
1789058885341820200,21.576820068359375,-0.04430354759097099,0.06279813498258591,0.33400461077690125
1789058885351831300,21.586831298828123,-0.018911905586719513,0.007529555354267359,0.24055588245391846
1789058885361842200,21.59684228515625,0.07680343836545944,-0.05805078521370888,0.0884971097111702
1789058885371853000,21.60685302734375,0.051411524415016174,0.08181177824735641,0.10404277592897415
1789058885381864200,21.6168642578125,-0.008900550194084644,0.12503941357135773,0.05234229937195778
1789058885391875300,21.626875244140624,0.054005444049835205,0.0790141224861145,-0.13152900338172913
1789058885401886200,21.63688623046875,0.1592801958322525,0.10522628575563431,0.052681852132081985
1789058885411897000,21.64689697265625,0.256805956363678,-0.03391934931278229,-0.12146757543087006
1789058885421908200,21.656908203125,0.22973333299160004,0.03087695501744747,-0.07182731479406357
1789058885431919000,21.666919189453125,0.10551311075687408,0.06719288229942322,0.14513961970806122
1789058885441930200,21.67693017578125,0.1439204216003418,0.04363775998353958,0.1543261855840683
1789058885451940400,21.6869404296875,0.16745904088020325,0.09429693967103958,0.050099652260541916
1789058885461951200,21.696951171875,0.1651649922132492,0.06853511929512024,0.007922105491161346
1789058885471962000,21.706962158203126,0.20798489451408386,0.013065734878182411,-0.31961554288864136
1789058885481973200,21.71697314453125,0.09679125994443893,0.10679995268583298,-0.24738183617591858
1789058885491984100,21.726984130859375,0.0577639639377594,0.12437468022108078,-0.01728178560733795
1789058885501995000,21.7369951171875,0.1004674881696701,0.09222766757011414,0.022369220852851868
1789058885512007200,21.747007080078124,0.134100541472435,0.057976484298706055,0.0671960785984993
1789058885522018300,21.757018310546876,0.09458349645137787,0.0034133736044168472,-0.07187392562627792
1789058885532029200,21.767029296875,0.09510520845651627,0.03821662813425064,0.00800572894513607
1789058885542040000,21.7770400390625,0.0671292394399643,0.03398699685931206,-0.02058809995651245
1789058885552051200,21.78705126953125,0.018388329073786736,0.029040971770882607,-0.21238017082214355
1789058885562062300,21.797062255859377,-0.0528232678771019,0.07098842412233353,-0.019903933629393578
1789058885572073200,21.8070732421875,-0.024638500064611435,0.04440661147236824,-0.000041278995922766626
1789058885582084000,21.817083984375,0.0018791264155879617,-0.01161564327776432,-0.09999451041221619
1789058885592095200,21.82709521484375,-0.004866394214332104,-0.037646446377038956,-0.017415741458535194
1789058885602106000,21.837106201171874,-0.08799749612808228,-0.007500793319195509,-0.17431160807609558
1789058885612117200,21.8471171875,-0.09588045626878738,0.06251983344554901,-0.0877373069524765
1789058885622128000,21.857128173828126,-0.016466325148940086,-0.004667189903557301,-0.05530187115073204
1789058885632139300,21.86713916015625,-0.028446555137634277,0.03832368552684784,-0.05584222823381424
1789058885642150100,21.877150146484375,-0.0011787151452153921,0.017854364588856697,-0.07025019079446793
1789058885652161000,21.8871611328125,0.06736891716718674,-0.03160160034894943,-0.11494921892881393
1789058885662172400,21.89717236328125,0.05251540616154671,0.06542801111936569,0.22544564306735992
1789058885672183300,21.907183349609376,0.08666778355836868,0.0323675274848938,0.04704633727669716
1789058885682194200,21.917194091796876,0.11322695761919022,0.030699854716658592,-0.15576723217964172
1789058885692205300,21.927205322265625,0.11583738774061203,0.026936275884509087,-0.13948465883731842
1789058885702216200,21.93721630859375,0.12339010834693909,-0.0002689792599994689,-0.17221783101558685
1789058885712227000,21.94722705078125,0.10914246737957001,0.020972926169633865,0.0006378270918503404
1789058885722238200,21.95723828125,0.10505664348602295,-0.002382730133831501,0.19718390703201294
1789058885732250000,21.96725,0.055095475167036057,0.060876667499542236,0.3201793432235718
1789058885742261200,21.97726123046875,-0.006808104924857616,0.06962408870458603,0.14243943989276886
1789058885752272100,21.987272216796875,0.03110066056251526,-0.052796635776758194,-0.17243967950344086
1789058885762283000,21.997282958984375,0.0293139461427927,-0.012772786431014538,-0.18744419515132904
1789058885772294400,22.00729443359375,-0.003537743119522929,0.009663812816143036,0.022903718054294586
1789058885782305300,22.01730517578125,-0.0212395079433918,0.025065671652555466,0.1040976420044899
1789058885792316200,22.027316162109376,-0.12647297978401184,0.022721290588378906,0.12033093720674515
1789058885802327000,22.0373271484375,-0.13748356699943542,0.05079633370041847,0.08203042298555374
1789058885812338200,22.047338134765624,-0.12466390430927277,-0.03141278401017189,-0.12720109522342682
1789058885822349300,22.057349365234376,-0.10350482165813446,0.05631094425916672,0.029516346752643585
1789058885832360200,22.067360107421877,-0.05805584788322449,0.024022778496146202,-0.09241728484630585
1789058885842371300,22.077371337890625,-0.08055343478918076,-0.0356016680598259,-0.16468322277069092
1789058885852382200,22.08738232421875,-0.07079613953828812,0.002522812457755208,0.052448827773332596
1789058885862393000,22.09739306640625,-0.024399083107709885,0.013206616044044495,0.002600576728582382
1789058885872404200,22.107404296875,-0.05613384395837784,0.02004588022828102,-0.09601521492004395
1789058885882415400,22.117415283203126,-0.05758686363697052,0.03169401362538338,0.2661552429199219
1789058885892426200,22.12742626953125,-0.03580007702112198,-0.014576545916497707,0.16418041288852692
1789058885902437000,22.13743701171875,-0.05861857160925865,0.06308629363775253,0.1112213283777237
1789058885912448300,22.1474482421875,0.06817825138568878,0.02942473441362381,0.058399658650159836
1789058885922459100,22.157459228515624,0.09388042241334915,0.03015550598502159,-0.14677026867866516
1789058885932470000,22.167469970703124,0.09437044709920883,0.06606636941432953,-0.12001082301139832
1789058885942481200,22.177481201171876,0.11380939185619354,0.07044646888971329,0.052737247198820114
1789058885952492300,22.1874921875,0.09871352463960648,0.048655152320861816,0.23848368227481842
1789058885962504200,22.197504150390625,0.109303317964077,0.10677331686019897,0.06139465048909187
1789058885972515000,22.20751513671875,0.11668187379837036,0.028326179832220078,-0.11191800981760025
1789058885982526200,22.217526123046873,0.11099282652139664,0.020966533571481705,-0.05602172389626503
1789058885992537300,22.227537353515626,0.10686785727739334,-0.0059811933897435665,-0.23739230632781982
1789058886002548200,22.23754833984375,0.05697380378842354,-0.0006404902087524533,-0.08537375181913376
1789058886012559000,22.24755908203125,0.005616873037070036,0.058576758950948715,0.3352288603782654
1789058886022570200,22.2575703125,-0.06441254168748856,0.20959369838237762,0.26650598645210266
1789058886032581000,22.2675810546875,0.0012697952333837748,0.11434042453765869,-0.13776904344558716
1789058886042592300,22.27759228515625,0.06871142238378525,-0.0024114924017339945,-0.17942488193511963
1789058886052603100,22.28760302734375,0.030408505350351334,0.04805780574679375,-0.009917345829308033
1789058886062614300,22.2976142578125,0.0723721981048584,0.03833380714058876,0.11636096239089966
1789058886072625200,22.307625244140624,0.01631372608244419,0.04139617457985878,0.21131570637226105
1789058886082636000,22.317635986328124,-0.03255048766732216,0.05897223949432373,0.22496946156024933
1789058886092647400,22.3276474609375,0.06399229913949966,-0.0891391932964325,-0.10236578434705734
1789058886102659000,22.3376591796875,0.08490902930498123,-0.02960662730038166,-0.07555201649665833
1789058886112670000,22.347669921875,0.061821822077035904,0.04716058820486069,0.03136378154158592
1789058886122681000,22.35768115234375,0.06180983781814575,0.044774129986763,0.02785293571650982
1789058886132692200,22.367692138671874,0.028144286945462227,0.09179650247097015,0.03789624944329262
1789058886142703000,22.377703125,0.05288265645503998,0.047866057604551315,-0.09328227490186691
1789058886152714000,22.3877138671875,0.10657437890768051,0.007093329448252916,-0.12652598321437836
1789058886162724900,22.397724853515626,0.05257399380207062,0.07854354381561279,0.062613844871521
1789058886172736000,22.407736083984375,0.017594706267118454,0.0803169459104538,0.10705374926328659
1789058886182747100,22.4177470703125,0.07148217409849167,0.06681152433156967,0.14221253991127014
1789058886192759000,22.427759033203124,0.06126948073506355,0.0613672211766243,-0.06078745052218437
1789058886202770000,22.43777001953125,0.04115808755159378,0.08630719035863876,-0.10313916951417923
1789058886212781000,22.447781005859376,0.05217958241701126,0.03821875900030136,-0.03699636831879616
1789058886222792200,22.457792236328125,0.07752275466918945,0.02483983524143696,0.06634040921926498
1789058886232803000,22.467802978515625,0.058464642614126205,0.02887692116200924,0.022836606949567795
1789058886242814000,22.47781396484375,0.044373322278261185,0.03171452134847641,0.06016267091035843
1789058886252825000,22.4878251953125,-0.05107729882001877,0.051837097853422165,0.08617589622735977
1789058886262836000,22.4978359375,-0.11642061918973923,0.09076399356126785,-0.011321896687150002
1789058886272846800,22.507846923828126,-0.15684740245342255,0.05176359415054321,-0.12253044545650482
1789058886282858200,22.517858154296874,-0.09410598874092102,-0.0551103912293911,0.042279280722141266
1789058886292869000,22.527869140625,-0.11390180140733719,0.0017691379180178046,0.07724365592002869
1789058886302880000,22.5378798828125,-0.24735945463180542,0.1343948245048523,0.2256975769996643
1789058886312891000,22.547890869140623,-0.198990598320961,-0.027281422168016434,-0.009064868092536926
1789058886322902000,22.557902099609375,-0.2536599636077881,0.0159523356705904,-0.18351364135742188
1789058886332913000,22.567912841796876,-0.21040277183055878,-0.0626564547419548,-0.345492422580719
1789058886342924000,22.577924072265624,-0.1741963028907776,-0.019156383350491524,-0.11420486867427826
1789058886352935200,22.58793505859375,-0.21703244745731354,-0.08122428506612778,0.1281246840953827
1789058886362946000,22.597946044921876,-0.24575117230415344,-0.044429514557123184,0.08731839060783386
1789058886372957000,22.60795703125,-0.29812172055244446,-0.02978505939245224,-0.05495645850896835
1789058886382968000,22.617968017578125,-0.35205844044685364,-0.006725280545651913,0.010540259070694447
1789058886392979200,22.627979248046874,-0.33232495188713074,0.028173314407467842,-0.051241084933280945
1789058886402990000,22.637989990234374,-0.25299152731895447,-0.04066407307982445,-0.13627368211746216
1789058886413001000,22.6480009765625,-0.22085222601890564,0.015391206368803978,0.1344243884086609
1789058886423012000,22.65801220703125,-0.2609386444091797,-0.05843667685985565,-0.15182308852672577
1789058886433023000,22.66802294921875,-0.22407624125480652,-0.05440997704863548,-0.044203415513038635
1789058886443033900,22.678033935546875,-0.18910734355449677,-0.0421258807182312,0.09383781254291534
1789058886453046000,22.6880458984375,-0.26968660950660706,-0.0068358019925653934,0.13602814078330994
1789058886463057200,22.69805712890625,-0.21365822851657867,-0.05440438538789749,-0.041429996490478516
1789058886473068000,22.708068115234376,-0.22064422070980072,-0.02221129648387432,0.06676997244358063
1789058886483079000,22.718078857421876,-0.22921907901763916,-0.04691184684634209,-0.0031582426745444536
1789058886493089800,22.72808984375,-0.21355701982975006,-0.07656721025705338,0.131390780210495
1789058886503101200,22.73810107421875,-0.29199856519699097,-0.029404228553175926,0.45257067680358887
1789058886513112000,22.748112060546877,-0.446851521730423,0.021495969966053963,0.6021396517753601
1789058886523123000,22.758123046875,-0.5143272280693054,0.23152297735214233,0.6017276644706726
1789058886533134000,22.768134033203125,-0.3348349928855896,-0.07231174409389496,0.2338726818561554
1789058886543145000,22.77814501953125,-0.24275298416614532,-0.1087091714143753,0.019090870395302773
1789058886553156000,22.788156005859374,-0.28761765360832214,-0.01575792394578457,-0.2064778059720993
1789058886563167000,22.7981669921875,-0.18898935616016388,0.01780855841934681,-0.3065852224826813
1789058886573178000,22.80817822265625,-0.07222545892000198,-0.1698436290025711,-0.48436427116394043
1789058886583189000,22.81818896484375,-0.005375324282795191,0.00472418125718832,0.03858733922243118
1789058886593199900,22.828199951171875,0.20464874804019928,-0.1076553538441658,0.1032816469669342
1789058886603211000,22.8382109375,0.17967788875102997,-0.09250543266534805,0.4267806112766266
1789058886613222100,22.84822216796875,0.15219566226005554,-0.09017010778188705,0.15173280239105225
1789058886623233000,22.85823291015625,0.29402977228164673,-0.08948061615228653,0.17809809744358063
1789058886633244200,22.868244140625,0.2538684904575348,0.025176459923386574,0.11284692585468292
1789058886643255000,22.878255126953125,0.2234725058078766,0.08964572846889496,0.12521810829639435
1789058886653266000,22.888265869140625,0.34510520100593567,-0.10628702491521835,-0.236964613199234
1789058886663277000,22.898277099609373,0.36365944147109985,0.03398220241069794,0.09169929474592209
1789058886673288200,22.9082880859375,0.43730196356773376,-0.037880003452301025,-0.15976223349571228
1789058886683299000,22.918299072265626,0.4904237687587738,0.03566531836986542,-0.2120925486087799
1789058886693310000,22.92831005859375,0.5939586758613586,-0.2051456868648529,-0.6019436717033386
1789058886703321900,22.93832177734375,0.5641677975654602,-0.06434889882802963,-0.2608520984649658
1789058886713333200,22.948333251953127,0.33887338638305664,0.04218100756406784,-0.11456786096096039
1789058886723344100,22.95834423828125,0.17962248623371124,0.12637338042259216,-0.0036884781438857317
1789058886733355000,22.96835498046875,0.2928289473056793,0.11040453612804413,0.052865080535411835
1789058886743366000,22.978365966796876,0.29705724120140076,-0.03537103906273842,-0.2090195268392563
1789058886753377000,22.988376953125,0.17205218970775604,0.05449759587645531,-0.30763158202171326
1789058886763388000,22.998387939453124,0.18010319769382477,-0.0813949927687645,-0.3664456307888031
1789058886773399000,23.00839892578125,0.12343166023492813,0.021994780749082565,-0.35973554849624634
1789058886783410200,23.01841015625,0.026999926194548607,0.0021486382465809584,-0.6038126349449158
1789058886793421000,23.028421142578125,-0.0172029547393322,-0.020667994394898415,-0.22573405504226685
1789058886803432000,23.038431884765625,-0.051900483667850494,0.0037910097744315863,-0.07517384737730026
1789058886813443000,23.048443115234374,-0.12191365659236908,0.01587829925119877,0.018458370119333267
1789058886823454200,23.0584541015625,-0.15011067688465118,0.05059367045760155,0.12707220017910004
1789058886833465000,23.068465087890626,-0.18799147009849548,0.030720096081495285,0.10794138163328171
1789058886843476000,23.07847607421875,-0.13860821723937988,0.03477129712700844,0.04104064404964447
1789058886853487000,23.088487060546875,-0.11408822238445282,0.030531277880072594,-0.10220173746347427
1789058886863498000,23.098498046875,-0.1394074261188507,0.021219002082943916,-0.11809468269348145
1789058886873508900,23.1085087890625,-0.19986757636070251,0.052557751536369324,0.01894492842257023
1789058886883520000,23.11852001953125,-0.1734359711408615,0.0783746987581253,0.23323698341846466
1789058886893531100,23.12853125,-0.1942962408065796,-0.01005210168659687,-0.027427364140748978
1789058886903542000,23.1385419921875,-0.27262914180755615,-0.03827681392431259,-0.21097029745578766
1789058886913553000,23.148552978515625,-0.2555263042449951,-0.009702428244054317,-0.08607496321201324
1789058886923564000,23.15856396484375,-0.3744524419307709,0.06040342152118683,0.028661739081144333
1789058886933575000,23.168574951171873,-0.40700823068618774,0.11457478255033493,0.07892704010009766
1789058886943586000,23.1785859375,-0.2876291275024414,-0.0007518103811889887,-0.025963423773646355
1789058886953597200,23.18859716796875,-0.1954246163368225,-0.01943708024919033,0.05613837018609047
1789058886963608000,23.198608154296874,-0.13559190928936005,-0.04484017565846443,0.23006649315357208
1789058886973619000,23.208618896484374,-0.12139194458723068,0.1318722814321518,0.3684384822845459
1789058886983629800,23.2186298828125,-0.13789954781532288,-0.06829942762851715,-0.22495615482330322
1789058886993642000,23.22864208984375,-0.14851410686969757,-0.0334375835955143,-0.2605050802230835
1789058887003653000,23.238653076171875,-0.13969957828521729,0.04487879201769829,0.014793593436479568
1789058887013664000,23.2486640625,-0.18567931652069092,0.03868454322218895,0.223664790391922
1789058887023675000,23.2586748046875,-0.06320133805274963,-0.07782076299190521,0.10922954976558685
1789058887033686000,23.26868603515625,-0.09886746108531952,0.053525276482105255,0.11532951891422272
1789058887043697200,23.278697265625,-0.08791361004114151,-0.1210438683629036,-0.11453083902597427
1789058887053708000,23.2887080078125,0.021507423371076584,-0.046419430524110794,-0.15428517758846283
1789058887063719000,23.298718994140625,-0.006718356627970934,-0.002540122950449586,-0.17675372958183289
1789058887073730000,23.30872998046875,0.032408274710178375,-0.02744840271770954,-0.0661449283361435
1789058887083741000,23.318740966796874,0.03624242544174194,-0.021987324580550194,0.1699908971786499
1789058887093752000,23.328751953125,-0.06316006183624268,0.034391261637210846,0.04964238777756691
1789058887103762400,23.338762451171874,-0.006079730577766895,0.0949302390217781,-0.0027332021854817867
1789058887113773300,23.348773193359374,0.0702134445309639,0.014713166281580925,-0.20346736907958984
1789058887123784400,23.358784423828126,0.12634062767028809,0.01691373623907566,-0.16269676387310028
1789058887133795600,23.368795654296875,0.20861978828907013,0.009646768681704998,-0.0915490910410881
1789058887143806500,23.378806396484375,0.18720318377017975,0.0029891319572925568,0.040233172476291656
1789058887153817300,23.3888173828125,0.12209448218345642,0.08592423051595688,0.13412638008594513
1789058887163828500,23.398828369140624,0.18546652793884277,0.07350751012563705,-0.0442204587161541
1789058887173839400,23.40883935546875,0.1579534113407135,0.10596904158592224,-0.1803082525730133
1789058887183850500,23.4188505859375,0.18663325905799866,0.14251267910003662,-0.185393825173378
1789058887193861400,23.428861328125,0.17893512547016144,0.12528415024280548,-0.3378014862537384
1789058887203872500,23.43887255859375,0.23283830285072327,0.11534976214170456,-0.19382911920547485
1789058887213883400,23.44888330078125,0.27475646138191223,0.11758735030889511,0.2023666799068451
1789058887223894300,23.458894287109374,0.09730631113052368,0.13444408774375916,0.3514017164707184
1789058887233905700,23.46890576171875,0.11973865330219269,0.10483107715845108,0.30573195219039917
1789058887243916500,23.47891650390625,0.2192700356245041,0.02985430136322975,0.06726745516061783
1789058887253927400,23.488927490234374,0.020930582657456398,0.03231373056769371,0.04887885972857475
1789058887263938300,23.498938232421875,-0.01913507841527462,-0.059843361377716064,-0.16963990032672882
1789058887273950500,23.508950439453123,-0.13575810194015503,0.06139438599348068,0.03394065797328949
1789058887283961600,23.518961669921875,-0.19156783819198608,0.002365685999393463,0.11363068968057632
1789058887293972500,23.528972412109376,-0.28871968388557434,0.001966211711987853,0.17567089200019836
1789058887303983400,23.5389833984375,-0.42318668961524963,0.0038903458043932915,0.15377384424209595
1789058887313994500,23.548994384765624,-0.4644875228404999,-0.006167614832520485,0.17642590403556824
1789058887324005400,23.55900537109375,-0.5046772956848145,0.031862590461969376,0.2370130866765976
1789058887334016500,23.5690166015625,-0.4337117671966553,-0.06954871863126755,0.16312554478645325
1789058887344027400,23.57902734375,-0.3748132884502411,-0.039327166974544525,0.1920112520456314
1789058887354038500,23.58903857421875,-0.40152931213378906,-0.15208807587623596,-0.16552238166332245
1789058887364049400,23.59904931640625,-0.40753501653671265,-0.08594260364770889,-0.11955249309539795
1789058887374060300,23.609060302734374,-0.27812668681144714,-0.16359291970729828,-0.10161663591861725
1789058887384071400,23.619071533203126,-0.338767945766449,-0.14047428965568542,0.4092588722705841
1789058887394082600,23.62908251953125,-0.4137609601020813,-0.08891655504703522,0.42829835414886475
1789058887404093400,23.639093505859375,-0.5027208924293518,0.04935476556420326,0.20379573106765747
1789058887414104600,23.6491044921875,-0.4498782157897949,-0.03837162256240845,0.024446487426757812
1789058887424115500,23.659115478515623,-0.30325841903686523,-0.12594275176525116,-0.20124123990535736
1789058887434126300,23.669126220703124,-0.1866881251335144,-0.05903375893831253,-0.061342719942331314
1789058887444137200,23.67913720703125,-0.08038751780986786,-0.10615226626396179,0.10624441504478455
1789058887454148600,23.689148681640624,-0.06947654485702515,-0.10612297058105469,0.21761195361614227
1789058887464159500,23.699159423828124,-0.11078909784555435,-0.05855092778801918,0.4106985926628113
1789058887474170400,23.70917041015625,-0.10459085553884506,0.12310994416475296,0.4890836775302887
1789058887484181500,23.719181396484377,-0.07336795330047607,-0.1708226054906845,-0.09428548812866211
1789058887494192400,23.7291923828125,-0.006103964988142252,-0.15144571661949158,-0.20585329830646515
1789058887504203500,23.73920361328125,0.05453488230705261,-0.13857758045196533,-0.1938387155532837
1789058887514214400,23.74921435546875,0.02738714963197708,-0.04649373143911362,0.17664481699466705
1789058887524225500,23.7592255859375,0.009608951397240162,-0.039934366941452026,0.2824498116970062
1789058887534236400,23.769236328125,-0.02701270952820778,-0.06233048439025879,0.33457639813423157
1789058887544247300,23.779247314453126,0.011531753465533257,-0.09762828797101974,0.4010035991668701
1789058887554258400,23.789258544921875,0.01401781477034092,-0.1355932503938675,0.09740538150072098
1789058887564269600,23.79926953125,0.008549545891582966,-0.18341828882694244,-0.25376835465431213
1789058887574280400,23.809280517578124,-0.020358534529805183,-0.14644749462604523,-0.14586718380451202
1789058887584291600,23.81929150390625,-0.0966264083981514,0.0021374530624598265,0.19865450263023376
1789058887594303500,23.829303466796876,-0.11491433531045914,-0.08520837128162384,0.24528725445270538
1789058887604314600,23.839314697265625,-0.012403672561049461,-0.116531141102314,0.2622832953929901
1789058887614325500,23.849325439453125,-0.007078682072460651,-0.10484092682600021,0.19209779798984528
1789058887624336400,23.85933642578125,0.05240355432033539,-0.09411957114934921,0.1110527515411377
1789058887634347500,23.869347412109374,0.11506560444831848,-0.130772665143013,-0.13453570008277893
1789058887644358400,23.8793583984375,0.13634133338928223,-0.08293989300727844,-0.2121247798204422
1789058887654369300,23.889369384765626,0.14474919438362122,-0.02635224536061287,-0.13167494535446167
1789058887664380700,23.899380615234374,0.17125217616558075,-0.08378970623016357,-0.0370728000998497
1789058887674391600,23.9093916015625,0.19223842024803162,-0.06940357387065887,0.300627201795578
1789058887684402400,23.91940234375,0.25539928674697876,-0.06239600107073784,0.21343131363391876
1789058887694413300,23.929413330078123,0.29581329226493835,-0.11870773881673813,0.14206846058368683
1789058887704424400,23.939424560546875,0.291772723197937,-0.08274760842323303,0.14581552147865295
1789058887714435300,23.949435302734376,0.2539880573749542,0.005730323493480682,-0.03351375088095665
1789058887724446500,23.959446533203124,0.26272323727607727,0.014957644045352936,0.004265851341187954
1789058887734457600,23.96945751953125,0.37508201599121094,-0.052852563560009,0.12151630967855453
1789058887744468500,23.979468505859376,0.32947590947151184,-0.03608636558055878,0.22604778409004211
1789058887754479400,23.989479248046877,0.35465821623802185,-0.06797026097774506,0.23681440949440002
1789058887764490200,23.999490234375,0.3069207966327667,-0.024775387719273567,0.30091509222984314
1789058887774501600,24.009501708984374,0.23202498257160187,-0.02937253564596176,0.04941442236304283
1789058887784512500,24.019512451171874,0.21038572490215302,-0.03461416810750961,-0.11115261912345886
1789058887794523400,24.0295234375,0.20970982313156128,-0.033006951212882996,-0.05693279206752777
1789058887804534500,24.039534423828126,0.14954021573066711,-0.004012051969766617,0.046175483614206314
1789058887814545400,24.04954541015625,0.0919131487607956,-0.03478727489709854,0.033907100558280945
1789058887824556300,24.059556396484375,0.062189869582653046,-0.013802364468574524,0.1349080204963684
1789058887834567400,24.0695673828125,-0.03332653269171715,-0.0551343597471714,0.06563573330640793
1789058887844578600,24.07957861328125,-0.08760681748390198,0.014431669376790524,0.14918841421604156
1789058887854589400,24.08958935546875,-0.18286728858947754,0.008022506721317768,0.08435030281543732
1789058887864600300,24.099600341796876,-0.09631828218698502,-0.04759867861866951,0.034861043095588684
1789058887874611500,24.109611572265624,-0.12108274549245834,-0.05922310799360275,-0.005678658373653889
1789058887884622300,24.119622314453125,-0.19616764783859253,-0.06130357086658478,-0.12292326241731644
1789058887894633500,24.129633544921877,-0.2124054729938507,0.0012892362428829074,0.058229751884937286
1789058887904644600,24.13964453125,-0.15048085153102875,-0.06274087727069855,-0.0646226704120636
1789058887914655500,24.149655517578125,-0.1313159465789795,-0.09147638827562332,-0.04501381516456604
1789058887924666400,24.159666259765626,-0.2139490395784378,-0.09246788173913956,0.18061424791812897
1789058887934678500,24.169678466796874,-0.37550410628318787,0.09033575654029846,0.2034420669078827
1789058887944689400,24.179689453125,-0.3474426567554474,0.03680914640426636,-0.07239776849746704
1789058887954700500,24.189700439453127,-0.2447120100259781,-0.17783844470977783,-0.4053696095943451
1789058887964711400,24.19971142578125,-0.24237242341041565,-0.03639981895685196,-0.21825642883777618
1789058887974722300,24.209722412109375,-0.1658736616373062,-0.10678716748952866,-0.3550739288330078
1789058887984733400,24.2197333984375,-0.1754157543182373,-0.13252928853034973,-0.41635382175445557
1789058887994744600,24.22974462890625,-0.10415197163820267,-0.17578060925006866,-0.38278546929359436
1789058888004755500,24.23975537109375,-0.10136576741933823,-0.13122406601905823,-0.2810708284378052
1789058888014766300,24.249766357421876,-0.20622773468494415,-0.14342001080513,-0.3256220519542694
1789058888024777500,24.259777587890625,-0.22228313982486725,-0.08558014780282974,0.0973779484629631
1789058888034788400,24.269788330078125,-0.30838897824287415,-0.06578806787729263,-0.06689461320638657
1789058888044799500,24.279799560546873,-0.29430726170539856,0.026072613894939423,-0.11766617745161057
1789058888054810600,24.289810546875,-0.14187857508659363,-0.18581460416316986,-0.33628401160240173
1789058888064821500,24.299821533203126,-0.12507829070091248,-0.05676447972655296,-0.06694947183132172
1789058888074832400,24.309832275390626,-0.11219018697738647,-0.08936823159456253,-0.16277773678302765
1789058888084843500,24.319843505859374,-0.00003408846168895252,-0.12924213707447052,-0.09771431237459183
1789058888094854400,24.3298544921875,-0.02237614616751671,-0.07682740688323975,-0.01914173737168312
1789058888104865800,24.33986572265625,0.013904630206525326,-0.11150708794593811,-0.11461099982261658
1789058888114877000,24.349876953125,0.039452068507671356,-0.1529962122440338,-0.3849351704120636
1789058888124888000,24.35988818359375,-0.03650767728686333,-0.01925944909453392,-0.21606838703155518
1789058888134899000,24.36989892578125,0.07400019466876984,-0.09100474417209625,-0.17090170085430145
1789058888144909800,24.379909912109376,0.07848601788282394,-0.07020172476768494,-0.039318911731243134
1789058888154920700,24.389920654296876,0.06324421614408493,-0.08736952394247055,-0.14441150426864624
1789058888164932000,24.39993212890625,0.0746084600687027,-0.03810424357652664,-0.07119375467300415
1789058888174943000,24.40994287109375,0.14756283164024353,-0.08321738988161087,-0.08484537899494171
1789058888184953900,24.419953857421874,0.2340167611837387,-0.0940343514084816,0.04385427385568619
1789058888194965000,24.429965087890626,0.2763919234275818,-0.09209956973791122,0.06331559270620346
1789058888204975900,24.439975830078126,0.31970930099487305,-0.15581223368644714,-0.1440056413412094
1789058888214986800,24.44998681640625,0.3609856367111206,-0.1299619972705841,-0.06550071388483047
1789058888224998000,24.459997802734375,0.31857186555862427,-0.03744351118803024,0.03635294735431671
1789058888235009000,24.470009033203127,0.3987756073474884,-0.0013219931861385703,0.23675422370433807
1789058888245020000,24.48002001953125,0.43348538875579834,-0.057491522282361984,0.04001399502158165
1789058888255030800,24.49003076171875,0.43108028173446655,-0.022646456956863403,0.002712962217628956
1789058888265042000,24.5000419921875,0.5025603175163269,-0.06640059500932693,-0.09016850590705872
1789058888275053000,24.510052978515624,0.5334942936897278,-0.008980445563793182,0.18189071118831635
1789058888285064000,24.52006396484375,0.5490021109580994,0.03941797837615013,0.45002415776252747
1789058888295074800,24.53007470703125,0.45359599590301514,0.0477781742811203,0.1760173738002777
1789058888305087000,24.5400869140625,0.4108610451221466,-0.05022828280925751,-0.42041751742362976
1789058888315097900,24.550097900390625,0.4517972767353058,0.01823919080197811,-0.0860762968659401
1789058888325109000,24.56010888671875,0.38615915179252625,-0.045756302773952484,-0.16556020081043243
1789058888335120000,24.570119873046874,0.38775119185447693,0.018495919182896614,0.09774041175842285
1789058888345131000,24.580131103515626,0.31933164596557617,-0.16474181413650513,-0.15733130276203156
1789058888355142000,24.590141845703126,0.18029306828975677,0.06646477431058884,-0.00544456671923399
1789058888365152800,24.60015283203125,0.18369951844215393,0.07152265310287476,-0.12172510474920273
1789058888375164000,24.610163818359375,0.21207337081432343,0.11838389933109283,-0.3080635666847229
1789058888385175000,24.620175048828123,0.22046686708927155,0.004123106133192778,-0.4701422154903412
1789058888395186000,24.63018603515625,0.3170996606349945,0.031573906540870667,-0.06635771691799164
1789058888405196800,24.64019677734375,0.1854151338338852,0.007306382525712252,0.1658792495727539
1789058888415208000,24.6502080078125,0.1001708060503006,0.028664400801062584,0.16303765773773193
1789058888425218800,24.66021875,0.04042225703597069,0.10975286364555359,0.05583956465125084
1789058888435230000,24.67022998046875,-0.03521045297384262,0.09122125804424286,-0.08783158659934998
1789058888445241000,24.680240966796877,-0.03999721631407738,0.1571217030286789,-0.10615706443786621
1789058888455252000,24.690251953125,-0.02918984368443489,0.04114770144224167,-0.1034126728773117
1789058888465262800,24.700262939453125,-0.04350246861577034,0.035409122705459595,-0.1734631359577179
1789058888475273700,24.710273681640626,-0.04632462188601494,0.059841495007276535,-0.060134176164865494
1789058888485284900,24.720284912109374,-0.12118341773748398,0.0754241868853569,0.14765150845050812
1789058888495296000,24.7302958984375,-0.2207440882921219,0.09067291021347046,0.1317598968744278
1789058888505307000,24.740306884765626,-0.2514173090457916,0.1200941801071167,0.1967439502477646
1789058888515318000,24.750318115234375,-0.22054116427898407,0.0054791877046227455,0.06864617019891739
1789058888525329000,24.760328857421875,-0.18200761079788208,0.0005283711361698806,0.12226971983909607
1789058888535339800,24.77033984375,-0.17643122375011444,-0.0130540169775486,-0.15325772762298584
1789058888545351000,24.780350830078124,-0.15678055584430695,0.018861571326851845,-0.08570984750986099
1789058888555362000,24.790362060546876,-0.15017351508140564,0.09870819747447968,0.05281421169638634
1789058888565373000,24.800373046875,-0.1836627721786499,0.12889859080314636,0.1865597665309906
1789058888575383800,24.8103837890625,0.04241456836462021,0.04273894056677818,0.11124023795127869
1789058888585395000,24.82039501953125,0.24530190229415894,-0.03268098086118698,-0.11036672443151474
1789058888595405800,24.83040576171875,0.19022586941719055,-0.03754577785730362,-0.09771563857793808
1789058888605417000,24.8404169921875,0.1658153384923935,0.05559055879712105,-0.23125985264778137
1789058888615428000,24.850427978515626,0.15798164904117584,0.02839728631079197,-0.16161659359931946
1789058888625439000,24.86043896484375,0.1447577178478241,0.07859281450510025,0.038845133036375046
1789058888635449900,24.870449951171874,0.04211736097931862,0.11167806386947632,0.05782841145992279
1789058888645460700,24.880460693359375,-0.026938939467072487,0.08977089822292328,0.20992526412010193
1789058888655471900,24.890471923828127,0.039203859865665436,0.07144462317228317,0.37064170837402344
1789058888665483000,24.90048291015625,0.07461964339017868,-0.039257124066352844,0.25105831027030945
1789058888675494000,24.910493896484375,0.03924274444580078,-0.012354936450719833,0.012148541398346424
1789058888685505000,24.920505126953124,0.019364111125469208,0.04098338633775711,0.16684997081756592
1789058888695516000,24.930515869140624,-0.030125943943858147,0.049559030681848526,0.06872553378343582
1789058888705526800,24.94052685546875,0.007844074629247189,0.09861952066421509,0.05764438584446907
1789058888715538000,24.950537841796876,0.06353583186864853,0.1271291822195053,-0.0067812069319188595
1789058888725549000,24.960549072265625,0.15501967072486877,0.08632130920886993,0.16029620170593262
1789058888735560000,24.970559814453125,0.20144496858119965,0.09585755318403244,0.20671643316745758
1789058888745571800,24.98057177734375,0.23218131065368652,0.07412616163492203,0.023514380678534508
1789058888755582700,24.990582763671874,0.2983560562133789,0.13001206517219543,-0.04915795847773552
1789058888765594000,25.000593994140626,0.3275570869445801,0.14882756769657135,-0.26027846336364746
1789058888775605000,25.01060498046875,0.23106864094734192,0.21174314618110657,-0.2173621505498886
1789058888785616000,25.020615966796875,0.23782160878181458,0.22240591049194336,-0.07939628511667252
1789058888795626800,25.030626708984375,0.27465152740478516,0.14491324126720428,0.011974637396633625
1789058888805638000,25.040637939453124,0.25303545594215393,0.1549839973449707,-0.020746290683746338
1789058888815648800,25.050648681640624,0.19849258661270142,0.18063423037528992,0.17155763506889343
1789058888825660000,25.060659912109376,0.0984749048948288,0.16165627539157867,0.19646644592285156
1789058888835671000,25.070671142578124,-0.027757328003644943,0.20136161148548126,0.028201811015605927
1789058888845682000,25.080681884765625,-0.07792355865240097,0.21851156651973724,-0.14558915793895721
1789058888855692800,25.09069287109375,-0.08168581128120422,0.13503877818584442,-0.04629825800657272
1789058888865704000,25.100703857421873,-0.09632892906665802,0.1227823793888092,0.16977812349796295
1789058888875715000,25.110715087890625,-0.1707128882408142,0.18965834379196167,0.24507473409175873
1789058888885726000,25.120725830078126,-0.20557792484760284,0.07863569259643555,0.09944243729114532
1789058888895736800,25.13073681640625,-0.2466508001089096,0.11243785917758942,0.10008798539638519
1789058888905748000,25.140748046875,-0.34514567255973816,0.09672600775957108,-0.05837702378630638
1789058888915758800,25.1507587890625,-0.37836673855781555,0.07437276840209961,-0.08765288442373276
1789058888925769700,25.160769775390627,-0.4383603036403656,0.0539628341794014,0.069758839905262
1789058888935781000,25.170781005859375,-0.4875728487968445,0.0464460626244545,0.19142667949199677
1789058888945792000,25.1807919921875,-0.5356146693229675,-0.002926813904196024,-0.028330441564321518
1789058888955803000,25.190802978515624,-0.5887660384178162,0.022833943367004395,-0.04579092562198639
1789058888965813800,25.200813720703124,-0.5077385902404785,-0.038057371973991394,-0.04638507589697838
1789058888975825000,25.210824951171876,-0.49472638964653015,0.046663641929626465,-0.004731638357043266
1789058888985835800,25.220835693359376,-0.392901211977005,-0.048043426126241684,-0.1637311428785324
1789058888995847000,25.230846923828125,-0.34941524267196655,-0.017826134338974953,-0.07502337545156479
1789058889005858000,25.240858154296873,-0.37807032465934753,0.004083424806594849,-0.07646681368350983
1789058889015869000,25.250868896484373,-0.3102175295352936,0.09717981517314911,-0.011924037709832191
1789058889025879800,25.2608798828125,-0.19446268677711487,-0.010208695195615292,-0.14554494619369507
1789058889035891000,25.270890869140626,-0.16709578037261963,-0.014247645623981953,-0.03690182417631149
1789058889045902000,25.280902099609374,-0.17819637060165405,-0.005062402691692114,0.002359560690820217
1789058889055913000,25.290912841796874,-0.1425962895154953,-0.05998477339744568,0.06795481592416763
1789058889065923800,25.300923828125,-0.1564633697271347,-0.031258318573236465,0.1322064995765686
1789058889075935000,25.31093505859375,-0.23841336369514465,-0.021047495305538177,0.13535729050636292
1789058889085945900,25.32094580078125,-0.25806084275245667,-0.003187004942446947,0.04531315341591835
1789058889095956700,25.330956787109375,-0.10689156502485275,-0.11793595552444458,-0.07933476567268372
1789058889105967400,25.34096728515625,-0.12160339951515198,-0.1175287589430809,-0.09392116963863373
1789058889115980300,25.350980224609376,-0.1563616394996643,-0.10566597431898117,-0.04657762125134468
1789058889125991400,25.360991455078125,-0.12899819016456604,-0.06548552960157394,-0.07449687272310257
1789058889136002300,25.371002197265625,-0.15996064245700836,-0.06234300136566162,0.05294923484325409
1789058889146013200,25.38101318359375,-0.1529695689678192,-0.08482860773801804,0.08614340424537659
1789058889156024300,25.3910244140625,-0.162698894739151,-0.06815002858638763,0.12301300466060638
1789058889166035200,25.40103515625,-0.1594245433807373,-0.12079992145299911,-0.011351457796990871
1789058889176046300,25.41104638671875,-0.19732452929019928,-0.0700717642903328,0.054843541234731674
1789058889186057200,25.42105712890625,-0.20806877315044403,-0.10761967301368713,-0.0955430343747139
1789058889196068400,25.431068359375,-0.23192404210567474,-0.06894897669553757,-0.19739696383476257
1789058889206079200,25.441079345703123,-0.29210588335990906,-0.0205761156976223,0.01483673695474863
1789058889216090000,25.451090087890623,-0.23351554572582245,-0.14856736361980438,0.02744227647781372
1789058889226101500,25.4611015625,-0.20350810885429382,-0.13924364745616913,0.2485051453113556
1789058889236112400,25.4711123046875,-0.24901887774467468,-0.1683778315782547,0.011414840817451477
1789058889246123300,25.481123291015624,-0.175718292593956,-0.11951414495706558,0.03148122876882553
1789058889256134100,25.491134033203124,-0.09447696805000305,-0.2826460897922516,-0.2540634274482727
1789058889266145300,25.501145263671877,-0.0763658806681633,-0.14739930629730225,-0.12448413670063019
1789058889276156200,25.51115625,-0.06741126626729965,-0.05381263047456741,-0.02707502618432045
1789058889286167300,25.521167236328125,-0.034030936658382416,-0.0616026446223259,-0.15848951041698456
1789058889296178400,25.531178466796874,0.0900484025478363,-0.17160850763320923,-0.16522277891635895
1789058889306189300,25.541189208984374,0.1072862446308136,-0.1430322527885437,-0.15720027685165405
1789058889316200200,25.5512001953125,0.057193249464035034,-0.13146907091140747,-0.02701297588646412
1789058889326211300,25.56121142578125,0.13326245546340942,-0.10694082826375961,0.09438429027795792
1789058889336222200,25.57122216796875,0.13012097775936127,-0.1651628613471985,-0.02099609561264515
1789058889346233300,25.5812333984375,0.10130984336137772,-0.12122523039579391,-0.04687483236193657
1789058889356244200,25.591244140625,0.12682132422924042,-0.09551959484815598,-0.031747277826070786
1789058889366255400,25.60125537109375,0.17604906857013702,-0.16513755917549133,-0.07182731479406357
1789058889376266200,25.611266357421876,0.27277854084968567,-0.12593209743499756,0.04727829992771149
1789058889386277000,25.621277099609376,0.19830669462680817,-0.0779656395316124,0.12108035385608673
1789058889396288500,25.63128857421875,0.2131064087152481,-0.0729607567191124,-0.012679842300713062
1789058889406299400,25.64129931640625,0.2611194849014282,-0.1644669771194458,-0.2900547385215759
1789058889416310300,25.651310302734377,0.26122334599494934,-0.11235556751489639,-0.310228168964386
1789058889426321200,25.661321044921873,0.3273714780807495,-0.08087940514087677,-0.08402033150196075
1789058889436332300,25.671332275390625,0.3956860899925232,-0.10103952884674072,-0.043229229748249054
1789058889446342100,25.681342041015625,0.3790959119796753,-0.09029820561408997,0.024655278772115707
1789058889456353300,25.691353271484374,0.4282432198524475,-0.12343432009220123,-0.025892850011587143
1789058889466364400,25.701364501953126,0.3591107726097107,-0.07628225535154343,0.03771435469388962
1789058889476375300,25.711375244140626,0.2853632867336273,-0.05901778116822243,-0.11226928234100342
1789058889486386200,25.72138623046875,0.33187273144721985,-0.02899463288486004,-0.1627281904220581
1789058889496397300,25.731397216796875,0.31893670558929443,-0.08849737793207169,-0.19985851645469666
1789058889506408200,25.741408203125,0.3340400159358978,-0.02509629912674427,0.09495234489440918
1789058889516419000,25.751419189453124,0.27901938557624817,0.00649731419980526,0.07690490037202835
1789058889526430500,25.761430419921876,0.33196648955345154,-0.1026827022433281,-0.150947704911232
1789058889536441300,25.77144140625,0.31410571932792664,-0.031978171318769455,-0.07566706091165543
1789058889546452200,25.7814521484375,0.16865479946136475,0.04385826736688614,0.14134913682937622
1789058889556463400,25.79146337890625,0.18197619915008545,-0.035168372094631195,-0.04568413272500038
1789058889566474200,25.80147412109375,0.2327088713645935,-0.06486528366804123,-0.22921907901763916
1789058889576485400,25.8114853515625,0.17659367620944977,0.015161908231675625,0.08160458505153656
1789058889586496300,25.821496337890625,0.1480235457420349,-0.00010759170982055366,0.14797641336917877
1789058889596507400,25.83150732421875,0.09748607873916626,-0.010162089951336384,-0.039144206792116165
1789058889606518300,25.841518310546874,0.1465790569782257,-0.09511000663042068,-0.15457706153392792
1789058889616529200,25.851529052734374,0.09941553324460983,-0.056964483112096786,0.05411330237984657
1789058889626540300,25.861540283203126,-0.028900889679789543,-0.06470309942960739,0.13071992993354797
1789058889636551400,25.871551513671875,-0.1195245310664177,-0.04831959679722786,0.0795092061161995
1789058889646562300,25.881562255859375,-0.20426099002361298,0.004450141917914152,0.03321680799126625
1789058889656573200,25.8915732421875,-0.25953197479248047,0.07940241694450378,0.011029481887817383
1789058889666584300,25.901584228515624,-0.18117378652095795,-0.11712902039289474,-0.3282793462276459
1789058889676595200,25.91159521484375,-0.11585017293691635,-0.07732408493757248,-0.08974559605121613
1789058889686607400,25.921607421875,-0.08763637393712997,-0.12112829089164734,-0.04543565958738327
1789058889696618200,25.9316181640625,-0.10906709730625153,-0.11452391743659973,0.16958476603031158
1789058889706629400,25.94162939453125,-0.11043915897607803,-0.11187300831079483,0.22738468647003174
1789058889716640300,25.95164013671875,-0.22165809571743011,0.023571372032165527,0.22139284014701843
1789058889726651100,25.961651123046874,-0.26566630601882935,0.0628599226474762,0.10854379087686539
1789058889736662300,25.971662353515626,-0.21133914589881897,0.12096663564443588,0.011888351291418076
1789058889746673400,25.98167333984375,-0.07736323028802872,-0.083730049431324,-0.24477246403694153
1789058889756684300,25.991684326171875,0.010133594274520874,-0.07052130252122879,-0.1300583928823471
1789058889766695200,26.001695068359375,0.10526889562606812,-0.082365982234478,-0.013742710463702679
1789058889776706300,26.011706298828123,0.12912842631340027,-0.14983583986759186,0.1595451831817627
1789058889786717200,26.02171728515625,0.01660187914967537,-0.10650300979614258,0.32880690693855286
1789058889796728300,26.031728271484376,-0.1717270165681839,0.06694255024194717,0.2329925000667572
1789058889806739500,26.041739501953124,-0.2256392538547516,0.06885336339473724,0.032874591648578644
1789058889816750300,26.051750244140624,-0.06711272150278091,-0.02593412809073925,-0.0653851330280304
1789058889826761200,26.06176123046875,0.04965810105204582,-0.07153197377920151,-0.04289819672703743
1789058889836772000,26.071772216796877,0.13674533367156982,-0.08642517030239105,0.07393041998147964
1789058889846783500,26.081783447265625,0.16533036530017853,-0.14450418949127197,0.09010592103004456
1789058889856794400,26.09179443359375,0.12266653031110764,-0.07530780136585236,0.1862010359764099
1789058889866805200,26.10180517578125,0.005136438645422459,-0.0040794298984110355,0.03569834306836128
1789058889876816400,26.11181640625,-0.004263188224285841,-0.02382117696106434,-0.04945996031165123
1789058889886827300,26.1218271484375,-0.018670890480279922,-0.007278419099748135,0.03845071792602539
1789058889896838100,26.131838134765626,0.012131230905652046,0.003954794257879257,0.13181635737419128
1789058889906849300,26.141849365234375,0.11458330601453781,-0.08311592787504196,-0.02942793071269989
1789058889916860400,26.1518603515625,0.1726468801498413,-0.24680311977863312,-0.20091259479522705
1789058889926871300,26.161871337890624,0.14055152237415314,-0.11508690565824509,0.16457989811897278
1789058889936882200,26.171882080078124,0.08912428468465805,-0.08074704557657242,0.09584743529558182
1789058889946893300,26.181893310546876,0.023505060002207756,0.08176064491271973,0.13233593106269836
1789058889956904200,26.191904296875,0.03634096309542656,-0.05222645401954651,-0.1267712563276291
1789058889966915300,26.201915283203125,0.08349435776472092,0.07075220346450806,0.06172807887196541
1789058889976926200,26.21192626953125,0.22442618012428284,-0.09216561168432236,-0.24647848308086395
1789058889986937300,26.221937255859373,0.32251012325286865,-0.07687773555517197,-0.287621408700943
1789058889996948200,26.2319482421875,0.36822009086608887,-0.0653100311756134,-0.06637715548276901
1789058890006959000,26.241958984375,0.40785539150238037,-0.09372463077306747,-0.11717695742845535
1789058890016970500,26.251970458984374,0.3708800673484802,-0.009768741205334663,0.07908070087432861
1789058890026981400,26.2619814453125,0.3279848098754883,-0.01817740499973297,-0.07404199987649918
1789058890036992300,26.2719921875,0.3007236123085022,0.11039681732654572,0.12609587609767914
1789058890047003400,26.28200341796875,0.3003816604614258,0.19339503347873688,0.05543263256549835
1789058890057014300,26.29201416015625,0.3625028133392334,0.10963621735572815,-0.002241050126031041
1789058890067025200,26.302025146484375,0.4273659884929657,-0.0667734369635582,-0.18329791724681854
1789058890077036300,26.312036376953124,0.4724285304546356,0.08068206161260605,0.11588984727859497
1789058890087047400,26.32204736328125,0.4948558211326599,-0.03662858530879021,0.03280108794569969
1789058890097058300,26.332058349609376,0.37675154209136963,0.0048922267742455006,0.017709488049149513
1789058890107069200,26.342069091796876,0.18835791945457458,0.21030370891094208,0.16140113770961761
1789058890117080600,26.35208056640625,0.2310023307800293,0.13880261778831482,-0.011361843906342983
1789058890127091500,26.362091552734373,0.31860116124153137,0.03797641023993492,-0.0821065902709961
1789058890137102300,26.372102294921874,0.26830682158470154,0.05809073522686958,-0.13089783489704132
1789058890147113200,26.38211328125,0.2772510349750519,0.09227107465267181,0.23116078972816467
1789058890157124600,26.39212451171875,0.3087189495563507,0.025016935542225838,0.042027343064546585
1789058890167135500,26.402135498046874,0.2516538202762604,0.17208974063396454,0.09278985857963562
1789058890177146400,26.412146484375,0.2058037668466568,0.04054343327879906,-0.1609494686126709
1789058890187157500,26.422157470703127,0.14529594779014587,0.13634079694747925,0.1403115689754486
1789058890197168400,26.43216845703125,0.1969439536333084,0.05717966705560684,0.06494517624378204
1789058890207179300,26.44217919921875,0.20970076322555542,0.0837596133351326,0.07085100561380386
1789058890217190400,26.4521904296875,0.1548987627029419,0.07824686914682388,0.040766604244709015
1789058890227201500,26.462201416015624,0.09267640858888626,0.1073743924498558,0.16395165026187897
1789058890237212400,26.47221240234375,0.008873652666807175,0.1458674520254135,0.10300388187170029
1789058890247223300,26.482223388671876,-0.0013004215434193611,0.05696208402514458,-0.20212194323539734
1789058890257234400,26.492234375,0.0064925202168524265,0.10389097779989243,0.009645436890423298
1789058890267245300,26.502245361328125,0.013568805530667305,0.027406323701143265,0.006382265593856573
1789058890277256400,26.51225634765625,-0.004025634378194809,0.09078583121299744,0.2074165642261505
1789058890287267300,26.522267333984374,0.04565190523862839,0.0258712787181139,0.23016129434108734
1789058890297278500,26.532278564453126,0.029346436262130737,0.0525396391749382,0.3119589686393738
1789058890307289300,26.542289306640626,-0.02678367681801319,0.044187966734170914,0.1030036136507988
1789058890317300200,26.55230029296875,-0.17980225384235382,0.15089896321296692,0.008930111303925514
1789058890327311600,26.5623115234375,-0.1329367458820343,0.0026762105990201235,-0.09151020646095276
1789058890337322500,26.572322509765623,-0.09360957890748978,0.07790518552064896,0.1651303619146347
1789058890347333400,26.58233349609375,-0.08212310075759888,0.03543788567185402,0.16797222197055817
1789058890357344500,26.592344482421876,-0.18647640943527222,0.03305009379982948,0.10154473036527634
1789058890367355400,26.60235546875,-0.11681796610355377,0.06343729794025421,0.16695968806743622
1789058890377366300,26.6123662109375,-0.05657486245036125,0.07358793169260025,0.041247040033340454
1789058890387377400,26.62237744140625,-0.06948666274547577,0.03639209643006325,-0.12033946067094803
1789058890397388500,26.632388427734377,-0.14549142122268677,-0.009152485989034176,-0.3728899657726288
1789058890407399400,26.6423994140625,-0.1309329867362976,0.15212561190128326,0.08083199709653854
1789058890417410300,26.652410400390625,0.005550027824938297,0.10018465667963028,-0.25749412178993225
1789058890427421400,26.66242138671875,-0.03700249269604683,0.1310509592294693,-0.12284789234399796
1789058890437432300,26.672432373046874,-0.02143045701086521,0.09272035211324692,-0.20452091097831726
1789058890447444500,26.682444580078126,-0.025258218869566917,0.1276533007621765,0.280974417924881
1789058890457455400,26.692455322265626,0.09183298051357269,-0.0028719529509544373,-0.0174450371414423
1789058890467466200,26.70246630859375,-0.07171812653541565,0.06616197526454926,0.09722349047660828
1789058890477477400,26.712477294921875,-0.09873909503221512,0.04613873362541199,0.036130040884017944
1789058890487488500,26.722488525390624,-0.16905799508094788,0.1523037850856781,0.1112799197435379
1789058890497499400,26.73249951171875,-0.16087596118450165,0.09111792594194412,-0.17303968966007233
1789058890507510500,26.742510498046876,-0.12047581374645233,0.05161845311522484,-0.44366559386253357
1789058890517521400,26.752521484375,0.022466160356998444,0.026445189490914345,-0.33788561820983887
1789058890527532300,26.7625322265625,0.06438244879245758,0.0756196603178978,-0.018610969185829163
1789058890537543400,26.77254345703125,0.10689955204725266,0.10762739181518555,0.056288838386535645
1789058890547554600,26.782554443359373,0.11271829158067703,0.1159881204366684,0.07148909568786621
1789058890557565400,26.7925654296875,0.2231081873178482,0.09614544361829758,-0.08160591125488281
1789058890567576300,26.802576416015626,0.3121267259120941,0.011968512088060379,-0.15228061378002167
1789058890577587500,26.81258740234375,0.22230231761932373,-0.023810524493455887,-0.37890496850013733
1789058890587598300,26.822598388671874,0.06353317201137543,0.09277573972940445,-0.17379389703273773
1789058890597609500,26.832609375,0.02165709249675274,0.02907426282763481,-0.2017568200826645
1789058890607620400,26.842620361328127,-0.16622838377952576,0.09045825898647308,0.056766610592603683
1789058890617631500,26.852631591796875,-0.15266543626785278,-0.04288488253951073,-0.06094564124941826
1789058890627642400,26.862642333984375,-0.11264266073703766,-0.04638347774744034,0.1834113746881485
1789058890637653200,26.8726533203125,-0.2245156615972519,-0.07373467087745667,-0.03432068973779678
1789058890647664400,26.882664306640624,-0.3589208722114563,0.04002917557954788,-0.08390981703996658
1789058890657675500,26.892675537109376,-0.3024429380893707,0.043887827545404434,-0.3001140058040619
1789058890667686400,26.902686279296876,-0.09775718301534653,-0.06463705003261566,-0.3830285966396332
1789058890677698300,26.9126982421875,0.05088954418897629,-0.012137622572481632,-0.07377089560031891
1789058890687709400,26.92270947265625,0.1353413164615631,-0.012716061435639858,0.2437591254711151
1789058890697720300,26.93272021484375,0.09731430560350418,-0.07529661804437637,0.25402188301086426
1789058890707731500,26.9427314453125,0.17758144438266754,0.0009299758239649236,0.25503069162368774
1789058890717742300,26.952742431640626,0.2023288756608963,0.01187902968376875,0.07191014289855957
1789058890727753500,26.96275341796875,0.16962285339832306,0.06420055776834488,0.13476793467998505
1789058890737764400,26.972764404296875,0.19787153601646423,0.022895196452736855,0.1173764243721962
1789058890747775200,26.982775146484375,0.23212830722332,0.07384972274303436,0.09863709658384323
1789058890757786600,26.99278662109375,0.2686157524585724,0.04235517978668213,-0.12468041479587555
1789058890767797500,27.002797607421876,0.24226030707359314,0.027522969990968704,-0.11045487225055695
1789058890777808400,27.012808349609376,0.2042628526687622,0.042265962809324265,0.07999522984027863
1789058890787819300,27.0228193359375,0.18222306668758392,-0.011863050982356071,0.12171578407287598
1789058890797830400,27.032830322265625,0.15281164646148682,0.0633573979139328,0.06786826252937317
1789058890807841300,27.04284130859375,0.11557799577713013,0.039568714797496796,-0.09028089046478271
1789058890817852400,27.052852294921873,0.19160352647304535,0.03209029138088226,0.051121775060892105
1789058890827863600,27.062863525390625,0.20854388177394867,0.058934155851602554,0.21976538002490997
1789058890837874400,27.07287451171875,0.18486998975276947,0.1324552446603775,0.055863264948129654
1789058890847885300,27.08288525390625,0.20774760842323303,-0.03934447467327118,-0.25637879967689514
1789058890857896400,27.092896484375,0.14824166893959045,0.047019705176353455,0.025712819769978523
1789058890867907600,27.102907470703126,0.15971456468105316,0.02901380881667137,0.04771612212061882
1789058890877918500,27.11291845703125,0.16037875413894653,0.060558419674634933,0.16280728578567505
1789058890887929300,27.122929443359375,0.09635396301746368,0.028861476108431816,0.0314205065369606
1789058890897940500,27.1329404296875,-0.030550984665751457,0.03263118118047714,-0.004357464145869017
1789058890907951400,27.142951416015624,-0.04867193102836609,0.035476233810186386,0.06713536381721497
1789058890917962200,27.152962158203124,-0.022975889965891838,-0.02641456387937069,-0.14035764336585999
1789058890927973600,27.1629736328125,-0.13116919994354248,0.07080280035734177,0.09732948243618011
1789058890937984500,27.172984619140625,-0.255685031414032,0.04302683100104332,-0.018030399456620216
1789058890947995400,27.182995361328125,-0.29325929284095764,0.019344935193657875,-0.025737054646015167
1789058890958006300,27.19300634765625,-0.16860872507095337,-0.02804947830736637,-0.13390293717384338
1789058890968017400,27.203017333984373,-0.1571323573589325,0.02046479471027851,0.10746493935585022
1789058890978028300,27.2130283203125,-0.23216798901557922,0.09526446461677551,0.07275117188692093
1789058890988039400,27.223039306640626,-0.2810465693473816,0.07726655900478363,-0.1067165955901146
1789058890998049500,27.233049560546874,-0.17169345915317535,0.08028578758239746,-0.14596067368984222
1789058891008060400,27.243060302734374,-0.08506589382886887,0.0420670248568058,-0.13348455727100372
1789058891018071300,27.2530712890625,-0.051242146641016006,0.014851916581392288,-0.08833225816488266
1789058891028082400,27.26308251953125,-0.08805715292692184,0.010433998890221119,-0.12137090414762497
1789058891038093300,27.27309326171875,-0.18452243506908417,0.14746561646461487,0.04379861429333687
1789058891048104400,27.2831044921875,-0.21318285167217255,0.1492621898651123,-0.11838842928409576
1789058891058115600,27.293115478515624,-0.1289004534482956,0.10398898273706436,-0.1493777632713318
1789058891068126500,27.30312646484375,-0.04611529782414436,0.03038027696311474,-0.2814287543296814
1789058891078137300,27.313137451171876,-0.08429384231567383,0.07406970113515854,-0.06525197625160217
1789058891088148500,27.3231484375,-0.05536738410592079,0.07463669031858444,-0.12071043998003006
1789058891098159400,27.333159423828125,-0.05846810340881348,0.01570226438343525,-0.10945805162191391
1789058891108170500,27.34317041015625,-0.06468072533607483,-0.004478638060390949,-0.13971422612667084
1789058891118180900,27.353180908203125,-0.07190428674221039,0.04457785561680794,0.026666764169931412
1789058891128192300,27.363192138671874,-0.12123428285121918,-0.001294029993005097,-0.059665195643901825
1789058891138203100,27.373203125,-0.18479594588279724,0.08160777390003204,-0.05170074477791786
1789058891148214000,27.383214111328126,-0.17922034859657288,0.011633220128715038,-0.2283649891614914
1789058891158225200,27.39322509765625,-0.1330115795135498,-0.06187881529331207,-0.2721148729324341
1789058891168236000,27.403236083984375,-0.09429534524679184,-0.053007822483778,-0.22249272465705872
1789058891178247000,27.413246826171875,-0.06088518723845482,-0.07637946307659149,-0.07242466509342194
1789058891188258000,27.423258056640623,-0.034448787569999695,-0.07394693046808243,-0.017062073573470116
1789058891198269200,27.433269287109376,-0.10385528951883316,-0.058211907744407654,-0.07310669869184494
1789058891208280000,27.443280029296876,-0.06076454743742943,-0.056239038705825806,-0.11870401352643967
1789058891218291000,27.453291015625,-0.011048655956983566,-0.0816357433795929,-0.13406965136528015
1789058891228302000,27.463302001953124,-0.03699503466486931,-0.06138240173459053,0.008756740018725395
1789058891238313000,27.47331298828125,-0.12042388319969177,-0.02347736246883869,0.049064215272665024
1789058891248325000,27.4833251953125,-0.12172084301710129,-0.031622640788555145,-0.04844449833035469
1789058891258336000,27.4933359375,-0.031560055911540985,-0.0695180892944336,-0.08167169243097305
1789058891268346000,27.50334619140625,-0.0122441491112113,-0.01184973493218422,-0.01414378173649311
1789058891278358000,27.51335791015625,0.0023869911674410105,-0.049188319593667984,-0.05680868774652481
1789058891288369200,27.523369140625,0.04959205538034439,-0.05546565726399422,-0.1793724149465561
1789058891298379300,27.533379150390626,0.17127054929733276,-0.08493886142969131,-0.16497164964675903
1789058891308391200,27.54339111328125,0.2017781287431717,-0.10224194824695587,-0.19880656898021698
1789058891318402000,27.553402099609375,0.224900484085083,-0.09573637694120407,-0.05654609948396683
1789058891328413000,27.563412841796875,0.16304245591163635,-0.09360771626234055,-0.17255046963691711
1789058891338424000,27.573424072265624,0.0774279460310936,0.038184136152267456,-0.059892360121011734
1789058891348435200,27.583435302734376,0.055874716490507126,0.021578263491392136,-0.2365182638168335
1789058891358446000,27.593446044921876,0.08015262335538864,0.007443002425134182,-0.22153212130069733
1789058891368457000,27.60345703125,0.109891876578331,-0.05811150744557381,-0.20536033809185028
1789058891378468000,27.613468017578125,0.16652213037014008,-0.08805608749389648,-0.03358539193868637
1789058891388479000,27.62347900390625,0.12719763815402985,-0.09466978162527084,0.019888753071427345
1789058891398490000,27.633489990234374,0.03122556395828724,-0.09851352125406265,-0.00872291810810566
1789058891408501200,27.643501220703126,-0.05227864906191826,-0.04662555828690529,0.04161854833364487
1789058891418512100,27.65351220703125,-0.12302952259778976,-0.021577464416623116,0.011742410250008106
1789058891428523000,27.66352294921875,-0.16329331696033478,0.012689163908362389,0.030101442709565163
1789058891438534100,27.6735341796875,-0.0754297748208046,-0.03216991946101189,-0.008673382923007011
1789058891448545000,27.683544921875,-0.04887326806783676,-0.01721999980509281,0.09839607775211334
1789058891458556200,27.69355615234375,-0.06530603766441345,0.0006846986943855882,0.0854208916425705
1789058891468567000,27.703567138671875,-0.007033142261207104,0.041620414704084396,0.045998118817806244
1789058891478578200,27.713578125,0.09922432154417038,0.026321351528167725,-0.05127384141087532
1789058891488589000,27.723589111328124,0.1379682570695877,0.05116917937994003,0.07414639741182327
1789058891498600000,27.733599853515624,0.15622688829898834,0.06829863041639328,0.19635885953903198
1789058891508611000,27.743611083984376,0.22188739478588104,0.018983278423547745,0.21044644713401794
1789058891518622200,27.753622314453125,0.24435488879680634,0.0498967207968235,0.17627622187137604
1789058891528633000,27.763633056640625,0.14807628095149994,0.14894074201583862,0.10233888775110245
1789058891538644000,27.77364404296875,0.15885064005851746,0.10325128585100174,-0.10342173278331757
1789058891548655000,27.783655029296874,0.18652434647083282,0.121040940284729,-0.1780610829591751
1789058891558666000,27.793666015625,0.2269521951675415,0.11224478483200073,-0.10541936755180359
1789058891568677000,27.803677001953126,0.24953313171863556,0.09189556539058685,0.030233535915613174
1789058891578688300,27.813688232421875,0.29338234663009644,0.02786944806575775,0.09740937501192093
1789058891588699100,27.82369921875,0.27366483211517334,0.04062226042151451,0.1629258096218109
1789058891598710000,27.8337099609375,0.17208442091941833,0.1365961879491806,0.1831280142068863
1789058891608720100,27.84372021484375,0.019749203696846962,0.13382065296173096,-0.03545333072543144
1789058891618732000,27.85373193359375,0.1293710321187973,0.08945664763450623,0.05476737394928932
1789058891628742000,27.863741943359376,0.11201761662960052,0.03519926592707634,0.044506482779979706
1789058891638754000,27.873754150390624,0.09051205962896347,0.02497938647866249,0.06914684921503067
1789058891648764200,27.88376416015625,0.07241534441709518,0.015454057604074478,0.16152311861515045
1789058891658775000,27.893775146484376,-0.0014058827655389905,0.03351002186536789,0.15761598944664001
1789058891668786200,27.9037861328125,-0.0940476655960083,0.16573862731456757,0.26546841859817505
1789058891678798000,27.913798095703125,-0.06319627910852432,0.06441786885261536,0.1515463888645172
1789058891688808000,27.923807861328125,-0.10840796679258347,0.07125367224216461,0.002689260058104992
1789058891698819000,27.933819091796874,-0.11555855721235275,0.07346463203430176,-0.0035976641811430454
1789058891708830200,27.943830322265626,-0.038846999406814575,0.028744297102093697,-0.15837979316711426
1789058891718841000,27.953841064453126,-0.008665925823152065,0.04373922571539879,-0.08947262167930603
1789058891728852000,27.96385205078125,-0.08823159337043762,0.11811785399913788,0.13308881223201752
1789058891738863000,27.973863037109375,-0.11858124285936356,0.10736454278230667,0.022279206663370132
1789058891748874200,27.983874267578123,-0.11195476353168488,0.11993492394685745,0.03446023911237717
1789058891758885000,27.993885009765624,-0.16086265444755554,0.1369117796421051,0.05206373333930969
1789058891768896000,28.00389599609375,-0.23594781756401062,0.15183347463607788,0.13334393501281738
1789058891778907100,28.0139072265625,-0.2256927788257599,0.15616483986377716,0.17432546615600586
1789058891788918000,28.02391796875,-0.20796199142932892,0.1108705922961235,0.03943555802106857
1789058891798929000,28.033928955078125,-0.2500375211238861,0.13385739922523499,0.06334621459245682
1789058891808940300,28.043940185546877,-0.3009158968925476,0.09127505123615265,-0.12299542874097824
1789058891818951200,28.053951171875,-0.3025188446044922,0.05600893869996071,-0.18884581327438354
1789058891828962000,28.063962158203125,-0.30925771594047546,0.09548124670982361,-0.15891242027282715
1789058891838973000,28.073972900390626,-0.32054391503334045,0.06538992375135422,-0.026213761419057846
1789058891848984000,28.083984130859374,-0.32407209277153015,0.07839787006378174,0.07498769462108612
1789058891858995000,28.093994873046874,-0.40390539169311523,0.10415809601545334,-0.03852422162890434
1789058891869006000,28.104006103515626,-0.4662257730960846,0.1665216088294983,0.015234879218041897
1789058891879017200,28.114017333984375,-0.40136954188346863,0.10565318912267685,-0.07720344513654709
1789058891889028000,28.124028076171875,-0.40380391478538513,0.056478723883628845,0.058401525020599365
1789058891899039000,28.1340390625,-0.4356854259967804,0.04327130690217018,0.0990687906742096
1789058891909050000,28.144050048828124,-0.4692745506763458,0.013034042902290821,0.1000664159655571
1789058891919061200,28.154061279296876,-0.554925262928009,0.03749730810523033,0.09471984952688217
1789058891929072000,28.164072021484376,-0.6555030345916748,0.08015289157629013,0.27638766169548035
1789058891939083000,28.1740830078125,-0.6832025647163391,0.1612493395805359,0.21197004616260529
1789058891949094100,28.18409423828125,-0.6060041785240173,-0.1526007205247879,-0.31390172243118286
1789058891959105000,28.19410498046875,-0.6238433718681335,-0.12626765668392181,-0.23521384596824646
1789058891969116000,28.204115966796873,-0.703622579574585,0.0472298301756382,0.17714707553386688
1789058891979127300,28.214127197265626,-0.582497239112854,0.0210107434540987,0.15511953830718994
1789058891989138200,28.22413818359375,-0.43266087770462036,-0.13548564910888672,0.018509501591324806
1789058891999149000,28.234149169921874,-0.3482322692871094,-0.26046621799468994,-0.22825847566127777
1789058892009160000,28.244159912109374,-0.39565199613571167,-0.042200718075037,-0.006168413441628218
1789058892019171000,28.254171142578127,-0.4072868227958679,-0.04680611938238144,-0.0046453517861664295
1789058892029182000,28.264181884765627,-0.2786204516887665,-0.10230932384729385,0.00398701848462224
1789058892039193000,28.274193115234375,-0.13109223544597626,-0.06197388842701912,0.2127724587917328
1789058892049204200,28.284204345703124,-0.15448305010795593,-0.04296237975358963,0.1246548444032669
1789058892059215000,28.294215087890624,-0.1505386382341385,-0.19216224551200867,-0.22842438519001007
1789058892069226000,28.30422607421875,-0.10204461216926575,-0.20571693778038025,-0.24368803203105927
1789058892079236900,28.31423681640625,-0.1380510777235031,-0.12946557998657227,0.017371799796819687
1789058892089248300,28.324248291015625,-0.11381631344556808,-0.16285230219364166,0.027062511071562767
1789058892099259100,28.334259033203125,-0.041358090937137604,-0.1529722362756729,0.1984318643808365
1789058892109270000,28.34427001953125,0.0652032345533371,-0.19973282516002655,0.34442663192749023
1789058892119281400,28.354281494140626,-0.0183478482067585,-0.002799514913931489,0.5395305752754211
1789058892129292300,28.364292236328126,0.002424009144306183,-0.1624016910791397,0.17100024223327637
1789058892139303200,28.37430322265625,0.25054141879081726,-0.24762071669101715,-0.1388968974351883
1789058892149314000,28.38431396484375,0.23771321773529053,-0.24790248274803162,-0.1093059852719307
1789058892159325400,28.394325439453127,0.0716310441493988,-0.11406931281089783,0.0515713170170784
1789058892169336300,28.40433642578125,0.04061134159564972,-0.08020935207605362,0.13678981363773346
1789058892179347200,28.41434716796875,0.11134277284145355,-0.06452812999486923,0.2226565033197403
1789058892189358300,28.4243583984375,0.263153076171875,-0.14368100464344025,0.24474529922008514
1789058892199369200,28.434369140625,0.27605900168418884,-0.058820705860853195,0.09187506139278412
1789058892209380400,28.44438037109375,0.3355734646320343,-0.08385202288627625,0.02015453577041626
1789058892219391200,28.45439111328125,0.3660088777542114,-0.23669855296611786,-0.2319626659154892
1789058892229402400,28.46440234375,0.2684282660484314,-0.09629644453525543,-0.11258646845817566
1789058892239413200,28.474413330078125,0.2579857409000397,-0.0453653521835804,0.03449352830648422
1789058892249424100,28.484424072265625,0.3456580638885498,-0.0023086944129318,0.20035839080810547
1789058892259435300,28.494435302734374,0.2635946273803711,-0.017186976969242096,0.17184099555015564
1789058892269446400,28.5044462890625,0.30493247509002686,-0.09262926876544952,-0.03515345975756645
1789058892279457300,28.514457275390626,0.26857125759124756,-0.04957927018404007,0.0033598439767956734
1789058892289468400,28.524468505859375,0.2704511880874634,-0.01606285572052002,0.08791733533143997
1789058892299479300,28.534479248046875,0.23174375295639038,-0.03640807420015335,-0.0177606213837862
1789058892309490200,28.544490234375,0.16797035932540894,-0.014856443740427494,-0.11989018321037292
1789058892319501300,28.554501220703123,0.1576138585805893,-0.03472255915403366,0.21518634259700775
1789058892329512400,28.564512451171876,0.23176825046539307,0.07526679337024689,0.39717450737953186
1789058892339523300,28.5745234375,0.13255856931209564,-0.058757055550813675,0.07228511571884155
1789058892349534200,28.5845341796875,0.2022833228111267,-0.0619315430521965,-0.1292663812637329
1789058892359545300,28.59454541015625,0.09266655147075653,-0.021626465022563934,0.09348094463348389
1789058892369555200,28.60455517578125,0.04861707240343094,-0.01925039291381836,0.005508748814463615
1789058892379566000,28.614566162109377,0.01540612056851387,0.0049252500757575035,-0.11422404646873474
1789058892389577500,28.624577392578125,0.011766111478209496,-0.02231942117214203,-0.030846595764160156
1789058892399588400,28.63458837890625,0.019168633967638016,-0.056056343019008636,-0.08490796387195587
1789058892409599200,28.64459912109375,-0.09427963197231293,-0.01671825908124447,-0.15099191665649414
1789058892419610400,28.6546103515625,-0.06185191497206688,-0.03367673605680466,-0.0990149974822998
1789058892429621200,28.664621337890626,0.00600462919101119,0.0028431906830519438,0.22300457954406738
1789058892439632100,28.674632080078126,-0.011681423522531986,-0.053713031113147736,0.16303792595863342
1789058892449643300,28.684643310546875,-0.08446002006530762,0.020363861694931984,0.0980788990855217
1789058892459654400,28.694654296875,0.010911237448453903,-0.09287294745445251,-0.09479335695505142
1789058892469665300,28.704665283203123,-0.08342006057500839,-0.08681292831897736,-0.1451534628868103
1789058892479676200,28.71467626953125,-0.13100728392601013,-0.049082592129707336,0.10734856128692627
1789058892489687300,28.724687255859376,-0.12250301241874695,-0.081218421459198,0.2758997678756714
1789058892499698400,28.734698486328124,-0.16783347725868225,-0.08359476178884506,0.20286603271961212
1789058892509709300,28.744709228515624,-0.15862905979156494,-0.09114828705787659,0.019475696608424187
1789058892519720200,28.75472021484375,-0.10360069572925568,-0.0778050497174263,-0.010753312148153782
1789058892529731300,28.7647314453125,-0.1022358238697052,-0.014393853023648262,0.10552988946437836
1789058892539742200,28.7747421875,-0.09983924776315689,-0.035108450800180435,0.0073599121533334255
1789058892549753000,28.784753173828125,0.02148957923054695,-0.055025968700647354,-0.03266553580760956
1789058892559764500,28.794764404296874,0.07395518571138382,-0.08260379731655121,-0.046968575567007065
1789058892569775400,28.804775390625,0.07025685161352158,-0.07692940533161163,0.0006862966110929847
1789058892579786200,28.8147861328125,0.08191484212875366,-0.04087606072425842,-0.026035595685243607
1789058892589797400,28.82479736328125,0.10473226755857468,-0.04992441460490227,-0.03408127278089523
1789058892599808300,28.834808349609375,0.14793433248996735,-0.037641651928424835,-0.18419674038887024
1789058892609819100,28.844819091796875,0.07600022852420807,-0.024940770119428635,-0.17045056819915771
1789058892619830300,28.854830322265624,0.1529589295387268,-0.0041340249590575695,-0.0018322548130527139
1789058892629841400,28.86484130859375,0.14867761731147766,0.001752093667164445,0.28428471088409424
1789058892639852300,28.874852294921876,0.17904698848724365,-0.03519473969936371,0.171794131398201
1789058892649863200,28.88486328125,0.210439532995224,-0.0777568444609642,-0.0821385458111763
1789058892659874300,28.894874267578125,0.19019657373428345,0.021085843443870544,-0.04904770478606224
1789058892669885400,28.904885498046873,0.18272480368614197,0.05554501712322235,-0.0966692864894867
1789058892679896300,28.914896240234373,0.1597134917974472,0.03641313314437866,-0.24233940243721008
1789058892689907200,28.9249072265625,0.15400074422359467,0.12558215856552124,-0.055631037801504135
1789058892699918300,28.93491845703125,0.1465337872505188,0.039442479610443115,-0.033917754888534546
1789058892709929200,28.94492919921875,0.13939890265464783,0.06426500529050827,-0.02123205177485943
1789058892719940000,28.954940185546874,0.14105884730815887,-0.005087703000754118,-0.16028527915477753
1789058892729951500,28.964951416015627,0.08762865513563156,0.013848704285919666,-0.06600671261548996
1789058892739962400,28.97496240234375,-0.018806710839271545,0.046717703342437744,-0.17740993201732635
1789058892749972200,28.98497216796875,-0.12694595754146576,0.053882140666246414,-0.1379629224538803
1789058892759983400,28.9949833984375,-0.1449422687292099,0.017492974177002907,-0.18364812433719635
1789058892769994200,29.004994140625,-0.17621923983097076,0.03116937167942524,0.04562341049313545
1789058892780005000,29.015005126953124,-0.13982714712619781,-0.046782683581113815,0.029924076050519943
1789058892790016300,29.025016357421876,-0.2324095368385315,0.0173795223236084,0.10136683285236359
1789058892800027400,29.03502734375,-0.3148452937602997,0.07713872939348221,0.017583254724740982
1789058892810038300,29.045038330078125,-0.2779298722743988,0.009635317139327526,-0.14601339399814606
1789058892820049400,29.05504931640625,-0.20638912916183472,0.07431577891111374,-0.01392646785825491
1789058892830060300,29.065060302734373,-0.12834306061267853,0.01661333069205284,-0.14631247520446777
1789058892840071200,29.0750712890625,-0.06341145932674408,0.014423414133489132,-0.1740969717502594
1789058892850082300,29.085082275390626,-0.055083490908145905,0.023395337164402008,-0.2499174326658249
1789058892860093400,29.095093505859374,-0.0019094864837825298,0.014687865972518921,-0.026803651824593544
1789058892870104300,29.105104248046874,0.05595940724015236,0.006145243998616934,0.05550001189112663
1789058892880115200,29.115115234375,-0.027402063831686974,-0.010189786553382874,0.014697186648845673
1789058892890126300,29.125126220703127,-0.04151761531829834,0.03861796483397484,-0.027226561680436134
1789058892900137200,29.13513720703125,-0.08920817077159882,-0.04803197458386421,-0.1660883128643036
1789058892910148400,29.1451484375,-0.09782110154628754,-0.010849718004465103,-0.02719726599752903
1789058892920159200,29.1551591796875,-0.07077430188655853,0.004553206264972687,-0.03684483468532562
1789058892930170400,29.16517041015625,-0.1061064600944519,-0.06765946745872498,0.027640681713819504
1789058892940181200,29.17518115234375,-0.08391939848661423,-0.06057519465684891,0.049125734716653824
1789058892950192000,29.185192138671876,-0.09265643358230591,-0.05861004814505577,0.23694810271263123
1789058892960203300,29.195203369140625,-0.07648652046918869,-0.08191430568695068,0.3209724426269531
1789058892970214400,29.20521435546875,-0.1404670923948288,0.10068133473396301,0.4115334749221802
1789058892980225300,29.215225341796874,-0.14064154028892517,-0.05787155404686928,0.07296395301818848
1789058892990236200,29.225236083984374,0.05452476069331169,-0.0022034994326531887,-0.043889693915843964
1789058893000247300,29.235247314453126,0.11259259283542633,0.010158628225326538,-0.14685282111167908
1789058893010258200,29.245258056640626,0.12278850376605988,0.003156378399580717,-0.06204259768128395
1789058893020269300,29.255269287109375,0.17756865918636322,-0.022007830440998077,0.16676874458789825
1789058893030280400,29.265280517578127,0.3109980821609497,-0.14475052058696747,0.43969056010246277
1789058893040291300,29.275291259765623,0.17618222534656525,-0.14952370524406433,0.4196385443210602
1789058893050301400,29.285301513671875,0.06811806559562683,0.0955214649438858,0.4538215398788452
1789058893060312300,29.295312255859375,-0.12962163984775543,-0.08816660940647125,-0.10199933499097824
1789058893070323200,29.3053232421875,-0.25685790181159973,0.19712185859680176,0.09030060470104218
1789058893080334000,29.315333984375,-0.10593628883361816,-0.042442530393600464,-0.20697768032550812
1789058893090345500,29.325345458984376,-0.07423880696296692,-0.04481620714068413,0.07430698722600937
1789058893100356400,29.3353564453125,-0.06091288477182388,-0.12670548260211945,-0.050690073519945145
1789058893110367200,29.3453671875,-0.002161954063922167,-0.13289706408977509,0.1359919160604477
1789058893120378400,29.35537841796875,-0.05811629816889763,-0.10324862599372864,0.12850365042686462
1789058893130389500,29.365389404296874,-0.17139944434165955,-0.024290692061185837,0.07143156975507736
1789058893140400400,29.375400390625,-0.14569008350372314,-0.027059048414230347,-0.0005608617211692035
1789058893150411300,29.385411376953126,-0.17757079005241394,0.006877081003040075,0.03175473213195801
1789058893160422700,29.395422607421875,-0.11894449591636658,-0.05813920125365257,-0.04953879117965698
1789058893170433500,29.40543359375,-0.053639527410268784,-0.05308185890316963,0.052670933306217194
1789058893180444400,29.4154443359375,-0.10135591775178909,-0.036617930978536606,0.1270836442708969
1789058893190455600,29.42545556640625,-0.13023923337459564,-0.01184920221567154,0.1218220442533493
1789058893200466400,29.435466552734376,-0.12083613872528076,-0.0414624884724617,-0.11825314164161682
1789058893210477300,29.445477294921876,-0.1267198622226715,-0.012010323815047741,-0.12045104801654816
1789058893220488400,29.455488525390624,-0.0689239427447319,0.05577937513589859,-0.018488995730876923
1789058893230499600,29.46549951171875,-0.05579988285899162,-0.030350448563694954,-0.33279767632484436
1789058893240510500,29.475510498046877,-0.06210118904709816,-0.011034009046852589,-0.08123333752155304
1789058893250521300,29.485521240234377,-0.030759243294596672,-0.013880661688745022,0.15455122292041779
1789058893260532500,29.495532470703125,-0.16309517621994019,0.21152876317501068,0.5451264381408691
1789058893270543400,29.50554345703125,-0.1430511623620987,0.013628993183374405,0.19750109314918518
1789058893280554500,29.515554443359374,-0.07356822490692139,-0.0959497019648552,-0.3657343089580536
1789058893290565400,29.5255654296875,-0.07146326452493668,0.05276734009385109,-0.22139790654182434
1789058893300576500,29.535576416015626,0.06409323215484619,-0.028378644958138466,-0.13575276732444763
1789058893310587400,29.54558740234375,0.13678793609142303,0.009725597687065601,0.024821992963552475
1789058893320597500,29.555597412109375,-0.08856076002120972,0.1808299720287323,0.08310367166996002
1789058893330608400,29.5656083984375,-0.10265154391527176,0.016989635303616524,-0.18047603964805603
1789058893340619500,29.57561962890625,-0.048473525792360306,0.012859872542321682,-0.42108944058418274
1789058893350630400,29.58563037109375,-0.06668475270271301,0.0019331886433064938,-0.31420719623565674
1789058893360641500,29.5956416015625,0.006828344892710447,-0.05771229788661003,-0.37856462597846985
1789058893370652400,29.60565234375,0.010220945812761784,-0.014299843460321426,0.07800132781267166
1789058893380663300,29.615663330078124,0.005241899751126766,-0.12187717109918594,0.002168612089008093
1789058893390674400,29.62567431640625,-0.10500684380531311,0.09898383915424347,0.19634634256362915
1789058893400685600,29.635685546875,-0.12235786765813828,-0.10537222772836685,-0.23656247556209564
1789058893410696400,29.645696533203125,-0.1292959302663803,0.03160346671938896,0.013684386387467384
1789058893420707600,29.65570751953125,-0.019813651219010353,0.005487443413585424,-0.07068615406751633
1789058893430718500,29.665718505859374,0.064529187977314,-0.06687037646770477,-0.12174374610185623
1789058893440729300,29.675729248046874,0.16828247904777527,-0.13072818517684937,-0.1277901828289032
1789058893450740200,29.685740234375,0.14273159205913544,-0.0030370689928531647,0.13819675147533417
1789058893460751600,29.695751708984375,0.04422391951084137,0.0401250496506691,0.1807284951210022
1789058893470762500,29.705762451171875,-0.02195669710636139,0.11113637685775757,0.04790147766470909
1789058893480773400,29.7157734375,0.0483211949467659,0.0440705232322216,-0.07056524604558945
1789058893490784500,29.725784423828124,0.1065051406621933,0.0054669370874762535,-0.13347363471984863
1789058893500795400,29.73579541015625,0.15689533948898315,-0.05699244514107704,-0.12100258469581604
1789058893510806500,29.745806640625,0.25184157490730286,-0.001954493811354041,0.1027386263012886
1789058893520817400,29.7558173828125,0.1913451999425888,0.030130205675959587,0.2705606520175934
1789058893530828500,29.76582861328125,0.14213396608829498,-0.00378994457423687,-0.09164576232433319
1789058893540839400,29.77583935546875,0.07985887676477432,0.017185911536216736,-0.1923942118883133
1789058893550850300,29.785850341796873,0.05133455991744995,0.019783291965723038,-0.1540215164422989
1789058893560860400,29.7958603515625,0.11567386984825134,0.010524014011025429,0.04418344050645828
1789058893570871300,29.805871337890625,0.12239115685224533,-0.036674655973911285,0.0008713863207958639
1789058893580882400,29.81588232421875,0.03959241509437561,0.08605845272541046,0.007167631760239601
1789058893590893600,29.8258935546875,0.03658304363489151,0.09498030692338943,-0.13093803822994232
1789058893600904400,29.835904541015626,0.06454410403966904,-0.06877267360687256,-0.29379725456237793
1789058893610915300,29.845915283203126,0.0474892221391201,-0.012014850974082947,-0.11559663712978363
1789058893620926500,29.855926513671875,0.04458131641149521,0.037090644240379333,0.011274758726358414
1789058893630937300,29.865937255859375,0.05594902113080025,0.04818270727992058,0.22844116389751434
1789058893640948500,29.875948486328124,-0.05320915952324867,0.06722697615623474,0.08673089742660522
1789058893650959600,29.885959716796876,-0.1258777678012848,0.11424055695533752,0.06479337811470032
1789058893660970500,29.895970458984376,-0.13805587589740753,0.10163740813732147,0.03169241547584534
1789058893670981400,29.9059814453125,-0.12418480217456818,0.07444041222333908,0.0172002911567688
1789058893680992300,29.9159921875,-0.12737207114696503,-0.037165477871894836,-0.12368172407150269
1789058893691003600,29.926003662109373,-0.16947531700134277,-0.0011121360585093498,-0.12740455567836761
1789058893701014500,29.9360146484375,-0.23905839025974274,0.06630871444940567,-0.08123014122247696
1789058893711025400,29.946025390625,-0.38495007157325745,0.12854252755641937,0.16054946184158325
1789058893721036500,29.95603662109375,-0.4320685863494873,0.147513285279274,0.09078050404787064
1789058893731047400,29.96604736328125,-0.3631880581378937,0.035595010966062546,-0.04555416852235794
1789058893741058300,29.976058349609374,-0.22213266789913177,-0.13117186725139618,-0.1136767640709877
1789058893751069400,29.9860693359375,-0.2533947229385376,-0.06535717099905014,0.11394014954566956
1789058893761080600,29.99608056640625,-0.3075120151042938,-0.012681706808507442,0.10313543677330017
1789058893771090400,30.00609033203125,-0.29837656021118164,-0.05300649255514145,-0.11268287152051926
1789058893781101600,30.0161015625,-0.3344043493270874,-0.04553286358714104,-0.19725768268108368
1789058893791112400,30.026112548828124,-0.36978498101234436,-0.0036602485924959183,-0.13479402661323547
1789058893801123300,30.036123291015624,-0.3611550033092499,-0.011175689287483692,-0.0076243639923632145
1789058893811134500,30.046134521484376,-0.2521422207355499,-0.09605542570352554,0.25309112668037415
1789058893821145600,30.0561455078125,-0.27368399500846863,-0.1204739511013031,0.2729199528694153
1789058893831156500,30.066156494140625,-0.3958218991756439,0.022424882277846336,0.2294853925704956
1789058893841167400,30.07616748046875,-0.30372312664985657,-0.08312657475471497,0.039384424686431885
1789058893851178500,30.086178466796873,-0.35003337264060974,-0.12139886617660522,-0.0500652976334095
1789058893861189400,30.096189453125,-0.3469371795654297,-0.06555024534463882,-0.010364224202930927
1789058893871200500,30.106200439453126,-0.23202364146709442,-0.07179402559995651,0.056237973272800446
1789058893881211400,30.11621142578125,-0.1892458200454712,-0.09084814786911011,0.09419041126966476
1789058893891222500,30.126222412109374,-0.08549519628286362,-0.127394437789917,0.004650411661714315
1789058893901233400,30.1362333984375,-0.03430284559726715,-0.14422428607940674,-0.11934583634138107
1789058893911244300,30.146244384765627,-0.04205690696835518,-0.12426469475030899,0.05052948743104935
1789058893921255400,30.15625537109375,-0.024118918925523758,-0.08646245300769806,-0.10655201226472855
1789058893931266600,30.1662666015625,-0.06167534738779068,-0.10968787968158722,-0.10923727601766586
1789058893941277400,30.17627734375,0.05258731171488762,-0.11136593669652939,0.02690644934773445
1789058893951288600,30.18628857421875,0.049910303205251694,-0.11784567683935165,0.2291650027036667
1789058893961299500,30.196299560546876,0.03672659024596214,-0.16487284004688263,0.17467141151428223
1789058893971309300,30.206309326171876,0.04549797624349594,-0.0669018030166626,0.05895652621984482
1789058893981320400,30.216320556640625,0.0017947042360901833,-0.10084831714630127,-0.07185608148574829
1789058893991331300,30.226331298828125,0.0587296262383461,-0.15951456129550934,-0.24344061315059662
1789058894001342500,30.236342529296873,0.10594161599874496,-0.09482397884130478,-0.24716265499591827
1789058894011353600,30.246353515625,0.13769420981407166,-0.10324276238679886,-0.007685083895921707
1789058894021364500,30.256364501953126,0.22723394632339478,-0.03924300894141197,0.17662669718265533
1789058894031375400,30.266375244140626,0.2440936267375946,-0.25244370102882385,-0.27245283126831055
1789058894041386200,30.27638623046875,0.28009557723999023,-0.11498624086380005,-0.00558251840993762
1789058894051397600,30.286397705078127,0.2807041108608246,-0.10352266579866409,0.10882022231817245
1789058894061408500,30.296408447265627,0.31334859132766724,-0.048041295260190964,0.17529910802841187
1789058894071419400,30.30641943359375,0.3091477155685425,-0.05921352282166481,-0.13938932120800018
1789058894081430500,30.316430419921875,0.31303781270980835,-0.08733224123716354,-0.2036583125591278
1789058894091441400,30.32644140625,0.4149135649204254,-0.03869013860821724,-0.19855836033821106
1789058894101452300,30.336452392578124,0.5382392406463623,-0.06668368726968765,-0.024028902873396873
1789058894111463400,30.34646337890625,0.6126146912574768,-0.07745404541492462,-0.12086277455091476
1789058894121474300,30.356474365234376,0.5387508273124695,-0.01751534454524517,0.13292662799358368
1789058894131485200,30.366485107421877,0.5258265137672424,-0.045934200286865234,-0.020170781761407852
1789058894141496300,30.376496337890625,0.33811119198799133,0.06802938133478165,-0.020413130521774292
1789058894151507500,30.386507568359374,0.3497188687324524,0.0697133019566536,-0.15826687216758728
1789058894161517300,30.396517333984374,0.297674298286438,-0.00005965480886516161,-0.0441240519285202
1789058894171528400,30.406528564453126,0.21513867378234863,0.01125318743288517,-0.013823670335114002
1789058894181539300,30.416539306640626,0.07909774780273438,0.02172713354229927,0.023084811866283417
1789058894191550200,30.42655029296875,0.039738625288009644,0.045160554349422455,0.06090383231639862
1789058894201561000,30.43656103515625,0.07337754219770432,-0.05736662074923515,0.10208189487457275
1789058894211572500,30.446572509765623,0.09001750499010086,-0.029863622039556503,0.11528957635164261
1789058894221583400,30.456583251953123,-0.07546466588973999,-0.03189348429441452,-0.07720290869474411
1789058894231594200,30.46659423828125,-0.1825956404209137,0.04212508350610733,-0.055210791528224945
1789058894241605400,30.47660546875,-0.18768201768398285,-0.0034471957478672266,-0.167610302567482
1789058894251616300,30.4866162109375,-0.2290526181459427,0.028712337836623192,-0.09277947247028351
1789058894261627400,30.49662744140625,-0.18947511911392212,-0.018818695098161697,0.07502923905849457
1789058894271638300,30.50663818359375,-0.1595611721277237,-0.08515644073486328,0.205325186252594
1789058894281649400,30.5166494140625,-0.2566927671432495,-0.09028328955173492,0.21242251992225647
1789058894291660300,30.526660400390625,-0.3127214312553406,-0.06836414337158203,0.14026150107383728
1789058894301671200,30.536671142578125,-0.33166396617889404,-0.05047915130853653,0.07227393239736557
1789058894311682300,30.546682373046874,-0.3803606629371643,-0.013264140114188194,0.0555303692817688
1789058894321693400,30.556693359375,-0.3389090895652771,-0.08672957122325897,-0.01744982972741127
1789058894331704300,30.566704345703126,-0.3034650683403015,0.026101108640432358,0.17967548966407776
1789058894341714400,30.57671435546875,-0.19273003935813904,-0.1044614240527153,-0.05283019319176674
1789058894351725300,30.586725341796875,-0.20482158660888672,-0.07291095703840256,-0.06577076017856598
1789058894361736200,30.596736083984375,-0.18416184186935425,-0.029351497069001198,-0.001356347929686308
1789058894371747300,30.606747314453123,-0.08936290442943573,-0.029201028868556023,0.10490298271179199
1789058894381758200,30.61675830078125,-0.02599964290857315,-0.06526635587215424,0.03741315379738808
1789058894391769300,30.626769287109376,0.006828078534454107,-0.038232605904340744,0.1412830948829651
1789058894401780500,30.636780517578124,0.06379815191030502,-0.04150190204381943,-0.13540229201316833
1789058894411791400,30.646791259765624,0.07028961181640625,-0.060272928327322006,-0.20065560936927795
1789058894421802200,30.65680224609375,0.13074150681495667,-0.03447994589805603,-0.021927669644355774
1789058894431813000,30.666813232421877,0.1324605643749237,-0.03338165953755379,0.15740427374839783
1789058894441824500,30.676824462890625,0.16433674097061157,-0.11629891395568848,0.09733640402555466
1789058894451835400,30.68683544921875,0.14411748945713043,-0.10494185984134674,0.12694916129112244
1789058894461846300,30.69684619140625,0.08129086345434189,-0.08421048521995544,0.029948310926556587
1789058894471857400,30.706857421875,-0.019508985802531242,0.04030641168355942,0.14078481495380402
1789058894481868300,30.716868408203126,0.054497864097356796,-0.017299361526966095,0.09303007274866104
1789058894491879200,30.726879150390626,0.08966010808944702,-0.08671225607395172,-0.008347944356501102
1789058894501890300,30.736890380859375,0.05704490840435028,-0.031143538653850555,0.006895456463098526
1789058894511901400,30.7469013671875,0.13386033475399017,-0.08730720728635788,0.25319764018058777
1789058894521911300,30.756911376953123,0.2032439261674881,-0.1748620867729187,0.2223891317844391
1789058894531922400,30.76692236328125,0.0896337479352951,-0.05925533547997475,0.24308961629867554
1789058894541933300,30.776933349609376,0.032226111739873886,0.0885373204946518,0.2975371479988098
1789058894551944200,30.786944091796876,0.0726502314209938,-0.08843212574720383,-0.05630828067660332
1789058894561955300,30.796955322265624,0.07600581645965576,-0.07396796345710754,-0.18645243346691132
1789058894571966500,30.806966552734377,0.08945052325725555,0.0002695118892006576,0.039270173758268356
1789058894581977300,30.816977294921877,0.2399609386920929,-0.13922978937625885,-0.1300181895494461
1789058894591988200,30.82698828125,0.3244616985321045,-0.14075978100299835,-0.16713891923427582
1789058894601999400,30.836999267578125,0.3140506148338318,-0.11503470689058304,-0.09592200070619583
1789058894612010200,30.84701025390625,0.22052066028118134,-0.037810761481523514,0.06286924332380295
1789058894622021400,30.857021484375,0.23395417630672455,-0.019949739798903465,0.06677529960870743
1789058894632032500,30.867032470703126,0.27412235736846924,-0.04717283695936203,0.20265883207321167
1789058894642043400,30.87704345703125,0.21756242215633392,-0.059419650584459305,0.16600868105888367
1789058894652054300,30.88705419921875,0.21311867237091064,-0.038111165165901184,0.09570548683404922
1789058894662065200,30.897065185546875,0.19395242631435394,-0.12929034233093262,0.012260128743946552
1789058894672076300,30.907076171875,0.08205465227365494,-0.023324497044086456,0.047391217201948166
1789058894682087400,30.91708740234375,0.007370031904429197,0.0027603665366768837,0.18141773343086243
1789058894692097500,30.92709765625,0.09233738481998444,-0.05507896468043327,0.11932665854692459
1789058894702108400,30.9371083984375,0.01170352753251791,-0.06327643990516663,0.11162932217121124
1789058894712119300,30.947119384765625,0.04223400726914406,-0.03578675910830498,0.11487598717212677
1789058894722130200,30.957130126953125,0.0998576208949089,-0.10800875723361969,-0.05690855532884598
1789058894732141300,30.967141357421873,0.15274347364902496,-0.12561118602752686,-0.09570442140102386
1789058894742152200,30.977152099609373,0.16292713582515717,-0.09387536346912384,-0.0820903405547142
1789058894752163300,30.987163330078126,0.13524970412254333,-0.044317129999399185,-0.025285648182034492
1789058894762174500,30.997174560546874,0.15506574511528015,-0.013374661095440388,0.03213396668434143
1789058894772185300,31.007185302734374,0.15261724591255188,-0.03350576385855675,-0.1768975406885147
1789058894782196200,31.0171962890625,0.11132439225912094,0.049369681626558304,-0.11711543798446655
1789058894792207400,31.027207275390627,0.20089422166347504,-0.05751575529575348,-0.22450953722000122
1789058894802218500,31.037218505859375,0.2038750946521759,-0.04766392707824707,-0.14278458058834076
1789058894812229400,31.0472294921875,0.11160242557525635,0.026984479278326035,-0.03285781666636467
1789058894822240300,31.057240234375,0.07375545054674149,0.03802168369293213,-0.050402719527482986
1789058894832251400,31.06725146484375,0.1300347000360489,0.0014290522085502744,-0.019454658031463623
1789058894842261200,31.07726123046875,0.14700542390346527,-0.0010551444720476866,-0.04426706209778786
1789058894852272400,31.0872724609375,0.05899381265044212,0.03883394971489906,0.11487918347120285
1789058894862283300,31.097283203125,0.032105736434459686,0.06673348695039749,0.13511601090431213
1789058894872294400,31.10729443359375,0.022247515618801117,0.046605851501226425,-0.0012117383303120732
1789058894882305300,31.11730517578125,0.06603600829839706,0.02647368609905243,0.04598506912589073
1789058894892316400,31.12731640625,0.08908886462450027,0.03594042360782623,0.008869924582540989
1789058894902327300,31.137327392578126,0.024454476311802864,-0.013074522837996483,-0.1658286452293396
1789058894912338200,31.147338134765626,0.04884610325098038,0.004110322799533606,0.009908823296427727
1789058894922349300,31.157349365234374,0.048105742782354355,-0.012520851567387581,0.14934182167053223
1789058894932360400,31.1673603515625,0.04458637535572052,-0.06071847304701805,0.14763367176055908
1789058894942371300,31.177371337890627,-0.034145720303058624,0.007527690846472979,0.14717108011245728
1789058894952382200,31.18738232421875,-0.15348222851753235,0.13382038474082947,0.226021409034729
1789058894962393300,31.197393310546875,-0.08262217789888382,0.05037102848291397,-0.06884617358446121
1789058894972404200,31.207404296875,0.04463937506079674,-0.0733993798494339,-0.35084298253059387
1789058894982415400,31.217415283203124,0.0877934992313385,-0.036970533430576324,-0.17175550758838654
1789058894992426500,31.227426513671876,0.2852783501148224,0.02099716104567051,0.0515044704079628
1789058895002436400,31.237436279296876,0.3848872184753418,-0.09615982323884964,0.12433420121669769
1789058895012447200,31.247447265625,0.34004518389701843,-0.07580821216106415,0.2236887514591217
1789058895022458400,31.257458251953125,0.1967594027519226,0.05711974576115608,0.19873440265655518
1789058895032469200,31.26746923828125,0.15837419033050537,0.09916120767593384,0.08726832270622253
1789058895042480000,31.277480224609373,0.1285446584224701,0.03032727912068367,-0.08107887208461761
1789058895052491500,31.287491455078126,0.12687751650810242,0.13368935883045197,0.11669465899467468
1789058895062502400,31.29750244140625,0.2696053683757782,-0.009097890928387642,0.03506051376461983
1789058895072513300,31.30751318359375,0.28338509798049927,-0.018746523186564445,0.08998182415962219
1789058895082524400,31.3175244140625,0.1695975512266159,0.06597714871168137,0.10320601612329483
1789058895092535300,31.327535400390627,0.16029486060142517,0.09563704580068588,0.006234460044652224
1789058895102546200,31.337546142578127,0.11321577429771423,0.1029391661286354,-0.19949233531951904
1789058895112557300,31.347557373046875,0.04207874462008476,0.14966699481010437,-0.015721704810857773
1789058895122569000,31.35756884765625,0.21725402772426605,0.04423217475414276,0.13546036183834076
1789058895132580000,31.367580078125,0.11145249009132385,0.052801694720983505,0.05498149245977402
1789058895142591000,31.377591064453124,0.014793859794735909,0.027412183582782745,0.05007195472717285
1789058895152601000,31.38760107421875,0.14204129576683044,-0.03846669942140579,0.06088385730981827
1789058895162612000,31.397612060546876,0.03471323847770691,0.07911212742328644,0.16732081770896912
1789058895172622800,31.407622802734377,-0.0494554340839386,0.129635751247406,0.11116087436676025
1789058895182634200,31.41763427734375,-0.012991165742278099,0.0783667117357254,-0.11105887591838837
1789058895192645000,31.42764501953125,-0.015291870571672916,0.11460301280021667,-0.10846655815839767
1789058895202656000,31.437656005859374,0.0783051922917366,0.08186690509319305,-0.0946306362748146
1789058895212667000,31.4476669921875,0.274021178483963,-0.002671683207154274,-0.06787891685962677
1789058895222678000,31.457677978515626,0.3267245888710022,0.03310389071702957,0.06320160627365112
1789058895232689200,31.467689208984375,0.3123355209827423,0.01854146085679531,0.02875734493136406
1789058895242700000,31.477699951171875,0.2082831710577011,0.09749753028154373,0.102447010576725
1789058895252711200,31.487711181640623,0.15536215901374817,0.14994262158870697,0.09848076850175858
1789058895262722000,31.49772216796875,0.13104990124702454,0.17575983703136444,-0.004898618441075087
1789058895272733000,31.50773291015625,0.12712998688220978,0.10985912382602692,-0.18564656376838684
1789058895282743800,31.517743896484376,0.204035684466362,0.1235504299402237,-0.04478318244218826
1789058895292754000,31.52775390625,0.1659809798002243,0.11698547750711441,0.0049313753843307495
1789058895302765000,31.53776513671875,0.17684561014175415,0.08111376315355301,0.0695606991648674
1789058895312776200,31.547776123046877,0.12499679625034332,0.1004142239689827,0.027294471859931946
1789058895322787000,31.557787109375,0.03002341277897358,0.2689225375652313,0.19368025660514832
1789058895332798000,31.5677978515625,-0.02954431064426899,0.18092744052410126,-0.007931692525744438
1789058895342809000,31.57780908203125,0.021679995581507683,0.12077302485704422,-0.06762165576219559
1789058895352820000,31.587820068359374,0.015230884775519371,0.12348385155200958,0.050936684012413025
1789058895362831000,31.5978310546875,0.062246862798929214,0.0460500493645668,0.16388960182666779
1789058895372842000,31.607842041015626,-0.029883330687880516,0.10190319269895554,0.22627894580364227
1789058895382853000,31.61785302734375,-0.10715627670288086,0.2853182852268219,0.24546648561954498
1789058895392864000,31.627864013671875,-0.10373757779598236,0.036015257239341736,-0.23138129711151123
1789058895402875000,31.637875,-0.0862981379032135,0.009182845242321491,-0.2647232711315155
1789058895412886000,31.647885986328124,-0.10390190035104752,0.182424396276474,-0.03614548593759537
1789058895422897200,31.657897216796876,-0.13834109902381897,0.10452587902545929,0.019172096624970436
1789058895432907000,31.667906982421876,-0.1543339192867279,0.12191498279571533,0.0891495794057846
1789058895442918100,31.677918212890624,-0.2543446719646454,0.2729678750038147,0.12287265807390213
1789058895452929000,31.687928955078124,-0.23484472930431366,0.0738406702876091,-0.13621562719345093
1789058895462940000,31.69793994140625,-0.21873128414154053,0.05013667047023773,-0.34072163701057434
1789058895472951000,31.707950927734377,-0.2995459735393524,0.11484909057617188,-0.09434594213962555
1789058895482962200,31.717962158203125,-0.40642449259757996,0.16223764419555664,0.05723585933446884
1789058895492973000,31.72797314453125,-0.4337881803512573,0.10940399020910263,0.12112083286046982
1789058895502984000,31.73798388671875,-0.3579466938972473,0.0707697793841362,0.21723724901676178
1789058895512995000,31.7479951171875,-0.32014816999435425,-0.016819193959236145,-0.016111858189105988
1789058895523006000,31.758005859375,-0.4642963111400604,0.09858063608407974,0.018075939267873764
1789058895533016800,31.768016845703126,-0.4184529185295105,0.003222425002604723,-0.09700644016265869
1789058895543028200,31.7780283203125,-0.4414018988609314,0.09514622390270233,0.04929617792367935
1789058895553039000,31.7880390625,-0.4347163140773773,0.12409637868404388,-0.08511542528867722
1789058895563050000,31.798050048828124,-0.3199545741081238,0.06178959831595421,-0.17508633434772491
1789058895573060000,31.80806005859375,-0.19826701283454895,0.03699982911348343,-0.0544496588408947
1789058895583071000,31.818071044921876,-0.16362488269805908,0.04609638825058937,-0.07354665547609329
1789058895593081900,31.828081787109376,-0.11460061371326447,-0.04506015405058861,-0.1997799575328827
1789058895603093200,31.83809326171875,-0.08829950541257858,0.028775721788406372,-0.036261867731809616
1789058895613104000,31.848104248046877,-0.15742424130439758,0.030012760311365128,-0.16442996263504028
1789058895623115000,31.858114990234377,-0.21325448155403137,0.06577262282371521,-0.06583094596862793
1789058895633126100,31.868126220703125,-0.1333111822605133,-0.025379924103617668,-0.019509518519043922
1789058895643137000,31.878136962890625,-0.055578041821718216,-0.007987619377672672,0.07880400121212006
1789058895653148000,31.88814794921875,-0.07542631775140762,-0.03521657735109329,-0.03255128487944603
1789058895663159000,31.898158935546874,-0.03958043083548546,-0.053102631121873856,-0.08397399634122849
1789058895673170200,31.908170166015626,0.024647023528814316,-0.046304382383823395,0.04999951645731926
1789058895683181000,31.91818115234375,-0.003751328680664301,-0.008155131712555885,-0.14097949862480164
1789058895693192000,31.92819189453125,0.03261120617389679,0.02105068974196911,-0.14035232365131378
1789058895703202000,31.9382021484375,0.12389824539422989,-0.045528069138526917,-0.003942543640732765
1789058895713213000,31.948212890625,0.19875676929950714,-0.09898649901151657,0.11912958323955536
1789058895723223800,31.958223876953124,0.21855764091014862,-0.07583537697792053,0.20022709667682648
1789058895733235200,31.968235107421876,0.20574383437633514,-0.06500270217657089,0.15634647011756897
1789058895743246000,31.97824609375,0.13870196044445038,0.04223933070898056,0.2508055865764618
1789058895753257000,31.988257080078125,0.126326784491539,-0.10660287737846375,-0.2286670058965683
1789058895763268000,31.99826806640625,0.18304544687271118,-0.05728965625166893,-0.23472516238689423
1789058895773279000,32.00827905273437,0.2125820368528366,-0.05444779619574547,0.09569882601499557
1789058895783290000,32.0182900390625,0.1561661660671234,-0.0313054583966732,0.1421739161014557
1789058895793301000,32.028301025390626,0.19910457730293274,-0.0489310584962368,-0.011824967339634895
1789058895803312000,32.03831201171875,0.2495107650756836,-0.09764799475669861,0.05098355561494827
1789058895813323000,32.04832299804688,0.144035205245018,0.050753723829984665,0.03906457871198654
1789058895823334000,32.058333984375,0.061037253588438034,0.0913325771689415,-0.0953155979514122
1789058895833344000,32.068343994140626,0.26767033338546753,-0.10600899159908295,-0.2926443815231323
1789058895843355000,32.07835498046875,0.2511475384235382,0.001618403010070324,0.1390998363494873
1789058895853366000,32.08836596679687,0.19508160650730133,0.011048922315239906,0.1454613208770752
1789058895863377200,32.09837719726563,0.24306750297546387,-0.04029868543148041,0.134437695145607
1789058895873388000,32.108387939453124,0.26310592889785767,0.002304699504747987,0.2440110743045807
1789058895883399000,32.11839892578125,0.16990168392658234,0.020853349938988686,-0.007409979589283466
1789058895893410000,32.12841015625,0.13776691257953644,0.06027878820896149,-0.20092138648033142
1789058895903421000,32.1384208984375,0.2155328243970871,0.029102757573127747,-0.044914212077856064
1789058895913432000,32.14843212890625,0.17758916318416595,0.059129100292921066,0.09513157606124878
1789058895923443200,32.15844311523438,0.13605184853076935,0.04739521071314812,0.06257043778896332
1789058895933454000,32.1684541015625,0.14359764754772186,0.03268976882100105,0.03952237591147423
1789058895943465000,32.17846484375,0.12368705123662949,0.06988214701414108,0.10678929835557938
1789058895953475000,32.18847509765625,0.06198028102517128,0.040875792503356934,-0.12769751250743866
1789058895963486000,32.19848583984375,0.03274969011545181,0.07446490973234177,-0.2592350244522095
1789058895973496800,32.208496826171874,-0.03490924835205078,0.08894824981689453,-0.06101355329155922
1789058895983508200,32.21850830078125,-0.0935019850730896,0.10082408040761948,-0.026880882680416107
1789058895993519000,32.22851904296875,-0.13008981943130493,0.07258525490760803,-0.044491302222013474
1789058896003530000,32.238530029296875,-0.10968175530433655,0.07827110588550568,0.07781516760587692
1789058896013540900,32.24854077148437,-0.10605106502771378,0.0454830639064312,-0.025078454986214638
1789058896023552000,32.25855200195313,-0.19093666970729828,0.029706763103604317,-0.03677292913198471
1789058896033563100,32.268563232421876,-0.26888418197631836,0.11216568946838379,-0.032401349395513535
1789058896043574000,32.27857397460937,-0.31005480885505676,0.10341134667396545,-0.03001915104687214
1789058896053585200,32.28858520507813,-0.26180630922317505,0.031445808708667755,-0.176164910197258
1789058896063596000,32.298595947265625,-0.2944824993610382,0.006961503066122532,-0.23123055696487427
1789058896073607000,32.30860693359375,-0.32212451100349426,0.06190731003880501,0.09603039175271988
1789058896083617000,32.31861694335937,-0.260392427444458,0.009853695519268513,0.011925368569791317
1789058896093628000,32.3286279296875,-0.2764342427253723,-0.023149793967604637,-0.0974530503153801
1789058896103639000,32.33863916015625,-0.36342695355415344,0.038179609924554825,0.16663958132266998
1789058896113650200,32.348650146484374,-0.4238077402114868,0.06233314797282219,0.13857971131801605
1789058896123660300,32.358660400390626,-0.43703964352607727,0.06482027471065521,0.032106801867485046
1789058896133671200,32.36867114257812,-0.39325276017189026,0.016377108171582222,0.011499529704451561
1789058896143682300,32.37868237304688,-0.3992616534233093,0.04969911277294159,0.16243284940719604
1789058896153693400,32.388693359375,-0.3274311125278473,-0.018157964572310448,-0.030706247314810753
1789058896163704300,32.39870434570312,-0.2702653110027313,-0.10706440359354019,-0.1701006293296814
1789058896173715500,32.40871557617187,-0.23221352696418762,-0.03556704893708229,0.04439649358391762
1789058896183726300,32.418726318359376,-0.15941309928894043,-0.04158952087163925,0.08243229240179062
1789058896193737200,32.4287373046875,-0.10290214419364929,-0.07162544876337051,-0.0036360137164592743
1789058896203747300,32.438747314453124,-0.05142617225646973,-0.027950674295425415,0.028257204219698906
1789058896213758200,32.44875830078125,-0.008156996220350266,-0.04854543134570122,0.06107906624674797
1789058896223769300,32.45876928710938,0.04063664376735687,-0.0771443173289299,-0.08763770759105682
1789058896233780500,32.468780517578125,0.0947297066450119,-0.03590180724859238,0.03068920224905014
1789058896243791400,32.47879125976562,0.09810792654752731,-0.044009801000356674,0.03923102468252182
1789058896253802200,32.48880224609375,0.08201604336500168,-0.014032994396984577,0.12611718475818634
1789058896263813400,32.4988134765625,0.17031846940517426,-0.09901819378137589,0.015310512855648994
1789058896273824300,32.50882421875,0.1938413679599762,-0.06668049097061157,0.1497463583946228
1789058896283835400,32.51883544921875,0.1325058490037918,-0.0766867846250534,0.09601201862096786
1789058896293846300,32.52884619140625,0.1288759559392929,-0.08875250816345215,0.052394766360521317
1789058896303857400,32.538857421875,0.12195733189582825,-0.060448430478572845,0.03116218000650406
1789058896313868300,32.54886840820313,0.06112274155020714,-0.04603859782218933,0.006993993651121855
1789058896323878400,32.55887841796875,0.09533850103616714,-0.08735274523496628,0.023143136873841286
1789058896333889300,32.56888916015625,0.18016257882118225,-0.12131524085998535,0.061406902968883514
1789058896343900400,32.578900390625,0.1961231678724289,-0.0929347351193428,0.2738270163536072
1789058896353911300,32.58891137695313,0.1782323271036148,-0.09986347705125809,0.2041723132133484
1789058896363922400,32.59892236328125,0.1923084557056427,-0.14367061853408813,-0.06919478625059128
1789058896373933300,32.60893334960937,0.21175938844680786,-0.042448125779628754,0.08152921497821808
1789058896383944200,32.61894409179688,0.19922442734241486,-0.08636657893657684,-0.06416194140911102
1789058896393955300,32.628955322265625,0.2027357965707779,-0.011521367356181145,0.025671808049082756
1789058896403966500,32.638966552734374,0.23829272389411926,0.009081379510462284,0.06460855156183243
1789058896413977300,32.64897729492188,0.26150405406951904,-0.03988909348845482,0.06431214511394501
1789058896423988200,32.65898828125,0.293821781873703,-0.05386509746313095,-0.02454475685954094
1789058896433999400,32.66899926757812,0.28484904766082764,-0.03170253708958626,-0.09054827690124512
1789058896444009200,32.67900927734375,0.1966928243637085,0.08257157355546951,0.04451020807027817
1789058896454020400,32.68902026367188,0.10999894142150879,0.08568613976240158,-0.04983120411634445
1789058896464031200,32.69903125,0.11586081981658936,0.0899362787604332,-0.15431180596351624
1789058896474042400,32.70904248046875,0.16179662942886353,0.08393298089504242,-0.03350043669342995
1789058896484053200,32.71905322265625,0.13353168964385986,0.04033224284648895,0.014243650250136852
1789058896494064400,32.729064453125,0.056294430047273636,0.06669194251298904,0.09332355856895447
1789058896504075300,32.7390751953125,0.019884224981069565,0.08154279738664627,0.1319982409477234
1789058896514086100,32.74908618164063,-0.0469248965382576,0.1484302133321762,0.07219590246677399
1789058896524097500,32.75909765625,-0.12446656078100204,0.1998816877603531,0.026740800589323044
1789058896534108400,32.7691083984375,-0.05283764749765396,0.0874669998884201,-0.030285468325018883
1789058896544119300,32.77911938476562,-0.060565341264009476,0.13645663857460022,0.136623352766037
1789058896554130400,32.78913037109375,-0.09657686948776245,0.13675092160701752,0.08173134922981262
1789058896564140300,32.79914038085938,-0.1013612449169159,0.12230274081230164,-0.008677377365529537
1789058896574151200,32.809151123046874,-0.14531831443309784,0.1780986338853836,0.16789552569389343
1789058896584162300,32.81916235351562,-0.2516292929649353,0.20666156709194183,-0.02070234902203083
1789058896594173400,32.82917333984375,-0.22109057009220123,0.1741933673620224,-0.15166115760803223
1789058896604184300,32.839184326171875,-0.14985740184783936,0.10444971174001694,-0.10995472967624664
1789058896614195500,32.84919555664062,-0.18304412066936493,0.12823812663555145,0.11632101982831955
1789058896624206300,32.85920629882813,-0.26028430461883545,0.13398070633411407,0.009358614683151245
1789058896634217200,32.86921728515625,-0.2692759335041046,0.0982501357793808,-0.08421821147203445
1789058896644228000,32.87922802734375,-0.2921317219734192,0.15411792695522308,0.004838963504880667
1789058896654239500,32.88923950195313,-0.3238169550895691,0.10633523017168045,-0.12268144637346268
1789058896664250400,32.89925048828125,-0.32333996891975403,0.15586762130260468,-0.17669035494327545
1789058896674260500,32.909260498046876,-0.3149832487106323,0.13007810711860657,-0.07174316048622131
1789058896684271400,32.91927124023437,-0.26739123463630676,0.06533533334732056,-0.028801554813981056
1789058896694282200,32.9292822265625,-0.30949845910072327,0.11518517881631851,0.03611139953136444
1789058896704293400,32.93929345703125,-0.33540356159210205,0.08019790053367615,-0.024413198232650757
1789058896714304300,32.94930419921875,-0.2695244252681732,0.055086687207221985,0.04969165474176407
1789058896724315400,32.9593154296875,-0.33413031697273254,0.00817883387207985,-0.1494949460029602
1789058896734326300,32.969326171875,-0.3985670804977417,0.1294994056224823,0.022431273013353348
1789058896744337400,32.97933740234375,-0.35740286111831665,0.07474933564662933,0.08107834309339523
1789058896754348300,32.98934838867188,-0.3475755453109741,0.08706938475370407,0.1968877613544464
1789058896764359200,32.999359130859375,-0.3630290627479553,0.0164953526109457,-0.07843302190303802
1789058896774370300,33.00937036132812,-0.3896399140357971,0.02586541883647442,-0.1413523405790329
1789058896784380400,33.01938037109375,-0.3438971936702728,0.01061962079256773,-0.08347944915294647
1789058896794391300,33.02939135742187,-0.3508102297782898,0.03941025584936142,-0.11071346700191498
1789058896804402400,33.03940234375,-0.37842053174972534,0.021769210696220398,-0.17408950626850128
1789058896814413300,33.049413330078124,-0.3191942274570465,0.01780189946293831,0.008244880475103855
1789058896824424200,33.05942407226563,-0.30505257844924927,-0.024563400074839592,0.06314568221569061
1789058896834435300,33.06943530273438,-0.3384150564670563,-0.023914387449622154,0.07257407158613205
1789058896844446500,33.079446533203125,-0.3272092938423157,-0.036182504147291183,-0.11849788576364517
1789058896854457300,33.08945727539062,-0.28760141134262085,-0.061891596764326096,-0.030974693596363068
1789058896864468200,33.09946826171875,-0.3278660178184509,0.005215268116444349,-0.07015245407819748
1789058896874479400,33.109479248046874,-0.3303124010562897,0.015518506057560444,0.011826831847429276
1789058896884490200,33.119490234375,-0.2387864738702774,-0.06281837821006775,0.06645678728818893
1789058896894500400,33.12950024414062,-0.2007530778646469,-0.05753706395626068,0.09609563648700714
1789058896904511200,33.13951123046875,-0.25404027104377747,-0.04680638760328293,0.01726873591542244
1789058896914522400,33.1495224609375,-0.3064584732055664,0.0156487338244915,-0.0417085662484169
1789058896924533200,33.159533203125,-0.32402440905570984,-0.005852562841027975,-0.026808710768818855
1789058896934544400,33.16954443359375,-0.3190746605396271,0.013132313266396523,0.05596233531832695
1789058896944555300,33.17955517578125,-0.26778003573417664,-0.031297467648983,-0.02923564985394478
1789058896954566100,33.18956616210937,-0.20680510997772217,-0.057856108993291855,-0.015518506057560444
1789058896964577500,33.19957763671875,-0.2490292638540268,-0.03658410906791687,0.039210252463817596
1789058896974588400,33.20958837890625,-0.30156758427619934,-0.03592764213681221,0.06855056434869766
1789058896984599300,33.21959936523437,-0.2256525605916977,-0.08932455629110336,-0.11776578426361084
1789058896994610400,33.2296103515625,-0.21005363762378693,-0.07517357915639877,-0.13192526996135712
1789058897004620300,33.23962036132812,-0.2876807749271393,-0.026335200294852257,-0.03322453051805496
1789058897014631200,33.249631103515625,-0.29008376598358154,-0.037993188947439194,-0.09366550296545029
1789058897024642300,33.259642333984374,-0.2482161968946457,-0.07826364785432816,-0.08007246255874634
1789058897034653400,33.2696533203125,-0.2374168187379837,0.007138070650398731,0.1958448737859726
1789058897044664300,33.279664306640626,-0.25614655017852783,-0.06966323405504227,0.07952145487070084
1789058897054675500,33.289675537109375,-0.18427637219429016,-0.11863983422517776,-0.029145900160074234
1789058897064686300,33.29968627929688,-0.22800493240356445,-0.10830197483301163,-0.06821048259735107
1789058897074697200,33.309697265625,-0.3010264039039612,-0.052499160170555115,0.07563696801662445
1789058897084708000,33.3197080078125,-0.299803227186203,-0.04831613227725029,0.028863605111837387
1789058897094719500,33.32971948242187,-0.21530193090438843,-0.12251446396112442,0.024505609646439552
1789058897104729300,33.33972924804687,-0.1349293291568756,-0.10789051651954651,0.1300932914018631
1789058897114740500,33.34974047851563,-0.18479302525520325,-0.11348528414964676,-0.010995659045875072
1789058897124751400,33.35975146484375,-0.22677695751190186,-0.12746554613113403,-0.08180511742830276
1789058897134762200,33.36976220703125,-0.15112559497356415,-0.04066327214241028,0.13138385117053986
1789058897144773000,33.37977319335938,-0.0965861976146698,-0.10965538769960403,0.08203788101673126
1789058897154784300,33.3897841796875,-0.04815847426652908,-0.16130048036575317,-0.09039700776338577
1789058897164795400,33.39979541015625,-0.03947656974196434,-0.1958123743534088,-0.18727828562259674
1789058897174806300,33.40980615234375,-0.06952501833438873,-0.1026797741651535,-0.000916393706575036
1789058897184817400,33.4198173828125,-0.03326980769634247,-0.0811968520283699,0.05693518742918968
1789058897194828300,33.42982836914062,-0.05404592305421829,-0.10372346639633179,0.04123265668749809
1789058897204839200,33.439839111328126,-0.0008993495139293373,-0.11777164041996002,-0.02286510169506073
1789058897214849300,33.44984936523438,0.08052972704172134,-0.17189373075962067,-0.15837126970291138
1789058897224860200,33.459860107421875,-0.01998515985906124,-0.17109717428684235,-0.21716001629829407
1789058897234871300,33.46987133789062,-0.07075592875480652,-0.18071092665195465,-0.2001139223575592
1789058897244882400,33.47988232421875,-0.12658537924289703,-0.02022191509604454,0.17039276659488678
1789058897254893300,33.489893310546876,-0.022543391212821007,-0.11809015274047852,0.24902553856372833
1789058897264904200,33.499904296875,0.019634688273072243,-0.12383592128753662,0.24254871904850006
1789058897274915300,33.50991528320313,0.11041945219039917,-0.2898328900337219,-0.12594833970069885
1789058897284926200,33.51992626953125,-0.10547395795583725,-0.14336168766021729,-0.1529778242111206
1789058897294937300,33.52993725585937,-0.14163357019424438,-0.16730058193206787,-0.062263373285532
1789058897304948200,33.5399482421875,-0.13412770628929138,-0.0985683873295784,-0.010152502916753292
1789058897314958300,33.54995825195312,-0.08257317543029785,-0.14461231231689453,0.04480821639299393
1789058897324969200,33.55996923828125,-0.04264706373214722,-0.2429277002811432,-0.1502869725227356
1789058897334980400,33.56998046875,-0.0197428110986948,-0.2010960876941681,-0.028534438461065292
1789058897344991200,33.5799912109375,-0.0710078626871109,-0.11280298233032227,0.14649303257465363
1789058897355002000,33.590002197265626,-0.10125311464071274,-0.11731916666030884,0.02905428782105446
1789058897365013200,33.60001318359375,-0.09628445655107498,-0.1422863006591797,0.02117692492902279
1789058897375024400,33.6100244140625,-0.055508267134428024,-0.2099204808473587,-0.1629263311624527
1789058897385035300,33.62003515625,-0.027002589777112007,-0.19463711977005005,-0.008733037859201431
1789058897395046100,33.630046142578124,-0.025620941072702408,-0.20731909573078156,-0.05086025223135948
1789058897405057300,33.64005737304687,-0.07145314663648605,-0.12197810411453247,-0.06597582250833511
1789058897415068400,33.650068359375,-0.0032812808640301228,-0.29689133167266846,-0.15422818064689636
1789058897425078300,33.66007836914063,0.07982026040554047,-0.16609522700309753,0.308660089969635
1789058897435089400,33.67008935546875,0.010113620199263096,-0.29157698154449463,0.03272838518023491
1789058897445100300,33.68010034179687,-0.0398254431784153,-0.07334025949239731,0.014304903335869312
1789058897455111200,33.69011108398438,-0.034926559776067734,-0.13931262493133545,-0.01649215817451477
1789058897465122300,33.700122314453125,-0.0350131094455719,-0.18858270347118378,0.07320336997509003
1789058897475133200,33.71013330078125,-0.005786516238003969,-0.18482710421085358,0.0654972493648529
1789058897485144300,33.72014428710938,0.07314345240592957,-0.20488975942134857,0.0875953659415245
1789058897495155500,33.730155517578126,0.16195908188819885,-0.24825668334960938,0.11311643570661545
1789058897505166300,33.74016625976562,0.1725960075855255,-0.15980084240436554,0.2690061628818512
1789058897515177200,33.75017724609375,0.19018511474132538,-0.2940329611301422,0.048768606036901474
1789058897525187300,33.76018725585938,0.2333935797214508,-0.23775343596935272,-0.1306360363960266
1789058897535198200,33.7701982421875,0.17692843079566956,-0.12034957855939865,0.08409543335437775
1789058897545209000,33.780208984375,0.20188145339488983,-0.2505517899990082,-0.011069162748754025
1789058897555220500,33.79022045898437,0.20573531091213226,-0.08109911531209946,0.014260695315897465
1789058897565231400,33.8002314453125,0.22336384654045105,-0.16511811316013336,-0.1165790781378746
1789058897575242200,33.8102421875,0.302156925201416,-0.20578725636005402,-0.09307215362787247
1789058897585253000,33.82025317382813,0.2961624264717102,-0.07103262841701508,0.2790345549583435
1789058897595264300,33.83026416015625,0.3293352723121643,-0.10046855360269547,0.17855775356292725
1789058897605275400,33.840275390625,0.4259797930717468,-0.2172124832868576,-0.04121428355574608
1789058897615286300,33.85028637695312,0.46443426609039307,-0.1300155222415924,0.008284561336040497
1789058897625296400,33.86029638671875,0.4393866956233978,-0.08906542509794235,0.08695753663778305
1789058897635307300,33.87030737304688,0.40691742300987244,-0.10489126294851303,-0.006451507564634085
1789058897645318100,33.880318115234374,0.40434083342552185,-0.0019385149935260415,-0.05634689703583717
1789058897655329300,33.89032934570312,0.45230647921562195,-0.03934713825583458,0.0792146623134613
1789058897665340200,33.900340087890626,0.450210303068161,-0.03326554596424103,0.051897551864385605
1789058897675351300,33.910351318359375,0.43983757495880127,-0.05812668427824974,-0.07574855536222458
1789058897685362400,33.92036254882812,0.4846159517765045,-0.0400233156979084,0.011549330316483974
1789058897695373300,33.93037329101563,0.5042237639427185,-0.047085486352443695,0.1747923195362091
1789058897705384200,33.94038427734375,0.43376341462135315,-0.05980873852968216,0.10809478163719177
1789058897715395300,33.95039526367187,0.33925661444664,0.09773162007331848,0.07204463332891464
1789058897725405200,33.9604052734375,0.24343208968639374,0.10964687168598175,-0.010462760925292969
1789058897735416000,33.970416015625,0.26524683833122253,0.034260235726833344,-0.04742184281349182
1789058897745427500,33.980427490234376,0.2912033498287201,0.03278591111302376,0.15258954465389252
1789058897755438300,33.99043823242187,0.24048584699630737,-0.05299743637442589,0.13291357457637787
1789058897765449200,34.00044921875,0.29107391834259033,-0.04404735192656517,0.12042814493179321
1789058897775460400,34.01046044921875,0.21245872974395752,0.0899013951420784,0.13287043571472168
1789058897785471200,34.02047119140625,0.023904534056782722,0.028181569650769234,-0.040470194071531296
1789058897795482400,34.030482421875,-0.04146035760641098,0.06235205754637718,-0.17970158159732819
1789058897805493200,34.0404931640625,-0.0067423246800899506,0.05269250646233559,-0.07433361560106277
1789058897815504400,34.05050439453125,0.0985281690955162,-0.03957989811897278,-0.008755674585700035
1789058897825514200,34.06051416015625,0.1458381563425064,-0.032635439187288284,0.14413560926914215
1789058897835525400,34.070525390625,0.015471900813281536,-0.004942560568451881,0.10351201146841049
1789058897845536300,34.08053637695313,0.015574431978166103,0.013351225294172764,0.1503349095582962
1789058897855547100,34.09054711914062,0.009984456934034824,0.022464029490947723,0.21066829562187195
1789058897865558300,34.10055834960937,-0.048893772065639496,-0.032764606177806854,0.2098882496356964
1789058897875569400,34.1105693359375,-0.06887147575616837,-0.056474994868040085,0.061276406049728394
1789058897885580300,34.120580322265624,-0.1373424082994461,0.005044027231633663,0.2820410132408142
1789058897895591200,34.13059106445313,-0.20736463367938995,-0.05390024930238724,0.02574637532234192
1789058897905602300,34.14060229492188,-0.21314209699630737,0.03202025219798088,0.09145055711269379
1789058897915612200,34.15061206054688,-0.15869803726673126,-0.06911782175302505,0.008154332637786865
1789058897925623300,34.160623291015625,-0.11693407595157623,-0.04777258262038231,0.07512564212083817
1789058897935634400,34.170634521484374,-0.11215902864933014,-0.05282033607363701,0.15988101065158844
1789058897945645300,34.18064526367188,-0.03368339315056801,-0.07926525920629501,0.04217568412423134
1789058897955656200,34.19065625,0.028149345889687538,-0.10805004090070724,0.04579571634531021
1789058897965667300,34.20066723632812,-0.06310626119375229,-0.06256964057683945,-0.0757240578532219
1789058897975678200,34.21067822265625,-0.12480371445417404,0.008224640041589737,-0.030978688970208168
1789058897985689000,34.220689208984375,-0.06909438222646713,-0.04982294887304306,-0.21890518069267273
1789058897995700500,34.23070043945312,0.0456543043255806,-0.043235089629888535,-0.09305324405431747
1789058898005711400,34.24071142578125,0.09377416223287582,-0.0357300341129303,0.008040616288781166
1789058898015721200,34.25072119140625,0.06753004342317581,-0.07307501137256622,0.08743690699338913
1789058898025732400,34.260732421875,0.09022550284862518,-0.16267652809619904,-0.02033643051981926
1789058898035743200,34.2707431640625,0.060925137251615524,0.04032611846923828,0.2446286529302597
1789058898045754000,34.28075415039063,-0.04734780639410019,-0.04812678322196007,-0.09384127706289291
1789058898055765500,34.290765625,-0.05594529211521149,-0.04718641936779022,-0.1481332778930664
1789058898065776400,34.3007763671875,0.010057161562144756,-0.004513259045779705,-0.0581999234855175
1789058898075787300,34.31078735351562,0.15925464034080505,-0.07378580421209335,0.04584658518433571
1789058898085798100,34.320798095703125,0.16506405174732208,-0.08220113068819046,-0.053474411368370056
1789058898095809300,34.330809326171874,0.14773885905742645,-0.019182216376066208,0.059112854301929474
1789058898105819100,34.340819091796874,0.2001354843378067,-0.04944344982504845,0.0416284017264843
1789058898115830300,34.35083032226562,0.2094070166349411,-0.0008343683439306915,0.14667412638664246
1789058898125841700,34.36084155273438,0.10031142085790634,0.07534588873386383,0.0355721078813076
1789058898135852500,34.3708525390625,0.09023269265890121,0.03470338508486748,-0.27444595098495483
1789058898145863400,34.38086352539062,0.20186761021614075,0.025345835834741592,-0.1258322298526764
1789058898155874600,34.39087451171875,0.23324710130691528,0.0028304075822234154,-0.0775829404592514
1789058898165885700,34.4008857421875,0.18753980100154877,-0.002263686852529645,-0.054489340633153915
1789058898175896600,34.410896484375,0.16124294698238373,-0.0013598100049421191,-0.14747147262096405
1789058898185907700,34.42090771484375,0.15996170043945312,0.019532687962055206,0.02009834349155426
1789058898195918600,34.430918701171876,0.0617951899766922,0.0943605899810791,0.08321099728345871
1789058898205928400,34.440928466796876,0.014689996838569641,0.028314461931586266,-0.1434043049812317
1789058898215939600,34.450939697265625,0.036921530961990356,0.00031904669594950974,-0.30105945467948914
1789058898225950500,34.46095043945313,0.0951014831662178,0.011782357469201088,0.06202022731304169
1789058898235961600,34.47096166992188,0.116680808365345,-0.04724128171801567,0.1322464495897293
1789058898245972700,34.48097265625,0.06453212350606918,-0.007321296259760857,0.04655817896127701
1789058898255983600,34.49098364257812,0.03912503272294998,-0.055456601083278656,-0.032463133335113525
1789058898265994500,34.500994384765626,-0.021466676145792007,0.020546820014715195,0.14761395752429962
1789058898276005600,34.511005615234374,-0.08551303297281265,0.0936143696308136,0.27463528513908386
1789058898286016500,34.5210166015625,-0.019336413592100143,0.023911990225315094,0.12081856280565262
1789058898296026400,34.5310263671875,0.07159615308046341,-0.021989988163113594,-0.08261524885892868
1789058898306037800,34.54103784179687,0.001332645770162344,0.028543761000037193,-0.15267981588840485
1789058898316048600,34.551048583984375,0.030857514590024948,-0.024940770119428635,-0.12263297289609909
1789058898326059500,34.5610595703125,0.14890240132808685,-0.02214232087135315,-0.027710722759366035
1789058898336070700,34.57107055664063,0.17317204177379608,-0.014827415347099304,0.2227872759103775
1789058898346081500,34.58108154296875,0.018367554992437363,0.05284004658460617,0.11866326630115509
1789058898356092700,34.5910927734375,0.05801589787006378,0.08080296963453293,-0.000005858954409632133
1789058898366103600,34.601103515625,0.09630975872278214,-0.13197800517082214,-0.3224795162677765
1789058898376114700,34.61111474609375,0.0952005535364151,0.0654306709766388,0.07716216146945953
1789058898386124500,34.62112451171875,0.026579946279525757,0.05656341090798378,0.04307316988706589
1789058898396135700,34.6311357421875,0.15770654380321503,0.015001586638391018,0.016929449513554573
1789058898406146600,34.641146484375,0.31410571932792664,-0.07479620724916458,-0.07361377030611038
1789058898416157400,34.651157470703126,0.2566560208797455,0.014227405190467834,0.1864340603351593
1789058898426168600,34.66116845703125,0.19753918051719666,0.008678975515067577,0.03171132504940033
1789058898436179700,34.6711796875,0.16159075498580933,0.05468827858567238,-0.07809294015169144
1789058898446190600,34.68119067382813,0.11566641181707382,0.08354362845420837,-0.14345437288284302
1789058898456201500,34.69120141601562,0.1762128472328186,0.1105872318148613,0.013192234560847282
1789058898466212600,34.70121264648437,0.30376362800598145,0.021196098998188972,0.12730655074119568
1789058898476222500,34.71122241210937,0.44355401396751404,-0.08298676460981369,0.14584535360336304
1789058898486233600,34.72123364257813,0.2814042568206787,-0.045767489820718765,0.4128650724887848
1789058898496244700,34.73124462890625,0.07715284079313278,0.11821505427360535,0.286843478679657
1789058898506255600,34.74125561523437,0.03940892592072487,0.19393964111804962,0.022518625482916832
1789058898516266500,34.7512666015625,-0.08443392068147659,0.06306738406419754,-0.11325491964817047
1789058898526277600,34.761277587890625,-0.09496752172708511,0.16979728639125824,0.08533753454685211
1789058898536288500,34.77128857421875,-0.03157443925738335,-0.12156397849321365,-0.4897414743900299
1789058898546299400,34.78129931640625,0.04093118757009506,-0.01883307658135891,-0.36230015754699707
1789058898556310500,34.791310546875,0.08373937010765076,-0.018443189561367035,-0.1299673169851303
1789058898566320600,34.801320556640626,0.16134494543075562,0.003004844533279538,0.2722773253917694
1789058898576331500,34.81133154296875,0.09888023883104324,-0.02857651747763157,0.08609333634376526
1789058898586342700,34.8213427734375,-0.01739869825541973,0.15318556129932404,0.20125241577625275
1789058898596353500,34.831353515625,0.008833705447614193,0.16517430543899536,0.10370934754610062
1789058898606364400,34.84136450195312,-0.021277058869600296,0.06470389664173126,-0.18448275327682495
1789058898616375800,34.85137573242187,-0.041608162224292755,0.022171081975102425,-0.31661921739578247
1789058898626386700,34.86138671875,0.014386662282049656,0.031206920742988586,-0.08753171563148499
1789058898636397600,34.8713974609375,0.026432139798998833,0.005583583377301693,0.20241115987300873
1789058898646407700,34.88140771484375,-0.009032643400132656,-0.03145885467529297,0.2031155675649643
1789058898656418600,34.89141845703125,-0.028013259172439575,-0.04632595181465149,-0.03718012571334839
1789058898666429400,34.901429443359376,-0.09037970006465912,0.1159156858921051,0.15920403599739075
1789058898676440600,34.911440673828125,-0.1525392085313797,-0.004508731886744499,-0.06421973556280136
1789058898686451700,34.92145166015625,-0.11511486768722534,0.06434889882802963,0.055095210671424866
1789058898696462600,34.93146264648438,0.021921543404459953,-0.028016187250614166,-0.1537938266992569
1789058898706473500,34.941473388671874,0.07525001466274261,-0.07637733221054077,-0.11508983373641968
1789058898716484600,34.95148461914062,0.06663894653320312,-0.0000852211524033919,0.17165431380271912
1789058898726495500,34.96149560546875,0.0705157145857811,-0.011172226630151272,0.1528491973876953
1789058898736505600,34.97150561523438,0.016104135662317276,0.024597221985459328,0.13526222109794617
1789058898746516500,34.9815166015625,0.010716826654970646,0.11093104630708694,-0.09290757030248642
1789058898756527600,34.99152758789062,0.032459937036037445,0.021798240020871162,-0.3481118977069855
1789058898766538500,35.00153857421875,0.11029721051454544,-0.038126081228256226,-0.4105987250804901
1789058898776549600,35.011549560546875,0.15213334560394287,-0.003285009181126952,-0.0917658731341362
1789058898786560500,35.021560546875,0.22427305579185486,-0.01306120678782463,0.0157691091299057
1789058898796571400,35.0315712890625,0.22774741053581238,0.0013675332302227616,0.058821771293878555
1789058898806582800,35.041582763671876,0.26556137204170227,-0.007396929897367954,0.06089211255311966
1789058898816593700,35.05159375,0.16611413657665253,0.07704950869083405,0.14657266438007355
1789058898826603800,35.061603759765624,0.07581833004951477,0.23956385254859924,0.15792438387870789
1789058898836614700,35.07161474609375,0.1816435605287552,0.050868239253759384,-0.07681195437908173
1789058898846625500,35.08162548828125,0.1865120828151703,-0.038535408675670624,-0.25265994668006897
1789058898856636400,35.09163647460937,0.11704353243112564,0.11770746111869812,0.11235503852367401
1789058898866647600,35.1016474609375,0.27657434344291687,-0.04954678192734718,0.004294081125408411
1789058898876658700,35.11165869140625,0.30651864409446716,0.015718242153525352,0.10687531530857086
1789058898886669600,35.121669677734374,0.16054201126098633,-0.023664049804210663,0.013075588271021843
1789058898896680700,35.1316806640625,0.15943412482738495,0.13981196284294128,0.05529547855257988
1789058898906691600,35.14169165039063,0.2001730352640152,-0.005830724723637104,-0.25492337346076965
1789058898916701400,35.15170141601563,0.22565549612045288,0.006738596595823765,-0.22015659511089325
1789058898926712600,35.161712646484375,0.3454340994358063,0.06647969037294388,0.14411909878253937
1789058898936723500,35.17172338867187,0.3784583508968353,-0.04133172705769539,0.03724883496761322
1789058898946734600,35.18173461914063,0.2844647467136383,-0.014331800863146782,-0.10360149294137955
1789058898956745700,35.191745849609376,0.13477379083633423,0.14903874695301056,0.00222027744166553
1789058898966756600,35.20175659179687,0.18379725515842438,0.14158828556537628,0.019640812650322914
1789058898976767500,35.211767578125,0.24676451086997986,0.08228874951601028,0.08655699342489243
1789058898986778600,35.221778564453125,0.18590568006038666,0.04252855107188225,-0.043048933148384094
1789058898996788500,35.23178857421875,0.10438445955514908,0.134958878159523,0.09300903975963593
1789058899006799400,35.24179931640625,0.14431989192962646,0.058569569140672684,0.06764721870422363
1789058899016810800,35.25181079101562,0.10440949350595474,0.13898691534996033,0.0930899977684021
1789058899026821600,35.261821533203126,0.056234244257211685,0.1360720843076706,0.0252238642424345
1789058899036832500,35.27183251953125,0.13022804260253906,0.1256340891122818,0.11160136014223099
1789058899046843600,35.28184375,0.12934041023254395,0.09341250360012054,0.007907191291451454
1789058899056854500,35.2918544921875,0.11790719628334045,0.08000002801418304,-0.062311843037605286
1789058899066865700,35.30186572265625,0.15917180478572845,0.11535295844078064,0.04358183220028877
1789058899076876500,35.31187646484375,0.15774941444396973,0.11497825384140015,0.03694843128323555
1789058899086886700,35.32188671875,0.08548613637685776,0.02833390235900879,-0.3102244436740875
1789058899096897500,35.3318974609375,0.036438167095184326,0.1395546942949295,0.022540729492902756
1789058899106908700,35.34190869140625,0.09788314998149872,0.09137065708637238,0.09051179140806198
1789058899116920000,35.351920166015624,0.06089584156870842,0.119211345911026,0.19476069509983063
1789058899126931000,35.36193090820313,-0.033719878643751144,0.06342744082212448,-0.003965979442000389
1789058899136942000,35.371942138671876,-0.062372032552957535,0.11945343017578125,0.11747869104146957
1789058899146953200,35.381953125,-0.07678478956222534,0.06385327875614166,-0.001785383210517466
1789058899156964000,35.39196411132812,-0.13892832398414612,0.11493989825248718,-0.10506249964237213
1789058899166974000,35.40197387695312,-0.14430071413516998,0.0922766700387001,-0.10208562016487122
1789058899176985000,35.41198510742188,-0.065208300948143,0.08560145646333694,-0.060441773384809494
1789058899186996000,35.421995849609374,0.01757340133190155,0.0704086497426033,0.08428984880447388
1789058899197006800,35.4320068359375,0.060197826474905014,0.0587349534034729,0.06850822269916534
1789058899207018200,35.44201831054688,0.0471922792494297,0.07575415074825287,0.05609709024429321
1789058899217029000,35.452029052734375,0.06272010505199432,0.06601337343454361,-0.0582348108291626
1789058899227040000,35.4620400390625,-0.0034730283077806234,0.005262672435492277,-0.2590203881263733
1789058899237051100,35.47205102539063,-0.044374920427799225,0.12251845747232437,0.0006197175825946033
1789058899247061000,35.48206103515625,-0.029436452314257622,0.10597250610589981,-0.031205588951706886
1789058899257071900,35.49207177734375,-0.10993768274784088,0.0611451119184494,-0.025017201900482178
1789058899267083000,35.5020830078125,-0.0922020971775055,0.07514534890651703,0.11013448983430862
1789058899277094100,35.51209423828125,-0.07887803763151169,0.06607302278280258,0.07806071639060974
1789058899287105000,35.52210498046875,-0.12855984270572662,0.12599095702171326,-0.11433376371860504
1789058899297116200,35.5321162109375,-0.18964742124080658,0.11928937584161758,-0.22695378959178925
1789058899307127000,35.542126953125,-0.1371496021747589,0.10369017720222473,0.11926141381263733
1789058899317138000,35.552137939453125,-0.08905503898859024,0.07704605162143707,0.14569568634033203
1789058899327148800,35.56214868164062,-0.1265811175107956,0.042021218687295914,0.1717299520969391
1789058899337159000,35.572158935546874,-0.16436710953712463,0.07604629546403885,0.12243164330720901
1789058899347170000,35.58217016601562,-0.17342877388000488,0.16217398643493652,0.2535739541053772
1789058899357181200,35.59218115234375,-0.23911431431770325,0.05303046107292175,-0.07509182393550873
1789058899367192000,35.602192138671874,-0.22542139887809753,0.04529238119721413,-0.13944710791110992
1789058899377203000,35.61220288085938,-0.13236549496650696,0.09992367029190063,0.10982769727706909
1789058899387213800,35.6222138671875,-0.14452335238456726,0.07942185550928116,0.03021303005516529
1789058899397225200,35.63222509765625,-0.13668407499790192,0.00018562232435215265,-0.15213946998119354
1789058899407236000,35.64223608398437,-0.11596015840768814,0.03934048116207123,0.05235295370221138
1789058899417246200,35.65224609375,-0.10086962580680847,0.0012383698485791683,0.09428095817565918
1789058899427257000,35.66225708007813,-0.18420632183551788,0.05843028798699379,-0.06342025101184845
1789058899437268000,35.67226806640625,-0.23083534836769104,0.05519374832510948,-0.10578501969575882
1789058899447279000,35.68227905273437,-0.1485852152109146,0.052148155868053436,0.23257598280906677
1789058899457290000,35.6922900390625,-0.1276993751525879,0.022712502628564835,0.16678285598754883
1789058899467301000,35.702301025390625,-0.18162332475185394,-0.003820304526016116,0.014475345611572266
1789058899477312000,35.71231201171875,-0.10460550338029861,-0.027817782014608383,0.017793377861380577
1789058899487323100,35.7223232421875,-0.18330830335617065,-0.0011179950088262558,0.2171003520488739
1789058899497333000,35.7323330078125,-0.22063197195529938,0.01768445409834385,0.12050670385360718
1789058899507344100,35.74234423828125,-0.19141151010990143,-0.031503599137067795,-0.020419787615537643
1789058899517355000,35.75235498046875,-0.17577262222766876,0.0007928230334073305,0.11906833201646805
1789058899527366000,35.76236596679688,-0.21915312111377716,-0.026321884244680405,0.045035384595394135
1789058899537377000,35.772376953125,-0.21130585670471191,-0.07839707285165787,-0.11267141997814178
1789058899547388200,35.78238818359375,-0.16924868524074554,-0.08909338712692261,-0.14924514293670654
1789058899557399000,35.79239892578125,-0.1688462793827057,-0.10587742924690247,0.05353859066963196
1789058899567410000,35.802409912109376,-0.19784197211265564,-0.15634167194366455,-0.13277402520179749
1789058899577420000,35.812419921875,-0.24691471457481384,-0.010663829743862152,0.10612590610980988
1789058899587431000,35.822430908203124,-0.1863728016614914,-0.13225284218788147,-0.10663750022649765
1789058899597442000,35.83244213867187,-0.22770293056964874,-0.10034018754959106,-0.13765214383602142
1789058899607453200,35.842453125,-0.26067739725112915,-0.08766007423400879,-0.20608898997306824
1789058899617464000,35.852464111328125,-0.14160959422588348,-0.1158837229013443,0.04375467076897621
1789058899627475000,35.86247485351562,-0.037038709968328476,-0.21805617213249207,-0.11725498735904694
1789058899637486000,35.87248608398438,-0.16752853989601135,-0.1153809204697609,-0.24035587906837463
1789058899647497000,35.8824970703125,-0.15793903172016144,-0.07933876663446426,-0.11470527946949005
1789058899657506800,35.8925068359375,-0.024417990818619728,-0.09663546085357666,-0.05168982595205307
1789058899667518200,35.902518310546874,-0.004805674310773611,-0.12307719141244888,0.013243100605905056
1789058899677529000,35.91252905273438,0.03098214976489544,-0.1324019879102707,-0.030524352565407753
1789058899687540000,35.9225400390625,0.10067974030971527,-0.10839544981718063,0.09178557991981506
1789058899697551000,35.93255102539062,0.07966020703315735,-0.14492762088775635,-0.0100198769941926
1789058899707562000,35.94256201171875,-0.035477034747600555,-0.05188716575503349,-0.12010456621646881
1789058899717572900,35.95257275390625,0.01601332053542137,-0.0285221878439188,0.04254373162984848
1789058899727584000,35.962583984375,0.22424961626529694,-0.10832594335079193,0.19187569618225098
1789058899737594000,35.972593994140624,0.22328421473503113,-0.12186198681592941,0.13276736438274384
1789058899747605000,35.98260498046875,0.14874154329299927,-0.07290030270814896,0.03154700621962547
1789058899757616000,35.9926162109375,0.1837133765220642,-0.07213384658098221,-0.03640727698802948
1789058899767627000,36.002626953125,0.19291779398918152,-0.008534099906682968,0.05008527263998985
1789058899777638000,36.01263793945313,0.17404210567474365,-0.03308924287557602,-0.13957573473453522
1789058899787649000,36.02264892578125,0.15164172649383545,-0.04165636748075485,-0.12527962028980255
1789058899797660200,36.03266015625,0.1897883117198944,0.03560886159539223,0.1196955069899559
1789058899807671000,36.04267114257812,0.2080482691526413,-0.052976664155721664,0.12979981303215027
1789058899817681200,36.05268115234375,0.18078230321407318,-0.10926070809364319,0.07349339127540588
1789058899827692000,36.06269213867188,0.10176897048950195,-0.04051467031240463,0.14129480719566345
1789058899837703000,36.072702880859374,0.0535159558057785,-0.07669664174318314,0.20442530512809753
1789058899847714000,36.08271411132812,-0.03068946860730648,-0.006131662055850029,0.07702820748090744
1789058899857725200,36.09272509765625,-0.07358606904745102,-0.02629818208515644,-0.022587334737181664
1789058899867736000,36.102736083984375,0.035169173032045364,-0.021251225844025612,0.19708910584449768
1789058899877747000,36.11274682617187,0.07123902440071106,-0.08191856741905212,0.0322069376707077
1789058899887758000,36.12275805664063,0.0344139002263546,-0.1339370310306549,-0.11948645114898682
1789058899897768000,36.13276782226563,0.03263011574745178,-0.13102592527866364,-0.036261335015296936
1789058899907779000,36.142779052734376,0.024805214256048203,-0.03352919965982437,0.141683891415596
1789058899917790000,36.1527900390625,-0.020189955830574036,-0.0967198833823204,-0.08447999507188797
1789058899927801000,36.16280102539063,-0.042097385972738266,-0.05874693766236305,-0.01991884782910347
1789058899937812000,36.17281201171875,0.047979775816202164,-0.028719529509544373,0.13306696712970734
1789058899947823000,36.18282299804687,0.09857264906167984,-0.07137405127286911,-0.020649351179599762
1789058899957834000,36.192833984375,0.12392407655715942,-0.18995130062103271,-0.24115216732025146
1789058899967844900,36.202844970703126,0.15896488726139069,-0.03298751264810562,-0.027145866304636
1789058899977855000,36.21285498046875,0.25329911708831787,-0.0478852353990078,0.20444342494010925
1789058899987865900,36.222865966796874,0.20827890932559967,-0.0678488239645958,-0.03424904868006706
1789058899997877200,36.23287719726562,0.21579168736934662,-0.0018082864116877317,-0.032944366335868835
1789058900007888100,36.24288818359375,0.3780370354652405,-0.007655522786080837,0.016562998294830322
1789058900017899000,36.25289892578125,0.40775418281555176,-0.07597678899765015,-0.1228492259979248
1789058900027910000,36.26290991210937,0.38607367873191833,-0.061655640602111816,-0.24590857326984406
1789058900037921000,36.27292114257813,0.3877338767051697,-0.01751108281314373,0.00743261631578207
1789058900047932200,36.28293212890625,0.4752006232738495,0.018437329679727554,0.19361846148967743
1789058900057942000,36.29294189453125,0.35450616478919983,-0.07381989806890488,-0.13392877578735352
1789058900067953200,36.302953125,0.42445701360702515,0.0324157290160656,-0.0281517431139946
1789058900077964000,36.31296411132813,0.3711114823818207,0.030850058421492577,-0.11838949471712112
1789058900087975000,36.322974853515625,0.28611963987350464,0.029030585661530495,-0.005095159634947777
1789058900097986000,36.33298608398437,0.34552305936813354,0.003356115659698844,-0.14962464570999146
1789058900107997000,36.34299682617188,0.4073579013347626,-0.0012000204296782613,-0.024833178147673607
1789058900118007300,36.35300732421875,0.3929305076599121,0.005599029827862978,0.05348506197333336
1789058900128018400,36.36301831054688,0.3127821385860443,0.08164692670106888,-0.00213612150400877
1789058900138028300,36.3730283203125,0.28577181696891785,0.006048571318387985,-0.058222293853759766
1789058900148039400,36.383039306640626,0.2774968445301056,0.10850277543067932,0.09939663112163544
1789058900158050300,36.39305029296875,0.22757616639137268,0.03194674849510193,-0.0623621791601181
1789058900168061400,36.4030615234375,0.18302734196186066,0.008564991876482964,-0.17211663722991943
1789058900178072600,36.41307250976563,0.1949141025543213,0.07092397660017014,0.061525680124759674
1789058900188083500,36.42308349609375,0.084907166659832,0.08129991590976715,0.16669736802577972
1789058900198094300,36.43309423828125,0.088839590549469,0.10466302931308746,0.18007603287696838
1789058900208105200,36.443105224609376,0.11164503544569016,0.02124829776585102,0.20275790989398956
1789058900218115300,36.453115234375,0.055146608501672745,0.07748041301965714,0.1346994936466217
1789058900228126500,36.46312646484375,-0.118817999958992,0.08722278475761414,0.25585439801216125
1789058900238137600,36.4731376953125,-0.04098338633775711,-0.0191984623670578,-0.13367603719234467
1789058900248148500,36.4831484375,-0.09039141237735748,0.10258043557405472,-0.01942775957286358
1789058900258159400,36.493159423828125,-0.19475270807743073,0.06485489755868912,-0.028913939371705055
1789058900268170200,36.50317016601562,-0.24560336768627167,0.1363317370414734,0.027151992544531822
1789058900278181400,36.51318139648438,-0.20510654151439667,0.09286309778690338,0.08641158789396286
1789058900288191200,36.52319116210938,-0.1324472576379776,0.0322149284183979,-0.11080560833215714
1789058900298202600,36.53320263671875,-0.10999813675880432,-0.020621389150619507,-0.07547691464424133
1789058900308213500,36.543213623046874,-0.0700049176812172,0.017729729413986206,0.13207627832889557
1789058900318224400,36.55322436523438,-0.14629462361335754,0.010869159363210201,0.021876802667975426
1789058900328235300,36.5632353515625,-0.22241362929344177,0.03695029392838478,-0.1593068391084671
1789058900338246400,36.57324633789062,-0.17554119229316711,0.09084095805883408,0.1276269406080246
1789058900348257300,36.58325732421875,-0.02291836589574814,0.02491174079477787,0.15226143598556519
1789058900358268400,36.593268310546875,-0.12278557568788528,0.10133834183216095,0.09640989452600479
1789058900368278500,36.60327856445313,-0.05529841035604477,-0.03389405086636543,-0.2200777679681778
1789058900378289400,36.613289306640624,0.05952511355280876,0.06866934150457382,0.03736148774623871
1789058900388300500,36.62330053710937,0.10122888535261154,0.03507436439394951,-0.11306237429380417
1789058900398311400,36.6333115234375,0.08524671941995621,0.057129066437482834,-0.10625400394201279
1789058900408322300,36.643322265625,0.14934447407722473,0.005760683678090572,-0.024503745138645172
1789058900418333200,36.65333325195313,0.12315788120031357,0.09712947905063629,0.14469966292381287
1789058900428344600,36.66334448242188,0.005357481073588133,0.01257997378706932,-0.12214241921901703
1789058900438354400,36.6733544921875,0.09532065689563751,0.07504282146692276,-0.06731698662042618
1789058900448365600,36.683365478515626,0.17471028864383698,0.06534624844789505,0.06785628199577332
1789058900458376400,36.69337646484375,0.13577939569950104,-0.02015400491654873,-0.09327055513858795
1789058900468387300,36.70338720703125,0.12281913310289383,0.07799652963876724,0.019834425300359726
1789058900478398200,36.713398193359374,0.1388750672340393,0.06702963262796402,-0.0025334651581943035
1789058900488409600,36.72340966796875,0.14183489978313446,0.12058980017900467,-0.06203221157193184
1789058900498420500,36.73342041015625,0.17950238287448883,-0.030185598880052567,-0.33362138271331787
1789058900508430600,36.7434306640625,0.16939009726047516,0.09716862440109253,-0.03171425312757492
1789058900518441500,36.75344140625,0.28019970655441284,0.06925177574157715,0.00945129245519638
1789058900528452400,36.763452392578124,0.25610899925231934,-0.0028157602064311504,-0.08781560510396957
1789058900538463200,36.77346313476563,0.23963256180286407,0.07719624787569046,0.10288803279399872
1789058900548474400,36.783474365234376,0.2145509123802185,0.05187677964568138,0.07680956274271011
1789058900558485500,36.793485595703125,0.18058602511882782,0.10151250660419464,0.08597536385059357
1789058900568496400,36.80349633789063,0.14320535957813263,0.09042204171419144,0.03754071891307831
1789058900578506500,36.81350659179687,0.09571108222007751,0.10877947509288788,0.12683944404125214
1789058900588517400,36.82351733398438,0.04789428785443306,0.13080860674381256,-0.013403689488768578
1789058900598528500,36.833528564453125,0.1343735158443451,0.03352733328938484,-0.23915399610996246
1789058900608539400,36.84353930664062,0.1972012221813202,0.13525529205799103,-0.03139520809054375
1789058900618550300,36.85355029296875,0.25541046261787415,0.08361739665269852,0.031020233407616615
1789058900628561400,36.8635615234375,0.34227824211120605,0.049488987773656845,0.12742879986763
1789058900638572500,36.87357250976562,0.29938697814941406,0.09039381146430969,0.1717858761548996
1789058900648582400,36.88358251953125,0.2580922544002533,0.09854095429182053,0.07277540117502213
1789058900658593500,36.89359350585938,0.21844711899757385,0.119061678647995,0.06315287202596664
1789058900668604400,36.9036044921875,0.1484917402267456,0.1429464966058731,0.12600533664226532
1789058900678615300,36.913615234375,0.09329692274332047,0.1876295506954193,0.38159263134002686
1789058900688626200,36.92362622070313,0.07189176976680756,0.07784446328878403,-0.017888719215989113
1789058900698637600,36.933637451171876,0.059175703674554825,0.08735514432191849,-0.09114828705787659
1789058900708648400,36.9436484375,0.06358243525028229,0.18774913251399994,0.013426858931779861
1789058900718659300,36.95365942382813,0.04271017760038376,0.0669819638133049,0.10511017590761185
1789058900728669400,36.96366943359375,0.06784109771251678,0.07894008606672287,0.03917749598622322
1789058900738680300,36.97368041992188,-0.05847848951816559,0.14891864359378815,0.20907865464687347
1789058900748691200,36.98369116210937,-0.06405168771743774,0.05284270644187927,0.07682527601718903
1789058900758702600,36.99370263671875,-0.09108330309391022,0.12586098909378052,0.06761233508586884
1789058900768713500,37.00371337890625,-0.1696324348449707,0.10657650977373123,0.20604504644870758
1789058900778724400,37.013724365234374,-0.13089808821678162,0.07956326752901077,0.1121869906783104
1789058900788735500,37.02373559570312,-0.22256170213222504,0.10127841681241989,0.03754950687289238
1789058900798745300,37.03374536132812,-0.30527177453041077,0.052384112030267715,-0.10528727620840073
1789058900808756200,37.043756103515626,-0.23722852766513824,0.07081984728574753,0.05222965031862259
1789058900818767400,37.053767333984375,-0.20968957245349884,0.02262009121477604,0.054605189710855484
1789058900828778500,37.06377856445312,-0.3332267105579376,0.12406895309686661,0.08774317055940628
1789058900838789400,37.07378930664063,-0.3812280595302582,0.10897655040025711,0.011808722279965878
1789058900848800500,37.083800537109376,-0.3108620047569275,0.051302868872880936,0.007188670802861452
1789058900858811400,37.09381127929687,-0.23767141997814178,0.03377341106534004,0.004835501778870821
1789058900868821500,37.103821533203124,-0.2773338854312897,-0.015961123630404472,0.03657239302992821
1789058900878832400,37.11383227539063,-0.3469291925430298,0.053461626172065735,0.12444978207349777
1789058900888843300,37.12384326171875,-0.4049464166164398,0.1085754781961441,0.09383275359869003
1789058900898854400,37.1338544921875,-0.357259064912796,0.06180371344089508,-0.14623311161994934
1789058900908865500,37.14386547851562,-0.30952537059783936,0.04224945232272148,-0.10642151534557343
1789058900918876400,37.15387646484375,-0.31033921241760254,0.019716180860996246,-0.19109751284122467
1789058900928886500,37.16388647460938,-0.26597681641578674,0.014649782329797745,-0.06439337134361267
1789058900938897400,37.1738974609375,-0.2253148853778839,-0.03321041911840439,-0.11005033552646637
1789058900948908300,37.183908203125,-0.2522386312484741,-0.03772873803973198,-0.07343240827322006
1789058900958919400,37.19391943359375,-0.2197701781988144,0.04698455333709717,-0.0021486382465809584
1789058900968930600,37.2039306640625,-0.17023298144340515,0.031207719817757607,-0.044020455330610275
1789058900978941400,37.21394140625,-0.16977785527706146,-0.055391620844602585,-0.2913937568664551
1789058900988952300,37.22395239257813,-0.12083454430103302,-0.008838498964905739,-0.17132940888404846
1789058900998962400,37.23396240234375,-0.06872206926345825,0.0385868065059185,-0.1918003261089325
1789058901008973300,37.243973388671876,-0.08003384619951248,-0.1432383805513382,-0.36710983514785767
1789058901018984200,37.25398413085937,-0.07920028269290924,0.013072391971945763,0.0766279324889183
1789058901028995600,37.26399560546875,-0.02123897522687912,-0.08657138049602509,0.060320865362882614
1789058901039006500,37.27400634765625,-0.1034129410982132,0.000651675509288907,0.08239740133285522
1789058901049017300,37.28401733398437,-0.12403886020183563,-0.046667635440826416,-0.06373077630996704
1789058901059028500,37.29402856445312,-0.1705179363489151,-0.06714627891778946,-0.029150161892175674
1789058901069038300,37.30403833007812,-0.12755610048770905,-0.06569166481494904,0.0036567864008247852
1789058901079049500,37.31404956054688,-0.11817031353712082,-0.05312260612845421,0.014011955820024014
1789058901089060400,37.324060302734374,-0.027511252090334892,-0.12771455943584442,0.03242185711860657
1789058901099071500,37.33407153320312,-0.010782340541481972,-0.08392366021871567,0.16392555832862854
1789058901109082400,37.344082275390626,-0.06841687113046646,-0.025915220379829407,0.11748374998569489
1789058901119093200,37.35409326171875,0.05729258432984352,-0.10967803001403809,-0.006518885493278503
1789058901129103000,37.36410302734375,0.11334919184446335,-0.09286895394325256,0.06259413808584213
1789058901139114200,37.3741142578125,0.062499064952135086,-0.06077094003558159,0.016476444900035858
1789058901149125000,37.384125,0.10485131293535233,-0.03642352297902107,0.06936708837747574
1789058901159136000,37.39413598632812,0.20481891930103302,-0.10904206335544586,0.038176681846380234
1789058901169147100,37.40414721679687,0.22795167565345764,-0.09274671226739883,0.12128408253192902
1789058901179158300,37.414158203125,0.19312232732772827,-0.041121870279312134,0.2527981698513031
1789058901189169200,37.424169189453124,0.16135640442371368,-0.09563890844583511,0.13762976229190826
1789058901199179300,37.43417919921875,0.12748631834983826,-0.02275005355477333,0.10914167016744614
1789058901209190100,37.44419018554687,0.07213065028190613,0.016045546159148216,0.26191282272338867
1789058901219201000,37.45420092773438,0.10770808905363083,-0.07955421507358551,0.15448811650276184
1789058901229212200,37.464212158203125,0.11516520380973816,-0.059308331459760666,0.13712669909000397
1789058901239223300,37.474223388671874,0.08266318589448929,-0.08241471648216248,0.17655879259109497
1789058901249234200,37.48423413085938,0.07101878523826599,-0.0877508893609047,0.23208703100681305
1789058901259245000,37.4942451171875,0.022107433527708054,-0.03455531224608421,0.21767213940620422
1789058901269255200,37.504255126953126,-0.00015952334797475487,-0.09379280358552933,-0.016498282551765442
1789058901279266000,37.51426611328125,-0.046777624636888504,-0.08146397024393082,0.07851265370845795
1789058901289277200,37.52427709960938,-0.028492627665400505,-0.06916788220405579,0.15401992201805115
1789058901299288300,37.53428833007813,-0.07087577134370804,-0.08518040925264359,0.059954944998025894
1789058901309299200,37.54429931640625,-0.09906506538391113,-0.14996659755706787,-0.09232620149850845
1789058901319310000,37.55431005859375,-0.13606782257556915,-0.07806923240423203,0.1394774615764618
1789058901329320200,37.5643203125,-0.17597076296806335,-0.09206894040107727,-0.08921829611063004
1789058901339331000,37.5743310546875,-0.22354280948638916,-0.08603794872760773,-0.07481298595666885
1789058901349342200,37.58434228515625,-0.19945505261421204,-0.09633905440568924,-0.047573644667863846
1789058901359353000,37.59435302734375,-0.25782328844070435,-0.027148529887199402,0.018786737695336342
1789058901369364200,37.6043642578125,-0.21185952425003052,-0.05772241950035095,-0.13339880108833313
1789058901379375000,37.614375,-0.15728603303432465,-0.07323320209980011,-0.0925230085849762
1789058901389386200,37.62438623046875,-0.08261338621377945,-0.053588394075632095,0.05193004384636879
1789058901399396000,37.63439599609375,-0.011476626619696617,-0.06214806064963341,0.015785621479153633
1789058901409407200,37.6444072265625,0.044554952532052994,-0.03840012103319168,-0.10340335220098495
1789058901419418000,37.654418212890626,0.027347201481461525,-0.027101658284664154,-0.09244151413440704
1789058901429429000,37.66442895507812,0.11194437742233276,0.03792527690529823,0.040410540997982025
1789058901439440100,37.67444018554688,0.20917105674743652,-0.006886135786771774,-0.059246812015771866
1789058901449451300,37.684451171875,0.21191731095314026,-0.03431136906147003,-0.24558153748512268
1789058901459461000,37.69446118164063,0.12766635417938232,0.06255605816841125,-0.025967685505747795
1789058901469472300,37.70447216796875,0.14554014801979065,0.08164186775684357,-0.0668456107378006
1789058901479483100,37.71448315429687,0.16205920279026031,0.06776519864797592,-0.09503117203712463
1789058901489494000,37.724493896484375,0.19088126718997955,0.009229717776179314,-0.13312529027462006
1789058901499505200,37.734505126953124,0.18542657792568207,0.01522609032690525,-0.11732716113328934
1789058901509516300,37.74451635742187,0.21072101593017578,-0.07656348496675491,-0.15993081033229828
1789058901519527200,37.754527099609376,0.15551263093948364,-0.002210423583164811,-0.03315475583076477
1789058901529537300,37.76453735351563,0.05259450152516365,0.009787649847567081,0.1513913869857788
1789058901539548200,37.774548095703125,0.05609069764614105,-0.03166338801383972,0.14787282049655914
1789058901549559000,37.78455908203125,0.04312989488244057,-0.04836273938417435,-0.004425374791026115
1789058901559570200,37.79457006835938,-0.05366988480091095,-0.01486416719853878,0.031916920095682144
1789058901569581300,37.804581298828126,0.011679026298224926,-0.031674306839704514,0.17846108973026276
1789058901579592200,37.81459228515625,-0.02407737262547016,-0.004003796260803938,0.23794332146644592
1789058901589602300,37.824602294921874,0.03707919269800186,-0.004285558592528105,0.20950396358966827
1789058901599613200,37.83461328125,0.164116770029068,-0.04212401807308197,0.1174805536866188
1789058901609624000,37.8446240234375,0.19126130640506744,-0.041313085705041885,0.10620979219675064
1789058901619635200,37.85463525390625,0.22649572789669037,-0.01998143084347248,0.1504313200712204
1789058901629646000,37.86464599609375,0.26752331852912903,-0.009983657859265804,0.07665669173002243
1789058901639657200,37.8746572265625,0.24422810971736908,0.05756822228431702,0.12331021577119827
1789058901649667300,37.88466723632813,0.29487425088882446,0.030585872009396553,0.06989439576864243
1789058901659678200,37.89467822265625,0.3398057818412781,-0.03191612288355827,0.01805649884045124
1789058901669689000,37.90468920898437,0.2918536961078644,-0.008958341553807259,0.002543052425608039
1789058901679700200,37.9147001953125,0.19165171682834625,0.04604978486895561,0.05100858956575394
1789058901689711000,37.924711181640625,0.2498638927936554,0.05517217516899109,0.09425539523363113
1789058901699722000,37.93472192382813,0.18424414098262787,0.09399972856044769,0.14951705932617188
1789058901709733000,37.94473315429688,0.08621051907539368,0.005261873826384544,-0.1540582776069641
1789058901719743200,37.9547431640625,0.11046712100505829,0.07244303822517395,-0.01823945716023445
1789058901729754000,37.964754150390625,0.1260862946510315,0.02828170545399189,-0.014935806393623352
1789058901739765200,37.97476513671875,0.1106700524687767,0.012928848154842854,-0.07682580500841141
1789058901749776100,37.98477612304688,0.13681431114673615,0.05216093733906746,0.05053640902042389
1789058901759787000,37.994787109375,0.09494142234325409,0.0016863135388121009,0.06433584541082382
1789058901769798100,38.00479809570312,0.03630154952406883,0.060316603630781174,0.007013967260718346
1789058901779808000,38.01480810546875,0.08167888224124908,0.03370949253439903,0.06741712242364883
1789058901789819100,38.02481909179688,0.09697288274765015,0.0007768440991640091,0.13307896256446838
1789058901799830300,38.03483032226563,-0.06608980149030685,0.05544009059667587,-0.0026434536557644606
1789058901809841200,38.044841064453124,-0.1003822609782219,0.06950956583023071,-0.12717872858047485
1789058901819852000,38.05485205078125,-0.0691031739115715,0.05794266238808632,-0.052860550582408905
1789058901829863200,38.06486328125,-0.10416261851787567,0.05808247625827789,-0.07533656805753708
1789058901839873000,38.074873046875,-0.13116201758384705,0.06034296751022339,-0.037625670433044434
1789058901849884200,38.08488427734375,-0.1220468133687973,-0.025014007464051247,-0.13040781021118164
1789058901859895300,38.09489526367187,-0.22201602160930634,0.07531872391700745,0.07681328803300858
1789058901869906200,38.10490625,-0.22978205978870392,0.04075248911976814,-0.09291555732488632
1789058901879917000,38.1149169921875,-0.188231959939003,0.061912901699543,0.06300639361143112
1789058901889928200,38.12492822265625,-0.16526459157466888,-0.07779093831777573,-0.09760937839746475
1789058901899938000,38.13493798828125,-0.14438407123088837,-0.04704181104898453,0.18659092485904694
1789058901909949200,38.14494921875,-0.23656167089939117,-0.0342533104121685,0.06937028467655182
1789058901919960300,38.154960205078126,-0.38978877663612366,0.2015267312526703,0.14540407061576843
1789058901929971200,38.16497119140625,-0.28736332058906555,0.004203533288091421,-0.18681968748569489
1789058901939982000,38.17498217773438,-0.19802546501159668,-0.04084037244319916,-0.152480348944664
1789058901949993200,38.1849931640625,-0.18320098519325256,-0.17956949770450592,-0.41595858335494995
1789058901960004000,38.19500415039062,-0.14088468253612518,0.04423404112458229,-0.23817288875579834
1789058901970014200,38.20501416015625,-0.09035279601812363,-0.10470084846019745,-0.3285813331604004
1789058901980025000,38.21502514648437,-0.06722643971443176,-0.012950952164828777,-0.056722402572631836
1789058901990036200,38.2250361328125,-0.10737892240285873,0.03528182581067085,0.23055438697338104
1789058902000047000,38.235047119140624,-0.14680169522762299,0.11312469094991684,0.40898004174232483
1789058902010058200,38.24505834960937,-0.04836700111627579,-0.15087926387786865,0.07916060090065002
1789058902020069000,38.25506909179688,-0.04854356870055199,-0.2039712369441986,-0.11975409835577011
1789058902030079200,38.26507934570313,-0.15919524431228638,-0.02070368081331253,0.17525437474250793
1789058902040090000,38.275090087890625,-0.07550541311502457,-0.10084725171327591,0.04836433753371239
1789058902050101000,38.28510107421875,-0.049667153507471085,-0.07136552780866623,0.09693720191717148
1789058902060112100,38.29511206054688,-0.1252354085445404,-0.07554296404123306,0.04285958409309387
1789058902159882500,38.39488256835938,-0.1223062053322792,0.06534305214881897,-0.000143544384627603
1789058902169892600,38.404892578125,-0.1418554037809372,0.06075602397322655,-0.000013848437447450124
1789058902179903500,38.41490356445313,-0.14273078739643097,0.055623315274715424,0.0002639192680362612
1789058902189914400,38.42491430664062,-0.13875602185726166,0.04121055454015732,-0.004476773552596569
1789058902199924500,38.434924560546875,-0.13338814675807953,0.03660781309008598,-0.006235259119421244
1789058902209934600,38.4449345703125,-0.11678280681371689,0.0276180449873209,-0.006142580881714821
1789058902219944400,38.4549443359375,-0.10523267835378647,0.024268588051199913,0.0024410535115748644
1789058902229955300,38.464955322265624,-0.09152459353208542,0.016698285937309265,0.0003259709046687931
1789058902239965400,38.47496533203125,-0.07183744013309479,0.006456301547586918,0.0002335592289455235
1789058902249975600,38.4849755859375,-0.061900652945041656,-0.0037404096219688654,-0.004866660572588444
1789058902259985400,38.4949853515625,-0.046842873096466064,-0.013484649360179901,-0.000624777574557811
1789058902269996500,38.50499658203125,-0.04162707179784775,-0.029200762510299683,0.0002364887041039765
1789058902280006700,38.515006591796876,-0.03578462824225426,-0.042582880705595016,0.0014090784825384617
1789058902290016800,38.52501684570313,-0.03074965626001358,-0.06161942332983017,0.005877596326172352
1789058902300026400,38.5350263671875,-0.01968049444258213,-0.08318783342838287,0.008318116888403893
1789058902310036500,38.54503637695313,-0.008432633243501186,-0.10486729443073273,0.011238006874918938
1789058902320047600,38.555047607421876,0.006429669912904501,-0.11916740238666534,0.01347825862467289
1789058902330057700,38.5650576171875,0.01865038275718689,-0.1351034939289093,0.016031697392463684
1789058902340067600,38.57506762695313,0.025016402825713158,-0.14281333982944489,0.015928633511066437
1789058902350077700,38.58507763671875,0.031559258699417114,-0.14318965375423431,0.01884026639163494
1789058902360088600,38.59508862304688,0.03683418035507202,-0.14354997873306274,0.01643383502960205
1789058902370098700,38.6050986328125,0.03687146678566933,-0.14598916471004486,0.016317719593644142
1789058902380108500,38.61510864257812,0.032347552478313446,-0.14921797811985016,0.01805197075009346
1789058902390118700,38.62511865234375,0.029862292110919952,-0.15164998173713684,0.017948640510439873
1789058902400129500,38.63512963867188,0.01769217848777771,-0.1500779092311859,0.012884106487035751
1789058902410139600,38.6451396484375,0.005687446799129248,-0.1548638790845871,0.013273727148771286
1789058902420149500,38.6551494140625,-0.005088235717266798,-0.15403403341770172,0.013094230554997921
1789058902430159600,38.66515966796875,-0.02594211883842945,-0.14942170679569244,0.0170839112251997
1789058902440169500,38.67516943359375,-0.03659502789378166,-0.1432493031024933,0.016154468059539795
1789058902450180600,38.6851806640625,-0.05115106701850891,-0.13776585459709167,0.014462828636169434
1789058902460190500,38.6951904296875,-0.06084044650197029,-0.13324327766895294,0.01127928588539362
1789058902470200600,38.70520068359375,-0.06389003247022629,-0.12524767220020294,0.012715262360870838
1789058902480210400,38.71521044921875,-0.06559472531080246,-0.12095838040113449,0.013504090718925
1789058902490221600,38.7252216796875,-0.0741591826081276,-0.11514096707105637,0.01429558265954256
1789058902500231400,38.7352314453125,-0.07552006095647812,-0.10755495727062225,0.010715494863688946
1789058902510241500,38.74524145507812,-0.08995918184518814,-0.09299598634243011,0.01386974286288023
1789058902520251400,38.75525146484375,-0.09446419030427933,-0.09206494688987732,0.009278186596930027
1789058902530262500,38.76526245117188,-0.10096602886915207,-0.08475350588560104,0.009546101093292236
1789058902540272400,38.7752724609375,-0.10099958628416061,-0.07886046171188354,0.009501625783741474
1789058902550282500,38.78528247070312,-0.10015030205249786,-0.07445452362298965,0.009017463773488998
1789058902560292600,38.795292724609375,-0.09531506896018982,-0.06901875138282776,0.006283195689320564
1789058902570303500,38.80530346679687,-0.08867500722408295,-0.0635712519288063,0.0062698801048099995
1789058902580313300,38.81531323242187,-0.07864847034215927,-0.05957251787185669,0.005879993550479412
1789058902590323500,38.825323486328124,-0.06940783560276031,-0.052136171609163284,0.006827812176197767
1789058902600333600,38.83533349609375,-0.05410797521471977,-0.048292431980371475,0.005933256354182959
1789058902610343400,38.845343505859375,-0.04044356197118759,-0.044985316693782806,0.006078398786485195
1789058902620354300,38.85535424804687,-0.02106880024075508,-0.04289234057068825,0.005429120268672705
1789058902630364400,38.865364501953124,-0.010298710316419601,-0.039870984852313995,0.006193447392433882
1789058902640374500,38.87537451171875,0.001919340225867927,-0.03732233867049217,0.004233627114444971
1789058902650384400,38.88538427734375,0.010040650144219398,-0.0365457609295845,0.005537510849535465
1789058902660395500,38.8953955078125,0.016930779442191124,-0.0381535105407238,0.0062757390551269054
1789058902670405600,38.905405517578124,0.018581407144665718,-0.039326898753643036,0.008219047449529171
1789058902680415700,38.915415771484376,0.017726799473166466,-0.04062332585453987,0.006668289192020893
1789058902690425600,38.925425537109376,0.01751694269478321,-0.04180710017681122,0.006944458931684494
1789058902700436500,38.9354365234375,0.01937556266784668,-0.04216929152607918,0.005547364708036184
1789058902710446600,38.945446533203125,0.017431987449526787,-0.04115995392203331,0.007081611547619104
1789058902720456700,38.95545678710938,0.016744358465075493,-0.03881876915693283,0.007255516014993191
1789058902730466600,38.96546655273438,0.016530772671103477,-0.039434757083654404,0.0056951697915792465
1789058902740477400,38.9754775390625,0.016335297375917435,-0.041364483535289764,0.006939132697880268
1789058902750487600,38.985487548828125,0.0167936272919178,-0.04264812916517258,0.0070222229696810246
1789058902760497700,38.99549755859375,0.016231700778007507,-0.04640158638358116,0.007363640237599611
1789058902770507500,39.00550756835938,0.013105415739119053,-0.04837552085518837,0.008065116591751575
1789058902780518700,39.0155185546875,0.010822820477187634,-0.0482436940073967,0.007807855494320393
1789058902790528500,39.025528564453126,0.009553025476634502,-0.04867193102836609,0.008963401429355145
1789058902800538600,39.03553857421875,0.009852897375822067,-0.05089966580271721,0.006905043963342905
1789058902810548500,39.04554858398438,0.011270231567323208,-0.05200274661183357,0.0072986590676009655
1789058902820558600,39.05555859375,0.01341434195637703,-0.05337640643119812,0.006974286399781704
1789058902830569500,39.065569580078126,0.017839184030890465,-0.05535060539841652,0.00833755824714899
1789058902840579600,39.07557958984375,0.017676198855042458,-0.05918608978390694,0.008895223960280418
1789058902850589400,39.08558935546875,0.01962110586464405,-0.06138266623020172,0.009119195863604546
1789058902860599600,39.095599609375,0.02033376693725586,-0.06828983873128891,0.010578874498605728
1789058902870610400,39.1056103515625,0.02226589061319828,-0.07444626837968826,0.012741361744701862
1789058902880620500,39.11562060546875,0.02341131679713726,-0.07988417893648148,0.011415373533964157
1789058902890630400,39.12563037109375,0.025141306221485138,-0.08593994379043579,0.01501117367297411
1789058902900640500,39.135640625,0.026326678693294525,-0.09195442497730255,0.013434049673378468
1789058902910651400,39.1456513671875,0.02865082025527954,-0.09465247392654419,0.014644988812506199
1789058902920661500,39.15566162109375,0.03633004426956177,-0.10015589743852615,0.014918762259185314
1789058902930671400,39.16567138671875,0.0406198650598526,-0.10426036268472672,0.01731906831264496
1789058902940681500,39.17568139648437,0.0497121624648571,-0.10884951800107956,0.016751017421483994
1789058902950692400,39.1856923828125,0.05096038430929184,-0.11540648341178894,0.017046894878149033
1789058902960702500,39.19570239257813,0.05398520454764366,-0.12044305354356766,0.016816796734929085
1789058902970712300,39.20571240234375,0.05632638931274414,-0.12704183161258698,0.01769563928246498
1789058902980722400,39.21572241210937,0.057623881846666336,-0.13135217130184174,0.019407253712415695
1789058902990733600,39.22573364257813,0.05410238355398178,-0.13704706728458405,0.020181434229016304
1789058903000743700,39.23574365234375,0.053467217832803726,-0.13825906813144684,0.017959825694561005
1789058903010753500,39.24575341796875,0.05651174485683441,-0.13809742033481598,0.019086342304944992
1789058903020763600,39.255763671875,0.057261958718299866,-0.14306820929050446,0.01931537501513958
1789058903030774500,39.2657744140625,0.058645203709602356,-0.14301814138889313,0.02027810737490654
1789058903040784600,39.27578466796875,0.05908675491809845,-0.14549115300178528,0.020359866321086884
1789058903050794500,39.28579443359375,0.060436978936195374,-0.14498648047447205,0.02117745764553547
1789058903060804600,39.2958046875,0.06690499931573868,-0.14444665610790253,0.021499698981642723
1789058903070815500,39.3058154296875,0.07213171571493149,-0.14326688647270203,0.021440044045448303
1789058903080825600,39.31582568359375,0.07698559761047363,-0.1410553902387619,0.018788868561387062
1789058903090835500,39.32583544921875,0.0834277793765068,-0.13579751551151276,0.01900378428399563
1789058903100845600,39.33584545898437,0.08632156997919083,-0.13160036504268646,0.018549982458353043
1789058903110856400,39.3458564453125,0.09059274941682816,-0.12442794442176819,0.01884426176548004
1789058903120866600,39.35586645507812,0.09610921889543533,-0.12100391834974289,0.018791530281305313
1789058903130876400,39.36587646484375,0.10054098814725876,-0.11781930923461914,0.01810363680124283
1789058903140886500,39.37588647460937,0.10442467778921127,-0.1159532368183136,0.018739333376288414
1789058903150897400,39.3858974609375,0.10769423842430115,-0.1128288134932518,0.017314009368419647
1789058903160907300,39.3959072265625,0.10769876837730408,-0.10843246430158615,0.017225325107574463
1789058903170917400,39.40591748046875,0.10517355799674988,-0.10261984914541245,0.016709737479686737
1789058903180927000,39.41592700195312,0.10139399766921997,-0.09771457314491272,0.016633572056889534
1789058903190937000,39.42593701171875,0.09614570438861847,-0.09288439899682999,0.015081481076776981
1789058903200948200,39.4359482421875,0.09065134078264236,-0.0877266526222229,0.015792012214660645
1789058903210958300,39.44595825195312,0.08423604816198349,-0.08628322184085846,0.014117150567471981
1789058903220968200,39.45596826171875,0.07933557033538818,-0.08677111566066742,0.013403955847024918
1789058903230978300,39.465978271484374,0.07275010645389557,-0.08306851983070374,0.014168815687298775
1789058903240989200,39.4759892578125,0.06441280990839005,-0.08230233192443848,0.01432274654507637
1789058903250999300,39.48599926757812,0.05558629706501961,-0.0795760527253151,0.013678262010216713
1789058903261009200,39.49600903320312,0.04514670372009277,-0.07682820409536362,0.012435364536941051
1789058903271019300,39.506019287109375,0.03383945673704147,-0.07457223534584045,0.010424677282571793
1789058903281030100,39.51603002929688,0.026924291625618935,-0.072540782392025,0.009606022387742996
1789058903291040300,39.52604028320312,0.022355904802680016,-0.07250429689884186,0.00878976285457611
1789058903301050000,39.53605004882812,0.016576047986745834,-0.07046084851026535,0.010938134975731373
1789058903311060200,39.546060302734375,0.015452193096280098,-0.06942754238843918,0.010386328212916851
1789058903321071000,39.55607104492187,0.01073919702321291,-0.06634493172168732,0.009412942454218864
1789058903331081200,39.566081298828124,0.00806138850748539,-0.06391533464193344,0.010548780672252178
1789058903341091000,39.576091064453124,0.00689066294580698,-0.06466847658157349,0.007965248078107834
1789058903351101200,39.58610107421875,0.004513259045779705,-0.060679592192173004,0.008518919348716736
1789058903361112000,39.59611206054687,0.003029345767572522,-0.05597351863980293,0.008324774913489819
1789058903371122200,39.6061220703125,0.0023635553661733866,-0.05447496101260185,0.008231031708419323
1789058903381132000,39.616132080078124,0.0029047098942101,-0.05122483894228935,0.007797735743224621
1789058903391142100,39.62614208984375,0.002814695006236434,-0.05013507232069969,0.0070216902531683445
1789058903401153000,39.63615307617187,-0.0012924320762977004,-0.04687855765223503,0.007669371087104082
1789058903411163100,39.6461630859375,-0.0013206616276875138,-0.04688921198248863,0.007752461824566126
1789058903421173000,39.656173095703124,-0.00018109494703821838,-0.043600209057331085,0.0076302229426801205
1789058903431183000,39.66618310546875,0.0006495449924841523,-0.042931489646434784,0.007808654569089413
1789058903441194000,39.67619409179687,-0.0004822984628845006,-0.03966006264090538,0.006284261122345924
1789058903451204000,39.6862041015625,-0.0029409287963062525,-0.036312200129032135,0.006580937188118696
1789058903461214000,39.6962138671875,-0.004997954238206148,-0.035284485667943954,0.005396363325417042
1789058903471224000,39.70622412109375,-0.003716707695275545,-0.03189374879002571,0.005654689855873585
1789058903481235200,39.71623510742187,-0.004996090196073055,-0.033849310129880905,0.006043777801096439
1789058903491245300,39.726245361328125,-0.01128168310970068,-0.029817283153533936,0.006392918061465025
1789058903501255200,39.736255126953125,-0.012455071322619915,-0.029468676075339317,0.00634870957583189
1789058903511265000,39.74626513671875,-0.014451377093791962,-0.028475049883127213,0.005831790156662464
1789058903521276200,39.756276123046874,-0.01938168704509735,-0.030281739309430122,0.005502623505890369
1789058903531286300,39.766286376953126,-0.023962324485182762,-0.029163211584091187,0.004963865969330072
1789058903541296000,39.776296142578126,-0.03026762418448925,-0.027479827404022217,0.005025118589401245
1789058903551306200,39.78630615234375,-0.03627464920282364,-0.02588299661874771,0.004085821565240622
1789058903561317000,39.796317138671874,-0.0404512844979763,-0.024942368268966675,0.003466104157269001
1789058903571327200,39.8063271484375,-0.0428910069167614,-0.023388946428894997,0.003905792022123933
1789058903581337000,39.816337158203126,-0.04773929342627525,-0.022713568061590195,0.0023220102302730083
1789058903591347200,39.82634716796875,-0.05119980499148369,-0.02111434005200863,0.002773415995761752
1789058903601358000,39.836358154296875,-0.04962614178657532,-0.02201555296778679,0.001755289500579238
1789058903611368200,39.8463681640625,-0.051244013011455536,-0.019655726850032806,0.0034788872580975294
1789058903621378300,39.85637841796875,-0.051482100039720535,-0.017914285883307457,0.004385427106171846
1789058903631388200,39.86638818359375,-0.05143576115369797,-0.015969112515449524,0.0029862024821341038
1789058903641399000,39.87639892578125,-0.05151059478521347,-0.01540745235979557,0.0025904567446559668
1789058903651409200,39.8864091796875,-0.05026343837380409,-0.014040185138583183,0.0023467775899916887
1789058903661419300,39.89641918945313,-0.05085732042789459,-0.012131230905652046,0.0034551850985735655
1789058903671429000,39.90642919921875,-0.0507393442094326,-0.009610815905034542,0.0035947347059845924
1789058903681440000,39.91643994140625,-0.05110552906990051,-0.009865946136415005,0.003870371961966157
1789058903691450000,39.9264501953125,-0.050512708723545074,-0.01073813159018755,0.001748897833749652
1789058903701460200,39.93646020507813,-0.04661517217755318,-0.009039035066962242,0.003498594742268324
1789058903711470000,39.94646997070313,-0.043657198548316956,-0.00740278884768486,0.002543318783864379
1789058903721481000,39.95648095703125,-0.041796181350946426,-0.007458715233951807,0.002918025478720665
1789058903731491000,39.966490966796876,-0.03738731890916824,-0.0028514466248452663,0.00213638786226511
1789058903741501200,39.97650122070313,-0.03352253884077072,-0.0015691345324739814,0.0014237258583307266
1789058903751511000,39.98651098632813,-0.026862241327762604,-0.0024381240364164114,0.0014018879737704992
1789058903761522200,39.996522216796876,-0.020712202414870262,0.0008093346259556711,0.0023907197173684835
1789058903771532000,40.006531982421876,-0.015386412851512432,-0.002519350266084075,0.0007568703731521964
1789058903781542100,40.01654223632813,-0.010382866486907005,-0.0012245214311406016,0.00030652983696199954
1789058903791552000,40.02655200195313,-0.008671784773468971,-0.0008191883680410683,0.0014471617760136724
1789058903801563100,40.03656323242188,-0.0070310113951563835,0.0005382248782552779,0.0015518239233642817
