time,seconds_elapsed,z,y,x
1789059089172717300,0.04771728515625,-0.3440098367810249,0.049021805061399935,-0.5502983522411435
1789059089182727400,0.0577275390625,-0.21047639560401438,0.5529699826031923,-0.5355579522922634
1789059089192737300,0.0677373046875,0.01106733745932579,0.4564674644425511,-0.9136372319355607
1789059089202747400,0.077747314453125,0.67550505990386,-0.5055164497718214,-1.3600700629673896
1789059089212757200,0.08775732421875,1.0780500877618788,-1.3339695531576872,-1.6136875350311397
1789059089222767400,0.097767333984375,0.5676829830884933,-0.35651071417480706,-0.7798123335313052
1789059089232776200,0.107776123046875,0.15008943918049333,0.40879152103215455,-0.08655161751061677
1789059089242786000,0.1177861328125,-0.0005471124887466431,0.10088555555045604,-0.2580037973891944
1789059089252796200,0.127796142578125,-0.22283844904899597,0.12182605224847792,-0.3005136267406866
1789059089262806300,0.13780615234375,-0.11354629968106746,-0.5642863263875245,-0.6757144648708403
1789059089272816000,0.147816162109375,-0.18332710739374158,0.46199937960654497,-0.1788492678599432
1789059089282826200,0.157826171875,0.5425993952363729,0.11045213305801152,0.1591974227329716
1789059089292836000,0.167836181640625,0.6814362035185099,0.14721242243945598,-0.1197330985572189
1789059089302846200,0.17784619140625,0.7496358795195818,-0.7462246097713708,-0.41109044562429187
1789059089312856300,0.187856201171875,-0.2963894229501486,-0.11899638178050517,-0.0807061794180423
1789059089322866200,0.1978662109375,-1.3664789070963859,0.5053960382625461,0.39861536025889216
1789059089332876300,0.207876220703125,-1.814288725569844,0.8561071262478828,0.7597698816515505
1789059089342886100,0.21788623046875,-1.0373960058122873,0.0728454559803009,0.16797310559116302
1789059089352896300,0.227896240234375,-0.7587737102210521,-0.08550912272036075,-0.5152395330153405
1789059089362906000,0.237906005859375,-0.04355097243487835,0.007141980709135532,-0.3693216438984498
1789059089372916200,0.247916259765625,0.40626024898886676,0.11122136386483907,-0.347123475289531
1789059089382926300,0.25792626953125,0.251022341004014,0.5274149778470397,0.08046568519305437
1789059089392936200,0.267936279296875,-0.5439268444478511,0.840877116151154,1.2799471633300183
1789059089402946300,0.2779462890625,-1.930993781542778,0.11225567534863948,-0.19322624132391064
1789059089412956200,0.2879560546875,-2.1134084502667188,0.7293240361139178,-0.5581751500308514
1789059089422966300,0.29796630859375,1.462267431768775,-1.3808122606143354,-1.6359174870178101
1789059089432976100,0.30797607421875,-0.7469564311772584,1.8066361649900673,-0.985735303614661
1789059089442986200,0.317986328125,-3.184468240749836,1.7185004931584,-0.8818413600284606
1789059089452996400,0.327996337890625,-2.6703128497093913,1.2396388260781763,-0.9164739166662097
1789059089463006200,0.338006103515625,0.09124620506763458,-0.5900728018119931,-1.3541504636600612
1789059089473016300,0.348016357421875,0.8553279585689306,-0.617600567945838,-0.9585150690600276
1789059089483026200,0.358026123046875,1.3905553637325763,-0.0030111645147204396,-0.8323219076432288
1789059089493036300,0.368036376953125,2.0164882912158966,-0.023389058893918988,-0.18764422167418524
1789059089503046400,0.37804638671875,1.345995506516099,-1.0276569943472742,-0.49937159034125506
1789059089513056300,0.38805615234375,0.06679916155338286,-0.571310818196833,-0.36029370331224053
1789059089523066400,0.39806640625,0.21368892790973185,-0.8394535130888223,0.34777971070855856
1789059089533076200,0.408076171875,0.48402621023654935,-0.44821810701340437,0.5789212566679344
1789059089543086300,0.41808642578125,0.5283960978388786,-0.2904521418556571,0.8759376158773898
1789059089553096200,0.42809619140625,1.1351818417817354,-0.4717305000260472,0.5077535611741244
1789059089563106300,0.438106201171875,2.483604283183813,-1.0335469291687012,0.5392117255594581
1789059089573116400,0.448116455078125,2.829164272016287,-1.598127270066738,0.553072493129596
1789059089583126300,0.458126220703125,0.6832891379088163,0.28055589400231834,0.37816611767653374
1789059089593136400,0.468136474609375,-0.9050064739733934,1.1315262418836354,0.0963143021121621
1789059089603146200,0.478146240234375,-0.9933546195119619,0.01811608692705631,-0.12295207887003197
1789059089613156400,0.48815625,-0.9920698403984307,-0.7104732051715255,-0.2775486384777352
1789059089623166200,0.498166259765625,-1.6133797842562199,0.3364367711782455,0.0014156572178937493
1789059089633175300,0.50817529296875,-1.3312129479259251,1.0730205691620707,0.31592644605841486
1789059089643186400,0.5181865234375,0.025346038180589673,0.4083069523856044,0.5387085618102923
1789059089653195300,0.5281953125,0.2758013929516077,1.0246128043457865,0.5350209593387321
1789059089663205400,0.538205322265625,0.0834942757666111,0.8040463918820023,-0.13894952967530116
1789059089673215200,0.54821533203125,0.04420622147321701,0.306409297183156,-0.466680194366537
1789059089683225300,0.558225341796875,-0.011841828963160514,0.2936404165029526,-0.23144980819094924
1789059089693235500,0.5682353515625,0.023140052568912505,-0.13243190967589616,0.01478593785734847
1789059089703245300,0.578245361328125,-0.38800095419883723,0.14136135832369326,-0.11671769625879823
1789059089713255400,0.58825537109375,-0.017165654334425927,-0.4427738701328635,0.14223733744062483
1789059089723265500,0.598265625,-0.08073883957862854,-0.8070578486576676,0.06702199225751683
1789059089733275400,0.608275390625,0.017617489755153655,-0.21617343820184468,-0.20242986727058887
1789059089743285500,0.618285400390625,0.2659440158039331,-0.0354489145219326,-0.4049433942366391
1789059089753295400,0.62829541015625,0.9443407054960727,-0.9044158146038651,-0.47544732859209177
1789059089763305500,0.638305419921875,0.852386059898138,-1.778374823884666,-0.6636980099931359
1789059089773315000,0.648315185546875,0.5268476993530988,-1.8942571652978657,-0.6147467128846794
1789059089783325200,0.6583251953125,0.3593552899509668,-1.522406258650124,-0.6648544865518808
1789059089793335300,0.668335205078125,-0.27694939394295215,-0.9249772488564252,-0.9279021963924169
1789059089803345200,0.67834521484375,-1.3297171564102173,0.5237491488158702,-0.6638127224139869
1789059089813355300,0.688355224609375,-1.1194938587844372,0.33849750310033555,-0.8332733631491661
1789059089823365000,0.698365234375,-0.15625088441967963,0.09134937318116426,-0.5829127009242773
1789059089833375200,0.708375244140625,0.11577391260266304,0.5893807278946042,-0.4433546656955033
1789059089843385300,0.71838525390625,0.24426292987167833,0.6856546979963779,-0.6714448247276246
1789059089853395200,0.728395263671875,0.5774222868144512,0.09442541962563991,-0.20988875017547978
1789059089863405300,0.7384052734375,0.5696002148866653,-0.32501375214904543,-0.08300915913078934
1789059089873415200,0.748415283203125,0.27999358394443985,-0.316373934097588,-0.18440074624093247
1789059089883425300,0.75842529296875,-0.25477380249202247,-0.6267012815073132,-0.38624702320359644
1789059089893435100,0.76843505859375,-0.4860147537052631,-0.8656231426119804,-1.0385616155255586
1789059089903445200,0.7784453125,-0.030944004318118095,-0.8023790431916713,-1.1419354076951742
1789059089913455400,0.788455322265625,-0.12703648037314413,0.06591244184672831,-0.7904907447382807
1789059089923465200,0.79846533203125,-0.13321487674713134,0.28756051206737754,-0.5532536218501627
1789059089933475300,0.808475341796875,-0.16313947488963604,-0.13583353481292723,0.06117869132310152
1789059089943485200,0.818485107421875,-0.754758629360795,0.0952779448017478,0.09454389490615576
1789059089953495300,0.828495361328125,-0.7399258018881082,-0.2482221888914704,-0.25264895582515745
1789059089963505200,0.838505126953125,0.054797173592448234,-0.60958648057729,-0.04748312425203621
1789059089973515300,0.848515380859375,0.3625421032935381,-0.7789879384711385,0.14929478167146443
1789059089983525400,0.858525390625,0.7156435935467481,-0.850269213874638,0.06895199220571667
1789059089993535200,0.86853515625,0.888697728729248,-1.0915069507062434,-0.3960239555262029
1789059090003545300,0.87854541015625,0.5531202047288417,-0.9003197774618864,-0.6288209770750254
1789059090013555200,0.88855517578125,-0.07161912905573845,-0.711315208953619,-1.0313678315639496
1789059090023565300,0.8985654296875,-0.7695517093449831,-0.26761107223331926,-0.7406837806485593
1789059090033575400,0.908575439453125,-1.4549883806765078,1.5480916117876766,-0.47985919021759177
1789059090043585300,0.918585205078125,1.3098369824200868,-2.5964155465885996,0.012386749494820833
1789059090053595400,0.928595458984375,1.1887182016581297,-2.309936692278087,0.07030256656445562
1789059090063605200,0.938605224609375,-0.7276333065479993,0.9284738588005303,-0.13547843776494264
1789059090073615400,0.948615478515625,-0.7517144393593073,0.850459475749731,-0.3584243292437866
1789059090083624400,0.95862451171875,0.3506774779766798,-0.3965054554328322,-0.22714012829829006
1789059090093634300,0.96863427734375,0.6888420958608389,-0.7658966939687728,0.07610997420158237
1789059090103644400,0.97864453125,-0.28535364967286586,1.3741753068178892,-0.044048912019655106
1789059090113654300,0.988654296875,0.22951310450732706,0.4195768266797065,-0.09265037277713417
1789059090123664400,0.998664306640625,0.8871277029335498,0.48108343478292226,0.3526631353685632
1789059090133674500,1.008674560546875,0.7707271828651427,0.1727159892693162,0.48819275533147155
1789059090143684400,1.018684326171875,0.17807167108356953,0.07181815875917673,0.6569442979492247
1789059090153694500,1.028694580078125,-0.17028876212239263,-0.00708148269355297,0.9931569780480116
1789059090163704300,1.038704345703125,-0.5122229616731405,0.7188727847263217,0.9559507715299725
1789059090173714400,1.04871435546875,0.1436737269192934,0.21940029129385946,0.5150924526948482
1789059090183724300,1.058724365234375,0.49520577589869497,0.1999950413390994,0.5806876452859491
1789059090193734400,1.068734375,0.9063695790201425,-0.6071402564689516,0.4218555122014135
1789059090203744500,1.07874462890625,1.043198554611206,-1.4542042445614933,0.2964924449332058
1789059090213754400,1.08875439453125,1.0101783285409212,-1.2748030784398316,0.6281530877508222
1789059090223764500,1.098764404296875,0.23149930988848208,-0.6266761470660567,0.3068913450790569
1789059090233774300,1.1087744140625,-0.4719698617398739,-0.19664222377985716,0.8981714403215795
1789059090243784400,1.118784423828125,-0.4913409171640873,-0.08401654607504606,0.44432036892250176
1789059090253794300,1.128794189453125,-0.38766134698092936,-0.5500491267204284,-0.15611492828140033
1789059090263804200,1.13880419921875,0.058167526808381075,-0.8968243365615606,0.11081565087446943
1789059090273814300,1.148814208984375,0.6869979292988777,-1.1543284408003092,0.19793597165113314
1789059090283824000,1.15882421875,0.20431787297427653,-0.26042232977300883,0.47495223855152724
1789059090293834200,1.168834228515625,0.4005424558639526,-0.3161778270035982,0.49035395195335146
1789059090303844000,1.178843994140625,0.6737292824029922,-0.9010285102531314,0.5450359382009133
1789059090313854200,1.188854248046875,0.24747312408983707,-0.8575997028931975,0.6182687495309859
1789059090323864300,1.1988642578125,-0.7817325610041618,0.07532850496768952,0.5624632756788284
1789059090333874200,1.208874267578125,-0.7088643086701631,-0.07638385923951864,0.3845778478823602
1789059090343884300,1.21888427734375,0.12753800015449523,-0.7637053214043379,-0.06856688361195847
1789059090353894100,1.22889404296875,0.8931699057072401,-0.698399905540049,0.25962449392620474
1789059090363904300,1.238904296875,0.3710159171283245,-0.2983595539793372,0.35107436833977695
1789059090373914400,1.248914306640625,-0.666290072312951,0.35561142724752426,0.279814811577741
1789059090383924200,1.25892431640625,-0.6659539722263813,-0.13349047881811857,0.35403168377541006
1789059090393934300,1.268934326171875,-0.38110359590053555,-0.33036914170235393,-0.17419062839914112
1789059090403944200,1.278944091796875,0.03533434823155403,-0.2992500730782747,0.06853615968013183
1789059090413954300,1.288954345703125,0.38074937563538547,-0.19948855312168598,0.11579687335314229
1789059090423964200,1.298964111328125,0.9898311215609311,-0.611317249892652,-0.011802976523805409
1789059090433974300,1.308974365234375,0.9969663802683353,-0.44863662468641996,0.010797690205089748
1789059090443984400,1.318984375,0.5094920754045248,0.0561599863782525,0.16044325807560234
1789059090453994200,1.328994140625,-0.0006143325060606002,0.25923107416182756,0.44049430782832205
1789059090464004400,1.33900439453125,0.32441900112628935,-0.6372808354496956,0.3762919213024899
1789059090474014200,1.34901416015625,0.37624972612857815,-0.5424465427622198,0.3215967833124101
1789059090484024300,1.3590244140625,-0.446394690978527,0.2161088485330343,0.19867573890145868
1789059090494034200,1.3690341796875,-0.33134500099718567,0.02011164465844631,-0.13532036112640053
1789059090504044300,1.379044189453125,-0.17386837417483328,-0.0751636697947979,-0.26432215022314337
1789059090514054400,1.389054443359375,-0.36846155647039414,-0.06710194389224051,-0.48209462111946194
1789059090524064300,1.399064208984375,-0.8321113336324691,0.13602964190691708,-0.744572897041589
1789059090534074400,1.409074462890625,-0.9486667520016431,0.07796294512450695,-0.8117883112456649
1789059090544084200,1.419084228515625,-0.9800906487911939,-0.07461918765455484,-0.8497896867293864
1789059090554094300,1.42909423828125,-0.5370926145136357,-0.1494058408305049,-0.8554568456456064
1789059090564104200,1.439104248046875,0.010193477234244346,-0.1510930632650852,-0.6861927503958344
1789059090574113300,1.44911328125,0.40089959873855113,0.29552023890018464,-0.5742986749012022
1789059090584123400,1.459123291015625,1.1506044518411158,-0.4643550028219819,-0.5120458150079473
1789059090594133500,1.469133544921875,0.9940642290860414,-0.39362931547462937,-0.5333777587089688
1789059090604143400,1.479143310546875,-0.5001473239541053,0.6795081580653787,-0.7729092030793427
1789059090614153500,1.489153564453125,-0.7918506349146366,0.6925874198690056,-0.26921087211277334
1789059090624163300,1.499163330078125,0.24721651898026464,-0.7922381729274988,-0.13136327579738571
1789059090634173400,1.50917333984375,0.495912462863326,-1.1735726549744605,0.07171709127118811
1789059090644183300,1.519183349609375,-0.2171639105439186,0.24796733734756707,0.14374611630206927
1789059090654193400,1.529193359375,-0.33459202009439465,0.5382534749865532,0.41924532970301803
1789059090664203500,1.53920361328125,-0.04657470417022705,-0.24090894326865672,0.4396197900161147
1789059090674213400,1.54921337890625,-0.25956454389989375,0.03655190732777119,0.33448731761090456
1789059090684223000,1.559222900390625,0.04773556464314461,-0.0520601498439908,0.059979891726281494
1789059090694232800,1.56923291015625,0.27979893815517426,-0.2552586633995175,0.12069239030973986
1789059090704243000,1.579242919921875,-0.029081717577576636,0.36113223649561405,0.3213451466389
1789059090714253000,1.589253173828125,0.18954700482189654,-0.08348667698204516,-0.1214599223498255
1789059090724263000,1.599262939453125,0.45811552391052246,-0.27187954333275555,-0.5035580091804266
1789059090734273000,1.60927294921875,0.5489829587936401,-0.34790684421956536,-0.48971667696312066
1789059090744283000,1.619282958984375,0.3020160306602716,0.0037400633111596107,-0.5928144286703318
1789059090754293000,1.62929296875,0.3892676131337881,-0.005642974323034286,-0.3538146800238639
1789059090764302800,1.639302734375,0.749055449283123,-0.4110048131674528,-0.42931167342625554
1789059090774313000,1.64931298828125,0.4891530517309904,-0.11695260099321603,-0.6878712050020694
1789059090784323000,1.659322998046875,0.02252805815041065,-0.16822189272046087,-0.4956968473512679
1789059090794333000,1.6693330078125,-0.9042553633451461,0.24249328985065222,-0.6336767465431243
1789059090804343000,1.679343017578125,-1.5759686297506093,0.5162473948836326,-0.6610984950192272
1789059090814353000,1.689352783203125,-1.6789666474103926,0.5396180413380265,-0.5271022221034393
1789059090824363000,1.699363037109375,-1.044451769542694,-0.15773323193192482,-0.3328410482412204
1789059090834373000,1.709373046875,0.03669394614696502,-0.156168174572289,-0.22792568918541073
1789059090844383000,1.719383056640625,1.1875012270838021,-0.3095940646991133,-0.07136100784251466
1789059090854393000,1.72939306640625,0.39580607499182224,0.36356384755671023,-0.33336320895180105
1789059090864403000,1.73940283203125,0.15338789620399473,0.27434184179306026,-0.11142316091409883
1789059090874413000,1.7494130859375,-0.3921206644773483,-0.06730418846607208,0.03728951002047397
1789059090884423000,1.7594228515625,-0.7932032185673713,-0.16046061106920242,0.011232154365908353
1789059090894433000,1.76943310546875,-0.7919768916428088,-0.35037469563782214,0.19184976533893494
1789059090904443100,1.779443115234375,0.3974959277749061,-0.9022326253458857,0.1551392516496591
1789059090914453000,1.789452880859375,-0.013883563923835754,0.3677817575126886,-0.18833331818319857
1789059090924463000,1.799463134765625,-0.035383448070287704,-0.3857183962196111,-0.03602788345366716
1789059090934473000,1.809472900390625,0.15816928526163102,-0.13746815027743578,0.36061862441767006
1789059090944483000,1.819483154296875,0.17132219682335853,0.08817249671071767,0.6681102734774351
1789059090954493000,1.829492919921875,0.0062982233613729476,-0.10058861843049526,0.4534764294004068
1789059090964503000,1.8395029296875,0.5181032518833876,-0.5831567388132214,0.4920733961571008
1789059090974513200,1.84951318359375,-0.3315373086988926,0.5241542224854231,0.31760533905606714
1789059090984523000,1.85952294921875,0.277689983177185,0.2649266554549336,0.25900150318965315
1789059090994533000,1.869533203125,1.272920917955041,-0.21848814488500357,0.43719117462970314
1789059091004543000,1.87954296875,0.8947674040317535,0.07997720755636692,0.2750871072024107
1789059091014553000,1.889552978515625,-0.13376958802044392,0.540898436537385,0.08283367469971999
1789059091024563200,1.899563232421875,-0.6454051051944494,0.41781040152907367,-0.007058677206700667
1789059091034573000,1.909572998046875,0.30159926655292507,-0.7734399489551782,-0.03935447972626425
1789059091044583200,1.919583251953125,0.5317442392230034,-0.9098296563461422,0.018438464448950254
1789059091054593000,1.929593017578125,-0.14080138635337353,-0.1860971566289663,-0.1844798758917488
1789059091064603100,1.93960302734375,-0.23704350001215935,0.04326192636042833,-0.24180483266245573
1789059091074613000,1.949613037109375,0.4802227263003587,-0.13825053282678126,-0.24290351461935786
1789059091084623000,1.959623046875,0.8367576981335878,-0.2635676420614123,0.05663648131620139
1789059091094632000,1.9696318359375,0.8661462897032499,-0.20111761562824249,0.13300871405000797
1789059091104643000,1.97964306640625,0.974674468961358,-0.44380438222438096,-0.014400308673782274
1789059091114652000,1.98965185546875,0.6308429113566875,0.1299357089459896,0.03103852333431132
1789059091124662000,1.999662109375,0.8825175787895917,-0.6942606137782334,0.10460824760170653
1789059091134672000,2.009671875,-0.029947979018092152,0.3028454672217369,-0.044324030033452436
1789059091144682000,2.019681884765625,0.37071255026757716,0.0023570845201611517,0.4924374802291393
1789059091154691800,2.02969189453125,0.5219523285269737,-0.24771073223799467,0.4268289532324299
1789059091164702000,2.039701904296875,0.8083230462878942,-0.7783250906482339,0.34050778347682203
1789059091174712000,2.049712158203125,0.6710521721482277,-0.401645740930736,0.2895954884937033
1789059091184722000,2.059721923828125,0.7818646629512309,-0.5832385718777775,-0.08752572323977947
1789059091194732000,2.06973193359375,0.6850748522818089,-0.7262377605363726,-0.20783797339182347
1789059091204742000,2.079741943359375,0.48762861864268775,-0.3153580350533128,-0.15705774382315574
1789059091214752000,2.089751953125,0.34246552994847296,-0.06001783085018396,-0.1717641684371978
1789059091224761900,2.099761962890625,0.12135785021483897,0.4541261620134115,-0.44971404465958476
1789059091234772000,2.10977197265625,0.6558282995313406,-0.3657961366534233,-0.1982472478237003
1789059091244782000,2.119781982421875,1.283079323875904,-1.643003061364591,-0.2301175732064992
1789059091254792000,2.1297919921875,0.6699088473320007,-1.2028399582520126,-0.13907973192622886
1789059091264802000,2.139802001953125,-0.6384609851449727,0.5292322564020753,-0.02780010766866617
1789059091274812000,2.14981201171875,-0.6991372799038886,0.3223725899904966,-0.010594970707222819
1789059091284822000,2.159822021484375,0.326305253264308,-0.7705629322141408,0.18996296521164477
1789059091294831900,2.169831787109375,0.9841787948876619,-1.248451662608981,-0.0711828839297872
1789059091304842000,2.179842041015625,-0.2800087815135717,0.19289017776995895,-0.07201590068782679
1789059091314852000,2.18985205078125,-0.35867958264648914,0.4394754131093621,-0.40486572589054703
1789059091324862000,2.199862060546875,0.24379472783803938,-0.4844517421722412,-0.3386246731439605
1789059091334872000,2.2098720703125,0.5254781645655632,-1.2341104180455207,-0.12611072556404396
1789059091344882000,2.2198818359375,-0.2880518027156591,-0.6720841455444693,-0.31747780368626116
1789059091354892000,2.22989208984375,-0.44896074207425113,-0.6899760683268308,-0.1310330209297128
1789059091364902100,2.239902099609375,-0.40881110251545905,-0.6709826140433549,-0.5926956611288711
1789059091374912000,2.249912109375,-0.3388561072796583,-0.9562719663083553,-0.4091761729681864
1789059091384922000,2.259922119140625,-0.31226386843025683,-0.45823038246184583,-0.07922304645450785
1789059091394932000,2.269931884765625,-0.08538578860163688,-0.7717369444295763,-0.022718173895031214
1789059091404942000,2.279942138671875,0.19464988091886043,-0.9760437114879489,0.010681534745823592
1789059091414952000,2.289951904296875,-0.49894087077379223,0.16127864945381878,-0.07204861564734019
1789059091424962000,2.299962158203125,-0.5821691890805959,0.06503799709975719,-0.21147727974224834
1789059091434972200,2.30997216796875,-0.6025754327714443,-0.33553076224923134,0.13546510335933415
1789059091444982000,2.31998193359375,-0.3204723093271255,-1.0150038490012288,0.16457369067752733
1789059091454992100,2.3299921875,-0.6801239518761635,-0.47153351614922284,-0.01445959197981283
1789059091465002000,2.340001953125,-0.7835714668691158,0.17951690145581958,-0.2007302237458527
1789059091475012000,2.35001220703125,-0.31257249598801135,-0.3345762380033731,0.07447648211508058
1789059091485022000,2.36002197265625,-0.023982348611950872,-0.298647138749063,-0.08163851009840145
1789059091495032000,2.370031982421875,0.006605097353458404,-0.8170151790484785,-0.16545911347623912
1789059091505042200,2.380042236328125,-0.4022679644823074,-0.5702598478391766,-0.41354631434381006
1789059091515052000,2.390052001953125,-0.3711731535166502,-0.4545090238511562,-0.35348029697034505
1789059091525062100,2.400062255859375,0.30216274565458295,-0.704000502026081,0.08152910404033027
1789059091535072000,2.410072021484375,0.3722486737936735,-0.15439327385425566,0.17593604729436338
1789059091545082000,2.42008203125,0.8652075475484132,0.05721884778141975,0.04871241945181973
1789059091555092200,2.43009228515625,2.0817969219505787,-1.369151341176033,0.2723445670286193
1789059091565102000,2.44010205078125,1.2365911289453506,-0.18684388334304095,-0.22722011646563187
1789059091575112200,2.4501123046875,0.30801088716089725,0.4748313886508345,-0.3213143861744553
1789059091585122000,2.4601220703125,0.6925748526483774,-0.697827366349101,-0.10343130364366807
1789059091595132200,2.470132080078125,1.2692752549290656,-2.5314973764762283,0.12715680968402884
1789059091605142000,2.48014208984375,-0.2991840221047401,0.058068742609024046,-0.28199173549171536
1789059091615152000,2.490152099609375,-0.04656593634188175,0.1771317598849535,-0.12745139958327636
1789059091625162200,2.500162353515625,0.9288257409781217,-0.8590952021479606,0.305705057903938
1789059091635172000,2.510172119140625,0.7108838317990303,-0.20428280166089532,-0.5113498686330392
1789059091645182200,2.52018212890625,0.2719979090154171,0.13705401651859284,-0.4981431445248425
1789059091655192000,2.530192138671875,0.37099604338407516,-0.2791729152113199,-0.04511738150138408
1789059091665202000,2.540201904296875,0.1131914948940277,-0.26081132909059523,-0.1031382207149174
1789059091675212000,2.5502119140625,0.14279285243153572,-0.8056438902065157,0.09572347834585233
1789059091685222000,2.560221923828125,-0.3573229073405266,-0.03715542617887258,-0.25464849561192093
1789059091695231000,2.57023095703125,0.32216040854454037,-0.9618696401849388,-0.054196632149722423
1789059091705241000,2.580240966796875,1.0131500378280878,-0.8118585269376635,0.26950192748121915
1789059091715251000,2.5902509765625,1.9215625208526848,-0.8275918103814125,0.017245350240822882
1789059091725261000,2.600260986328125,1.2974065399140118,-0.21927608039230106,0.2781670261044055
1789059091735271000,2.61027099609375,0.2846814494997263,-0.23468144705593585,0.026518497759755698
1789059091745281000,2.620281005859375,-0.7426905904263258,-0.6738441409543157,0.2080267739621922
1789059091755291000,2.630290771484375,-1.7388152591735124,0.07626110964268445,0.46542073235735293
1789059091765301000,2.640301025390625,-1.1026789175838232,-0.17110680050700902,0.3192683768974617
1789059091775311000,2.65031103515625,0.3328396234691143,-0.8872314555689692,0.06898155622691847
1789059091785321000,2.660321044921875,1.2797452110171317,-0.9091410895600914,-0.2618088522279635
1789059091795331000,2.6703310546875,1.208937982866168,-0.4745522794485092,-0.2779572375449352
1789059091805341000,2.6803408203125,1.1179004521131515,-0.6067793142020702,-0.3369306556424126
1789059091815351000,2.69035107421875,0.8018868757605552,-1.1077587050661444,-0.16276691525019704
1789059091825361000,2.70036083984375,0.3771615802764892,-1.5097823393985628,0.011436727894144133
1789059091835371000,2.71037109375,0.0653992316275835,-1.1359349982365965,0.21313874668106436
1789059091845381000,2.720381103515625,-0.037222938457131385,-0.7766022123783827,-0.3554004148453474
1789059091855391000,2.730390869140625,0.17884674710929394,-1.3601625635564327,0.007519864977663383
1789059091865401000,2.740401123046875,-0.36987551492154597,-0.11324731673449277,0.5612072112031281
1789059091875411000,2.750410888671875,0.30552316199839114,-0.654743719165027,0.5060145354870706
1789059091885421000,2.760421142578125,0.8802285910695791,-1.279112173810601,0.9522687950816004
1789059091895431200,2.77043115234375,0.3079536040157079,-0.47588586613982914,0.35113293012659996
1789059091905441000,2.78044091796875,0.33539223056137557,-0.7231517772197723,0.6365460914343595
1789059091915451100,2.790451171875,0.46317280730009075,-1.1960846387729047,0.71762388064377
1789059091925461000,2.8004609375,-0.509088755300641,-0.7846046093091368,0.5216607251692563
1789059091935471000,2.81047119140625,-0.5759136358171701,-0.5568623138666152,0.6672467885158956
1789059091945481000,2.82048095703125,-0.5897995378285646,-0.8720610667049884,0.2627757792976685
1789059091955491000,2.830490966796875,-0.23748773664832115,-1.0777268471568822,0.5174752927107736
1789059091965501200,2.840501220703125,0.40575171494483947,-0.8420233635768294,0.8223567592721432
1789059091975511000,2.850510986328125,0.6192816529005766,-0.4128776213020086,0.4396627523750066
1789059091985521200,2.860521240234375,0.8368383621543646,-0.43750937373340126,0.5761159169236197
1789059091995531000,2.870531005859375,0.4364917211234569,0.26822131308615205,0.526376063253358
1789059092005541000,2.880541015625,0.1623661524295807,-0.4330778210267424,0.11270760210091248
1789059092015551000,2.890551025390625,-0.36745851690769193,-0.32159663718193765,0.5246779540985822
1789059092025561000,2.90056103515625,-0.48262452674508094,-0.1212020751312375,0.33899770770743487
1789059092035571200,2.9105712890625,-0.12600713732540605,-0.01814618980437517,0.0367295654496178
1789059092045581000,2.9205810546875,0.20888941867351532,-0.2405538462206721,0.35295517711769786
1789059092055591200,2.930591064453125,0.10451134483218193,-0.02176642612814903,0.1722992068956606
1789059092065601000,2.94060107421875,0.09502864621579646,-0.6128901982977986,-0.048467824440449475
1789059092075611100,2.950611083984375,-0.11452186671495437,-0.8673524506226181,0.2854173808251507
1789059092085621000,2.96062109375,-0.42356385048925876,-0.5302838112816214,0.19217636694479734
1789059092095631000,2.970631103515625,-0.3575648994028568,-0.22227058603316543,0.12426065898425877
1789059092105641200,2.98064111328125,0.26781623941659927,-0.1691185492992401,0.09652790833022445
1789059092115651000,2.990651123046875,1.3694512009054423,-1.506988032504916,-0.00896207227576524
1789059092125661200,3.0006611328125,1.0822785191118716,-1.3090002393350004,0.0992539174943231
1789059092135670800,3.0106708984375,0.3553589137911796,-0.28515578901320693,0.6456170674446969
1789059092145681000,3.020680908203125,0.5083569338947534,-0.9467325690686702,0.7071764286484569
1789059092155691000,3.03069091796875,0.05612812993526459,-0.3012354016765952,0.5032574187986553
1789059092165700900,3.040700927734375,-0.20549743814766405,0.04842325464636087,0.035283293897751714
1789059092175711000,3.0507109375,0.2828425436347723,-1.4803016856312752,-0.642926659316942
1789059092185720800,3.060720947265625,0.30219021818339825,-0.4283721275538206,-0.3873313478415832
1789059092195731000,3.07073095703125,0.1530325068950653,0.23774492627978325,0.7057083288572729
1789059092205741000,3.080740966796875,-0.33199148220717906,0.12368453959673642,1.2071342213798313
1789059092215751000,3.0907509765625,-0.5017758019387721,-0.47471623783856626,0.07276913934107869
1789059092225761000,3.100760986328125,0.06912146702110766,-0.6002624796539545,-0.48128560629151756
1789059092235771000,3.11077099609375,0.6432540646404028,-0.7059560200080275,-1.2085535135932266
1789059092245781000,3.120781005859375,0.4216185616403818,-0.7828495823353528,-1.087266828918457
1789059092255790800,3.130790771484375,0.2504816582560539,-0.13775164339393375,0.3647787397718057
1789059092265801000,3.140801025390625,0.4676455687999725,-0.7916095196351408,1.1703988472439348
1789059092275811000,3.15081103515625,0.5480839641273021,-0.45312078436315056,1.2041595164179801
1789059092285821000,3.160821044921875,0.5756967781960964,-0.40493893725723024,0.35049638578873127
1789059092295831000,3.1708310546875,-0.20141864440143106,0.3084875647619367,-0.023736885950900614
1789059092305841000,3.1808408203125,-0.3512900569170713,-0.29380992785096166,-0.5158130951195955
1789059092315851000,3.19085107421875,-0.41863516191542144,-0.4991901693597436,-0.2924870452167466
1789059092325860900,3.20086083984375,-0.0016039280652999878,-1.0256368866965173,0.05570113669484853
1789059092335870000,3.210869873046875,0.03504851702749729,-1.497763692563772,0.4904460141509771
1789059092345880000,3.220880126953125,0.19071429503560064,-0.9341334919974207,0.6437182480860502
1789059092355890000,3.230889892578125,-0.08604454477131367,0.12676292412877083,0.35572292479798195
1789059092365900000,3.240900146484375,0.7168681669056415,-1.8955793538123369,-0.00011767156291753053
1789059092375910100,3.25091015625,0.36026363696753977,-0.712421124368906,-0.12912574426997453
1789059092385920000,3.260919921875,0.38639761065542694,0.08417787411659955,0.10512914793696254
1789059092395930000,3.27093017578125,2.9251193854272364,-3.2639363297402855,0.2895355019347742
1789059092405940000,3.28093994140625,3.1123171967744825,-1.3690528492376208,-0.03185852534715086
1789059092415950000,3.2909501953125,3.637738662716746,-0.9332157926306128,0.4329337729135528
1789059092425960000,3.3009599609375,3.822760299068689,-1.3028253500923515,0.2025192625870928
1789059092435970000,3.310969970703125,1.8877409152716398,0.3212187437802553,-0.17108937444817274
1789059092445980200,3.320980224609375,1.0089520016163587,-0.5180769483983516,0.3101710608694702
1789059092455990000,3.330989990234375,0.7845967182636261,-0.6197063080534339,-0.2399921206846833
1789059092466000100,3.341000244140625,1.1643857244342566,-1.6654174300074576,-0.20777429703846573
1789059092476010000,3.351010009765625,-7.7351488466143605,2.7975051051661373,-0.7582830040946602
1789059092486020000,3.36102001953125,-16.58564729181528,4.689609768605232,-0.9775104230396449
1789059092496030200,3.3710302734375,-15.723056648766994,0.36049978381097314,-0.955999432977289
1789059092506040000,3.3810400390625,-5.757634136915207,-3.102732206827402,-0.5116336905431003
1789059092516050200,3.39105029296875,2.906542695251107,-3.7035207561820744,0.42998811138309534
1789059092526060000,3.40106005859375,5.632371095955372,0.4194394640356302,-0.3377048914179206
1789059092536070100,3.411070068359375,7.078658283782005,0.3244888514921069,0.2124386538540013
1789059092546080000,3.421080078125,4.893904845225811,-1.2003846740543842,0.14584886073498055
1789059092556090000,3.431090087890625,0.9828314719319343,-1.834529549565911,0.45089021229948845
1789059092566100200,3.441100341796875,-2.0870418368667365,-0.590567307330668,1.8726221104644238
1789059092576110000,3.451110107421875,-2.024327898800373,-0.5462403820872307,0.851349118065834
1789059092586120200,3.4611201171875,-0.47354222562313075,-0.1086143962368369,0.5773210549296811
1789059092596130000,3.471130126953125,1.60899645460546,-0.41920477849692106,0.29851841606916857
1789059092606140200,3.48114013671875,1.476883401620388,-0.17903613220155237,-0.2648218799062073
1789059092616150000,3.49114990234375,0.3847439982295036,1.0089227755218744,0.7011972081083804
1789059092626159900,3.501159912109375,-0.6220195534318685,1.8766569189384579,1.0474340732891112
1789059092636170000,3.511169921875,-0.12707973499298095,0.171996442823112,0.508735923274979
1789059092646179800,3.521179931640625,-0.12982523430883883,0.3041983431354165,0.41132377945613113
1789059092656190000,3.53118994140625,0.7999275583863258,-0.3070958181425929,0.2002246488438919
1789059092666199800,3.54119970703125,0.8384095569938421,0.34245325498878953,0.17565660929847507
1789059092676210000,3.5512099609375,1.1126035147488116,0.12158669053465128,0.1752094317865558
1789059092686219800,3.5612197265625,1.0316250211954117,-0.4392755066230893,-0.3222488540129736
1789059092696229600,3.571229736328125,0.4877145433604717,-0.9952031699880957,-0.7770706336077302
1789059092706239700,3.58123974609375,0.35435119805335996,-0.7058616197228431,-0.7182306143652647
1789059092716249600,3.59124951171875,0.7766279313415289,-0.4754942364737391,-0.46582463698312637
1789059092726259700,3.601259765625,0.3927303208082914,-0.10548837317079306,-0.6275858092568815
1789059092736269800,3.611269775390625,-0.8505278648108243,0.6031152387365698,-1.224775968793407
1789059092746279700,3.62127978515625,-1.8110335231661796,0.1246139294013381,-0.8631124749653041
1789059092756289800,3.631289794921875,-1.848989452072978,-0.3322968948945403,-0.8601616623356938
1789059092766299600,3.641299560546875,-0.7363818456709385,-0.9657613869264722,-0.4557550053242594
1789059092776309800,3.651309814453125,0.25873686090409753,-0.7536199807196855,-0.41457094468381256
1789059092786319600,3.661319580078125,1.116221120724082,-0.544818532590568,-0.7123219017781317
1789059092796329700,3.671329833984375,1.8796756822377443,-0.7613757094129919,-0.9880150851149111
1789059092806339800,3.68133984375,0.7351771460562944,0.6538759964197873,-0.5592856320234015
1789059092816349700,3.691349609375,0.6811778448432684,0.3315042832121253,-0.7193017507281154
1789059092826359800,3.70135986328125,0.594036152485013,0.6650047086775303,-0.8503359955005347
1789059092836369700,3.71136962890625,0.8386562252312898,0.7456640532791614,-0.4653190255485475
1789059092846379800,3.7213798828125,1.5742191557347773,-0.7716846297204494,-0.4719957268334925
1789059092856390000,3.731389892578125,-0.2796434553325176,0.2361506428256631,-0.4762534573432058
1789059092866399500,3.7413994140625,-1.667619323965907,-0.48000732998400925,-0.2632952913934365
1789059092876409600,3.75140966796875,0.6181143626868725,-7.254431030273437,-0.051534208007436244
1789059092886419500,3.76141943359375,-0.8598509889513254,-7.623617393887042,-0.7182355097360908
1789059092896429600,3.7714296875,-2.9193612602919337,-5.840446860158443,-0.3172584618471563
1789059092906439400,3.781439453125,-4.915452660167217,1.2989242510005832,0.19850843777684493
1789059092916449500,3.791449462890625,-1.525840032491088,2.604864810504019,0.037782682098587976
1789059092926459600,3.801459716796875,2.284279396191239,3.0989249234989282,0.6037074690086767
1789059092936469500,3.811469482421875,4.101466765812039,1.062296346051991,0.06619461978897452
1789059092946479600,3.821479736328125,3.053013359412551,-0.8699322379827499,-0.9941223890140652
1789059092956489500,3.831489501953125,0.8900023815870285,-0.14024609055817128,0.2069174610134214
1789059092966499600,3.84149951171875,-0.22468553822040557,1.155498069101572,0.38520708569660783
1789059092976508700,3.8515087890625,-1.360480543464422,2.596482182084024,0.38859029839411374
1789059092986518500,3.8615185546875,-0.5715998642712831,1.5792551040753722,0.7184135697167366
1789059092996528600,3.871528564453125,0.9820353531181811,-0.37476737861633297,0.06963528916160576
1789059093006538800,3.881538818359375,1.3290081313580273,-0.36266602193415165,-0.5704929624753072
1789059093016548600,3.891548583984375,0.28119594547152515,0.08025543997585773,-0.5406342691758648
1789059093026558700,3.901558837890625,-1.7634446735173464,0.7070914537787437,-0.41884778175279497
1789059093036568600,3.911568603515625,-2.573414902490377,-0.5780234675779938,-0.5265743257718161
1789059093046578700,3.92157861328125,-2.283365788477659,0.2490942955508828,-0.06804124316950329
1789059093056588500,3.931588623046875,-0.021290040788054465,0.25926468417048454,0.021852661373186855
1789059093066598700,3.9415986328125,1.7512924634307623,-0.0443938529998064,0.2659473220058717
1789059093076608800,3.95160888671875,2.2405630040615794,0.5536918671369552,0.4631425582922995
1789059093086618600,3.96161865234375,3.0396424211859703,-1.8850389628365636,0.30192234276114027
1789059093096628700,3.971628662109375,1.7312538840085268,-1.5892337695151566,0.3545882947448641
1789059093106638600,3.981638671875,-0.5878069027066231,0.26843612488061186,1.081289508074522
1789059093116648700,3.991648681640625,-1.1346142710268496,-0.9271814809024334,0.8365112490918487
1789059093126658600,4.001658447265625,-1.9261188689827917,-0.5575967656210065,0.5665471839915961
1789059093136668700,4.011668701171875,-0.8037830647706985,-1.2809040256634354,0.6981493648450822
1789059093146678800,4.0216787109375,0.5929179621100426,-1.2127090258374809,0.5388733969831839
1789059093156688600,4.031688720703125,1.2156243287622928,-1.1523422354191541,0.2715279534161091
1789059093166698800,4.04169873046875,0.7792331454038619,0.20464082131832836,0.7602700862586498
1789059093176708600,4.05170849609375,1.1785896063536405,-0.24238076938688755,0.12188097903979941
1789059093186718700,4.06171875,0.5340256281584501,0.1748959636569023,0.30664683226607736
1789059093196728800,4.071728759765625,-1.23521224180758,-0.06549538547843695,0.4272247110843658
1789059093206738700,4.08173876953125,-2.9989626202732325,0.17915420562326906,0.04654527714634314
1789059093216748800,4.091748779296875,-3.9654941147893665,0.8347913664966821,-0.20797157317623494
1789059093226758700,4.101758544921875,-0.858303759509325,-0.8393103052258492,0.4225989509798586
1789059093236768800,4.111768798828125,1.5155612150609492,-1.2945765771850943,-0.07710576203959062
1789059093246778600,4.121778564453125,2.161530968400836,-1.0594432947084307,0.12602757732523603
1789059093256788700,4.131788818359375,2.0121406174004077,-2.0661416721791026,0.1094866124941036
1789059093266798800,4.141798828125,1.1337567774146795,-2.4264698988154527,-0.4160775863870978
1789059093276808700,4.15180859375,-0.606684621655941,-1.027983742083609,-0.21592846873113886
1789059093286818800,4.16181884765625,-1.841969344177842,-0.7108052136048674,-0.561472657206282
1789059093296828700,4.17182861328125,-3.206219469308853,2.0022467076346278,-0.718106987985596
1789059093306838800,4.1818388671875,-1.9133382978647946,1.0553756068781017,0.10208594431616365
1789059093316848600,4.1918486328125,0.5744657750964164,-0.3096387806236744,0.029480306707415728
1789059093326858800,4.201858642578125,1.5873182912826538,0.4517684929713607,-0.11947296804999932
1789059093336868600,4.21186865234375,1.8952572822511196,0.608057079052925,-0.0031087066050618883
1789059093346878500,4.22187841796875,1.102658459317684,1.1805033310204744,-0.5814270654764027
1789059093356888600,4.231888671875,-0.21311258932650087,0.43710050067156553,-0.22022890587141736
1789059093366898400,4.2418984375,-1.1202426313251257,-0.9531251927152276,-0.17068709552390499
1789059093376908500,4.251908447265625,-1.0604138933062552,-1.4185767586022615,0.1331406242008321
1789059093386918700,4.261918701171875,-0.7156424245029688,-1.1379024989172815,0.44343434333559123
1789059093396928500,4.271928466796875,0.8236994791179895,-1.3683002773046493,0.2660641715848818
1789059093406938600,4.281938720703125,1.3073942654430866,-1.0976672269016503,0.23012961070416493
1789059093416948500,4.291948486328125,1.0339601861447096,-1.1001157890975475,0.034792624303977934
1789059093426958600,4.30195849609375,0.16383973211348055,-0.7840110273301601,-0.021762060480285436
1789059093436968400,4.311968505859375,-1.1282330455571412,0.44347938805371523,-0.33236287280283866
1789059093446978600,4.321978515625,-1.0677467204123734,0.42825697674155233,-0.6941667980149387
1789059093456988700,4.33198876953125,-0.9846733004063367,0.5232242481589316,0.08519662270508706
1789059093466998500,4.34199853515625,0.5086801744997501,-0.955015536506474,0.2338441194489598
1789059093477008600,4.352008544921875,1.7357184622019528,-1.5192685451462864,0.2987862001598812
1789059093487018500,4.3620185546875,1.3119810087114572,-0.35968349899202584,0.1307599578756839
1789059093497028600,4.372028564453125,0.7590677247315645,0.02280132213383913,-0.5560722594674676
1789059093507038700,4.382038818359375,0.268005039986968,-1.384716574576497,0.44485823865886776
1789059093517048600,4.392048583984375,-1.2066612701058388,-0.060844929324090476,0.8188977048594505
1789059093527058700,4.40205859375,-0.3153331928730011,-1.837966830538213,1.0827344461858273
1789059093537068500,4.412068603515625,0.5265028314381838,-1.3229349489241837,1.5013193392187356
1789059093547078700,4.42207861328125,0.9618728550553322,0.3168199242994189,0.8854487368706613
1789059093557088500,4.432088623046875,1.205107026401162,-0.05419453152418136,1.086679092158377
1789059093567098600,4.4420986328125,0.8602630768835544,-1.093469775211811,0.8202559145353734
1789059093577108700,4.452108642578125,-0.14568857387304304,-1.9295736856117844,0.3148446056384593
1789059093587118600,4.46211865234375,-0.24558336482048032,-1.8851327785998582,0.8562961460139602
1789059093597128700,4.472128662109375,-0.2501549105197191,-1.2359700744375586,1.0314405314739792
1789059093607137800,4.4821376953125,0.2477496029436588,-0.5238263057053089,0.9777035344589501
1789059093617147600,4.492147705078125,0.3132031951069832,0.09528875845670699,1.179200139467418
1789059093627157800,4.50215771484375,0.3975485347449779,0.06984101346731185,0.9638915014013647
1789059093637167600,4.512167724609375,0.07531213835477829,-0.2601774151012301,0.598227247499302
1789059093647177700,4.522177734375,-0.4128752832144499,0.5735159270256758,0.7625786554619669
1789059093657187600,4.5321875,-1.0257768796890974,0.7327072488114237,0.07183247954547405
1789059093667197700,4.54219775390625,-1.4384317981511354,0.029581483793258666,-0.2985901295985095
1789059093677207800,4.552207763671875,-0.984820015400648,-1.1842647293806075,-0.13676942742355166
1789059093687218200,4.56221826171875,-0.3303612506568432,-0.6961451123505831,0.03546484274342656
1789059093697228300,4.572228271484375,0.5383212795257568,0.31922026343941684,0.03869348593372851
1789059093707238100,4.582238037109375,1.7661615312606096,0.4385018919020891,-0.017273169829510153
1789059093717248300,4.592248291015625,1.690152058291435,0.5001645673498512,-0.4012547323191538
1789059093727258000,4.602258056640625,0.4193219751358032,0.4840656654641032,-0.5512180974345654
1789059093737268200,4.612268310546875,1.0360141960650682,-3.208511671899259,-0.8594785023771226
1789059093747278300,4.6222783203125,-0.6766910548180342,-1.1968728665411472,-0.3177101511374116
1789059093757288200,4.6322880859375,-1.1362672989308833,-0.8306894841358066,-0.07079754700716584
1789059093767298300,4.64229833984375,-0.850136819666624,0.38481501763910053,-0.2129919220888987
1789059093777308200,4.65230810546875,0.14396306525468824,-0.5191097985774278,0.3202282714381814
1789059093787318300,4.662318359375,1.011874026542902,-0.5839069726586341,0.3035133930785581
1789059093797328100,4.672328125,1.6108973197907208,-1.6280658967345951,-1.0060261772975325
1789059093807338200,4.682338134765625,1.3373662098586558,-0.5087842193961143,-0.32555428876653314
1789059093817348400,4.692348388671875,1.454728852957487,-1.4450737203836441,-0.5200767439134418
1789059093827358200,4.702358154296875,-0.28722704232931134,0.06661006872206926,0.2925310670215636
1789059093837368300,4.712368408203125,-1.4601824421882628,0.3494172487825155,0.876436724505946
1789059093847378200,4.722378173828125,-2.026427501428127,0.2844353657841682,-0.17465678460616618
1789059093857388300,4.73238818359375,-0.09516834694743156,-0.980066098871827,0.2035702694773674
1789059093867398100,4.742398193359375,0.9493611640065908,-0.5286623475596308,-0.05336953367581591
1789059093877408300,4.752408203125,1.4262825106739998,0.09792349087446928,-0.39647330672889947
1789059093887418400,4.76241845703125,1.2241530876547098,0.2627238847136497,-0.0966625310279429
1789059093897428200,4.77242822265625,0.8444529288113116,-0.017019816122949123,-0.5587259888466447
1789059093907438300,4.782438232421875,-0.5291308418542147,0.0011067921981215477,-0.8301808039613068
1789059093917448200,4.7924482421875,-1.3959908327847719,-0.5427618923217058,-0.12143540896307677
1789059093927458300,4.802458251953125,-2.533116209849715,0.8195616486608982,-0.3498128239713609
1789059093937468400,4.812468505859375,-0.8224234678328036,-0.5073471723303199,-0.08821600705888122
1789059093947478300,4.822478271484375,1.2321633756309747,-0.4028098162740469,0.2272628961614333
1789059093957488400,4.83248828125,2.5238907008647917,-0.5816381509438157,-0.3725837144343182
1789059093967498200,4.842498291015625,1.8424106582045554,0.6609969343408942,-0.2812279115123674
1789059093977508400,4.85250830078125,0.14960428601205347,0.17219927191883325,-0.6842439544156194
1789059093987518200,4.862518310546875,-0.520239679390192,-1.2908499578773975,-0.36697208509761836
1789059093997528300,4.8725283203125,-0.6228080734610557,-1.806140490427613,-0.17898779954779892
1789059094007538400,4.882538330078125,-0.09618249242603778,-1.350761990265548,0.3916493937037885
1789059094017548300,4.89254833984375,0.7255518240988255,-0.4519873964190483,0.42849933413006364
1789059094027558400,4.902558349609375,1.4794897847265005,-0.8947656504660845,0.4652663820458576
1789059094037568300,4.912568359375,1.0524094505488872,-0.2504524321615696,-0.1355473930816166
1789059094047578400,4.922578369140625,0.020348960545659062,-0.28351269798129797,0.31673750671297307
1789059094057588200,4.932588134765625,-1.497594181215763,0.5569166744023561,0.37137221975270657
1789059094067598300,4.942598388671875,-1.3748632890820502,-0.10494301424771546,0.4320478934571147
1789059094077608400,4.9526083984375,-0.06378887382149696,-1.4772797074615955,0.16942162389904258
1789059094087618300,4.962618408203125,-0.032733810344338414,-1.2850269508123398,0.14877957129147834
1789059094097628400,4.97262841796875,-0.5862094043821096,0.12775485777556894,0.15199807668025606
1789059094107638300,4.98263818359375,-0.16158756927251816,0.7460352246791124,-0.5984124678730964
1789059094117648400,4.9926484375,1.4896628036946058,-0.7881485655263066,-0.021646790937008335
1789059094127658200,5.002658203125,1.6461001505970954,-0.7340268069773912,0.4153906635688618
1789059094137668400,5.01266845703125,0.08861468752026558,0.7407216284409165,0.8526687492970376
1789059094147678500,5.022678466796875,-0.04714227492511272,0.26746698758751153,0.5996392331890762
1789059094157688300,5.032688232421875,-1.454036779040098,2.116946561264992,-0.19334767574649303
1789059094167698400,5.042698486328125,-0.5262865583389997,0.10012070865780115,0.2098783566456288
1789059094177708000,5.0527080078125,-0.6609218232780695,0.3691635672599077,-0.060710434490535405
1789059094187718100,5.06271826171875,-0.09720774382054805,-0.8139511153027414,0.20530618989188223
1789059094197728300,5.072728271484375,-0.3244400439143181,0.8050570302292704,0.07364453393612057
1789059094207738000,5.082738037109375,0.3434457731574774,-0.09486293426007032,0.09117292063571512
1789059094217747200,5.092747314453125,0.7098200019598007,-0.6077341307088733,-0.015490487663820385
1789059094227757300,5.10275732421875,0.974724737843871,-0.7233142743051052,-0.3137459967467934
1789059094237767200,5.11276708984375,0.884510798433423,-0.2544882635489106,-0.1874874602098949
1789059094247777300,5.12277734375,0.264170576390624,0.1082876485005021,0.05434902796614915
1789059094257787100,5.132787109375,-1.3590735992759466,0.838475023445487,0.14177863388769327
1789059094267797200,5.14279736328125,-1.8443764053195715,-0.3142667326852679,0.1589425163901411
1789059094277807400,5.152807373046875,-1.1354852086424827,-1.5076698772892354,0.5928305030222982
1789059094287817200,5.162817138671875,0.7732955720484256,-2.0830375696614385,0.4349200148273259
1789059094297827300,5.172827392578125,1.60405432202816,-0.7232961541265249,0.09947828256841748
1789059094307837200,5.182837158203125,1.2591104192674158,0.48329497335255145,0.019582853277679533
1789059094317847300,5.192847412109375,1.0918868899345398,-1.0130278727531432,0.2735497233009897
1789059094327857200,5.202857177734375,-0.7540022580355406,-0.06499591152369975,0.13864610801562666
1789059094337867300,5.2128671875,-0.621106530240178,-2.315046582637727,0.04216149083785713
1789059094347877400,5.22287744140625,-0.24888649801909923,-0.8794403633013367,0.36681510443761944
1789059094357887200,5.23288720703125,0.7479162161201238,-0.7720356351152062,-0.17123956004120408
1789059094367897300,5.2428974609375,0.2990542582452297,0.26156828493773937,-0.44312202598340805
1789059094377907200,5.2529072265625,0.029622984847426412,0.1374459384456277,-0.6436809848155826
1789059094387917300,5.262917236328125,-0.5401455723434686,-0.3515112984523177,-0.8557466223724186
1789059094397927200,5.27292724609375,0.5492015699803829,-0.928045696516335,-0.2566233758814633
1789059094407937300,5.282937255859375,2.31053670399785,-1.3819094082012773,-0.2301242586756125
1789059094417947400,5.292947509765625,2.2545225558310746,-0.9301955680266022,-0.41946196812838316
1789059094427957200,5.302957275390625,-0.2690197699874639,0.7603446127995849,-0.2296610981432721
1789059094437967400,5.31296728515625,-1.3781956483751534,-0.27536329379528757,-0.26844211622998115
1789059094447977200,5.322977294921875,-1.4571522807121275,-0.4558294587999582,0.11526625534147024
1789059094457987300,5.3329873046875,-0.4841781859278679,-0.7301338911920785,0.7004410559788345
1789059094467997400,5.34299755859375,1.4145365433007477,0.2481619831368327,0.148242094280757
1789059094485516300,5.360516357421875,1.5309417395442724,-0.882250452286005,0.4763320024721324
1789059094495526400,5.3705263671875,-1.115878006374836,0.33013504068553445,-0.1649917151601985
1789059094505536300,5.380536376953125,-2.6719951037079093,0.9598100773066282,0.16861279173418878
1789059094515546400,5.39054638671875,-2.5337942552417516,0.8955071164831518,0.6714101918056606
1789059094525556200,5.40055615234375,-0.5845622216969728,-0.8520958447799086,0.2652816429050639
1789059094535566300,5.41056640625,0.42393852902054785,-0.6413789184182882,0.3792681971669197
1789059094545576400,5.420576416015625,0.7950783647894859,0.15717998196333646,0.4533757455049082
1789059094555586300,5.43058642578125,0.32809973546564575,1.3254592067047952,-0.3490336562924087
1789059094565596400,5.440596435546875,-0.6493401065558194,1.286240418255329,-0.059809083470329635
1789059094575606300,5.450606201171875,-0.5367629441678524,-1.0025783749312163,0.04832363019678741
1789059094585616400,5.460616455078125,-0.24484394463002682,-2.0705811159312724,-0.05229366633892059
1789059094595626200,5.470626220703125,0.40530338665544985,-1.0039026092723011,0.4587204310011118
1789059094605636400,5.48063623046875,1.1609744546860457,0.1501993292957544,0.3979399817479774
1789059094615646500,5.490646484375,1.269959145539999,0.3615688743472099,0.20768201564513145
1789059094625656300,5.50065625,1.1436667615324259,0.11635083570778369,0.5866560521710664
1789059094635666400,5.51066650390625,1.0371768101036547,-0.05229278955608606,0.4259343059476465
1789059094645676300,5.52067626953125,0.5890905127763748,-0.5758256652727722,0.13902316116709262
1789059094655686400,5.530686279296875,-0.3800783445060253,0.08846417313367128,0.5233950746811926
1789059094665696300,5.5406962890625,-0.6230570797860622,-0.6187927003398537,0.5796648415768518
1789059094675706400,5.550706298828125,-1.0531780968338251,0.2972819878757,0.27811737827640026
1789059094685716000,5.560716064453125,-0.24596681118011474,0.6536015633925795,0.3749653854064643
1789059094695725000,5.57072509765625,1.7923492809623478,-1.6196388446509837,0.2838280475407839
1789059094705735000,5.58073486328125,1.2396762354791164,-0.8566405024722218,0.6757984168272465
1789059094715745000,5.5907451171875,0.8440221361786127,-0.9947937124043702,1.1602000362474472
1789059094725755000,5.6007548828125,-0.5880296055465937,1.505296718417108,0.48034631614740936
1789059094735765000,5.610764892578125,-0.06441138963401317,1.200761982934177,0.22856840753573923
1789059094745775000,5.620775146484375,-0.6401736342817544,0.7857944036155938,0.3383498017253354
1789059094755785000,5.630784912109375,-0.9410469246476888,-0.4289236239567399,0.027644232120364903
1789059094765795000,5.640795166015625,-0.4735983397245407,-0.9080375122323632,-0.29137327528856694
1789059094775805000,5.650804931640625,1.1251678127676248,-0.9392778691485524,0.2756460927920416
1789059094785815000,5.66081494140625,1.7447031481683253,-0.4812286884725094,0.3762210114907473
1789059094795825000,5.670824951171875,1.2379863826960325,-0.21140461636483668,0.6892494345527141
1789059094805835000,5.6808349609375,-0.09991232660412788,0.30758973913937804,0.5749631666919216
1789059094815845000,5.69084521484375,-1.0410019213497639,-0.18354571858048438,0.07121409191880375
1789059094825855000,5.70085498046875,-1.7388871553659437,0.6313596287071704,0.39997419098932296
1789059094835864000,5.710864013671875,-1.0694874265998602,-0.4951987616360187,0.1134966153204441
1789059094845874200,5.720874267578125,-0.6337164209663868,-0.6813397574067115,0.24362784683853386
1789059094855884000,5.730884033203125,0.555829463687539,-1.145637477083504,0.5872941308788955
1789059094865894100,5.74089404296875,1.163146538028121,-0.5035200152575969,0.41353962887469675
1789059094875904000,5.750904052734375,1.4989169542521237,-0.2688181099355221,1.0905310914114117
1789059094885914000,5.7609140625,0.6089969902515411,-0.07406359959840775,1.2693212860278784
1789059094895924000,5.770924072265625,-1.6692583233445881,0.6386813498973846,0.4640352328157052
1789059094905934000,5.78093408203125,-1.7146499552100896,-1.8743208772063253,1.0788163228940217
1789059094915944200,5.790944091796875,-4.18852370249629,0.8334329376250504,1.0324124452460557
1789059094925954000,5.8009541015625,-3.959993179285526,0.949640565469861,1.0542445570215582
1789059094935964200,5.810964111328125,-2.5618355238556862,1.5417045410990715,0.9460925175994634
1789059094945974000,5.82097412109375,0.05809972226917744,0.7067167752474546,0.32593612769097086
1789059094955984100,5.830984130859375,2.2134178075045345,-0.2943590861663222,0.40712424540705977
1789059094965994200,5.840994140625,4.019104708945751,-0.7423384159877896,0.27116956843249496
1789059094976004000,5.851004150390625,4.642580890926719,-0.7457043852895497,0.37394152225144206
1789059094986014200,5.86101416015625,2.5181734922617673,0.6895388459533452,1.0350338067255913
1789059094996024000,5.871024169921875,0.28530981053113935,0.3267106191948056,0.604069397656247
1789059095006034200,5.8810341796875,-1.1852438035458326,-0.3437587846294045,0.42467444207966326
1789059095016043800,5.891043701171875,-1.4398194531172512,-0.0274558699414134,0.6335885568030178
1789059095026054000,5.901053955078125,-0.42709845435619354,0.26989275342971086,0.36866497008800503
1789059095036064000,5.91106396484375,1.097438678842783,1.0643518172770738,0.139380267509073
1789059095046073900,5.921073974609375,2.9392823508143424,0.11661854673326015,0.12312610199637711
1789059095056084000,5.931083984375,2.669024563464522,-0.6510334664702415,-0.2219119087886065
1789059095066093800,5.94109375,-0.3975678239673376,0.7006681427329778,-0.033959991138428444
1789059095076104000,5.95110400390625,-2.7144454214245077,0.33132980342805385,0.4468669846653938
1789059095086114000,5.961114013671875,-2.753917015591264,0.5090191971957684,0.5552348587952554
1789059095096124000,5.9711240234375,-0.7559528075814247,-1.061979242926836,0.3086037384875119
1789059095106134000,5.981134033203125,-0.5101940861940384,0.7826876697719096,-0.12421740436442195
1789059095116143900,5.991143798828125,0.41260874123275276,0.7113067333862185,0.472708112886548
1789059095126154000,6.001154052734375,0.21573709261119364,0.9322951706543564,0.2863961444631219
1789059095136163800,6.011163818359375,0.8308481818288564,-0.6004992110192775,-0.07848119684495031
1789059095146174000,6.021174072265625,0.37904315623939033,-1.0980457048252223,0.007960968941822648
1789059095156183000,6.03118310546875,0.6677823566973209,-0.775534875407815,0.29006255801618097
1789059095166193000,6.04119287109375,0.3318020971149206,0.6272074774637818,0.6693165074620395
1789059095176203000,6.051203125,0.08183598716557025,0.9138312932029365,1.0589805725675077
1789059095186213000,6.061213134765625,-1.0889543436139821,1.0612176109045743,0.6183369924616068
1789059095196223000,6.071222900390625,-1.6979074947237967,0.5868792664676904,0.40228571933470664
1789059095206233000,6.081233154296875,-1.5213351222872733,0.5611322462707757,0.348883361101523
1789059095216243000,6.091242919921875,-1.110398698180914,0.7959069245681166,1.0542728332679718
1789059095226253000,6.101253173828125,0.222575414198637,-0.2874015221133828,0.5646179694946855
1789059095236263000,6.111262939453125,0.6731541128635407,-0.9332076093241571,0.29210926141291854
1789059095246273000,6.12127294921875,1.0126093550801276,-1.1069412512034178,0.48142457637079056
1789059095256283100,6.131283203125,0.9478250404804944,-0.07948065621107817,0.593380099729076
1789059095266293000,6.14129296875,0.6070160455673933,-0.2539166011407971,0.5976314004980028
1789059095276303000,6.15130322265625,-1.6639578788489102,1.8431980091899631,1.0786359978910536
1789059095286313000,6.16131298828125,-1.9841735830664633,0.6401826943710446,0.5191097255121916
1789059095296323000,6.171322998046875,-2.2233616938918828,2.343971356087923,0.1311441348876804
1789059095306333200,6.181333251953125,-1.7993787412077187,2.43383282879889,0.6429641417831182
1789059095316343000,6.191343017578125,0.9252221635282039,1.2010831777125597,0.7713575166579335
1789059095326353200,6.201353271484375,1.2159662740677595,0.9678814478203653,0.47493068430684504
1789059095336363000,6.211363037109375,0.4550900386095047,0.3566644434317946,0.442672163324058
1789059095346373000,6.221373046875,0.2327928568303585,0.21480945637226104,1.0419970698669552
1789059095356383000,6.231383056640625,-0.4183201046168804,0.4918249012887478,0.9702518302135169
1789059095366393000,6.24139306640625,-0.2802145332187414,0.5423945203140378,0.7926896430220455
1789059095376403200,6.2514033203125,0.33167408682107924,0.18211393221169708,0.13972323572784662
1789059095386413000,6.2614130859375,0.5880220067620278,0.22577976319789886,0.17437427787035703
1789059095396423200,6.271423095703125,-0.11166121658682822,1.0936977387487887,0.36820641266554593
1789059095406433000,6.28143310546875,-1.297195527511835,1.1688953108131885,-0.4139981497645378
1789059095416443100,6.291443115234375,-1.2138672559618948,-0.6237079449102282,-0.06655585431680083
1789059095426453000,6.301452880859375,-0.6133008249253035,-1.5443421961262822,0.08176167982034385
1789059095436463000,6.311463134765625,-0.07050912198722362,-0.9849576703056693,-0.5321913254033774
1789059095446473200,6.32147314453125,0.4651490758091211,0.3524327972114086,-0.541486246362701
1789059095456483000,6.331483154296875,1.385190037307143,-0.7084241636872292,-0.13805727527700365
1789059095466493200,6.3414931640625,0.13928338300585746,0.1716325779467821,-0.3352107365146279
1789059095476503000,6.3515029296875,0.6078080727279186,-1.2484952094897628,0.14133962141592055
1789059095486513000,6.361512939453125,-0.18077742291092871,-0.9853101370051502,0.8439012862779199
1789059095496523000,6.37152294921875,-1.4392179800927638,0.9114858991205692,0.6302277020677923
1789059095506532900,6.381532958984375,-0.7916302701622248,-0.29287615413218737,0.6020443581020459
1789059095516543000,6.39154296875,-0.6261603064984083,0.8541986622780561,0.34570180845595894
1789059095526552800,6.401552734375,0.04833353053629398,-0.07852174805104732,-0.4771502965850755
1789059095536563000,6.41156298828125,0.7029729125440121,-0.24308570278584957,-0.2565852723607793
1789059095546572800,6.42157275390625,1.3288731068015098,-0.13419248960763216,0.4576114833785221
1789059095556583000,6.4315830078125,0.5862783779650926,0.09026099342256784,0.470528869151324
1789059095566593000,6.441593017578125,-0.8478899175226687,0.5674363148510456,0.6300806948125363
1789059095576603000,6.451602783203125,-2.167530501076579,1.141010986326635,0.44987142717838285
1789059095586613000,6.461613037109375,-1.5982622946232556,0.4275350922077894,-0.21475904135927557
1789059095596622800,6.471622802734375,-0.5569061530083418,-0.03458177629858255,-0.1819706878161058
1789059095606633000,6.481633056640625,0.1965466544508934,0.6463955775365233,0.15800967425312845
1789059095616643000,6.49164306640625,1.9523621482640503,-0.11560995421260595,-0.22848829150423405
1789059095626653000,6.50165283203125,3.2802474130719896,-0.8442445467576384,-0.4175465994937345
1789059095636663000,6.5116630859375,1.6049463024318218,-0.5643354262262582,-0.5894705981351435
1789059095646673000,6.5216728515625,-1.4611404735654592,0.7815405455633997,-0.16199797670431434
1789059095656683000,6.53168310546875,-2.5022850182563063,0.5017512520194053,0.12740388891343027
1789059095666692900,6.54169287109375,-0.7940887692302465,-0.044648704543709755,-0.12173581668175756
1789059095676703000,6.551702880859375,0.8134604091763495,-0.8808169123515486,-0.6457280535385013
1789059095686713300,6.56171337890625,0.8995032003819942,-0.08881663983315229,-0.45454004004392773
1789059095696723200,6.57172314453125,-0.8712848216354846,2.023766757786274,-0.35754108013585206
1789059095706733300,6.5817333984375,-2.006898625093698,1.9819293112710117,-0.16385401636715977
1789059095716743200,6.5917431640625,-1.256463704150915,0.6385939638748764,-0.3602028466910124
1789059095726753300,6.601753173828125,0.35159868447482584,-1.0941855222657322,-0.8076553761593998
1789059095736763100,6.61176318359375,0.9168366124987601,-0.8475704763099551,-0.6690626057662069
1789059095746773200,6.621773193359375,0.5739858826249837,0.9695227852866053,-0.2517936724363826
1789059095756782300,6.6317822265625,-0.16520926690101623,0.9171496239706873,-0.14644739288371056
1789059095766792200,6.641792236328125,-1.0783172142654656,1.4186565458402036,-0.45989261658564207
1789059095776802300,6.65180224609375,-2.5215146193832156,0.8348278991147875,-0.254779172786884
1789059095786812400,6.6618125,-4.206642127510905,2.5811314682170745,-0.19356173862228168
1789059095796822300,6.671822265625,-3.0770144127249717,1.3990774006232618,-0.6415523752890527
1789059095806832400,6.681832275390625,-0.9214905757844447,0.7587170115977525,-0.7716964662887156
1789059095816842200,6.69184228515625,2.502028997668624,-1.6039353718236087,-0.3412865492969751
1789059095826852400,6.701852294921875,3.2213153316318985,-0.617756927551329,-0.7425513280861079
1789059095836862200,6.7118623046875,2.9459961692392826,0.7495388488858937,0.003907400968391448
1789059095846872300,6.721872314453125,1.3981050484597681,1.8993150332093238,0.5600847099792212
1789059095856882400,6.73188232421875,-0.4552531202167272,0.6659718001440167,-0.10572245592130347
1789059095866892300,6.741892333984375,-2.0636656374543905,0.22386253139972687,0.4626146619606763
1789059095876902400,6.75190234375,-2.2468448608100413,-0.7208291794911027,0.36390835014544426
1789059095886912300,6.761912353515625,-2.0431711309581995,0.6826280436515808,-0.3663733520194888
1789059095896922400,6.77192236328125,-0.1447965934693813,1.2141148009821772,0.6173147367417812
1789059095906932500,6.781932373046875,0.9626005848079919,1.032463517846167,0.8659569046109914
1789059095916942300,6.7919423828125,1.4395529111355543,-0.15711246968507767,0.38846488191615786
1789059095926952400,6.801952392578125,0.9269909267663955,-0.8061386879861354,0.8039036954756825
1789059095936962300,6.81196240234375,-0.4849696285665035,-0.07203297055363654,1.180644931448251
1789059095946972400,6.821972412109375,-0.5957786122381686,-0.512554093323648,0.3396164971929043
1789059095956982300,6.831982177734375,1.151648407936096,-0.7532803735017776,0.6939183031465858
1789059095966992400,6.841992431640625,2.1719757900476453,-0.11271072563976049,0.7459725347064435
1789059095977002500,6.85200244140625,2.9561230109781027,-0.18497282877415416,0.21020963442660867
1789059095987012400,6.862012451171875,2.0667390535503625,0.8137330886378884,0.5530791785987094
1789059095997022200,6.872022216796875,0.21786650585532188,1.09971948325634,0.1717865629320964
1789059096007032000,6.882031982421875,-0.857443927809596,-0.7874053459435701,-0.06153202567226253
1789059096017042200,6.892042236328125,-0.8900152410686015,-0.31580344073325395,-0.04346610716301948
1789059096027052300,6.90205224609375,1.419496796056628,-1.5050088413864373,-0.316473741210252
1789059096037062100,6.912062255859375,3.258607828193903,-0.538747980505228,-0.03059620466060005
1789059096047072300,6.922072265625,3.405643140500784,0.07429097861349582,0.23807434089723972
1789059096057082000,6.93208203125,1.6513129168093204,0.6859115953668952,0.24863752822671084
1789059096067092200,6.94209228515625,-1.5978221496403215,2.0526570444449783,0.0055391303560696535
1789059096077102000,6.95210205078125,-2.272487836110592,-0.486348807965219,-0.1857223319672048
1789059096087112200,6.9621123046875,-3.064236179694533,-0.4027630545228719,-0.15202803342710247
1789059096097122300,6.972122314453125,-2.354862752458453,-0.14978811814635992,-0.05756683923518285
1789059096107132200,6.982132080078125,-0.9674772509336471,0.3516200195237994,0.17427520141005515
1789059096117142300,6.992142333984375,-0.2847773110896349,1.7802420790612696,0.4197243453916162
1789059096127152000,7.002152099609375,0.40869010648429394,0.21104805801212786,-0.03635948089505545
1789059096137162200,7.012162353515625,-0.09137363083958626,-0.5897460540756583,-0.598774469585903
1789059096147172000,7.022172119140625,-0.23135434845983982,-1.0242696899965404,-0.6710777449809014
1789059096157182200,7.03218212890625,-0.7275777769684791,0.3592512450546026,-0.0446564494587481
1789059096167192300,7.0421923828125,-1.4871832618385552,1.6141741495043038,-0.4137146201154217
1789059096177202200,7.0522021484375,-1.7523972098022698,1.3385343768551945,-0.6473983248382806
1789059096187212300,7.06221240234375,-1.5127169315457343,0.8153831939324736,-0.41431437610685823
1789059096197222100,7.07222216796875,-0.07541267611980437,-0.48423985298722977,-0.35238055556751785
1789059096207232300,7.082232177734375,0.5618038619220257,-0.008106149566173552,-0.1758694848641753
1789059096217242400,7.092242431640625,1.0498550898909569,0.5420990444988012,-0.5647014830596745
1789059096227252200,7.102252197265625,1.5994342610120773,-0.4062824608206749,-0.44764710219241677
1789059096237262300,7.112262451171875,1.0749778407096862,-0.9114975895583629,-0.49105194415487347
1789059096247272200,7.122272216796875,-0.6405366223752498,-0.5533586896598339,-0.23824956959998234
1789059096257282300,7.1322822265625,-1.8697703742951153,0.4774450782805681,-0.34883652628511186
1789059096267292200,7.142292236328125,-0.9482412200659512,-0.5972217967838048,-0.4705476834496483
1789059096277302300,7.15230224609375,-0.1855178954362869,0.5489221685171127,-0.04583081330063287
1789059096287312400,7.1623125,1.722409483295679,-1.4338859714150427,-0.03849047874149401
1789059096297322200,7.172322265625,1.7362562223404645,-0.35211773991286754,0.34756986735016104
1789059096307332400,7.182332275390625,0.40605975798070426,1.3542843191727996,0.32451679894495755
1789059096317342200,7.19234228515625,-0.6414671812236309,1.7563024005472658,0.04132837361511774
1789059096327352300,7.202352294921875,-0.8159580712109804,0.8270403139784932,-0.10570766934412532
1789059096337361400,7.212361328125,-1.5105676445573568,-0.10973667826503515,-0.11339392213094979
1789059096347371300,7.222371337890625,-1.5780974584728478,-0.8741746978580951,-0.13336082455646245
1789059096357381400,7.23238134765625,-0.6713157915204763,-1.0458473155543206,-0.4037604680623859
1789059096367391200,7.24239111328125,1.4572341137766838,-0.7947320355698466,-0.008213806625152937
1789059096377401300,7.2524013671875,2.6312919219195843,0.1204939268618822,0.10750444396724924
1789059096387411500,7.262411376953125,2.9408097065120935,0.2256625665590167,0.5984508636547252
1789059096397421300,7.27242138671875,1.5188409673839807,0.788062056286633,-0.030737805088376625
1789059096407431400,7.282431396484375,-0.49561201861202714,1.140878007596731,-0.48636860864423215
1789059096417441300,7.292441162109375,-0.9695943892180919,-0.44915304977595805,-0.30046149469465017
1789059096427451400,7.302451416015625,-0.5998965689510106,-1.683320458705723,-0.764843896980211
1789059096437461500,7.31246142578125,0.5187403807431459,-2.6801412930235267,-0.18123833668725564
1789059096447471400,7.322471435546875,0.5679314048916101,-0.8657593362122774,-0.08621315193702467
1789059096457481500,7.3324814453125,0.20538111829161643,0.6525239972889423,-0.7076850357577205
1789059096467491000,7.342490966796875,1.0701058507591485,-0.8650514802038669,-0.6290240984316915
1789059096477501200,7.352501220703125,-0.22020693150162696,-0.18755144709050653,-0.2966625042704865
1789059096487511000,7.362510986328125,-0.8240642207771539,-0.5217921695291996,0.019950325750047338
1789059096497521200,7.372521240234375,-1.2351543741405009,-0.4146171584457159,-0.5263218123154715
1789059096507531300,7.38253125,-1.2240747617214918,0.9171706667587161,-0.28930103559177367
1789059096517541000,7.392541015625,-1.103012679582834,0.9966451854899525,-0.21765618757288901
1789059096527551200,7.40255126953125,-0.5719476547956467,-0.08933627979308366,-0.41251740968748923
1789059096537561000,7.41256103515625,0.12141221075057983,-0.8556310331687331,-0.017074560251180083
1789059096547571200,7.4225712890625,0.48885728365480896,-0.461012706656754,-0.11274943194864318
1789059096557581300,7.432581298828125,0.5012772047668695,0.5626265764817595,0.09915237508229911
1789059096567591200,7.442591064453125,0.5772182886749506,0.6468763467907905,0.07140064573315903
1789059096577601300,7.452601318359375,0.0847661953985691,0.5650736773729323,0.5359339825304225
1789059096587611100,7.462611083984375,-0.47795244328081604,0.34165655165314673,0.6845083044402301
1789059096597621200,7.472621337890625,-0.12757307146787641,0.10244126055985689,0.4742495701748877
1789059096607631000,7.482631103515625,-0.3314402780652046,0.8910817012563347,0.24199856513626872
1789059096617641200,7.49264111328125,-0.289866743183136,0.8782467696025967,0.010799169776123016
1789059096627651300,7.5026513671875,-0.08416413785219191,0.15085253250747918,0.0582608676476404
1789059096637661200,7.5126611328125,0.8908826715528965,-0.7091384494364261,0.11331207080008461
1789059096647671300,7.52267138671875,0.8768348569780587,-0.398865170301497,0.1070608192524407
1789059096657681200,7.53268115234375,0.4093751661390066,1.2776941237062216,0.22524938264824448
1789059096667691300,7.542691162109375,-0.09800152454674244,0.8925485589385033,0.05989394874218851
1789059096677701000,7.552701171875,-1.1623977654874325,0.7230164604023098,0.23954700726568698
1789059096687711200,7.562711181640625,-0.05279284803271293,-1.7454799777597187,0.3458485234502703
1789059096697721300,7.572721435546875,0.5906698909223079,-3.2724986986413596,0.38426385002974417
1789059096707731200,7.582731201171875,-1.284824706238508,0.356812911991775,0.012640596391726284
1789059096717741300,7.5927412109375,-0.7397580441057682,0.9186556446194648,-0.052686866907589135
1789059096727751200,7.602751220703125,-0.09571195230484009,2.330502218183875,-0.04635574592361227
1789059096737761300,7.61276123046875,0.8854045324027537,0.9693152800157666,0.26748287927638736
1789059096747771100,7.622771240234375,1.8346727574288844,-0.8248346206277608,0.16121173996375873
1789059096757781000,7.632781005859375,1.666239267784357,-1.2169956171154974,-0.6967403748299926
1789059096767791000,7.642791015625,0.5740051718473435,-0.0005742927566170692,-0.9165840259771794
1789059096777801000,7.652801025390625,-1.4930892710119485,0.8217264254793524,-0.684419530178234
1789059096787811000,7.66281103515625,-2.764171867623925,0.7466212078735232,-0.6225123784501105
1789059096797821000,7.672821044921875,-1.8318448405265808,-0.5259498737305403,0.0590529222076293
1789059096807831000,7.6828310546875,-0.3730991531431675,-0.26153058327585454,-0.02095611439226195
1789059096817841200,7.692841064453125,1.8495856644004582,-0.5920943707674742,-0.46231217188276347
1789059096827851000,7.70285107421875,2.1543927870839834,0.9187950530901551,-0.767478848593682
1789059096837861000,7.712861083984375,2.641901578739285,0.06446399660408496,-0.9526480767227709
1789059096847871000,7.72287109375,1.3031331008672713,-0.057904784218966956,-1.0342699096810073
1789059096857881000,7.732881103515625,-0.936641383165121,-0.7277297526597977,-0.7996175425890832
1789059096867891200,7.74289111328125,-2.710523279544711,0.34847178462594747,-0.784808826644346
1789059096877900000,7.752900146484375,-1.7559826670736074,-0.38945787500888107,-0.16851802612282335
1789059096887910100,7.76291015625,-0.4612497302830219,0.27519115209877487,0.07663339528748765
1789059096897920300,7.772920166015625,1.8504431580126284,-0.991172307036817,-0.3558488161999732
1789059096907930000,7.78293017578125,1.4166636184573174,0.661888622483611,-0.6618865766569971
1789059096917940200,7.792940185546875,0.5336866054624319,0.453558298997581,-0.5235854096215218
1789059096927950000,7.8029501953125,-0.7223451370120048,0.7464853065341711,-0.3509100446235388
1789059096937960200,7.812960205078125,-0.6326672041743994,-0.2974631896615028,0.19906996238343416
1789059096947970000,7.822969970703125,0.3031681233048439,-1.5658596159294247,0.06118147693523206
1789059096957980200,7.832980224609375,0.5763064345270394,-0.15157792417258023,0.4340868519388139
1789059096967990300,7.842990234375,2.0145839188992976,-0.8712707931101321,0.5942094997579231
1789059096978000100,7.853000244140625,1.372929690670967,0.012188742704689502,0.1382010493955575
1789059096988010200,7.86301025390625,-0.15322247650921345,0.46407677040249107,0.03023597477977164
1789059096998020000,7.87302001953125,-1.1908967147409915,-0.05354074379056692,0.39021399060580875
1789059097008030200,7.8830302734375,-2.3246114065796135,0.7808662995636463,0.2218402317918837
1789059097018040000,7.8930400390625,-0.6292687939077616,-0.4994549577757716,0.4011519295318052
1789059097028050200,7.90305029296875,0.8838087876439094,-0.8730138373851776,-0.05322733959299512
1789059097038060300,7.913060302734375,1.8837819485127925,-1.5770160929769277,-0.2262606055174023
1789059097048070100,7.923070068359375,1.2328133639723062,-0.4350353848353028,-0.048017733452236276
1789059097058080300,7.933080322265625,-0.16355331638753412,-0.23702479531168935,-0.49423433705065395
1789059097068090000,7.943090087890625,-0.7087661089926958,0.6858785698801279,-0.4760011630825698
1789059097078100200,7.953100341796875,0.895113440990448,-2.0423875793650743,-0.2561679967967793
1789059097088110300,7.9631103515625,0.06966214976906776,-0.5754027636855841,-0.34657541295271366
1789059097098120200,7.9731201171875,0.5462298606932163,-1.0709507771506905,-0.01263519869740121
1789059097108130300,7.98313037109375,-0.018462708407640457,0.08905161763280629,-0.30153370876973495
1789059097118140200,7.99314013671875,0.18379121777415275,0.6587324965402483,-0.691200933946669
1789059097128150300,8.003150390625,1.1386778672039508,-0.6897136179983615,-0.31808870212621987
1789059097138160000,8.01316015625,1.5892711789160965,-1.0361118112206458,-0.44243236321881413
1789059097148170200,8.023170166015625,1.445664672014117,-0.7025678388744592,-0.5262343897603452
1789059097158180400,8.033180419921875,0.9223679431408643,-0.11278320635408162,0.12670173199344426
1789059097168190200,8.043190185546875,-0.18142215055525301,1.1205340154871344,-0.15100462692980654
1789059097178200300,8.053200439453125,-1.492737973356247,0.7109080894574522,-0.42778599822893737
1789059097188210200,8.063210205078125,-3.2416292208641764,1.0549860230386257,-0.33952523871287704
1789059097198220300,8.07322021484375,-3.2376123864382502,0.12979805404096842,-0.48438335311114783
1789059097208230100,8.083230224609375,-2.9032991832852364,0.5945289044380188,-0.40352991070952265
1789059097218240300,8.093240234375,-1.4368541735708713,0.38509734171181914,-0.8004305394724011
1789059097228250000,8.10325,1.13459498180449,-0.8782578755185008,-1.105433769249916
1789059097238260000,8.113260009765625,2.7993092319786546,-1.1619836317285894,-1.0633793189831078
1789059097248270000,8.12327001953125,2.458236617693305,-0.5710618118718266,-1.4501833184823394
1789059097258280000,8.133280029296875,0.6509995642006396,0.4867652798116207,-1.0341907069649547
1789059097268290000,8.1432900390625,-0.7124199553251266,0.12896978652328253,-0.921542305971682
1789059097278300200,8.153300048828125,-1.8375538658231496,0.5292316718801856,-1.1113079950455576
1789059097288310000,8.16331005859375,-0.8593383632540702,-0.24239772052168845,-0.5554255955943838
1789059097298320100,8.173320068359375,0.7336486213147639,-1.5905004284501074,-0.24296309931948779
1789059097308330000,8.183330078125,-0.6254997967630624,0.6223965700507164,-0.580662656975165
1789059097318340000,8.193340087890626,-0.27737667944431305,0.6941483855754137,-0.18782982564046977
1789059097328350000,8.203349853515626,-0.3856920927345753,0.6350505921795964,-0.10413684896398336
1789059097338360000,8.213360107421876,-0.13857903412878514,0.2847726349145174,-0.3700560225876048
1789059097348370200,8.2233701171875,1.115408050775528,-0.4971244690015912,0.17200849858708678
1789059097358380000,8.233380126953126,2.2545471057504414,-0.5210004346296191,0.3480434031460434
1789059097368390100,8.24339013671875,1.5612193889081478,-0.12168518247306347,0.5400755027819425
1789059097378400000,8.25339990234375,-0.586260842308402,0.7960358116447925,0.8369009790617972
1789059097388410000,8.26341015625,-1.5718074184179305,0.08848492366075515,0.38494083597585554
1789059097398420000,8.273419921875,-1.1844997071802617,-0.9033779959887266,0.3876807823337614
1789059097408429000,8.283428955078126,-0.4318623077571392,-0.396548710052669,0.9778574098464101
1789059097418440200,8.293440185546874,0.9796996036469936,-0.21571897243261337,0.6678587829343974
1789059097428449300,8.30344921875,2.0452824240237475,0.3865861189648509,0.5955248566728085
1789059097438459100,8.313459228515624,2.239808970823884,-0.18998598076105117,0.36968043074086304
1789059097448469200,8.32346923828125,-0.1099415531873703,-0.3031149318128824,-0.2733479171185754
1789059097458479000,8.33347900390625,-1.659077705591917,-0.38774522587209936,-0.1250189391388092
1789059097468489200,8.3434892578125,-1.6492109760940075,-0.01206862345635891,-0.047942165731685235
1789059097478499000,8.3534990234375,-0.6297831731706858,0.2159258931815624,-0.42423846181519326
1789059097488509200,8.36350927734375,0.32333529754281043,0.20101064812242983,0.16936784788519144
1789059097498519300,8.373519287109374,0.596150952681899,-0.27331746718138455,0.33529359249249097
1789059097508529200,8.383529052734374,-0.3913210385322571,-0.22706717265993356,-0.11608649481632746
1789059097518539300,8.393539306640625,-0.5560638569653034,-0.803381205971539,-0.12707765263374893
1789059097528549000,8.403549072265625,-0.361063262912631,-1.4196864734098313,-0.27658795848572626
1789059097538559200,8.413559326171875,0.44280338848829265,-1.5776149356529117,-0.028376825277809985
1789059097548569000,8.423569091796875,1.4504039754956959,-1.5683286363914608,0.3489906939335167
1789059097558579200,8.4335791015625,1.4958394465029239,-0.32962387629300355,0.29119379053581507
1789059097568589300,8.44358935546875,0.6147223821610212,0.8047779210269451,0.2046416981011629
1789059097578599200,8.45359912109375,-0.4736585454791784,1.5347151206031442,0.4533774260053411
1789059097588609300,8.463609375,-0.6907838775783777,-0.2246709251731634,0.34492238504868
1789059097598619100,8.473619140625,-2.3447703975111245,0.5801423594281077,-0.13164239413286558
1789059097608629200,8.483629150390625,-2.10186180485785,0.10023995112329721,0.028391956631571517
1789059097618639000,8.49363916015625,-1.2538812864422797,0.176461313277483,0.2176718417997472
1789059097628649200,8.503649169921875,0.8160399042755365,-0.947861280837655,0.22278646313343195
1789059097638659300,8.513659423828125,2.5085885023146868,-1.2303291459411383,0.21421733569800852
1789059097648669200,8.523669189453125,1.9984213041275738,0.17524784583449363,-0.1564257112636231
1789059097658679300,8.53367919921875,1.0171300473749636,0.2808066538929939,-0.8381228490069508
1789059097668689200,8.543689208984375,0.5538403356969356,-0.8368500525921583,-0.4675079869601875
1789059097678699300,8.55369921875,-1.0654933885276316,0.09791472304612397,-0.42293811980634927
1789059097688708600,8.56370849609375,-0.6535416498988866,-1.071399397701025,-0.8118757703334093
1789059097698718500,8.573718505859375,-1.6173206308364867,1.9030200252071021,-0.599580269543454
1789059097708728600,8.583728515625,-0.4793243161559105,1.3317650288507341,-0.47886254386305804
1789059097718738400,8.593738525390625,0.6244967572003602,-0.1302718090325594,-0.6545871403638273
1789059097728748500,8.60374853515625,1.4516618666023016,-1.3413456348836421,-0.27325674997009336
1789059097738758700,8.613758544921875,1.4953198065429925,-1.037760162949562,-0.47558491043187673
1789059097748768500,8.6237685546875,0.8861310931116342,-0.09054711688756942,-0.738513816198334
1789059097758778600,8.633778564453126,0.35275720686018464,0.27096213622689247,-0.25070878154281523
1789059097768788500,8.64378857421875,-0.5663403363078833,0.28991204362958667,-0.5250768172230571
1789059097778798600,8.653798583984376,-0.8932114067614078,-0.5488412122353911,-0.32738165032416583
1789059097788808700,8.66380859375,-1.2920382908791304,-0.5018082429036498,-0.12560531505886466
1789059097798818600,8.673818603515626,-1.9368489373117683,0.9630562196210026,-0.39653727534320204
1789059097808828700,8.68382861328125,-0.3908949220746755,-0.21838673033714293,-0.1243409028799273
1789059097818838500,8.693838623046876,1.5829700329452752,-1.4450336806342006,-0.08110400136290118
1789059097828848600,8.7038486328125,1.8730109636515377,-1.6863295773938298,-0.5967971416309475
1789059097838858500,8.7138583984375,0.33039106127321716,-0.09585399112403392,-0.12896238866811618
1789059097848868600,8.72386865234375,0.1890869860947132,-0.2564142631754279,0.17126460315091535
1789059097858878700,8.733878662109374,-0.8845318412214517,0.7575526439934969,0.08578851505047641
1789059097868888600,8.743888671875,-0.44289983460009097,0.14294570490568875,0.9220829156544059
1789059097878898700,8.753898681640624,-0.2583919929891825,-1.0756994329825043,0.26619543328173456
1789059097888908500,8.763908447265624,-1.5037830989837646,0.7711746343716979,0.16527522654300555
1789059097898918700,8.773918701171874,-0.4995990424215793,0.23735417339652776,0.04044402396206278
1789059097908928500,8.783928466796874,-0.43285307236015796,1.436367851358652,-0.43650622457284477
1789059097918938600,8.793938720703125,1.3207371466189621,0.008089198431372641,-0.36844274217206985
1789059097928948700,8.80394873046875,2.4380612601488827,-0.6011322482258081,-0.27079859796194355
1789059097938957600,8.81395751953125,1.7576707662910223,-0.3507686633914709,-0.08932900980208068
1789059097948967700,8.8239677734375,-1.4062608823865652,0.9323939548537135,-0.08544771138932555
1789059097958977800,8.833977783203125,-3.1185762571692464,1.827940526564419,-0.27329182128347457
1789059097968987600,8.843987548828125,-1.0784130758553743,-0.5331257567092776,0.3034688050181605
1789059097978997800,8.853997802734375,0.5777390976786613,-0.04096446307301521,0.1138527900806628
1789059097989007600,8.864007568359375,2.0071505540281533,-0.3667202657610178,0.2528738688885234
1789059097999017700,8.874017822265625,0.8809177423775195,1.6713050267413259,0.32642891617659475
1789059098009027800,8.88402783203125,-0.08542144443690776,1.1630223271265625,-0.31833321493919936
1789059098019037700,8.89403759765625,-1.231663024893403,0.01770224542915821,-0.3919248131116852
1789059098029047800,8.9040478515625,-1.6262579705297946,-1.0386974437996745,0.06006471133236773
1789059098039057700,8.9140576171875,-1.382706403797865,-0.653811406750977,-0.25787070906143633
1789059098049067800,8.92406787109375,0.5374211158156394,-0.636175796817243,-0.1406597037272062
1789059098059077600,8.93407763671875,0.9437450776904821,0.7947638920128345,0.11963472534981555
1789059098069087700,8.944087646484375,1.4743459920972586,-0.3531318853914738,-0.15776318867877126
1789059098079097900,8.954097900390625,0.8768038773179053,0.6600368571370839,0.21818382817618548
1789059098089107700,8.964107666015625,-0.1786035860031843,0.24796850639134643,0.1976519488116726
1789059098099117800,8.974117919921875,-1.733724658036232,0.5042021523028611,-0.14792327412255107
1789059098109127700,8.984127685546875,-7.585456297796965,2.183864380761981,1.9540794735759495
1789059098119137500,8.994137451171875,-0.4499561828523874,-1.6366551536425946,1.439208335481584
1789059098129147600,9.004147705078125,6.625646220490336,-3.3161618992790576,-2.4815423822179437
1789059098139157500,9.014157470703125,5.212138435715437,-1.0565814755365253,-5.046172212967276
1789059098149167600,9.024167724609375,6.062993048262595,-1.7618232097953557,-4.503394246293604
1789059098159177500,9.034177490234375,0.5877689087837934,1.2467246926859021,0.7487756094284356
1789059098169187600,9.0441875,-6.8963412302136415,4.504203516849875,3.7639234946966167
1789059098179197400,9.054197509765626,-7.512045024627446,1.5330521558269858,2.8959593419164418
1789059098189207600,9.06420751953125,-3.359047393542528,-1.9906068309843539,1.2638739804074168
1789059098199217700,9.0742177734375,2.0929151128143073,-3.05825535171926,0.00003655088441446423
1789059098209227500,9.0842275390625,4.947931034445762,-1.7396294981658458,-0.9204465466242283
1789059098219237600,9.094237548828126,3.29621129040122,2.448824938486516,-1.1383669015586375
1789059098229247500,9.10424755859375,1.343684306964278,1.1980544775411486,-1.1303906619824469
1789059098239257600,9.114257568359376,-0.6167559338152409,-1.2044850951105355,-0.7907076754245906
1789059098249267500,9.124267333984376,-3.014879151329398,-0.09291413827985524,-0.2634970427769236
1789059098259277600,9.134277587890624,-2.6947020255565644,0.00923866072744131,0.2916820672431029
1789059098269287700,9.14428759765625,-2.4397984592050315,2.2060364650815725,0.14483718120809644
1789059098279297500,9.154297607421874,0.4809095395207405,-0.09728957688510417,-0.7068257155146449
1789059098289307600,9.1643076171875,2.156989817839861,-1.200153787907958,-1.4087338483713567
1789059098299317500,9.1743173828125,2.309084751623869,-0.7744023642465472,-1.2878890622451902
1789059098309327600,9.18432763671875,1.3293079910874366,1.2257760126814246,-0.6054181819166988
1789059098319337700,9.194337646484374,1.0801514439553022,0.2253413717806339,0.33050562756359575
1789059098329347600,9.20434765625,-0.015077742144465446,-0.545480503630638,0.05367277267239987
1789059098339357700,9.214357666015625,-1.267114862024784,-1.2168582544714213,-0.1492574818683788
1789059098349367600,9.224367431640625,-1.8094015380501747,0.07631050174236297,0.4787466989310458
1789059098359377700,9.234377685546875,-1.0993465582907198,0.3286836728334427,0.13559853874696418
1789059098369387500,9.244387451171875,-0.6896604265064,1.0855202775120734,-0.013936609285324811
1789059098379397600,9.254397705078125,0.5711322467595339,-0.659259150762856,-0.1961639387436211
1789059098389407700,9.26440771484375,1.1254472142308949,-0.6029162090331316,-0.733642045443505
1789059098399417600,9.27441748046875,1.4377531682372093,-1.054392441059649,-0.12634564856477082
1789059098409427700,9.284427734375,-0.45605391520559785,0.8288333348751068,-0.07333199738822876
1789059098419437600,9.2944375,-0.07753624414503574,-0.41762715391665695,-0.035723813340021296
1789059098429447700,9.30444775390625,-0.1524573373556137,-0.5719622678428888,0.4213091303650289
1789059098439456800,9.314456787109375,0.09823591782450676,-0.6771823454663157,0.2607136408697814
1789059098449466600,9.324466552734375,1.122873564350605,-2.618276665262878,-0.15826127439402043
1789059098459476700,9.334476806640625,-0.9969336470425129,0.37333062381148335,-0.018439117469498886
1789059098469486600,9.344486572265625,-0.4171972380667925,0.8550164084017277,0.44487387461941685
1789059098487005700,9.362005615234375,-0.4174135111659765,0.8560156485721468,0.460189955564402
1789059098497015800,9.372015869140625,1.2346066771298647,-0.1926946551978588,0.020182225676625965
1789059098507025700,9.382025634765625,2.221587669956684,-0.395927655544877,-0.26098527915170416
1789059098517035800,9.392035888671876,1.2010410921365022,-0.20698533861786125,0.08198873004186898
1789059098527045600,9.402045654296876,-1.1175912400335073,0.41821810554713007,0.062155066641164006
1789059098537055700,9.4120556640625,-2.533202134567499,0.5626464502260089,0.06645607460360042
1789059098547065900,9.42206591796875,-1.0304928022950888,-1.093380343362689,0.12742696839491835
1789059098557075700,9.43207568359375,-0.09300503143370151,-0.2281625666812062,0.04087177068772725
1789059098567085800,9.4420859375,0.6996820543050766,0.4413339004576206,0.14975280937096103
1789059098577095700,9.452095703125,1.087667810934782,0.9815767956957221,0.162884038823843
1789059098587105800,9.462105712890626,1.8128969789505003,0.053574353799223894,-0.21530566065767778
1789059098597115600,9.47211572265625,0.8955582621484994,-0.5594590523615479,-0.43156774525735525
1789059098607125800,9.482125732421874,-0.506043396255374,-0.7676528899863362,-0.4422848079742864
1789059098617135600,9.492135498046874,-1.8023539576262235,-0.30849925519973037,0.05596468756843823
1789059098627145500,9.5021455078125,-1.687610557115078,0.8397758769109844,0.26333018004372716
1789059098637155600,9.512155517578124,0.06300386092364788,0.1932733318686485,-0.05316135255154222
1789059098647165400,9.52216552734375,0.39334348427057264,0.2942664394468069,-0.2433505642671138
1789059098657175600,9.532175537109374,-0.4642693703651428,1.0510513139382005,-0.26786022468879817
1789059098667185700,9.542185546875,0.1398655668079853,-0.2563493812456727,-0.6311299116045236
1789059098677195500,9.552195556640624,1.3380799110859631,-0.5569993842497468,-0.496693968629837
1789059098687206000,9.562205810546875,0.44080432362556454,-0.23535452401190995,-0.557023714973405
1789059098697215700,9.5722158203125,-0.2716816826730966,0.14741145214289425,-0.7402676741283386
1789059098707225900,9.582225830078125,-0.06567629500329494,-0.2420470073878765,-0.7032370433729142
1789059098717235700,9.592235595703125,0.5679594619423151,-0.40249972741156814,-0.8451758362583816
1789059098727245800,9.602245849609375,-0.9214502437740564,0.684656626869738,-0.7334569712001829
1789059098737256000,9.612255859375,-1.4284113393962383,0.9067398736372589,-0.3472968956276774
1789059098747265800,9.622265869140625,-1.8773194745004176,1.4941656680718063,-0.38574060805141924
1789059098757276000,9.63227587890625,-1.359516666868329,0.7055372100740671,-0.38781712206453084
1789059098767285800,9.64228564453125,-0.26991116586923597,-0.25762510026991364,-0.09099489718768745
1789059098777296000,9.6522958984375,1.4741875866651535,-1.524867972588539,0.18980936381882055
1789059098787305700,9.6623056640625,1.0510498526334762,-0.13377572550028563,0.5933715510964394
1789059098797314000,9.67231396484375,0.5856950251191854,1.0296335551172495,0.8215671432644128
1789059098807323600,9.68232373046875,1.4526444478988647,-0.1371463709771633,0.5006612648256122
1789059098817333800,9.692333740234375,1.2571236293643713,-0.49264644680470226,0.952408641943708
1789059098827343600,9.702343505859375,0.014632336464524269,-0.7131792492598295,0.7092218168709427
1789059098837353700,9.712353759765625,-2.1439836212724446,0.5420335780471564,0.06771881541525945
1789059098847363600,9.722363525390625,-1.2338584891110658,0.511753882856667,1.247757835125923
1789059098857373700,9.732373779296875,0.8354752571076154,-1.1933265722364186,2.0734612014122304
1789059098867383800,9.7423837890625,1.2014356444120406,-0.46356648279279467,1.2180199917271732
1789059098877393700,9.7523935546875,0.9951374112755059,-0.26776070983707906,-0.6860949891097843
1789059098887403800,9.76240380859375,0.7611597285747528,-0.4211746172651648,-0.8396341303527355
1789059098897413600,9.77241357421875,0.345606166061759,-0.7541542337268591,-0.30832397169806064
1789059098907423700,9.782423828125,-0.5044558348029852,0.056740416614711284,0.3079370547397062
1789059098917433900,9.792433837890625,-1.2813427093416452,0.7594830275341868,0.22016250783801078
1789059098927443700,9.802443603515625,-1.2594126170843838,0.24796646056473254,-0.15352823625644668
1789059098937453800,9.812453857421875,-1.7237398551166057,0.8047364199727773,-0.365511145699583
1789059098947463700,9.822463623046875,-0.6712661071598529,-0.2541191379755735,-0.7893816144526005
1789059098957473800,9.832473876953125,0.7766209170788526,-1.4422586629629135,-0.6669666564002633
1789059098967483600,9.842483642578125,2.0805425379753113,-1.891313513061404,-0.29266232871841635
1789059098977493800,9.85249365234375,1.058560374394059,0.14041881677657364,0.26218694655904545
1789059098987503900,9.86250390625,0.10170797784924507,0.681049834549427,0.48683797972165044
1789059098997513700,9.872513671875,-0.900495718550682,0.9584703531354665,0.26682344725327567
1789059099007523800,9.88252392578125,-0.669046677544713,0.609053104352951,0.12232099615857005
1789059099017533700,9.89253369140625,0.49141865857541556,-2.196012791456282,0.2927135291826911
1789059099027543800,9.902543701171876,-0.6852192291885614,-0.18361498442441224,0.5744497738096863
1789059099037553700,9.9125537109375,-0.6761673232048749,0.7349132344231009,0.23720791505994274
1789059099047563800,9.922563720703126,0.5895639755070209,0.522216532421112,0.05719051673607901
1789059099057574000,9.932573974609374,1.753411355280876,0.2570502229914069,-0.07950637517422438
1789059099067583700,9.942583740234374,3.151082688498497,-1.3583031994253396,0.05542823803760111
1789059099077593900,9.95259375,1.09833942707479,-0.4931003280520439,0.17257557615162802
1789059099087603700,9.962603759765624,-2.6108979531884193,0.9009665509328245,0.6529611465971916
1789059099097613800,9.97261376953125,-4.166450402376055,1.0692986260294914,0.18895020797252654
1789059099107624000,9.9826240234375,-2.4896231050819155,-0.6059145140662789,-0.616280863649398
1789059099117633800,9.9926337890625,-0.46870179985463617,0.7918222856029867,0.7307539227865636
1789059099127644000,10.002643798828124,2.477915716153383,-0.2802756157562136,0.3953014864705503
1789059099137653800,10.01265380859375,2.841220620512962,0.8381637655392289,0.629205519413203
1789059099147664000,10.022663818359375,2.8056173922121523,-1.690355764169991,-0.29825054064691064
1789059099157673700,10.032673828125,-1.643870199587941,0.8343991523087024,-0.834594821011275
1789059099167683800,10.042683837890625,-1.948843326488137,-0.9868597045347094,0.5094756357263773
1789059099177694000,10.05269384765625,-0.5030845464497804,-1.8334569518983364,-0.1382341844801791
1789059099187703800,10.062703857421875,-0.09215104495286941,0.7561044910117983,0.7571012469641863
1789059099197714000,10.0727138671875,1.7470698772996662,-1.128578790254891,1.253209378530085
1789059099207723800,10.082723876953125,-1.67141813172698,0.6637924102783203,-0.12258563844412565
1789059099217734000,10.09273388671875,-4.121457414439321,1.0769526479139924,-0.6479684528764337
1789059099227743700,10.10274365234375,1.9606933387577532,-0.6417682099968195,-0.2908390953466296
1789059099237753900,10.11275390625,2.3907500583976504,-1.2949421956270932,0.0927743462166749
1789059099247764000,10.122763916015625,5.287380431443452,-2.5789570467874405,1.105936604205519
1789059099257773800,10.13277392578125,3.2062036872178314,-1.03973146302253,0.29408825160199775
1789059099267784000,10.142783935546875,-1.6609224566757679,1.4769099973663686,-1.3044035591945051
1789059099277793800,10.152793701171875,-3.7067338730096813,1.5711787651255726,-0.7919402859594672
1789059099287804000,10.162803955078125,-3.5180326713621612,-0.37671938946694133,0.22247856622803955
1789059099297812700,10.172812744140625,-2.2863351596772667,-0.20923311754465101,-0.11997595826922915
1789059099307822600,10.182822509765625,-0.35292964081764217,0.4137558654412627,-0.2861559424990788
1789059099317832700,10.192832763671875,1.5527753856897353,0.46147214086204763,-0.07959003486968576
1789059099327842800,10.2028427734375,2.523116209360957,-0.6179732006505131,-0.15728925102408975
1789059099337852700,10.212852783203125,1.720387622079253,-1.1340008153036236,-0.17118024933570994
1789059099347862800,10.22286279296875,-1.0710364096075295,1.047342522548139,-0.4554099547462538
1789059099357872600,10.23287255859375,-2.074588013485074,0.45311523140519855,-0.8524631437223404
1789059099367882800,10.2428828125,-1.9911808314800261,0.5401201456412673,-0.1452564112671651
1789059099377892600,10.252892578125,-0.5539186616301536,-0.5298442508205771,-0.18991689758021382
1789059099387902700,10.26290283203125,0.5010083246976137,-0.43018443767279385,-0.3784998431429267
1789059099397912800,10.272912841796876,1.3431938930988312,0.5300611084416509,-0.3714082409141585
1789059099407922700,10.282922607421876,1.5617343526929617,0.5005255096167326,-0.8406815935790538
1789059099417932800,10.292932861328126,0.7403893277466297,0.19266046066731213,-0.9664582100842147
1789059099427942700,10.302942626953126,-0.016669979771971703,-0.9346665759608149,-1.001886885535717
1789059099437952800,10.312952880859376,-0.38747020832300183,-0.7703884524300694,-0.6954806570924819
1789059099447963000,10.322962890625,0.12305530178248882,-0.26194617833942174,-0.669742623919621
1789059099457972700,10.33297265625,0.016346154645085334,0.1989838184699416,-0.46090062458440656
1789059099467982800,10.34298291015625,-0.9895271701782942,1.0442474791422485,-0.40963498611897226
1789059099477992700,10.35299267578125,-2.132365664193034,0.7045940840050577,-0.798507389390096
1789059099488002800,10.3630029296875,-2.694920052221417,0.848756763485074,-0.11675366262132301
1789059099498012700,10.3730126953125,-0.3405255017966032,-0.43056145429164167,0.044064493181277066
1789059099508022800,10.383022705078124,2.550832483804226,-1.067467903470993,-0.1300571068359539
1789059099518033000,10.393032958984374,4.306836193665862,-2.725277488823235,-0.4282056118804961
1789059099528042800,10.403042724609374,2.9354642538309097,-2.596261817331612,-0.2160509625996463
1789059099538052900,10.413052978515625,-4.331844378194213,7.856329586696624,0.2997541318765841
1789059099548062700,10.423062744140625,0.28243454735577106,-2.579985805313289,0.3491337921986356
1789059099558072800,10.43307275390625,-1.9918682292222976,1.5244637757018207,0.40945886236708606
1789059099568082700,10.443082763671875,-6.283765796953439,1.4387418870136142,0.7974670134916901
1789059099578092800,10.4530927734375,-2.2198317662000653,-3.153433927799761,0.7399313548460602
1789059099588103000,10.46310302734375,5.2079158495843405,-1.1901122863650322,1.4259792899437247
1789059099598112800,10.47311279296875,6.451548713734746,-0.10797463702857493,-0.017653145590424538
1789059099608123000,10.483122802734375,8.050992911618948,-0.12089344757348298,-0.9157803814440965
1789059099618132700,10.4931328125,1.3567811044245957,1.969817433194816,-0.6739641140721738
1789059099628142800,10.503142822265625,-7.311032622939348,3.274883255690336,-1.6188655221909283
1789059099638153000,10.513153076171875,-8.651784383583069,-0.1515966288730502,0.26035580387543883
1789059099648162800,10.523162841796875,-5.0550984467446805,-1.1820040909722447,1.3910546915568411
1789059099658173000,10.5331728515625,1.2902432241559028,-2.6983158321395515,0.647535687482357
1789059099668182800,10.543182861328125,3.6675907801449297,0.9818892226457595,0.32783085539638995
1789059099678193000,10.55319287109375,4.986685420253872,1.1081088336780667,-0.7590155561529099
1789059099688202800,10.56320263671875,3.704719026055932,0.48781274303793903,-0.43850645847935227
1789059099698212900,10.573212890625,-0.2592436413824558,0.1892442224830389,-0.34504436746053396
1789059099708223000,10.583222900390625,-3.7176287765115497,0.34333412947654723,-0.5838238974850625
1789059099718232800,10.59323291015625,-4.013058414518833,0.7947793818429112,0.2235292077921331
1789059099728243000,10.603242919921875,-0.9274094444394111,-0.9056167148262262,0.6023373131666332
1789059099738252800,10.613252685546875,0.8638906197309494,-0.1333785428762436,0.6171097887542099
1789059099748263000,10.623262939453125,2.1674825702816247,-0.872867706912756,-0.34127281303256746
1789059099758272800,10.633272705078125,-0.8456611355572938,1.9393939456194638,-0.6573579933166503
1789059099768283000,10.643282958984376,0.6243564719468355,0.04150251547247171,-0.20866693502925335
1789059099778293000,10.65329296875,-0.4053226758778095,-0.7043988536939024,-0.7189642624020576
1789059099788302800,10.663302734375,0.6784212396115065,-2.2505434230670334,-1.0068353747885674
1789059099798312000,10.67331201171875,0.8073287745535374,-1.1720210416182875,0.6957808821480721
1789059099808322000,10.683322021484376,-0.6465338169634341,0.7501286314725876,0.5853244747737423
1789059099818332000,10.693331787109376,-0.6489414626270532,0.7619193147704004,-0.2594718241151422
1789059099828342000,10.703342041015626,-0.7316162387043237,0.17351561521440742,-0.4352478585422039
1789059099838352000,10.713351806640626,-0.6161784261882305,-0.816193633532524,-0.38883787994701413
1789059099848362000,10.723362060546876,-1.04328447932899,0.580723666447401,-0.6195458567947149
1789059099858372000,10.7333720703125,0.10010463430583476,0.7062301607742906,-0.08541523389182984
1789059099868382000,10.7433818359375,1.473393805938959,-0.6441194492980837,-0.6342971434637904
1789059099878392000,10.75339208984375,2.3245833495289085,-2.5069924652948976,-0.4431126005679369
1789059099888402000,10.76340185546875,2.5975141554802654,-4.729914890986681,0.6289089476194233
1789059099898412000,10.773412109375,-4.099429122504592,5.99209521921873,-0.17114055664613842
1789059099908422000,10.783421875,-1.2904916459590197,0.7644093780204654,-1.52886697909683
1789059099918432000,10.793431884765624,-0.039170565393567086,-1.288691318538785,-2.1563146950572727
1789059099928442000,10.803442138671874,-0.9944587813615798,0.731134592667222,-1.3421172037780285
1789059099938452000,10.813451904296874,0.0013537526965141295,-2.7059064333990213,-0.5921347027778625
1789059099948462000,10.823462158203125,0.23137363768219946,-0.6400017848461866,-0.6251496681511401
1789059099958472000,10.833471923828125,1.3899638275802135,0.7967375301733612,-0.641696313804388
1789059099968482000,10.84348193359375,1.9553192445039749,0.9488210657805204,-0.4161611364847049
1789059099978492000,10.853491943359375,1.7462836953580378,-0.2117766645476222,-0.48624089061133563
1789059099988502000,10.863501953125,0.9275392082989216,-0.7235898763760924,-0.3536425383273512
1789059099998512000,10.87351220703125,0.17603811942934988,-0.37818975428044793,-0.3227783943124115
1789059100008522000,10.88352197265625,-2.236274366956949,2.201055461798608,-0.8108098946675658
1789059100018532000,10.893531982421875,-3.4404759689509867,2.075772254833579,-0.8628822464060038
1789059100028542000,10.9035419921875,-2.32098152564466,0.4088087644279003,-0.024194840585160998
1789059100038552000,10.913552001953125,0.2110544877529144,-0.5021759071722627,-0.5354848139908165
1789059100048562200,10.923562255859375,2.2840081780344246,-0.6638727820381521,-0.6609312486935407
1789059100058571800,10.93357177734375,1.7566946147352456,1.113822535149753,-0.7280380148913711
1789059100068582000,10.943581787109375,0.20906711332798003,1.3430033389627933,-1.580957816340029
1789059100078591700,10.953591796875,-1.2929799556434154,0.5300634465292096,-1.019795321061462
1789059100088601900,10.963601806640625,-1.350809044277668,-0.8517442548632621,-0.5100131036039441
1789059100098611700,10.97361181640625,-1.9387369430154562,0.8759227105692029,-0.694620898457989
1789059100108621800,10.983621826171875,0.1653413688480854,-1.6616554471254348,-0.09457745011588559
1789059100118632000,10.9936318359375,-0.48473465076684946,0.8196735846027732,-0.3290110781569034
1789059100128641800,11.003641845703125,0.09428104271888732,-0.19124299508482218,-0.5737362917780876
1789059100138652000,11.01365185546875,-0.1212830314129591,1.178265781226754,-0.5619532803300767
1789059100148661800,11.023661865234375,2.0782570573866366,-0.06015139410197735,-0.21823385959668085
1789059100158672000,11.033671875,2.756657838732004,-0.5718927097380161,0.2947521588708274
1789059100168682000,11.043681884765626,0.8473474812090397,-0.12306406961083412,0.04874119802173227
1789059100178691800,11.05369189453125,-2.2921616738736628,1.2718991736918688,-0.11571193501604721
1789059100188702000,11.063701904296876,-2.740223421281576,0.6224260884061456,-0.09748798553403466
1789059100198711800,11.0737119140625,-1.651289535933733,-0.6438283573970198,0.0011919314646162092
1789059100208722000,11.083721923828126,-0.5864490583568811,-0.32980157094746826,-0.16378275949554516
1789059100218731800,11.093731689453126,1.967083332055807,-0.9473755431473254,-0.0036032486563548445
1789059100228742000,11.103741943359376,3.163331929218769,0.07688713258653879,0.07532518049944192
1789059100238752000,11.113751953125,1.9964783533662556,0.5013327343463897,0.002449238049332052
1789059100248761900,11.123761962890624,-0.4353863902300596,0.5220777084723115,-0.34944859376884996
1789059100258772000,11.13377197265625,-2.1321225030869244,-0.5877636480867863,-0.13223452394027263
1789059100268781800,11.14378173828125,-2.4666999101340767,-0.6825514712840318,-0.22627171143330632
1789059100278791000,11.153791015625,-1.3405688052922486,0.5116761414453387,-0.27911734909918157
1789059100288801800,11.1638017578125,0.8813000196933746,0.8621426070198416,0.21673302657967433
1789059100298811000,11.173810791015624,1.635427365413308,0.7587827703103422,-0.03790021666418761
1789059100308821000,11.183821044921874,1.4551491241961716,0.5454141603961586,0.15262467501284555
1789059100318830800,11.193830810546874,1.1068635097920894,-0.6097083533912897,-0.20828012766875326
1789059100328841000,11.203841064453124,0.47129999965429303,-1.0262421591132878,-0.4531393429331481
1789059100338851000,11.21385107421875,-0.5978787993878126,-0.4890931382372975,-0.016147599865682424
1789059100348861000,11.22386083984375,-1.6664806753247976,0.6362783804088831,-0.4017188061669469
1789059100358871000,11.23387109375,-1.4146259751498698,0.6443772234514356,-0.03319081513052806
1789059100368881000,11.243880859375,-0.7628343837887048,0.07988660666346549,0.38693785501196976
1789059100378891000,11.25389111328125,-0.41574703925848006,-0.7185413608148694,0.37793088414855297
1789059100388901000,11.263901123046875,-1.1607061591386794,0.4397629978790879,-0.32771263584420085
1789059100398911000,11.273910888671875,-0.23701310487389562,0.12729308548271656,-0.339628516424261
1789059100408921000,11.283921142578125,1.067536877053976,-0.20962503947168587,0.1076753618210554
1789059100418931000,11.293930908203125,2.5291771168351174,-1.7286656210809945,0.4741049740724265
1789059100428941000,11.303941162109375,1.3610598046571016,-0.21426380518823862,0.09252870089253411
1789059100438951000,11.313950927734375,-0.162091427141428,0.8617854641452432,-0.5873389929339289
1789059100448961000,11.3239609375,-0.3618599662482738,-0.05569762956351042,-0.7630129552260041
1789059100458971100,11.33397119140625,-1.0693342818647622,-0.7026683766394853,-0.2467175382158719
1789059100468981000,11.34398095703125,-2.215661202517152,-0.16997545838952063,0.11590429751668124
1789059100478991000,11.3539912109375,-1.829132658958435,0.35646687503308055,-0.4401000478137284
1789059100489001000,11.3640009765625,-0.24207798704802988,1.1730340180531142,-0.3693650081161409
1789059100499011000,11.374010986328125,2.271692886340618,-0.8236801898956299,-0.01830072277896106
1789059100509021000,11.38402099609375,2.5842268038839102,-0.5736676104560494,-0.492490744786337
1789059100519031000,11.394031005859375,2.7253923473745583,-2.022399853347242,-0.37856066995207216
1789059100529041200,11.404041259765625,0.9081009328573941,-0.7554483651906252,-0.11593746913392096
1789059100539050800,11.41405078125,-0.46201545395851135,-0.23335604367107152,-0.2654659864960238
1789059100549060900,11.424060791015625,-2.0533838974148035,1.2083397247120737,-0.2107781915621832
1789059100559070700,11.43407080078125,-2.483941552314162,0.8031582108706236,-0.317780659090355
1789059100569080800,11.444080810546875,-2.20874513951838,0.6883490516468882,-0.41174386803172525
1789059100579091000,11.454091064453126,0.19440087459385394,-1.1368567892566324,0.3037554947387427
1789059100589100800,11.464100830078126,2.0625877790898084,-1.2354995343163608,0.5922822945550084
1789059100599111000,11.47411083984375,2.6706279070079324,-0.7657771592423319,0.17279354801755398
1789059100609120800,11.484120849609376,1.2894658100426197,0.2505854108914733,0.05343543851887807
1789059100619131000,11.494130859375,-0.7692828292757272,1.2452172107324004,0.32582978123966605
1789059100629140700,11.504140625,-0.9659510642796755,-0.07406418412029743,0.49181467215567826
1789059100639150800,11.51415087890625,-0.9966747038453817,0.6691270493045449,0.9876263780582696
1789059100649161000,11.524160888671876,0.32821839340925213,-1.8634455551877618,0.924533889003098
1789059100659170800,11.5341708984375,-0.16192834553420543,-0.7919277918040752,0.2555722228607163
1789059100669181000,11.544180908203124,-0.4853443070977926,0.4867287471935153,0.3369050828097388
1789059100679190800,11.554190673828124,-0.9277057970374822,1.4347203764125704,-0.17663670637700707
1789059100689200400,11.564200439453124,0.35920915947854515,0.8550745683297515,-0.05814297688901424
1789059100699210500,11.57421044921875,2.1424860761910676,-0.26305004792809483,0.404226295475848
1789059100709220400,11.584220458984374,1.4217641564667225,-0.2942977113679051,-0.023222342291194943
1789059100719230500,11.59423046875,-1.4382827450692652,1.2186778711140156,-0.3758934235041961
1789059100729240300,11.604240234375,-2.7240958778232334,1.8131132520496844,-0.36453218113221225
1789059100739250400,11.61425048828125,-1.1304372776031493,-0.2854977343186736,-0.21862382702864705
1789059100749260500,11.624260498046874,0.03582768470644951,-0.6328057358622551,-0.055678239876450965
1789059100759270400,11.6342705078125,1.5803449451386928,-0.7518129312977194,0.5200219449862837
1789059100769280500,11.644280517578125,2.070916046974063,0.7043336795032024,-0.16700148408003151
1789059100779289600,11.65428955078125,1.2978513610720634,0.2832341733008623,-0.7073911673776805
1789059100789299500,11.664299560546874,-1.1996160277694463,0.04544306979179382,-0.6618235944233835
1789059100799309600,11.6743095703125,-2.4347937827855346,-0.26744682158231736,-0.2601578336179256
1789059100809319400,11.6843193359375,-1.5747469790011643,-0.6939788742274046,-0.3073754753341898
1789059100819329500,11.69432958984375,0.14184943410158157,-0.2461030047804117,0.1318583201721776
1789059100829339400,11.70433935546875,1.3521037602633237,0.28009295266568657,0.7312436790648847
1789059100839349500,11.714349609375,1.3948749804973601,0.46527211766690013,0.044940805658348834
1789059100849359600,11.724359619140625,0.3998936365664005,0.01633417194634676,-0.6041786667170003
1789059100859369200,11.734369140625,-0.6127344232141971,0.17853168981075285,-0.5828569886816665
1789059100869379300,11.74437939453125,-1.6058657553642988,0.20636954480707645,0.206208582091704
1789059100879389200,11.75438916015625,-0.9274719882816076,-1.171328383179009,0.5311545297015458
1789059100889399300,11.7643994140625,-0.179200967374444,-0.6308218685686587,0.6321746714171022
1789059100899409400,11.774409423828125,1.1864537638574837,-1.4123247124701737,0.637174598596245
1789059100909419300,11.784419189453125,0.47250469926893707,0.5886632272750139,-0.08266210839194245
1789059100919429400,11.794429443359375,0.03315817323625087,0.5265191980510949,-0.0571793194886297
1789059100929439200,11.804439208984375,-1.0387520965963601,0.6331976577892899,-0.01897050266615115
1789059100939449300,11.814449462890625,-0.8946762186169623,0.46184097417443987,0.2388990282183513
1789059100949459200,11.824459228515625,0.2451362055748701,-0.32719518784135576,0.22914386933613567
1789059100959469300,11.83446923828125,2.459970894140005,-2.102445449964702,0.28410679141692813
1789059100969479400,11.8444794921875,1.9654004935353993,-0.8221472812399268,0.1426295059628319
1789059100979489300,11.8544892578125,0.2780745985805988,0.9092036334022879,-0.4149889509001747
1789059100989499400,11.86449951171875,-0.12068681908547878,-0.7506587928265332,-1.0629545176997781
1789059100999509200,11.87450927734375,-0.9455085802316665,-0.7010209016934037,-0.941935617115721
1789059101009519400,11.884519287109375,-1.3884586837142705,-0.8063251504689455,0.03936468145987019
1789059101019529200,11.894529296875,-1.6587451126366852,1.4030539030387996,0.38208720011040564
1789059101029539300,11.904539306640626,-0.015230302357673644,0.9179235309526323,-0.05583557672947645
1789059101039549400,11.914549560546876,2.041537976798415,-0.9158005474492907,-0.2914636387194507
1789059101049559300,11.924559326171876,2.0623598155528304,-1.1896867544293404,-0.6932908919632434
1789059101059569400,11.9345693359375,0.36668811705708504,-0.43827334384322164,0.025044881543237713
1789059101069579300,11.944579345703126,-0.0663537558734417,-0.7005129521712661,0.7122513938251882
1789059101079589400,11.95458935546875,-0.3994184202700853,-0.6351715882107615,0.3524455105625093
1789059101089599500,11.964599609375,-0.7483049231767654,0.500509727525711,0.673236749645695
1789059101099609300,11.974609375,-0.4290115945011377,-0.2701882292449474,0.44729332031868396
1789059101109619500,11.984619384765624,-0.4113870904833078,-0.320814546893537,0.3158894385162741
1789059101119629300,11.99462939453125,0.13769289894402026,-0.5097326061621308,0.03081011227276176
1789059101129639400,12.004639404296874,0.6719587655991316,-0.44003830768913027,0.23729844288760796
1789059101139649300,12.014649169921874,0.5317179357379674,-0.4942109196424484,0.0852424894071184
1789059101149659400,12.024659423828124,0.35208208407759667,-0.8346344223693013,-0.10104315726496278
1789059101159669500,12.03466943359375,0.21348376072645187,-0.8339771275043487,0.1555789399748668
1789059101169679400,12.044679443359374,0.8941869737952947,-1.5059578126743436,0.5489764194549992
1789059101179689500,12.054689453125,-0.14469605570435523,0.27957974244654177,0.6000842004776
1789059101189699300,12.06469921875,0.08813479504883288,-1.9149249825343488,1.147400395102799
1789059101199709400,12.07470947265625,-2.4482015458911657,1.2522224133193491,0.1424207677161321
1789059101209718500,12.084718505859374,-0.3093628862917423,-0.2978235474064946,0.18053473672885448
1789059101219728400,12.094728271484374,0.7846019789606332,1.2021133975431322,-0.07370229200534523
1789059101229738500,12.104738525390625,3.8460868141204116,-1.1760986663207411,-0.2028919318243861
1789059101239748400,12.114748291015625,1.9201976622402668,0.5223834134206176,0.0822946907185018
1789059101249758500,12.124758544921875,-1.4020003023326395,0.636677608859539,0.5533773578276857
1789059101259768600,12.1347685546875,-3.1823709762096404,1.3420081904456018,0.10929087072629481
1789059101269778400,12.1447783203125,-2.0331407353311777,-0.34682518646270033,0.2300851322416216
1789059101279788500,12.15478857421875,0.08362170153856277,-0.21622312256246803,0.6831466606982052
1789059101289798400,12.16479833984375,1.7528215726941823,-0.5430968233644962,0.35192134055793284
1789059101299808500,12.17480859375,2.3663971229076384,0.43550358686894175,0.14898830953817813
1789059101309818600,12.184818603515625,1.2321148603141308,0.16837474519461393,0.08477485362906008
1789059101319828500,12.194828369140625,-1.3460638955771922,0.5606351104035974,-0.43552378940675407
1789059101329838300,12.20483837890625,-2.1448767707198857,0.15033026219904422,0.03830101601742208
1789059101339848200,12.21484814453125,-0.8734294324487447,-1.156917580510676,0.3275004909308627
1789059101349858300,12.2248583984375,-0.32665012117922304,-0.16551380280554293,0.07503372327219694
1789059101359868400,12.234868408203125,0.43974049378633495,-0.34973347512483594,-0.11839468956030905
1789059101369878300,12.244878173828125,-0.6442576887249947,1.0705717147052287,-0.3063363050121814
1789059101379888400,12.254888427734375,0.2479933485716581,0.49773207950592036,-0.08099146263282746
1789059101389898200,12.264898193359375,0.6485375580012798,0.1187879997268319,-0.3300733736261725
1789059101399908400,12.274908447265625,1.589781466525793,-1.1551514476209879,-0.46524928478058425
1789059101409918200,12.284918212890625,1.523071736821532,-0.9052338529884815,0.2686450549235567
1789059101419928300,12.29492822265625,0.08356091126203537,-0.2791059874549508,0.4101657685274258
1789059101429938400,12.3049384765625,-1.674592670109868,0.3134732442200184,0.4763995878156274
1789059101439948300,12.3149482421875,-2.380723169901967,0.24062311206459996,1.1234065021835267
1789059101449958400,12.32495849609375,-1.8443647148817777,0.2821612833723426,0.6084675230173394
1789059101459968300,12.33496826171875,-0.100991938534379,-0.24081717333197591,-0.19266195850465445
1789059101469978400,12.344978271484376,1.4899264230668543,0.0700742377012968,0.44412842654697593
1789059101479988200,12.35498828125,2.9184856465011833,-1.05841862783581,0.9269207110743969
1789059101489998300,12.364998291015626,1.8341788364320992,-0.9798156312420964,1.1416865475006401
1789059101500008400,12.375008544921876,-1.0832377195328473,0.6332721843302249,1.1859868769980966
1789059101510018300,12.385018310546876,-1.9349936648339032,-0.6490303099542856,0.31349129133336245
1789059101520028400,12.3950283203125,-2.249527816283703,-0.6810369750678539,0.1637718545090407
1789059101530038300,12.405038330078124,-1.4984440760433673,-0.8096294527113437,0.12689064216166734
1789059101540048400,12.41504833984375,-0.6264303556114434,0.38801965889930723,-0.24393610907010732
1789059101550058200,12.425058349609374,2.248445281744003,0.44797436138540503,-0.3082179540403187
1789059101560068400,12.435068359375,5.3726434704482555,-1.4369959201291203,0.2963478488307446
1789059101570078500,12.445078369140624,4.982510180395841,-1.8783716139018534,0.007617927657812834
1789059101580088300,12.45508837890625,2.571621589332819,-0.8690513634949922,0.15099369454383849
1789059101590098400,12.465098388671874,-0.5973369475960731,0.24395284100919962,0.17992303457129746
1789059101600107500,12.475107421875,-3.493098136591911,0.7870245299324393,0.03455211181268096
1789059101610117400,12.485117431640624,-4.232523003220558,0.4463587428823113,0.4814835400164127
1789059101620127500,12.49512744140625,-3.383117420437932,0.4637941540688276,-0.4082695064520463
1789059101630137300,12.505137451171874,-0.663179246816039,-0.6486953789114952,-0.27524218816626816
1789059101640147500,12.5151474609375,2.330491696789861,-0.6935194400221109,0.3468683680173009
1789059101650157600,12.525157470703125,3.8747429997622964,-0.9484645074278115,-0.3980032927751541
1789059101660167400,12.53516748046875,2.1412983277112243,-0.06947831763476132,-0.05943699875492602
1789059101670177500,12.545177490234375,-1.7005764216721058,1.3061571248635648,0.14638112271446735
1789059101680187400,12.5551875,-2.370022912189364,-0.1303279231339693,0.3704962771683931
1789059101690198000,12.565197998046875,-2.235166697975993,0.03940817354172468,1.0991491360224783
1789059101700207900,12.575207763671875,0.7085293776273727,-2.1066662825301288,0.7311671066973358
1789059101710218000,12.585218017578125,0.24101123459935186,-0.524622424519062,-0.236365491152741
1789059101720227800,12.595227783203125,-0.12769757463037967,0.3088996526941657,0.12275438260715454
1789059101730238000,12.605238037109375,0.1419564016073942,0.47175446542352434,-0.412818840319477
1789059101740248000,12.615248046875,1.4463707744568586,-0.17431494889855384,-0.5610380651813001
1789059101750258000,12.6252578125,1.6143009907543657,-0.9315662718579173,-0.14460264179985968
1789059101760268000,12.63526806640625,-1.7034505158036946,1.064472521047294,-0.6325923853725195
1789059101770278000,12.64527783203125,-1.8498516218602656,-0.035140579225122925,-0.42417905977815384
1789059101780288000,12.6552880859375,-0.671090750592947,-0.5381134819939732,-0.038727899659983814
1789059101790298000,12.665298095703125,0.5962345393121242,-1.6005194259002804,-0.30113921129312365
1789059101800308000,12.675307861328125,1.3826765931814908,-0.29302812982350585,0.6370407430835068
1789059101810318000,12.685318115234375,2.175587550804019,-0.1309057230219245,-0.14270944846440106
1789059101820328000,12.695327880859375,-0.08143091349601746,0.6062684420704841,-0.6232986334569752
1789059101830338000,12.705338134765626,-1.6865198392689227,0.3750941263526678,-0.11316836974676697
1789059101840348000,12.715347900390626,-1.7770307157993315,-0.34412440307140346,0.07903156073670833
1789059101850358000,12.72535791015625,-0.3776256906569004,-0.40860593533217904,0.5447603361299261
1789059101860368100,12.7353681640625,0.3783434835374355,0.9594365678191185,0.894252586377412
1789059101870378000,12.7453779296875,0.9963251597553491,0.2996811579719186,1.0688538048714398
1789059101880388000,12.75538818359375,0.5890986960828304,0.18741437670737504,0.3841620336230844
1789059101890398000,12.76539794921875,-2.264525478929281,0.8421338382139801,0.4160415286930278
1789059101900408000,12.775407958984376,1.0000099857479334,-1.9423118788927793,0.9688858025573194
1789059101910418000,12.78541796875,2.001724437326193,-1.3425295839712024,-1.0217972354684024
1789059101920428000,12.795427978515624,3.2109739703595634,-2.4611016517356035,-1.404897046687454
1789059101930438100,12.805438232421874,-2.6698803035110235,2.1244027224898336,1.433638572525233
1789059101940448000,12.815447998046874,-9.644862524241208,3.6840482862100004,3.5684772027030585
1789059101950458000,12.8254580078125,0.4327683166861534,-1.8265560864686965,2.4500705546334385
1789059101960467200,12.83546728515625,5.338052049538493,-2.0213675876900554,-1.204484875914827
1789059101970477000,12.84547705078125,4.9835740102350705,-1.3214175300985573,-6.052117433983087
1789059101980487200,12.855487060546874,4.026016680291295,-0.6605436376154422,-2.2095039950616657
1789059101990497000,12.8654970703125,-2.133577962592244,2.9056054144009944,2.824628382152319
1789059102000507100,12.875507080078124,-3.982408424711227,0.577724776892364,3.2674703490853307
1789059102010517200,12.885517333984374,-3.607867256066203,-1.5988298653781412,1.1557122233089059
1789059102020527000,12.895527099609374,-0.8696148425966501,-2.45427355928123,0.6505917140521109
1789059102030537200,12.905537109375,1.3203005087673663,-0.25000264256745575,0.2316571125323884
1789059102040547000,12.915547119140625,1.6757546996265649,1.1707695802524685,-0.1177736533188261
1789059102050557200,12.92555712890625,0.9716635967075824,2.3730270624414085,-0.6104340738499536
1789059102060567000,12.935567138671875,1.9685241785138845,-1.0597565984413027,-1.239273061505705
1789059102070577200,12.9455771484375,0.8541519005268812,-0.0950531961351633,-0.39912425962910053
1789059102080587300,12.955587158203125,-0.3398404421418905,0.35365795509219167,0.26901361424131315
1789059102090597000,12.96559716796875,-1.816983956003189,1.0216349575787782,-0.02753638783171773
1789059102100607200,12.975607177734375,-1.6530325802087782,-0.5612313227310777,0.12265747070447541
1789059102110617000,12.9856171875,-1.7624673529177903,-0.23909634088873863,-0.3530780363123864
1789059102120627200,12.995627197265625,-2.0686621305674313,0.5035182616919279,-0.10191407661428674
1789059102130637000,13.005636962890625,-1.0503776524603365,1.3415095932736991,-0.09784483614768832
1789059102140647200,13.015647216796875,1.8098282390296458,-0.6390323552921414,-0.019600489399069918
1789059102150657300,13.0256572265625,2.3050515505850315,-1.5925073843583464,-0.2770247059351764
1789059102160667000,13.0356669921875,0.9327765244305133,-0.6648088938444853,-0.10408935656044632
1789059102170677000,13.045677001953125,-1.0946440796881913,1.082919447363913,0.15342391736544667
1789059102180686800,13.055686767578125,-0.31367022809684275,-1.822649726679921,1.090382476720959
1789059102190697000,13.065697021484375,-2.431628012230992,2.392481996756792,1.3023675233222543
1789059102200707000,13.07570703125,0.9052537267327309,-2.489262455075979,0.021644142322195692
1789059102210717000,13.085717041015625,0.8044862446039914,0.23325112199187278,-0.8431824704840779
1789059102220727000,13.09572705078125,2.487461543133855,-2.205619116452336,-1.3926592041440307
1789059102230737000,13.10573681640625,1.2929109820604323,-1.760231556689739,-1.0059738625884056
1789059102240747000,13.1157470703125,-2.0135563294172285,4.502967545314133,0.13877336025764234
1789059102250756900,13.1257568359375,-2.06592306099236,2.4547201340049503,-0.30576663363175466
1789059102260767000,13.13576708984375,-1.5742448746979236,2.266193119880557,-1.3843560707010327
1789059102270776000,13.145776123046875,-0.06161386786997318,0.8089519918411969,-2.011728675598651
1789059102280786000,13.155785888671875,2.919135634842515,-6.609648440891504,-1.3565169005304574
1789059102290796000,13.165796142578126,1.1656184810996055,-0.8329559677630662,-0.7590999465007334
1789059102300806100,13.17580615234375,1.2768050659120083,1.0110504352003336,-0.5631918091490864
1789059102310816000,13.18581591796875,0.18235797010064125,3.6403146506845947,-0.4209530104037374
1789059102320826000,13.195826171875,-1.153041908121109,1.1315241960570215,-1.6046905741050839
1789059102330836000,13.2058359375,-1.541888080972433,-1.5021771250918508,-1.5438361463002859
1789059102340846000,13.21584619140625,-0.024525953969359398,-2.5255437287688256,-0.6035695218427106
1789059102350856200,13.225856201171876,1.474540637886524,-1.0696993157848715,-0.7042568879399448
1789059102360866000,13.235865966796876,0.5944459023296833,1.7874921963199972,-0.8645528830319642
1789059102370876200,13.245876220703124,1.517534560960531,-0.07788608049601316,-0.6428332088798284
1789059102380886000,13.255885986328124,-0.9880530059725046,-0.31131460488140583,-1.635148402341455
1789059102390896000,13.265896240234374,-0.575607930868864,-0.4476920373126864,-1.482631297622621
1789059102400906000,13.275906005859374,-1.1550637693375347,-0.48210137965381145,-1.3682085073679684
1789059102410916000,13.285916015625,-0.9321294586986303,-0.779095198237896,-1.2327566653490065
1789059102420926200,13.29592626953125,-0.17721125486195086,-0.8702426191061735,-0.8630185861367732
1789059102430936000,13.30593603515625,0.517462615892291,-0.9103627403095365,-0.3056504416398704
1789059102440946200,13.3159462890625,-0.13620470621287822,-0.013074877889454365,-1.6044696248307824
1789059102450956000,13.3259560546875,-0.8318816165298223,1.0279732206895946,-1.093876675512269
1789059102460966100,13.335966064453125,-0.8509306003928184,0.7645660298869014,-0.8474232498589903
1789059102470976000,13.34597607421875,1.6047206769824027,-1.0049334136247634,-0.5736289589460939
1789059102480987100,13.355987060546875,1.6066922693163155,-1.0116156678676604,-0.5832273198314011
1789059102490997000,13.3659970703125,1.6079419771164656,-1.0164958411246539,-0.5924992252413183
1789059102501007000,13.376007080078125,-0.5550099639981985,1.7098852250263095,-0.5950375846125185
1789059102511017000,13.386016845703125,-0.25692659661173817,0.23278876517713068,-0.45692134568989273
1789059102521027000,13.396027099609375,-0.2594008777707815,-0.5437935734570026,-0.48996217615678905
1789059102531037200,13.406037109375,-0.08198153311610222,-0.7999526928275823,-0.29929164719767865
1789059102541047000,13.416047119140625,-0.8798211793124675,1.3850254943951963,-0.8428194093253463
1789059102551057200,13.42605712890625,-0.019715923339128492,1.4018611861228942,-0.7007497566018254
1789059102561066200,13.436066162109375,0.500920061892271,0.8236413191899656,-0.19147066636085508
1789059102571076000,13.446076171875,0.9113064509004354,0.058437283660471434,0.1123657846596092
1789059102581086200,13.456086181640625,1.1521107647508382,-0.8802999027401208,-0.45043658678047355
1789059102591096000,13.466095947265625,0.28633038575053216,0.17866846793293953,-0.4955057817585766
1789059102601106200,13.476106201171875,-0.6514636745810508,0.9428758936405182,-0.5174724066339433
1789059102611116300,13.4861162109375,-2.8125942454874515,1.9481521293535828,-1.320211661440134
1789059102621126100,13.496126220703125,-2.868953261569142,0.6780120742887258,-0.701557858114317
1789059102631136000,13.506135986328125,-2.2124276274234056,0.5588152015000581,-0.8810600734576582
1789059102641145900,13.516145751953125,0.35664252386093137,-0.9757610951542853,-1.2258452785253524
1789059102651156000,13.526156005859375,0.8336217381954193,1.3524322615653275,-0.5102914821539074
1789059102661166000,13.536166015625,2.397705868884921,-0.7019511682808399,-0.8466757194273173
1789059102671176000,13.546176025390626,1.6222727002859114,-0.6117676240086555,-0.22534027580209076
1789059102681186000,13.55618603515625,-0.3357978887528181,0.6042682081639766,-0.07987294346429408
1789059102691196000,13.56619580078125,0.318157018122077,-1.8769862970232962,0.027554325347207486
1789059102701206000,13.5762060546875,-0.7784206599771976,0.031280104404687877,0.5291496196199208
1789059102711215900,13.5862158203125,-1.49422441252172,0.8052244957506656,0.20119378613699226
1789059102721226000,13.59622607421875,-1.1095949805825949,1.5388596730619668,0.09856387113723904
1789059102731236000,13.606236083984374,2.029550017362833,0.25666063915193077,0.6334270826309919
1789059102741246000,13.616245849609374,2.0109768343180416,-0.018562077128887175,0.28993407279830424
1789059102751256000,13.626256103515624,-0.11024433552622795,0.9310387408524751,0.4248804129805416
1789059102761266000,13.636265869140624,-0.751110628247261,0.27451632157713174,-0.3708173988815397
1789059102771276000,13.646276123046874,-0.13475684549212455,-0.582568125270307,-0.8439599576625972
1789059102781286000,13.656285888671874,0.6523743596851825,-0.648956660196185,-0.33403482460305095
1789059102791296000,13.6662958984375,0.017487141373753547,1.3950740102007984,-0.8804068702459334
1789059102801305000,13.67630517578125,0.017718612042069433,1.395020526447892,-0.8766032401792705
1789059102811315000,13.68631494140625,-1.6719880405694245,1.7344292991742492,-1.217159356309846
1789059102821325000,13.696324951171874,-2.1306559376657006,0.035246962209045885,-1.3299255384638904
1789059102831335200,13.706335205078124,-1.536479499927163,-0.9712661218225955,-1.145562950542569
1789059102841345000,13.716344970703124,-0.34860417883396144,-1.3138880113765596,-1.2079650461807847
1789059102851355100,13.726355224609375,0.11449088705480098,0.0831453161984682,-1.2225044436648487
1789059102861365000,13.736364990234375,0.3425228130936622,0.5854910269796848,-0.9824238409791142
1789059102871375000,13.746375,-0.1740425616979599,0.6302674495562911,-1.0189064093977211
1789059102881385000,13.756385009765625,-1.0970943954497576,0.9817474760875106,-0.8459154025793075
1789059102891395000,13.76639501953125,-0.16049217525124548,0.04482552241533994,-0.8433302083916961
1789059102901405200,13.7764052734375,0.2371370235145092,-0.8122711993917823,-0.8645443343993275
1789059102911414000,13.7864140625,-0.45168578312397,-3.1596257681772113,-0.7042116605587303
1789059102921424000,13.796423828125,-2.863736988225579,-0.41806671437770127,-0.4020019339572638
1789059102931434000,13.80643408203125,-2.0778782872021195,0.9571642389729619,-0.48968814498838037
1789059102941443800,13.81644384765625,0.7258750647038221,0.26284546526670455,-0.6172260355450213
1789059102951454000,13.826453857421875,2.694659355458617,0.08304185582399368,-0.6489785797670483
1789059102961463800,13.8364638671875,2.6824405098766086,0.31259441555887457,-0.6078358009850606
1789059102971474000,13.846473876953125,0.2583691966354847,-0.021645430096983907,-0.03459174970332533
1789059102981484000,13.856484130859375,1.1923872455596922,-1.1602198369264602,-0.27955548478811976
1789059102991494000,13.866493896484375,0.5707137290865183,-0.7127136775746941,-2.4176103005334735
1789059103001504000,13.87650390625,1.0166115764588117,-0.0664516632899642,-2.8310502318933604
1789059103011513900,13.886513916015625,-0.3413748121023178,-0.3996943146020174,-0.14670260975379495
1789059103021524000,13.89652392578125,-3.5930016953676938,1.6621514139488338,0.7174634293850511
1789059103031534000,13.9065341796875,-3.785948864021897,0.8391235504820942,-0.7095515602819621
1789059103041544000,13.9165439453125,-1.001008349135518,0.32319910394251344,-0.6818558902353048
1789059103051554000,13.926553955078125,3.295020034790039,-1.4231027115941046,-0.512733285815455
1789059103061564000,13.93656396484375,4.7053994584113354,-0.7594859501436352,-0.5106530454752967
1789059103071574000,13.946573974609375,4.293381084287167,-0.7662938765928149,-0.06233421803377568
1789059103081583900,13.956583984375,0.5704132848352194,0.42543841218948364,-0.6437596760749816
1789059103091594000,13.966593994140625,-3.5258266862392422,0.08593465465605259,-0.9646944883473217
1789059103101604000,13.97660400390625,-5.557013364893198,0.30095950734466315,-0.7538993821829557
1789059103111614000,13.986614013671876,-3.193903008571267,-0.9881798472225666,-0.12236560248527675
1789059103121624000,13.9966240234375,-0.17833996663093565,-0.7972031018584966,0.9416399951700121
1789059103131634000,14.006634033203126,1.9376602536946534,-0.4547586146980524,0.10598382853753864
1789059103141644000,14.01664404296875,3.1613802106291056,0.20186025068908928,-0.4214539456631988
1789059103151653000,14.026653076171876,2.8441315395236013,-0.3838280524283647,-0.5707866847248748
1789059103161663000,14.0366630859375,1.108488480645418,-0.7715794157803059,-0.3024429143028334
1789059103171673000,14.046673095703126,-1.2425088285565375,0.3331768925994634,0.31800058545134957
1789059103181683000,14.056682861328126,-3.225862327411771,0.88541154666543,-0.10069876427408307
1789059103191693000,14.066693115234376,-2.1117285343557595,-1.425584299276769,0.290270867004618
1789059103201703200,14.076703125,-1.0645967319488525,-0.6431611256599425,0.2944149810720235
1789059103211713000,14.086713134765626,0.5476432346224784,0.8157046809718013,-0.32844453031532467
1789059103221723100,14.09672314453125,2.3765783251821992,2.3432521019026638,-0.4017503338163718
1789059103231733000,14.10673291015625,1.28387018199265,2.782141531817615,-0.6800552705541253
1789059103241743000,14.1167431640625,-2.2046038019299505,2.5167738545969125,-1.0255942896638064
1789059103251753200,14.126753173828124,-2.6513585583925248,-0.26683132003247734,-0.26415373485367744
1789059103261763000,14.13676318359375,-0.6770686559587716,-4.797053075236081,0.1573936247140169
1789059103271773200,14.146773193359374,-2.8431875366717576,3.5336560646906494,0.7135173951730132
1789059103281783000,14.156782958984374,0.880402194070816,2.922134524397552,0.5125517552360892
1789059103291793200,14.166793212890624,3.9554824238628146,0.44294951896071433,-0.9173508456312119
1789059103301803000,14.176802978515624,1.8449042285859583,1.9207184712439775,-2.2311637459449467
1789059103311813000,14.186813232421875,2.196649043533206,-4.029312214705348,-1.1975474778670816
1789059103321823200,14.1968232421875,-0.36043022570610045,-2.6740973366841674,-1.366918029166013
1789059103331833000,14.2068330078125,-2.4967256305634975,0.8299915649995208,-0.8573037886865437
1789059103341843200,14.21684326171875,-3.608924071642756,3.0637013421654697,0.6595262772664428
1789059103351853000,14.22685302734375,-2.6179765132725237,2.4326398196220396,-0.44726738215982914
1789059103361863200,14.23686328125,0.7003086617708206,-0.5430652591824531,-0.014525624687038361
1789059103371873000,14.246873046875,3.6714193985223766,-2.4267165670529005,-0.05408975597545504
1789059103381883000,14.2568828125,4.100221149665117,-1.732208408254385,-0.44361609311066563
1789059103391893000,14.26689306640625,1.9739619856536388,0.8905950867831707,0.04866626962199807
1789059103401902000,14.276902099609375,-0.23285540067255495,1.0881725455865263,0.08442107175532727
1789059103411912000,14.286911865234375,-3.6568782474726436,1.1374240677505731,0.3579670504629612
1789059103421922000,14.296922119140625,-4.755590599513053,-0.5195610494762659,0.7055196013521403
1789059103431932000,14.306931884765625,-3.111289022770524,-0.6390615813866257,0.6665396631598473
1789059103441942000,14.31694189453125,0.14269056110084055,0.1626093135356903,-0.08440660483855754
1789059103451951900,14.326951904296875,3.194995479983091,0.880411546421051,0.12365019893571734
1789059103461962000,14.3369619140625,3.9968730033934112,0.17917524841129778,-0.6758023623500019
1789059103471972000,14.34697216796875,2.5794424922168253,-1.5851818637758492,-0.3954652987301349
1789059103481982000,14.35698193359375,-0.9845464591562747,-0.9920435369133949,0.015621310969255864
1789059103491992000,14.366991943359375,-3.2271061899930236,0.8636752234145998,-0.5406902371468022
1789059103502002000,14.377001953125,-1.9437989025801419,-0.12362637966871261,-0.5654675720613449
1789059103512012000,14.387011962890625,-0.8949895223498344,0.4198877923250198,0.22987260373579338
1789059103522022000,14.39702197265625,0.0338935017734766,-1.2390455363601445,-0.2271707426322624
1789059103532032000,14.407031982421875,0.5900029514461755,-0.166817286619544,-0.11452484412332996
1789059103542042000,14.4170419921875,2.4337159244209525,-0.2717734526097774,-0.6944442997820675
1789059103552052000,14.427052001953125,2.4813240632921456,-0.06163578744083643,-0.4490829802144319
1789059103562062000,14.43706201171875,1.4947767857074736,0.19462153160721063,-0.14930988790905103
1789059103572072000,14.447072021484376,0.6673679306775331,-0.7254121233671903,-0.04700690330872312
1789059103582082000,14.45708203125,-0.9360609529286622,-0.516561867660284,0.11569226220119744
1789059103592092200,14.467092041015626,-3.7225288235127922,1.766555791275203,-0.2137958954155445
1789059103602102000,14.47710205078125,-4.2909529803574085,2.349488658204675,-0.035636034591868516
1789059103612112100,14.487112060546876,-1.461476573652029,0.4182034924998879,-0.20998106810143216
1789059103622121200,14.497121337890626,3.169080117481947,-3.1172087682083247,-0.2349695980812423
1789059103632131000,14.507131103515626,5.437282823619246,-2.955208234220743,-0.520415364750661
1789059103642141200,14.51714111328125,4.911657944059372,-1.5102806443095207,-0.6489343022339046
1789059103652151000,14.527151123046876,-0.011833061134815215,2.2182260845690966,-0.8674558379318564
1789059103662161200,14.5371611328125,-4.668561135357618,2.4986112981796262,-0.93103903311342
1789059103672171000,14.5471708984375,-5.663433758217096,1.7053505042061208,-0.49941279913447795
1789059103682181000,14.55718115234375,-0.481266682395339,-3.249135358710587,0.11426982818264514
1789059103692191000,14.56719091796875,2.007442814972997,-1.890606826096773,-0.4817490590848028
1789059103702200800,14.577200927734374,3.111685328611731,-1.3619862718522548,-0.7373144503459333
1789059103712211000,14.5872109375,1.9702391657382248,0.4620125313490629,-0.9452022176962346
1789059103722220800,14.597220703125,-0.6416980673700571,2.3082091378331184,-1.1211191218987107
1789059103732231000,14.60723095703125,-2.7974557130664586,1.5012287383258343,-1.50344670663625
1789059103742241000,14.617240966796874,-2.8633301609903574,0.26588001065701244,-1.3445501300133764
1789059103752251000,14.6272509765625,-1.4470149175792932,-1.2183029003217816,-0.9369989644311368
1789059103762261000,14.637260986328124,-0.995088895958662,-0.37928982447683807,-1.0330947284217924
1789059103772270800,14.647270751953124,0.6060854867190122,0.09138327545076608,-0.7357286424592137
1789059103782281000,14.657281005859375,2.1046178255677224,0.7684688825443386,-0.7200816490594297
1789059103792290800,14.667290771484375,1.829858050623536,0.6624111850529909,-1.1384782529786228
1789059103802300700,14.67730078125,-0.44430677878856656,0.7784308891102671,-1.4149062533959746
1789059103812310800,14.687310791015625,-0.9169172765195369,-0.8058470115631818,-0.6992596641745418
1789059103822320600,14.697320556640625,-1.479227918919921,0.4962666831284761,-0.02269391623660922
1789059103832330800,14.707330810546875,-1.1583213098287581,0.4580243384957313,-0.6244973417222499
1789059103842339800,14.71733984375,-1.2462743185698986,1.5152575559392572,-1.2610340808063745
1789059103852349700,14.727349609375,0.37726094899773593,0.11833645656704903,-0.7389361332636326
1789059103862359800,14.73735986328125,1.9301257665365934,0.1328703010931611,-0.38869171294197435
1789059103872369700,14.74736962890625,2.745989729723334,-0.007525134807825088,-0.210459627132304
1789059103882379800,14.7573798828125,3.1716204496145246,-0.8626508488029241,-0.17981902620755136
1789059103892390000,14.767389892578125,2.75500539534986,-1.0314224843606352,0.07507823826735839
1789059103902399700,14.777399658203125,-1.1856471236497164,0.9211424929991364,0.47527438317798076
1789059103912409900,14.787409912109375,-2.9139649542063473,1.148556579400599,0.5365682983785868
1789059103922419700,14.797419677734375,-4.817074703523517,3.2777558885172007,-0.0034816315706819295
1789059103932429800,14.807429931640625,-2.203711237004399,-0.06911240693181753,-0.11347478708112611
1789059103942439700,14.817439697265625,0.9177999045729637,-0.7561556366771459,0.8006271580230444
1789059103952449800,14.82744970703125,3.049407443875074,-2.136832288213074,0.7459250423029065
1789059103962460000,14.8374599609375,2.316305350527167,-0.11592267342358827,0.2935350746986456
1789059103972469800,14.8474697265625,0.18758476483821868,0.6534656620532274,0.18557369901044293
1789059103982480000,14.85747998046875,-1.83744105309844,1.1778007940635085,-0.6141495507091284
1789059103992489700,14.86748974609375,-0.3150321640998125,-1.8278692148938773,-1.5646125384777783
1789059104002499800,14.877499755859375,0.4940536832541227,-2.414404197968542,-0.6030879854034632
1789059104012509700,14.887509765625,-0.49486967581212515,-1.1462672994196414,-0.6544150717325509
1789059104022519800,14.897519775390625,-2.0370903497397896,1.8161115570828317,-1.2498232432231307
1789059104032530000,14.907530029296876,-0.611095423835516,1.643764108864963,-0.9958072733610868
1789059104042539800,14.917539794921876,1.7106553326159715,-1.0784048925489187,-0.6107809510588645
1789059104052550000,14.9275498046875,2.7998446540296076,-2.4281641355127093,-0.36436964751426126
1789059104062559000,14.93755908203125,1.6271347533643246,-0.9528773554340004,-0.6233940566554665
1789059104072568800,14.94756884765625,-1.6551719303250312,0.9840563375517726,-0.7383448893722147
1789059104082579000,14.957578857421876,-4.241898149809241,1.9022353045701978,-0.947787484949082
1789059104092588800,14.9675888671875,-3.0241940921634436,0.9760606626227497,-0.7099548803858459
1789059104102599000,14.977598876953126,1.8498130434155462,-1.1167518665999174,-0.33222751945275814
1789059104112609000,14.987609130859376,5.5115831545829765,-1.0134244708552955,-0.14948336304612456
1789059104122619000,14.997618896484376,4.754411034339666,-0.4564014134690165,-0.4799442746851593
1789059104132629000,15.00762890625,-0.4863584525763988,1.6361159321993588,-0.7027427570499479
1789059104142638800,15.017638916015626,-5.223927657708526,1.9418878082618116,-1.2534386572413145
1789059104152649000,15.02764892578125,-5.755598247173428,1.0638672486305236,-0.8881585072860121
1789059104162658800,15.037658935546874,-0.5412456425398587,-0.7920075790420175,0.18969284303337333
1789059104172668700,15.047668701171874,3.8566637377142903,-0.2034732388436794,0.5090755304928869
1789059104182678800,15.0576787109375,5.688664061063528,-1.5052370971843598,1.0383566675379872
1789059104192688600,15.067688720703124,2.245051547652483,0.6974497652083634,0.7120343170084059
1789059104202698800,15.07769873046875,-1.1419412529140711,-0.31590894693434235,-0.4883632165275514
1789059104212708600,15.08770849609375,-4.177355242750048,0.0029342998862266537,-0.658846405243501
1789059104222718700,15.09771875,-2.964859859663248,-1.189424596361816,-0.4606455903774127
1789059104232728800,15.107728759765624,0.4618424354791641,-1.6679709138825536,0.17935403904430566
1789059104242738700,15.11773876953125,4.1218344310581685,-2.337459197714925,0.48576574738025663
1789059104252748800,15.127748779296875,4.457095144194365,-1.426956756673753,0.13261990652866662
1789059104262758000,15.1377578125,1.9513292980849741,-0.6879007233574986,-0.610906878993474
1789059104272767700,15.147767822265624,-1.4647294379681348,0.8887798540547489,-0.11702340120710432
1789059104282777900,15.15777783203125,-3.7311306476414203,1.3798945612475275,-0.4322019515076652
1789059104292787700,15.16778759765625,-3.8555923090904947,0.44614013169556854,-0.6917715003762394
1789059104302797800,15.1777978515625,-0.8679331731200217,-1.4954557078823447,-0.09903561683483421
1789059104312807700,15.1878076171875,1.0491548326671123,-2.4861940074160693,-0.2026474555440247
1789059104322817800,15.19781787109375,0.9716887311488389,-0.9909954891651869,-0.266456203109771
1789059104332828000,15.207827880859375,0.05019990893006324,1.1492238111376762,-0.24824465645160523
1789059104342837800,15.217837646484375,0.266037539306283,0.5472098116412758,0.11528404672648757
1789059104352848000,15.227847900390625,-0.5984615677118301,0.592439530943334,-0.45049189716428517
1789059104362857700,15.237857666015625,-0.5325491258651018,-1.0519704746097325,-0.04142196104954928
1789059104372867800,15.247867919921875,-0.6206885970890522,0.6034931321382522,-0.37549488917328416
1789059104382878000,15.2578779296875,0.5460258625537157,-0.009728197810053825,-0.15313890814529732
1789059104392887800,15.2678876953125,0.17473288204967974,1.9244471363782882,0.24242665435522792
1789059104402898000,15.27789794921875,0.0037350948750972746,0.805818662251532,0.11216653576046227
1789059104412907800,15.28790771484375,-0.2873784334987402,-1.4363874328419566,0.46557110061347484
1789059104422918000,15.29791796875,-0.13409984288811683,-2.1306430781841277,0.16008330218940972
1789059104432927700,15.307927734375,-0.28229075497090816,0.2649094120591879,0.5032738584768027
1789059104442937900,15.317937744140625,-0.8436375207751989,2.6978751026347276,0.45392274839580055
1789059104452947000,15.327947021484375,-0.8681196356028318,2.0874296671405435,0.36571339027341454
1789059104462956800,15.337956787109375,0.4360755415380001,-0.9310086379751562,0.8136883727133274
1789059104472967000,15.347966796875,1.065882680106163,-1.8017592066034673,0.476144370945543
1789059104482977000,15.35797705078125,1.827978228226304,-3.1596547020107506,-0.22892986125927417
1789059104492987000,15.36798681640625,-1.1830933475136756,-0.29432138450443746,0.18140888921488074
1789059104502997000,15.3779970703125,-3.7385938231289386,2.4913003906443714,0.02202959797582589
1789059104513006800,15.3880068359375,-1.6192355245471,2.8152009208545086,-0.34115305911041793
1789059104523016700,15.3980166015625,2.3950579847246405,1.0113847817212342,0.16685392883550373
1789059104533026800,15.40802685546875,3.548059560835361,-0.9247434401005507,0.06541629692681598
1789059104543036700,15.41803662109375,2.131802185091376,-1.4449091774716973,-0.36075766756217925
1789059104553046800,15.428046875,0.3576426408141851,-1.4066034122139215,0.5885303946755827
1789059104563056600,15.438056640625,-1.6910487148702145,-1.1169973657935857,0.20444111576145513
1789059104573066800,15.448066650390626,-3.5796599832355973,0.3613359423741698,0.028136573081417007
1789059104583076600,15.45807666015625,-3.067275108999014,0.7006403779432178,0.7722658636745064
1789059104593086700,15.468086669921876,0.17698153775930403,-1.4722791226953267,-0.16063467072816565
1789059104603096800,15.478096923828126,2.8092221387058496,-1.9084777060911058,-1.0143763647526503
1789059104613106700,15.488106689453126,3.5405192284584044,-1.0491709070190787,-1.112247687048465
1789059104623116800,15.49811669921875,1.1174486166924238,0.7141624150782823,-1.2914108066305516
1789059104633126700,15.508126708984374,-1.939227356880903,1.1567884011730551,-1.191144698152691
1789059104643135700,15.5181357421875,-1.7961141864538193,-0.5965466740012169,0.10238017802238464
1789059104653145900,15.528145751953126,-1.1421803223669529,-0.6866676744312048,-0.018864754436467773
1789059104663155700,15.53815576171875,1.0413310071736575,-2.133045170889795,-0.5192389048498124
1789059104673165800,15.548165771484374,0.8198930725723504,0.7732441341221332,-0.7590953433908522
1789059104683175700,15.55817578125,2.710042218029499,-0.10188274989426135,-1.2552252483971416
1789059104693185500,15.568185546875,2.9023551804333922,0.19676877276897428,-0.5754286287792026
1789059104703195600,15.578195556640624,-0.07719546788334845,1.7870809851706027,-0.39144185190033165
1789059104713205500,15.58820556640625,-2.647680162140727,1.3536968746736644,-0.6905008959185331
1789059104723215600,15.598215576171874,-1.6562322530329225,-2.110574980406463,-0.41765762212015684
1789059104733225500,15.6082255859375,-0.8156599650472403,-1.492570215573907,-0.05025301365705672
1789059104743235600,15.618235595703124,1.6331740335285663,-0.19375614694952964,-0.29759635105449705
1789059104753245700,15.62824560546875,3.031407092282176,1.7970424072146414,-0.032464665413601324
1789059104763255600,15.638255615234375,2.7143922299325465,1.3598942680090664,-0.40239827633108943
1789059104773265700,15.648265625,-0.015074819535017013,0.2192553298652172,-0.589818059865944
1789059104783275500,15.658275634765625,-2.671218858638406,-0.9739376791194081,0.07868125859485008
1789059104793285600,15.66828564453125,-3.4437352630078792,-0.6043003568679094,0.14741696856822817
1789059104803295500,15.67829541015625,-2.805314025351405,-0.15726239954978227,-0.31069961478821934
1789059104813305600,15.6883056640625,-1.5172925688982009,0.6442793160349131,-0.11226904628686606
1789059104823314700,15.698314697265625,1.5975778194904326,-0.8664563785657287,-0.6431405943285673
1789059104833324500,15.708324462890625,3.0042215637147427,-0.5761971289336681,-0.5003557060077786
1789059104843334700,15.718334716796875,3.3903526323884723,-0.42812867418676614,-0.6469627829652279
1789059104853344800,15.7283447265625,1.8274954131454229,-0.4391220696270466,-0.6510676610007882
1789059104863354600,15.738354736328125,-1.656487104576826,-0.3982382705748081,-0.6440084632042795
1789059104873364700,15.74836474609375,-4.461364492076635,-0.028223347182571887,0.045143255728157236
1789059104883374600,15.75837451171875,-3.4318110164582727,-0.259306769746542,0.3466317462498322
1789059104893384700,15.768384765625,-0.4902642278432846,-0.4104986172109842,-0.1964393581515178
1789059104903394800,15.778394775390625,1.7295529253095387,-0.44497780991792674,-0.04159673309456557
1789059104913404700,15.78840478515625,2.187907518672943,1.0129752657830715,-0.23673589536771178
1789059104923414800,15.798414794921875,2.6296891628980634,0.6239969909846782,0.02239967568052234
1789059104933424600,15.808424560546875,2.1469033081114293,-0.3206868288606405,0.09737297171908431
1789059104943434800,15.818434814453125,-0.23171967464089394,0.11147183149456977,0.7107596208974719
1789059104953444600,15.828444580078125,-2.8947376911669966,1.5477786003157497,0.361025816979073
1789059104963454700,15.838454833984375,-2.0659628084808586,-0.9793120656341314,-0.6481513351626694
1789059104973464800,15.84846484375,-2.1100001031279563,-0.1885010029003024,0.10009482529787346
1789059104983474700,15.858474609375,-1.136260284668207,0.042889293655753134,-0.7579350674398243
1789059104993484800,15.86848486328125,-0.02505553080141544,1.6457719415560363,-0.9884620251648127
1789059105003493600,15.87849365234375,1.7896943825393914,0.6939037631645798,-0.5081807736102492
1789059105013503500,15.88850341796875,2.1899352251082655,0.11114829862862825,-0.5053584461985156
1789059105023513600,15.898513671875,1.3022305990695953,0.22483692938983438,-0.5601790371991694
1789059105033523500,15.9085234375,0.39245384195446964,-0.09405161787718534,-0.12400665682372636
1789059105043533600,15.918533447265625,-0.8533803316324948,0.26234745261669157,-0.827557688916102
1789059105053543700,15.928543701171876,-2.03475869192183,0.4686439321875572,-0.6122802497059107
1789059105063553500,15.938553466796876,-1.5697417180597781,-0.08070785991847515,-0.772300350465998
1789059105073563600,15.948563720703126,0.7787105828344821,-1.776916149508953,-1.5871609087638556
1789059105083573500,15.958573486328126,2.4632880558639765,-2.205344975686073,-0.9117327865537256
1789059105093583600,15.96858349609375,2.536051678779721,-0.5034890355974435,-0.6507682396627962
1789059105103593500,15.978593505859376,1.9308529117673634,1.2682882897183299,-0.6875050020381808
1789059105113603600,15.988603515625,1.901557843700051,1.3787795857429503,0.45229174966048447
1789059105123613700,15.99861376953125,2.2105419598072764,-0.1496706292465329,0.2369430901112966
1789059105133623600,16.00862353515625,2.763047247508168,-2.0085989992707964,0.4820648835683241
1789059105143633700,16.018633544921876,-0.9582967501342297,-0.5272592027634382,0.7091040357101708
1789059105153643500,16.0286435546875,-6.284014218756556,2.368535888502002,-0.04974445678014308
1789059105163653600,16.038653564453124,-5.991976561275124,2.4768933873683214,-0.44991804279908537
1789059105173662700,16.048662841796876,-1.6419570594429969,0.4007280415639281,0.06620001291672233
1789059105183672600,16.058672607421876,1.0262503424197436,-0.5905030099228025,-0.9538054300643503
1789059105193682700,16.0686826171875,1.4308341826289892,-0.10203823271691799,-1.188295884592831
1789059105203692800,16.07869287109375,1.2104694302171468,0.5813125722512602,-0.10729556872323155
1789059105213702700,16.08870263671875,0.9082458942860364,-1.477592134411633,0.5561182905662805
1789059105223712800,16.098712646484376,0.6678834789842367,-1.092481640957296,1.362858670772612
1789059105233722600,16.10872265625,-0.24693828656077382,1.111623856061697,-0.4388194334186613
1789059105243732700,16.118732666015624,-1.378032566767931,1.336604870097339,-1.904933749873936
1789059105253742600,16.12874267578125,-1.9899252784609793,0.03792465698570013,0.0648535530440975
1789059105263752700,16.138752685546876,-3.099218645748496,-0.954446796707809,-0.14906714692804962
1789059105273762800,16.1487626953125,-4.402629979035258,0.029271687191724776,0.02219052415858023
1789059105283772700,16.158772705078125,-2.2216712565869092,-0.12312018371224402,0.8982956512231379
1789059105293782800,16.16878271484375,0.7317074241191148,0.07625877155512571,-0.4446356454167515
1789059105303792600,16.178792724609377,4.2147932852625845,-0.7239975803941487,-0.2870721988274716
1789059105313802800,16.188802734375,5.154471844166517,0.38585809695124623,0.6793133661456405
1789059105323812600,16.1988125,3.9040924283653498,0.8094356837049126,-0.3755493958394974
1789059105333822700,16.20882275390625,1.5025333911836147,-0.5350719223409891,0.20356572116641328
1789059105343831600,16.21883154296875,-2.2744021452993155,-0.7079279046028852,0.4608271209567785
1789059105353841700,16.228841552734377,-5.214552511119842,0.8598398830354214,-0.9140970314670354
1789059105363851500,16.2388515625,-3.516064001637697,1.4048460471525788,-0.38390360188260675
1789059105373861600,16.248861572265625,1.210558277544379,0.39947804150283334,0.17431034578867255
1789059105383871500,16.25887158203125,4.81982721710205,-0.296759717567265,1.494678147638589
1789059105393881600,16.268881591796877,6.049498775917291,0.7728896215960382,1.4948277852423488
1789059105403891500,16.278891357421877,4.231659664389491,1.4850234534561633,0.8662269537240266
1789059105413901600,16.288901611328125,0.9378606958270073,-0.6368564725577831,0.5620525759860873
1789059105423911700,16.29891162109375,-2.941552633833885,-2.553512224407494,0.09184617112162523
1789059105433921500,16.308921630859373,-4.375737295934558,-3.8412005033835768,-1.2964322880543768
1789059105443931600,16.318931640625,-4.311639794555306,-1.641507269848883,-0.16934114254135638
1789059105453941500,16.32894140625,-2.1205781957656145,0.00005932897180318832,0.7109506864901631
1789059105463951600,16.33895166015625,0.006792144358158111,2.275158224363625,0.10006771809523925
1789059105473961500,16.34896142578125,3.777883046466112,-0.2660398773938417,-0.2730984724021517
1789059105483971600,16.3589716796875,5.584995012274384,-1.8436185726895928,-0.6064861399417742
1789059105493981700,16.368981689453125,5.442089347118139,-2.630980664013326,-0.34938725550305094
1789059105503990500,16.378990478515625,1.6490034708231687,0.15253274067938327,-0.24094227928267792
1789059105514000600,16.389000732421874,-2.793467520213127,0.6656482672780751,-0.3186258046776056
1789059105524010800,16.3990107421875,-7.293436175972223,1.981678551380336,0.1931686293851584
1789059105534020600,16.4090205078125,-6.496071161550283,-0.8033063871696591,0.5734979164449497
1789059105544030700,16.41903076171875,-3.496695868822932,-1.2985139166340232,0.2947901893262751
1789059105554040600,16.42904052734375,1.0498258637964726,-0.8417056759297847,-0.056107361141871655
1789059105564050700,16.43905078125,2.6759061396718025,2.111196034914255,0.4705190784096718
1789059105574060800,16.449060791015626,1.7106062327772378,2.1187463041633365,-0.8478693861912936
1789059105584070700,16.459070556640626,0.9969839159250259,1.7882307397276163,0.23837178947385398
1789059105594080800,16.469080810546874,2.330017065015435,-0.8394400690853595,0.5034736918978393
1789059105604090600,16.479090576171874,0.9125012136429548,-1.1388479630738495,0.6570889671169221
1789059105614100700,16.489100830078126,0.01717149955332279,-1.3203808805271982,2.0509946641907093
1789059105624110600,16.499110595703126,-3.5415912416040896,1.663797719851136,0.2317218848642893
1789059105634120700,16.50912060546875,-1.534413215047121,1.4626523394331334,-1.2378550114013254
1789059105644130800,16.519130859375,0.8728641997814178,1.592595647163689,1.1913783607780932
1789059105654140700,16.529140625,3.4799358726799485,0.7776052519410848,1.3395137432813644
1789059105664149800,16.539149658203126,1.5907055956333875,0.9667197105646133,0.43482433590050784
1789059105674159600,16.54915966796875,-0.034653964751958845,-0.050557928587496276,-1.0260564272828399
1789059105684169500,16.55916943359375,-0.10344576142728328,-1.4866098458647727,-1.5976852253876626
1789059105694180400,16.569180419921874,-0.31360943782031536,-1.452940508235991,-0.9498007244676351
1789059105704190200,16.579190185546874,-2.157546867200732,1.839983138796687,0.10047056327508762
1789059105714200300,16.589200439453126,-0.2695435016006231,1.1869462235495447,-0.6170221104707568
1789059105724210200,16.599210205078126,2.848428944456577,-0.8917746519565581,-0.5083697568437084
1789059105734220300,16.60922021484375,4.352946202933788,-3.3914988798141477,-1.1817453669708222
1789059105744230100,16.619230224609375,5.111899945896863,-2.132645065656304,-2.391201455426961
1789059105754240300,16.629240234375,1.169979598918557,2.001855954751372,-2.1008532123371957
1789059105764250400,16.63925048828125,-14.4803525898993,9.020482086896896,0.3886134600739926
1789059105774260200,16.64926025390625,-16.59422924219966,5.403430822899938,1.556569225014746
1789059105784270300,16.659270263671875,-2.846881130492687,-4.559611223556101,-0.344565424837172
1789059105794280200,16.6692802734375,10.98687919025421,-8.167429672044515,-1.129313607335463
1789059105804290300,16.679290283203127,16.740288402950764,-5.539842449861765,-1.3080318326942622
1789059105814300400,16.689300537109375,8.858259142330288,1.9013971001803873,-0.253394276033435
1789059105824309000,16.69930908203125,-3.707815823027491,4.7943639822825785,0.5659227319503203
1789059105834319000,16.709319091796875,-11.752345676112174,2.235743036559224,-0.3792724349506199
1789059105844329200,16.7193291015625,-10.25566685617566,-4.183691167773306,-0.722393725394085
1789059105854339000,16.729339111328127,-2.6909587473750114,-1.1229118505343794,1.9210794135108589
1789059105864349200,16.73934912109375,4.408297503277659,1.561464888101816,1.2446347346693276
1789059105874359000,16.749359130859375,5.98234247148931,3.4401448373004793,-0.12039112407453358
1789059105884369200,16.759369140625,6.501545209047198,-1.9340785958155988,-0.7763187923271209
1789059105894379300,16.769379150390623,3.140007752254605,-2.6314067804709076,-1.8749160666204987
1789059105904389000,16.77938916015625,-1.1840420265406368,-1.689868857435882,-1.700198820531368
1789059105914399200,16.789399169921875,-6.831354086518287,5.013654675722122,0.34667887332718816
1789059105924409000,16.7994091796875,-7.260358666756749,3.7317765443295237,-0.12495330829038284
1789059105934419200,16.809419189453124,-1.735682806366682,0.7672945780679583,-0.5026459358368068
1789059105944429000,16.819428955078124,5.414756519034505,-4.575107775634527,0.7820657384812831
1789059105954439200,16.829439208984375,6.574256224992871,-1.3822057607993483,-0.17418281041886657
1789059105964449300,16.83944921875,5.31172343006134,-0.48645168381780385,-0.671127502406761
1789059105974458000,16.8494580078125,-1.1087994462907313,2.840821392062306,-1.3660362778954207
1789059105984468200,16.85946826171875,-5.115322906082868,1.5924825421780346,-0.8030309312291443
1789059105994478300,16.869478271484375,-4.070933680382371,-0.017330489507317543,-0.9717200761351734
1789059106004488200,16.87948828125,-1.1148872417718172,-1.1149448171779512,-0.3741689377991482
1789059106014498300,16.889498291015624,2.7441280275046824,-3.106372316895425,-0.4780232069620862
1789059106024508200,16.899508056640624,2.1415683768242597,2.4215058466672894,-0.9502144198350608
1789059106034518300,16.909518310546876,5.123294615614414,-5.534679952532053,0.70723575762026
1789059106044528000,16.919528076171876,2.4670383483082055,-5.522670365786552,-1.8821511324405669
1789059106054538200,16.929538330078124,-5.423740035957097,1.461873756276071,-0.9920804348576814
1789059106064548400,16.93954833984375,-9.898982246738672,6.946416051459312,1.2722199300788342
1789059106074558200,16.94955810546875,-2.523765613180399,3.3529084523960946,1.1521757197458296
1789059106084568300,16.959568359375,10.194574966353178,-7.661488567119837,2.7003809479758143
1789059106094578200,16.969578125,8.422796764254569,-6.3754913099706165,-1.428293412104994
1789059106104588300,16.97958837890625,1.95331374990046,-1.8389044036492703,-3.991929117250442
1789059106114598400,16.989598388671876,-5.537887224140763,5.794228714340925,1.2765689190685747
1789059106124607000,16.99960693359375,-6.625832682973146,4.801038930001854,0.6472136159211397
1789059106134617000,17.0096171875,-1.213902327275276,-2.883785504519939,0.9154118403926491
1789059106144627200,17.019627197265624,3.2707442561894653,-5.655196091225743,0.7897163262996822
1789059106154637000,17.029636962890624,3.0282091730237006,-1.013923652549088,-0.8952627863332628
1789059106164647200,17.039647216796876,-0.3540355562329292,4.688705220980942,1.1118738853000103
1789059106174657000,17.049656982421876,-2.702667889869213,4.612275476773083,0.8563382315900177
1789059106184667100,17.059667236328124,1.6038421405822039,-3.114036275652051,-2.083505187173188
1789059106194677000,17.069677001953124,6.572117459398508,-8.15613846270144,-0.5361603751648217
1789059106204687000,17.07968701171875,3.49589741192162,-0.8608388309448957,2.051136995270848
1789059106214697200,17.089697265625,-2.622250537329912,5.51732140597403,1.0031985526561737
1789059106224707000,17.09970703125,-9.574597732403873,4.616311015899479,0.6750245098453015
1789059106234717200,17.10971728515625,-9.953998616039753,0.74396952432096,-3.4450004606381057
1789059106244727000,17.11972705078125,-0.19609131189882753,-5.939105971831083,0.07959850130393169
1789059106254737200,17.129737060546876,6.372272347924113,-3.0685078656643627,1.7734344448730348
1789059106264746200,17.139746337890625,9.406748764649032,-0.19287585698366164,-0.9596259529113769
1789059106274756000,17.149756103515625,7.243356094029545,2.2963103179857134,-0.17433714246405288
1789059106284766200,17.15976611328125,4.1000843715429305,-2.0013909675881267,0.00513728982321918
1789059106294776300,17.1697763671875,-6.033178340235352,1.2330875047385692,-0.5951682983200997
1789059106304786200,17.1797861328125,-9.816653507620096,1.3462500657990575,-0.031999687383510174
1789059106314796300,17.18979638671875,-2.8121283815413713,-0.7315384972929954,-2.0358343583293257
1789059106324806100,17.19980615234375,-0.09884265154600143,-0.7577963896214962,-1.6506750572971998
1789059106334816300,17.209816162109377,3.5458605894863604,-2.0500062376752495,0.785396928730607
1789059106344826000,17.219826171875,5.601101512944698,-0.617863310535252,-0.29615607085200024
1789059106354836200,17.229836181640625,-0.29160043510794637,1.518101839454472,-1.0295196464139968
1789059106364846300,17.239846435546873,-5.838100589293241,2.5022572534665466,0.644643180911243
1789059106374856200,17.249856201171873,1.8036159403860568,-3.236834095542133,-0.22660485237780958
1789059106384866300,17.2598662109375,6.178633105352521,-6.041476797503233,-1.0111323413301259
1789059106394876200,17.269876220703125,1.4223387414842843,2.1172189484655854,-1.6605490933187306
1789059106404886300,17.27988623046875,-1.8060902215451,4.782044014413654,-2.5781042293503877
1789059106414895400,17.289895263671873,-5.474777564755081,4.333087948514521,0.02839280373165384
1789059106424905200,17.2999052734375,-6.596552227953076,-3.1942978531077504,0.6128989661261439
1789059106434915000,17.3099150390625,-4.802762685054541,-2.7469775717169043,0.79983819960244
1789059106444925200,17.31992529296875,4.066756102436781,-2.429645313981175,0.5126482013478875
1789059106454935000,17.32993505859375,8.987826017963886,1.6174904344454406,-1.365001528020203
1789059106464945200,17.339945068359373,4.5715953835994005,4.3268291803807015,-4.211707301945984
1789059106474956300,17.349956298828126,-2.0645809987336396,-5.322720040372014,2.2019864590384066
1789059106484966400,17.35996630859375,-2.062993437281251,-5.326145923167466,2.213028077534586
1789059106494976300,17.369976318359374,0.9657418054431677,-9.738164492794871,0.8006305920891463
1789059106504986400,17.379986328125,-0.40712358781993385,0.49159606096893543,-2.085350522778928
1789059106514995200,17.3899951171875,-3.0929584163099526,7.175103811058402,-0.7716582531701773
1789059106525005000,17.400005126953126,0.004677344161272049,4.610401207333803,0.19258936819247902
1789059106535015200,17.41001513671875,1.332543319746852,-2.6189155476883053,-1.3220672261789441
1789059106545025000,17.42002490234375,1.6943845812946556,-4.99890601940155,1.7977843116231262
1789059106555035100,17.43003515625,5.244233363634348,-4.201351619887352,1.3940806152492762
1789059106565045000,17.440044921875,-2.8602614210695028,6.373603304266929,1.875937080231309
1789059106575055000,17.45005517578125,-6.898057971003651,4.70804032830894,-0.5418419279325754
1789059106585065200,17.460065185546874,-0.18055004389584065,-4.946523505735397,-1.6827473349928854
1789059106595075000,17.470074951171874,-1.6629630225926637,0.46582186050415036,1.7775524015858768
1789059106605085200,17.480085205078126,4.122573266726732,-2.953607521025836,2.589452721838653
1789059106615095000,17.490094970703126,4.557939783212542,-0.257971429489553,-0.4063108101323247
1789059106625105200,17.500105224609374,0.8248229301899671,-0.5256535211324691,1.175919071970135
1789059106635115300,17.510115234375,-4.541557388210296,5.640760154116153,0.6242146523233503
1789059106645125000,17.520125,-1.0557231051415203,1.0642223456785083,-2.4409995055578646
1789059106655135200,17.53013525390625,2.5561247449934483,-2.462066989636421,0.4483265358239412
1789059106665144300,17.540144287109374,2.0349241116166112,-4.327712100695074,0.5238889226127416
1789059106675154200,17.550154296875,1.3050462410122154,-3.155575616003573,-0.4368035635516047
1789059106685164300,17.560164306640626,-6.201449332794547,1.7293378212541342,2.0131687914043663
1789059106695174000,17.570173828125,-7.98224320051968,4.6744373339146374,-0.1930425370537676
1789059106705184000,17.58018408203125,2.6651503523796793,1.1248767208665609,1.210383213238418
1789059106715194000,17.590194091796874,9.046765698188542,-3.4467446739569305,-0.8217350471772253
1789059106725204000,17.600203857421874,6.5558209891140455,-2.6191861813232302,-1.2171353178471327
1789059106735214000,17.610214111328126,0.8772796781361103,-0.08537292912006378,2.1735852710708974
1789059106745224000,17.620223876953126,-5.801746250364184,4.92372715203762,-1.2969526586666702
1789059106755234000,17.630234130859375,-3.0111662682861087,-0.20276888996660708,-1.3904521956190465
1789059106765244000,17.640243896484375,-0.8420897068113088,-2.298569787350297,1.9430382934711872
1789059106775254000,17.65025390625,-2.5000094745397567,-2.213623266948759,0.9210002349842339
1789059106785263900,17.660263916015627,-2.374942832934856,0.5244479447349906,0.33901853129975495
1789059106795272000,17.67027197265625,2.8688948093801736,2.1637527361035347,-2.9435768331378696
1789059106805281800,17.68028173828125,6.5275687080979345,-4.5293680609837175,1.4890315200537443
1789059106815292000,17.6902919921875,0.581251489713788,-0.583140664461255,0.30198117854259904
1789059106825301800,17.7003017578125,-4.5789965997666116,2.396248948074877,-1.6834467154338955
1789059106835311900,17.710311767578126,-6.332905967697501,7.532717810299992,0.16633637123480438
1789059106845322000,17.720322021484375,3.7109909459322687,-5.9270507923781866,1.2710450410805643
1789059106855331800,17.730331787109375,4.493092340248823,-3.444394019177556,-0.42069877991434185
1789059106865341000,17.7403408203125,-1.2104156542032956,2.710582900777459,0.3941210445143282
1789059106875351000,17.75035107421875,-4.008091147500276,2.361421672582626,-0.7763825052130967
1789059106885361000,17.76036083984375,-3.077164050328731,-0.7251768533065914,-0.5771428488185629
1789059106895371000,17.77037109375,1.762421175688505,-2.632827460923791,0.339852059514448
1789059106905380900,17.780380859375,1.2701637282013893,1.4580752407759427,-0.9130565094381571
1789059106915391000,17.790390869140627,1.693080512958765,0.1786103080049157,0.3801088127095252
1789059106925401000,17.800401123046875,8.765013287878036,-3.3578581837579606,0.10541233052620663
1789059106935411000,17.810410888671875,-0.17906944994926452,-0.5125330505356193,-0.49158232470452784
1789059106945421000,17.820421142578127,-11.994276948165894,5.876103864473104,1.3780594547748566
1789059106955431000,17.830430908203127,-7.917946961697935,2.908964953961968,-0.006624368309509009
1789059106965441000,17.84044091796875,3.9117315449416634,-3.9856533979818223,0.387739197990112
1789059106975451000,17.850450927734375,8.43657686780393,-5.331970683798193,0.822343534464389
1789059106985461000,17.8604609375,7.511763285076618,-1.9958599292069672,-2.7656220664322375
1789059106995471000,17.87047119140625,0.3554360706806183,0.09364537516385316,-2.3643530498594045
1789059107005480000,17.88047998046875,-6.806252963009476,6.307200448554754,1.1575277482982724
1789059107015489800,17.89048974609375,-5.304560698825121,-0.596501665815711,0.009109289593575522
1789059107025500000,17.9005,-2.158447615432739,-1.6566572004467248,0.7975624366901815
1789059107035509800,17.910509765625,3.221101981142163,-2.230504259122908,-0.9000731092244386
1789059107045520000,17.920519775390623,4.297650432169437,0.580580166323483,-0.9179129364933818
1789059107055529700,17.93052978515625,3.048559302613139,0.38958851565122604,0.905657558293268
1789059107065539800,17.940539794921875,0.39662031398415565,1.6217726418092846,-0.4639380560515448
1789059107075550000,17.950550048828124,-1.6665367894262075,-0.3798179400041699,-0.622944340126589
1789059107085559800,17.960559814453124,-5.201571448993683,0.6908408684626222,0.5230726743264124
1789059107095570000,17.97056982421875,-2.875361375045776,-1.0068804560393094,1.171927591181174
1789059107105579800,17.980579833984375,3.056187313273549,-2.337317158895731,-0.3538182602204382
1789059107115590000,17.99058984375,2.0766069520920514,0.4955658413827419,-2.602193837729096
1789059107125599700,18.000599853515624,-2.245259637445211,2.6830855297818776,-0.5375127396218479
1789059107135608800,18.01060888671875,-2.102546279990673,0.6742018683508039,-1.0755803366474808
1789059107145619000,18.020618896484375,0.2610655961126089,-0.30895255192518234,-0.1253822103600949
1789059107155628800,18.03062890625,2.5181144555509087,-3.6502018384486434,-1.047840900524333
1789059107165639000,18.040638916015624,0.29952596741020676,-0.03814326817244291,-2.1885130833506583
1789059107175649000,18.05064892578125,-0.10161386982500553,1.0770189911484718,-0.8701787600897252
1789059107185659000,18.060658935546876,1.783966068020463,0.2369756954729557,-1.498677884799242
1789059107195669000,18.0706689453125,4.241694151669741,-4.751854043333232,1.8208213422089814
1789059107205678800,18.080678955078124,-2.3664561596184965,4.778514671243727,-0.43602673396021124
1789059107215689000,18.09068896484375,-3.925488852137327,0.7987377640798687,-0.24310080902343614
1789059107225699000,18.100698974609376,-4.700227024209499,2.144044119288027,1.1276125025060026
1789059107235709000,18.110708984375,1.1801473571896552,-6.597052578690648,-0.38431145203113554
1789059107245719000,18.120718994140624,1.1202256801903248,-0.0737365596011281,0.5937527324337512
1789059107255729000,18.13072900390625,4.673096440699696,-0.9853928468525409,0.10586169999521225
1789059107265738000,18.140738037109376,2.6974446022629737,4.01356753308475,-0.17891215876201166
1789059107275747800,18.150747802734376,1.1670926453053951,1.9049758354499935,0.8967046557046473
1789059107285757700,18.1607578125,-2.1855776144206525,1.310437286400795,0.06958312971610575
1789059107295767800,18.170767822265624,-1.8555583090692758,-2.2584408983185886,1.3734791412472724
1789059107305777700,18.180777587890624,-1.843860272490978,-3.6541654813826083,-0.4825136137165129
1789059107315787800,18.190787841796876,-5.450241673913598,1.4948746931239962,0.25744532325621694
1789059107325798000,18.2007978515625,-4.541186216810345,4.273770374888182,0.5921870905522256
1789059107335807700,18.210807861328124,2.0419126553297042,0.5767722984731197,-0.48605873897746205
1789059107345817900,18.22081787109375,6.585880027291179,-2.272022848947346,-0.02799215050889179
1789059107355827700,18.23082763671875,7.875005061072111,-3.552010636548698,-1.2732323219917714
1789059107365837800,18.240837890625,4.6038908025264735,-3.773371998782456,0.36582287852987644
1789059107375848000,18.250847900390625,-3.7760967475712297,2.227707029619813,0.9957411493223159
1789059107385856800,18.260856689453124,-8.715050110313296,4.485464037327469,0.3108175420794636
1789059107395867000,18.270866943359376,-6.231900000637769,1.0074562101006508,2.1577872518278656
1789059107405877000,18.280876953125,-3.594908990293741,0.047474867880344385,0.1252292300217785
1789059107415886800,18.290886962890625,4.406835614031553,-2.9204569465741512,-2.072872880130261
1789059107425897000,18.30089697265625,7.648020013737678,-0.9723045249596237,0.09852457117331213
1789059107435906800,18.31090673828125,3.877926890495419,3.4540555814921854,0.7616489733964205
1789059107445917000,18.3209169921875,-1.6029074900805949,4.599327440133691,-0.9245029093429445
1789059107455926800,18.3309267578125,-6.052859192261099,-0.23960838206410406,0.055180693017318844
1789059107465937000,18.34093701171875,-4.315760089355707,-3.863346284218132,0.8486477501526475
1789059107475947000,18.350947021484377,-1.5216998639464376,-3.1965339415967464,-0.39711240835003553
1789059107485956900,18.360956787109377,2.951270894771814,1.7421382661163807,0.681207874655351
1789059107495967000,18.370967041015625,6.6435524640589945,3.599469137816131,-0.6134584997050464
1789059107505976800,18.380976806640625,5.829013027474284,1.6932117381229996,-1.764313711436838
1789059107515986000,18.39098583984375,-0.9826543617993593,-0.08645341783314943,-0.7867788115430623
1789059107525996000,18.40099609375,-3.2938264410912987,-3.7030423250153657,-2.0695577642329037
1789059107536006000,18.411005859375,-6.267542391905188,0.2713593188509345,-0.4201738792574033
1789059107546016000,18.42101611328125,-6.461653928163647,1.8149422210425137,2.287174971502274
1789059107556025900,18.43102587890625,1.3916121793091296,0.0895721343755722,-1.0996655611120163
1789059107566036000,18.441035888671873,5.371298485580087,-3.3805165902897714,-1.646131860909611
1789059107576046000,18.451046142578125,9.322820773640274,-4.692957033206522,0.23935234321011228
1789059107586056000,18.461055908203125,8.143784592562913,-0.6018070787474513,-0.36351178857591
1789059107596066000,18.471066162109373,-4.075342728996277,5.439778147566318,0.05600587809535209
1789059107606076000,18.481075927734373,-13.986760094416141,6.906725261583924,-0.17612413547867908
1789059107616086000,18.4910859375,-8.921103428778052,-1.06378073939085,0.7285046825550496
1789059107626096000,18.50109619140625,-2.487646252050996,-3.663707801231742,2.50687556091696
1789059107636104700,18.511104736328125,6.412811863583326,-2.974106703697145,1.7919260871142149
1789059107646114800,18.52111474609375,16.003794329077003,-5.853579897975921,-1.264656655217707
1789059107656125000,18.531125,15.883949806034565,-3.625446167376637,0.47048247272633015
1789059107666134800,18.541134765625,-4.938754040777683,5.748467664641142,-2.1723438927076755
1789059107676145000,18.551144775390625,-22.71026999003887,11.607020674854516,-1.3863693102195858
1789059107686154800,18.56115478515625,-12.434735234832763,2.9296269259795547,1.313016489239037
1789059107696164900,18.571164794921874,6.419004873004555,-9.352809084668754,1.2874936331868172
1789059107706175000,18.581175048828126,13.164248948299884,-9.239661428916454,1.6176815731033682
1789059107716184800,18.591184814453126,2.1675737556964156,3.044093847636878,-1.9069170326456426
1789059107726195000,18.60119482421875,-11.904309676992893,10.454033711791038,-1.6498701706551013
1789059107736204800,18.611204833984374,-13.021578845465182,7.304608727371693,0.06070680862818844
1789059107746214000,18.6212138671875,-3.2563848914474245,-4.221661125205457,1.1939097789518534
1789059107756224000,18.63122412109375,5.845849011462927,-5.253596235263347,-0.5843244674183428
1789059107766233900,18.64123388671875,10.621662899315357,-3.380281027968228,-0.6333763753570616
1789059107776244000,18.651243896484374,7.385505387860536,2.9839897998079654,1.4427541913948951
1789059107786253800,18.66125390625,4.003099330562353,0.4005079690724611,-0.28099066869039085
1789059107796264000,18.671263916015626,-1.0710825868368148,-0.3319830066397786,0.28052615645118056
1789059107806274000,18.681274169921874,-2.1440099247574804,-1.2764949770495295,0.7791485358603298
1789059107816284000,18.691283935546874,0.9064017277240752,0.49803953801989553,0.09516200853819028
1789059107826294000,18.7012939453125,-0.07022855148017407,4.672164420546591,-0.3905175401296466
1789059107836304000,18.711303955078126,-7.36772423197627,8.745656260979175,0.36388475007414817
1789059107846314000,18.72131396484375,-3.3048043467015025,-2.0849229450166225,2.2743356559343635
1789059107856323800,18.73132373046875,1.9185808746933937,-11.428408321022987,-1.2765839705072342
1789059107866333000,18.7413330078125,-2.4916116485506294,-1.653575893305242,-1.4289797869339584
1789059107876343000,18.751343017578126,-2.3295202214092017,5.974661853858828,0.723998018785566
1789059107886353000,18.761352783203126,1.0957815592855213,6.887455912968516,-1.5123317316204308
1789059107896363000,18.771363037109374,8.612677531075477,-1.5133470461428165,-1.3702128329277037
1789059107906373000,18.781373046875,8.0352114051193,-3.1040780684784055,-0.734180974625796
1789059107916383000,18.791383056640626,0.8813134636968374,-6.252793151062726,0.534576978430897
1789059107926393000,18.80139306640625,-9.512736027252673,4.07266971039474,1.2837247821725903
1789059107936403000,18.81140283203125,-12.746797443211078,5.042466928708553,0.8069434284977615
1789059107946413000,18.8214130859375,-11.918272735893726,4.839115562678873,-1.143943021190539
1789059107956423200,18.831423095703126,-1.7082418417334555,-4.568556746555864,-5.532895991724729
1789059107966433000,18.84143310546875,8.457026950636505,-10.584481461912393,-3.70999112123996
1789059107976441900,18.85144189453125,9.576909516477585,-3.184256643825769,2.4057069506414233
1789059107986452000,18.861451904296874,9.40835678436756,2.511631523272395,2.223134168746322
1789059107996461800,18.8714619140625,6.145566117531061,4.7485430190891025,2.5351108907982707
1789059108006472000,18.881471923828126,-0.7885328886687755,4.5075747468486425,1.3061813825219868
1789059108016481800,18.891481689453126,-4.835583589160442,2.267537520226836,-1.7264735178641974
1789059108026492000,18.901491943359375,-2.9699019454836844,-2.600877202172577,0.050674084046762435
1789059108036501800,18.911501708984375,4.680951830375195,-4.257609221421182,1.3085406589992343
1789059108046511900,18.921511962890627,3.143981916582584,-0.3427197969704866,-0.003515917432773858
1789059108056522000,18.93152197265625,-5.174047482252121,10.100936897712945,-0.579778932943195
1789059108066531800,18.94153173828125,-4.351167502823472,5.719315804436802,-1.6696628124922512
1789059108076542000,18.9515419921875,-0.953874257516861,0.004689911381900311,-0.6621714580129832
1789059108086551000,18.961551025390627,4.335028853449225,-8.69811008142829,0.6317158947989344
1789059108096561000,18.971560791015627,2.7839520883709192,-8.676452960893512,-2.3448684510581193
1789059108106571000,18.981571044921875,-6.167212132149935,5.167921692848205,0.09941519073694943
1789059108116580900,18.991580810546875,-5.174826065409183,3.422125488746166,0.21949755938956514
1789059108126591000,19.001591064453127,-3.0060154613941905,3.120328069272637,-1.343212597799301
1789059108136601000,19.01160107421875,0.6634913815051316,1.00479985037297,1.6915828217469155
1789059108146611000,19.02161083984375,4.9645554215103385,-2.928234594838321,-0.5216074606120586
1789059108156621000,19.03162109375,4.723308040067553,-1.3703662699237464,-0.675460343979299
1789059108166631000,19.041630859375,4.900280809998512,-2.7599820147186516,1.4328434766247868
1789059108176641000,19.05164111328125,-1.494080620136857,0.31380729847997424,-0.019925227841408922
1789059108186651000,19.06165087890625,-5.4670016700565816,2.092550078894198,-1.8900659972183405
1789059108196660000,19.071659912109375,-3.5363369743376967,-2.744380833221972,1.8728288850829005
1789059108206670000,19.081670166015623,-3.860461376431584,-1.8806258225694297,2.5973870219692587
1789059108216680000,19.091679931640623,-7.696073558288812,4.806430267651379,-4.275914401179552
1789059108226689800,19.101689697265623,-2.7057939129352566,2.468816463896632,-1.3069609885923563
1789059108236700000,19.111699951171875,3.4087662409573793,0.844957663463056,0.6238255068752915
1789059108246709800,19.121709716796875,8.70487767586708,-2.171507003492117,0.4400474043110385
1789059108256720000,19.131719970703124,7.628869907587767,-0.1575920698955655,0.4016317124053836
1789059108266729700,19.141729736328124,5.261534042525291,-0.5808966849267483,-0.9953366601746528
1789059108276739800,19.15173974609375,-0.1656973426789045,1.8520014933705329,-0.9646646777309477
1789059108286750000,19.16175,-8.49342395966351,4.343967069925368,0.27010340050570664
1789059108296758800,19.1717587890625,-8.313574172991514,3.107638975830376,-2.149960065333545
1789059108306769000,19.181768798828124,-1.1596978588789701,-0.6365156962960958,0.2328023187784478
1789059108316779000,19.191779052734375,9.471285826489328,-8.57651082367301,2.5084879645496607
1789059108326788900,19.201788818359375,8.169392496550083,-7.281638186150789,-2.503051910975575
1789059108336799000,19.211799072265624,-1.4317384379923344,4.009000955821573,0.042862483280641024
1789059108346808800,19.221808837890624,-5.617310889467596,6.110556178948283,-1.1720938876587896
1789059108356819000,19.23181884765625,-2.885106523990631,2.188071477063,-0.4429328600868582
1789059108366828800,19.241828857421876,2.404654665109515,-7.584066304743289,0.9160467772953211
1789059108376839000,19.2518388671875,1.0433762492656706,-3.4219325965225695,0.9338411579873412
1789059108386849000,19.26184912109375,0.494924036347866,-2.4036650695502755,0.38351149729248135
1789059108396859000,19.27185888671875,-2.824065487572551,6.002879648083448,0.8886940754674375
1789059108406868000,19.281867919921876,-1.4977654461294412,4.977069450646638,-1.4964280600458382
1789059108416878000,19.291878173828124,1.132944291988015,-0.8532949914366006,0.7233330520708113
1789059108426888000,19.301887939453124,1.663971322852373,-2.1447800323471427,2.2647598722070454
1789059108436898000,19.31189794921875,0.7551584423333406,-1.9738348521426319,-0.08376560352127999
1789059108446908000,19.321907958984376,-1.8072902449846266,2.658258254778385,0.5095336495239288
1789059108456918000,19.33191796875,-1.1354413695007561,-0.497643232178688,-0.4865284753810614
1789059108466928000,19.34192822265625,-0.6685492494165897,-6.48563335416615,0.027296026037470437
1789059108476938000,19.35193798828125,-3.8183155946195124,-1.2320096463739871,2.646799579913914
1789059108486948000,19.361947998046876,-0.971824924749136,3.3634549808517096,-0.7816111265815794
1789059108496958000,19.3719580078125,4.271550360751152,5.211365113255381,0.706660076624155
1789059108506966800,19.381966796875,6.726659786334634,2.0051845146521923,1.5766843768045304
1789059108516977000,19.391976806640624,3.4975790813982486,-3.504099715338647,-2.698724412940442
1789059108526986800,19.40198681640625,-4.0399838308453555,-0.630435499599576,-0.3735401018436998
1789059108536996900,19.411996826171876,-7.173792143937945,-0.6134370185256004,-0.4245640770403668
1789059108547006700,19.4220068359375,-4.207259382626414,1.899743195493519,0.29071075625922527
1789059108557016800,19.432016845703124,0.9323077378749847,1.5084320938333868,0.9338146353065967
1789059108567027000,19.44202685546875,2.073392081698775,1.3616013641878961,-0.9352126655362546
1789059108577036800,19.452036865234376,3.626287878897786,-0.7492842896029352,-0.37398386355582625
1789059108587047000,19.462046875,6.156365159443021,-2.877427952186763,-0.5500353173907846
1789059108597056800,19.472056884765625,6.251483237507939,-4.111082150897383,-0.8033785025577992
1789059108607065900,19.48206591796875,-1.2109738726079464,3.345320773746073,-1.5640961133882403
1789059108617076000,19.492075927734376,-15.25946064761877,6.969439199650287,-0.21051557683693245
1789059108627085800,19.5020859375,-9.597530279701948,0.4846937342345714,-0.1793286488747224
1789059108637096000,19.512095947265625,3.2487288237363097,-5.677380450505018,1.2934772376410661
1789059108647106000,19.52210595703125,8.94544467383027,-3.7802319476798174,0.9566081394601613
1789059108657116000,19.532115966796876,9.643153382235765,-0.20023586435765026,-1.6470567206695674
1789059108667126000,19.5421259765625,4.8216795669704675,3.650792205557227,-0.8761743472427129
1789059108677136000,19.552135986328125,-5.959461362117529,3.2957679305478926,0.475590901781246
1789059108687146000,19.56214599609375,-12.25195056375265,-0.3058244830325246,-0.24712381746182216
1789059108697155800,19.57215576171875,-5.7347688096344465,-5.197681455817818,1.500310600567609
1789059108707164700,19.58216455078125,3.964388783895969,-4.431757581581175,1.3460127499118446
1789059108717174800,19.5921748046875,5.989280161798,1.3495277722954748,-2.237316131094843
1789059108727185000,19.602184814453125,3.7136861763656137,4.515824104277789,-0.7231227703209966
1789059108737194800,19.61219482421875,2.3815134434968233,2.0688032926037905,-0.048918285321420986
1789059108747204900,19.622204833984377,0.47833296703100203,-1.093669389437139,-0.4755670825142413
1789059108757214700,19.632214599609377,-1.876167966377735,-0.8076727656856179,0.09698677627993747
1789059108767224800,19.642224853515625,-2.524890233296156,-0.4431289671808481,-1.1090382965479046
1789059108777234700,19.652234619140625,-0.3520265544980764,-0.09033055152744054,-0.862685481724888
1789059108787244800,19.662244873046873,-1.4831494762778281,1.0045847463175654,-0.053546433745836834
1789059108797255000,19.6722548828125,0.23017712137401103,0.36357027729749675,0.052690264441072936
1789059108807263700,19.682263671875,2.8651088611006736,-0.5660781782403588,0.3977918054489419
1789059108817273900,19.69227392578125,2.3014199160844084,-1.925663234169781,0.11800081313820555
1789059108827284000,19.702283935546873,-3.083440061858296,2.330252335076034,-0.71296385294348
1789059108837293800,19.7122939453125,-3.1266426592469214,1.610809641507268,0.1886858031489886
1789059108847304000,19.722303955078125,-1.6165747809052466,2.5309791978210208,-0.18123493915377184
1789059108857313800,19.732313720703125,2.3504934513330458,-1.8671055390000342,-0.8336253914572298
1789059108867324000,19.742323974609373,3.6896933063596484,-4.967297413694858,-0.32217640983127055
1789059108877333800,19.752333740234373,0.9548387186348438,-1.1875903666719794,-0.3432001278333366
1789059108887343900,19.76234375,-3.8893162995159622,4.324581401453912,-1.1835799619868397
1789059108897353700,19.772353759765625,-5.054189515206217,4.120220858381688,-0.10882827644953504
1789059108907362800,19.78236279296875,0.19128595744371413,0.31809009036570784,0.6505011131592094
1789059108917372700,19.79237255859375,3.7868940359175203,-3.355394423992932,-0.9020438978407531
1789059108927382800,19.8023828125,2.9210587118595837,-2.48274299017936,-0.7625288249708712
1789059108937392600,19.812392578125,1.681799240487814,-1.0420546452730894,-0.9352136153843253
1789059108947402800,19.82240283203125,-0.14085223975777625,1.299461426617205,0.3087822368595749
1789059108957412600,19.83241259765625,-2.5609838754624126,3.042820758961141,-0.6595188976775854
1789059108967422700,19.842422607421874,-1.8628584029495714,-1.7313298718541859,0.06890502039198763
1789059108977432800,19.852432861328126,-1.358867847570777,-1.7527724728554486,-0.6670328535042703
1789059108987442700,19.862442626953126,0.35742402962744235,-0.6310761355906724,-0.4977125710878521
1789059108997452800,19.872452880859374,2.656350959852338,2.0287056754931805,1.358749335757643
1789059109007462000,19.8824619140625,1.9542291111797092,1.1926184239670634,0.16170056466031818
1789059109017471700,19.8924716796875,2.0431635321736334,0.44248073240518565,-0.23300673704305663
1789059109027481900,19.90248193359375,-2.2063719806462525,0.12303572029918432,-1.1500293553669005
1789059109037491700,19.91249169921875,-8.831929353809356,1.4945388852983712,0.8169549732938408
1789059109047501800,19.922501708984374,-3.8689930579334497,-0.6821504892677068,2.3197899777725337
1789059109057511700,19.93251171875,2.718272286236286,-1.1766866953417658,0.839486684706062
1789059109067521800,19.942521728515626,6.634335722902417,-2.8356229466363785,-0.6621287148497998
1789059109077532000,19.952531982421874,4.552350584903359,0.7603323378399014,-0.31992136091347784
1789059109087541800,19.962541748046874,-0.7125976499795913,1.8470359799176455,-0.8647752205457537
1789059109097552000,19.9725517578125,-3.0772727714002133,0.19924363844990728,-0.40198421563748266
1789059109107561000,19.98256103515625,-3.287078720396757,-1.2119561616435646,0.9523859917204827
1789059109117570800,19.99257080078125,-0.23099837462902068,-2.6014672770202156,-0.2537258278090507
1789059109127581000,20.002580810546874,3.102207890692353,-0.5262684381604195,0.661136196681112
1789059109137590800,20.0125908203125,4.772777881157398,0.8552186529755592,1.5808885504961012
1789059109147600600,20.0226005859375,0.8744564374089241,2.354922958213091,0.010587526044639525
1789059109157610800,20.03261083984375,-1.0027776968955993,0.08464023093134164,0.4333825030617416
1789059109167620600,20.04262060546875,-2.3198522293537853,0.23831132799088953,-0.929627485815063
1789059109177630700,20.052630615234374,-2.014945153427124,-0.21790683786571025,-0.10481734204143285
1789059109187640600,20.062640625,-0.3816711666554212,0.8724024274885654,1.2511983309686183
1789059109197649700,20.072649658203126,1.4685247385978697,0.31297464704811573,1.4690556306041775
1789059109207659800,20.08265966796875,0.03684884444773197,0.8413204760044812,-0.14491844801707193
1789059109217669600,20.092669677734374,-1.34429630138278,0.8603121767222881,-0.2633916827063076
1789059109227679700,20.1026796875,-0.5641203221708536,0.8329226500153541,-0.2288274237981066
1789059109237689900,20.11268994140625,-0.5150274976998567,0.9726648827046155,-0.18850518588507548
1789059109247699700,20.12269970703125,1.8513696252077816,-1.256833414246142,1.2708476188123226
1789059109257709800,20.132709716796874,0.3708019821166992,0.6774670076265931,-0.33207536109834906
1789059109267719700,20.1427197265625,-2.5554957994401453,0.3755032916754484,0.5005084123514593
1789059109277729800,20.152729736328126,-0.9743319391340016,0.9174909847542643,0.06747278649862855
1789059109287739600,20.16273974609375,1.3889631261050701,0.04030979855656624,1.1348292289517818
1789059109297748700,20.172748779296874,-0.2783732892662287,1.6099194146692752,1.0170171615850179
1789059109307758800,20.1827587890625,-0.9733189626991748,2.0662866336077452,-0.5276053127873689
1789059109317768700,20.192768798828126,0.5935545064479112,0.32396804248839617,0.2434631760624237
1789059109327778800,20.20277880859375,1.4551023624449968,-4.367821115982532,0.2928578695568256
1789059109337789000,20.212788818359375,-2.3467852444648742,-1.3015928856879473,0.005750124491937458
1789059109347798800,20.222798828125,-5.138289940172434,1.6884037533193825,-0.3777481479927897
1789059109357809000,20.232808837890627,0.2491279055595398,1.6385297153428195,-0.9733194010905921
1789059109367818800,20.24281884765625,3.110628513035178,0.3598527180790901,-1.9603741898059843
1789059109377828900,20.252828857421875,1.2490998973846434,0.9202318078950047,-0.33426443210784346
1789059109387838000,20.262837890625,1.1646937674701212,0.44232203471213577,0.14843120537837967
1789059109397847600,20.27284765625,2.3217858277648684,-2.535389415478706,-1.7609738994896411
1789059109407857700,20.282857666015627,-0.77627137298882,-1.7576795341193674,-0.7783079933829605
1789059109417867800,20.29286767578125,-5.9280275284558535,3.187287389823794,-0.2490807419495657
1789059109427877600,20.302877685546875,-3.3491450082093475,1.3762307780429721,-1.8738599816963075
1789059109437887700,20.3128876953125,1.4236527466922997,1.3139759819209575,-0.7960621151298284
1789059109447897600,20.322897705078127,4.481816912996769,-2.177784184065461,-1.0759691898345947
1789059109457907700,20.33290771484375,5.329259671273827,-3.895547887381911,-1.593246512287855
1789059109467917600,20.34291748046875,2.8614585218995807,-1.545547480262816,0.797011232548207
1789059109477926700,20.3529267578125,-2.3716619115680455,3.3635575644433495,-0.4014199693508446
1789059109487936800,20.362936767578127,-4.296020785140991,2.7081100809231398,0.10133233120357617
1789059109497946600,20.372946533203127,-4.070838987836241,3.8295319851607084,0.3023637298530899
1789059109507956700,20.382956787109375,0.9331149626046419,-1.7889724980056285,-1.1342224952302873
1789059109517966800,20.392966796875,4.5237171956151725,-6.106708855870366,-0.7715491667725145
1789059109527976700,20.402976806640623,1.3286889824062584,-0.4280550244286656,0.6840711551319807
1789059109537986800,20.41298681640625,-3.129063748914003,4.760137887553871,-0.7311291858397424
1789059109547996700,20.42299658203125,-2.563728205734491,2.9972146075621247,1.4085383257992565
1789059109558006800,20.4330068359375,0.4599667047351598,-2.3109704192399976,0.8456596011873334
1789059109568016000,20.443015869140623,0.27367665588259693,-1.7100711029872298,-2.1905063029944896
1789059109578025700,20.453025634765623,1.403390879908204,0.40054859334379433,0.6793224262349307
1789059109588035800,20.463035888671875,1.3575053270459174,0.18610212506502866,0.49053084289021787
1789059109598046000,20.4730458984375,-0.590925326988101,1.970492555977404,-0.5150455448132008
1789059109608055800,20.483055908203124,-1.117839661836624,-0.6335623994484544,0.8743999579813331
1789059109618066000,20.49306591796875,-0.875512083941698,-1.853120268267393,-0.7050988917220383
1789059109628075800,20.50307568359375,-0.3297235372751951,0.08258651327192783,-1.2573799422129988
1789059109638086000,20.5130859375,-1.7378893765002488,3.6711791600257158,1.9632287024542687
1789059109648095700,20.523095703125,-1.1441197659969329,4.280634707699716,0.06713648548265919
1789059109658105900,20.53310595703125,2.8323727126687763,-1.8929867069706319,-0.4940368417171761
1789059109668114700,20.54311474609375,2.18550747179389,-3.414926809413731,0.3146260675169527
1789059109678124500,20.55312451171875,-0.30162323195040225,-0.7627014050588011,0.11108893312420695
1789059109688134700,20.563134765625,-2.916248681229353,3.230005710826814,0.17086776758674532
1789059109698145000,20.57314501953125,-1.859437196329236,1.7301970684319734,0.19959289027899502
1789059109708155000,20.58315478515625,-1.1809767937511204,0.08248480646312237,-0.28198265713611614
1789059109718165000,20.5931650390625,-0.7248129884302615,1.142502686189115,-0.2776327548309229
1789059109728174800,20.6031748046875,2.444470542669296,1.131008355489373,0.8964864829093218
1789059109738185000,20.61318505859375,3.9006051707714793,-1.3283894149377942,-0.3015092867145315
1789059109748194800,20.62319482421875,2.2738737375110385,-2.4420117513403294,-0.9279540727101265
1789059109758203600,20.63320361328125,-1.968703626734018,0.9607219314545392,1.6140183744207024
1789059109768213800,20.6432138671875,-3.869956934529543,1.42897686432451,-0.5580264257425442
1789059109778223900,20.653223876953124,-1.154858017632365,0.4842392684653401,-0.29388416213095186
1789059109788233700,20.663233642578124,3.1353608032315967,-2.047707605344057,0.3323970308007672
1789059109798243800,20.673243896484376,2.193614790403843,0.31120676059275865,0.9046972618937492
1789059109808253700,20.683253662109376,1.644179996189475,-1.5310460767015814,0.6236524883959442
1789059109818263800,20.693263916015624,-2.2508599416702983,2.6663369318157435,-0.3268009278267622
1789059109828273700,20.703273681640624,-1.953142484986782,0.30765462106913327,-0.642295887132734
1789059109838282800,20.71328271484375,-3.8334792614817617,-0.26651772403866053,-2.373365500615537
1789059109848292900,20.72329296875,-0.7585317181587219,-2.513159171231091,0.5025862415388226
1789059109858302700,20.733302734375,2.2003742015361785,0.5184510424077511,-0.23864874325171112
1789059109868312800,20.743312744140624,3.5386090109229085,0.950159036386013,-1.0474396262470633
1789059109878323000,20.753322998046876,1.256704527169466,1.003395536532998,0.3777661951061338
1789059109888332800,20.763332763671876,-1.5227712925702332,-0.3567614740654826,-0.34956535201631483
1789059109898343000,20.773343017578124,-3.5331314562946554,0.1372746735319495,-2.1567912265278397
1789059109908352800,20.783352783203124,0.14467267482876778,-3.080475074572861,1.4319469661764799
1789059109918363000,20.79336279296875,-2.2402239813655616,2.454504445427656,0.2035655202370137
1789059109928372000,20.8033720703125,-2.482383216956258,2.2761510347932576,1.664678302077949
1789059109938381800,20.8133818359375,0.0034171149671077725,1.0940335465744138,-0.25085272005815057
1789059109948392000,20.823391845703124,5.280918541952968,-4.172107697485387,-1.1702146497834474
1789059109958401800,20.83340185546875,5.153997212392092,-2.6338626491904256,-0.917716464073211
1789059109968412000,20.843411865234376,-0.9308329891473054,2.592014973542094,-0.10042884302521124
1789059109978422000,20.853422119140625,-4.602784887111187,2.817911933378875,0.16016413060696794
1789059109988431600,20.863431640625,-4.127514814782143,2.160573813806474,0.6334646381624043
1789059109998441700,20.873441650390625,0.6963117010891438,-4.377269035546481,0.7664175029724836
1789059110008451600,20.88345166015625,3.1702456541299817,-1.224264439074695,-0.35045897638779133
1789059110018460700,20.893460693359376,4.709218724438548,0.38644144979715345,-1.1563390499703585
1789059110028470800,20.903470703125,-0.37287352769374843,4.409170778980851,-0.1953669614133425
1789059110038480600,20.913480712890625,-4.566372680515051,2.752765799729526,1.9438712371639906
1789059110048490800,20.92349072265625,-4.369533180597425,0.36190497443377967,-1.215681246581301
1789059110058500900,20.9335009765625,2.3269185144782063,-4.4613995633900165,-1.1713869814984499
1789059110068510700,20.9435107421875,4.462541719162464,-0.6479468986317515,-0.15073486094456165
1789059110078520800,20.953520751953125,2.2045500259160993,1.428114986798167,1.1878294361248611
1789059110088530700,20.96353076171875,-4.124193561404943,4.071048246672749,1.8889587666288017
1789059110098540800,20.973540771484377,-5.427826428487896,3.2531437175691127,0.7172006137304008
1789059110108550000,20.9835498046875,-0.48547231739163393,-1.9099010168924926,0.5544293145660311
1789059110118559700,20.993559814453125,3.0891561014175415,-2.669632758490741,0.6121436907794326
1789059110128569900,21.00356982421875,4.047385631534457,-2.7795436242789027,-0.046345544190006326
1789059110138580000,21.013580078125,-0.37526948291957374,2.0429595340341327,1.178883986190334
1789059110148589800,21.02358984375,-3.976625165134668,2.9313407441601154,1.4278608659066259
1789059110158600000,21.033599853515625,-3.483087030187249,2.3066309287309643,-0.10615028027878143
1789059110168609800,21.04360986328125,-0.16756898176968096,-0.955783890530467,-0.3872762931860983
1789059110178620000,21.053619873046873,1.1844739882171154,-1.10784170717448,0.6078866543894633
1789059110188629800,21.063629638671873,0.5228448934525252,-1.974386640806496,0.39684403973743315
1789059110198638800,21.073638916015625,-0.14320143323242662,0.6593064970359206,0.9376735026918351
1789059110208649000,21.08364892578125,0.7598527376294135,-0.5255564904987812,0.2697440656740218
1789059110218658800,21.093658935546873,0.9330775532037019,1.6419585207477212,-0.14056967822303995
1789059110228669000,21.1036689453125,1.2412649659752846,0.3653209203571081,0.961732788997516
1789059110238678800,21.1136787109375,0.17920330546200275,0.7612728335604071,-0.07369929633066058
1789059110248688600,21.123688720703125,-0.6080863051474094,-1.3356982766464351,1.2809224381029605
1789059110258698800,21.13369873046875,-1.1613660843521356,0.6175701728075742,1.312809568490088
1789059110268708600,21.14370849609375,-1.0272861152082682,1.1088239962100983,-0.13873289124993607
1789059110278717700,21.1537177734375,-2.615345580247044,2.0544415897741914,0.01584441566802561
1789059110288727800,21.163727783203125,0.5153618442207575,-1.2026391749829053,0.9179978382978587
1789059110298737700,21.173737548828125,2.143647521185875,-1.8648808486878872,0.7506447643011808
1789059110308747800,21.183747802734374,1.8112345986962317,0.9840034383207559,1.115688475152105
1789059110318758000,21.1937578125,0.15055997930169104,2.3911907879024743,0.8080292509730905
1789059110328767700,21.203767822265625,-0.6852016935318708,1.8395286730274556,2.5199331954106685
1789059110338777900,21.21377783203125,-2.3216192390263077,-0.5474018270820379,0.8829589658815413
1789059110348787700,21.22378759765625,-3.419198203122616,-2.2110478635028,-1.567222428715229
1789059110358797800,21.2337978515625,-2.7342361635655164,-0.30953385894447566,-1.297273122792691
1789059110368807000,21.243806884765625,-0.5900520512849092,3.1875641609385608,-0.35187534599173814
1789059110378816800,21.253816650390625,1.381786950865388,3.1880680188074706,1.2830923294879495
1789059110388827000,21.263826904296874,2.1012305212169884,0.7574564901426434,0.8520427994184195
1789059110398836700,21.273836669921874,4.246427025410533,-2.9150726231873034,-0.11943407907802611
1789059110408846800,21.283846923828126,4.143965598845481,-3.736757839873433,-0.08010744633991271
1789059110418857000,21.29385693359375,-5.119545492213964,2.4425769840076565,-0.9553089664950967
1789059110428866800,21.30386669921875,-6.834424580004811,3.9506352760925885,-0.5056811388142407
1789059110438877000,21.313876953125,1.3068541672170162,-3.509418864534795,-0.34627482257094233
1789059110448886000,21.323885986328126,4.111677778702974,-3.6872415292933582,0.5820954662572592
1789059110458896000,21.333895751953126,3.887749196329713,-0.6464467232018709,0.6813758516333996
1789059110468906000,21.343906005859374,-0.9485171143978833,6.268820741277933,-0.5429253392551094
1789059110478915600,21.35391552734375,-3.2770103308469056,2.0705095119997856,-0.040123957128264005
1789059110488925700,21.36392578125,-3.394598014873266,-1.147676289434731,-0.233490337575227
1789059110498935800,21.373935791015626,0.09173486536741256,-3.528994210359454,-1.2071019996106624
1789059110508945700,21.383945556640626,2.8493162486851213,-1.7355901596471666,-0.6560539249807595
1789059110518955800,21.393955810546874,2.06344293461442,1.8939272026911378,1.1182041843000798
1789059110528965600,21.403965576171874,0.6460808124989271,2.27530698518455,0.30685926944036035
1789059110538974700,21.413974609375,-0.03223755125999451,-0.6095668990939855,0.5124233065508306
1789059110548984800,21.42398486328125,-0.5575035343796014,-2.2350994779586792,0.4640897760145366
1789059110558994700,21.43399462890625,-1.2340998966515064,-0.42019115918576716,1.3596931924790143
1789059110569004800,21.4440048828125,-1.5262316621571779,0.3541051143378019,1.4518673260465262
1789059110579014700,21.4540146484375,-2.0458207686841487,2.183532664589584,0.07725066866930573
1789059110589024800,21.464024658203126,2.554836458748579,-1.1651537861973047,-0.13758954816740004
1789059110599035000,21.474034912109374,4.829234512394667,-1.6968968563765285,-0.6776744398321956
1789059110609044700,21.484044677734374,2.5537977633506057,1.0032005984827876,1.248944122301042
1789059110619053800,21.4940537109375,-2.337895251044631,2.1007120503008365,2.102420753914863
1789059110629064000,21.50406396484375,-7.954108992925286,1.9883327485725282,0.6499763586327433
1789059110639073800,21.51407373046875,-6.80921181281507,-1.6511168097153306,0.12527034748345614
1789059110649084000,21.524083984375,-2.89572027246356,-0.7853612728953361,-0.5504081692911684
1789059110659093800,21.53409375,1.5756301915764808,1.016280737069249,-0.3096416301678866
1789059110669103900,21.544103759765626,7.352469964221119,-1.8955559729367493,-0.3853088290380314
1789059110679114000,21.554114013671875,7.162020457601547,-2.5677359800711272,1.1932269843194634
1789059110689123800,21.564123779296875,1.2309475701004267,-0.48930064350813623,1.3651421055346726
1789059110699134500,21.574134521484375,-2.9044904388964174,2.799555023433268,0.8667277428530156
1789059110709143300,21.584143310546875,-1.3637579576998948,-0.370101140370965,0.944783042436093
1789059110719153400,21.5941533203125,-2.6971482496649024,1.0265165921404957,0.2534976816089824
1789059110729163500,21.60416357421875,-2.9597751037448643,-0.06404284858256579,0.5955024621779099
1789059110739173400,21.61417333984375,0.5046101485818624,-2.8414120514318344,0.5197929220033809
1789059110749183500,21.62418359375,3.635747196638584,-1.1826406353101133,0.21961334952265024
1789059110759193300,21.634193359375,3.6153777778267857,1.0670654601499439,0.702380645739287
1789059110769203500,21.644203369140627,0.9623223523885011,3.287996419763565,-0.037764680651016534
1789059110779213300,21.65421337890625,-0.05202829340100288,-0.16564298214316367,0.23248284103311598
1789059110789222100,21.66422216796875,-6.285417655813694,1.3813272243991492,0.8537414200298488
1789059110799232300,21.674232177734375,-5.339014172568917,-0.47496261381506916,0.7286142073441296
1789059110809242400,21.684242431640627,0.11389876638054847,-1.3341373109400272,0.1185321252696216
1789059110819252200,21.694252197265627,3.0965725151538845,-0.9964221903890371,-1.1793163131929933
1789059110829262300,21.704262451171875,3.9413890165805814,1.3270923608645795,-2.124019568391144
1789059110839272200,21.714272216796875,1.2345540701597928,1.4891247512951493,-2.2126595364831387
1789059110849282300,21.7242822265625,-1.0892354986429214,0.8977478811472653,-1.3556623295277357
1789059110859292200,21.734292236328123,-0.7784528086811303,0.1503247092410922,-1.9568208812385797
1789059110869301200,21.74430126953125,0.9970464597672224,-1.9014996837720273,-0.6155309951301664
1789059110879311400,21.754311279296875,-0.12322072147727012,-0.030766601924598215,-1.3993527104333043
1789059110889321200,21.7643212890625,1.015744145974517,-2.142747941997647,-1.7709695160642265
1789059110899331300,21.774331298828123,-1.14699736725986,0.5169359616696835,-0.6017211540296673
1789059110909341400,21.784341552734375,-1.7686176922410726,1.126083174046874,-1.1809084777552634
1789059110919351300,21.794351318359375,-2.2145430121421814,2.355813477312028,-0.707857104388997
1789059110929361400,21.804361328125,-1.4618711259275674,2.345808508387208,-0.7498323519397526
1789059110939371300,21.814371337890623,0.19059096091687677,0.8153136358276009,-1.0301778180617838
1789059110949380400,21.82438037109375,1.4645020589530466,-0.9304773075774312,0.17864052048008888
1789059110959390500,21.834390380859375,2.282774836847186,-0.04587999990433454,-0.304574884830229
1789059110969400300,21.844400390625,1.1607786398530007,1.7020225288271904,0.3607525895282626
1789059110979410400,21.854410400390623,-0.6158084238320589,1.826577713778615,-0.3683439214400947
1789059110989420300,21.864420166015623,-1.9409575416743754,0.38148295060694215,0.009170518261520192
1789059110999430400,21.874430419921875,-2.8272435330867767,-0.48531098935008044,0.31309520468786356
1789059111009440500,21.8844404296875,-0.16662088726460933,-0.8146291606947779,-0.8200970707118511
1789059111019450400,21.894450439453124,3.6343449286252256,-2.202100002415478,-1.0892791185889392
1789059111029459200,21.904459228515623,3.03524097135663,0.8100263430744409,-0.06459821744300424
1789059111039469300,21.91446923828125,-0.425831210899353,2.261099303872883,0.19126517038401214
1789059111049479200,21.924479248046875,-2.52176771736145,1.51036569224447,0.17922084111869335
1789059111059489300,21.9344892578125,-2.3327391834557054,0.21805939807891844,0.36124515881817787
1789059111069499100,21.9444990234375,-0.35381051530539986,0.2839610262706876,-0.9760158736329525
1789059111079509200,21.95450927734375,0.7168973930001259,-1.0388032422617077,-0.38616508054118603
1789059111089519400,21.964519287109376,-0.2792541637539863,-0.8090911080509424,-0.5663913358427584
1789059111099529200,21.974529296875,-1.7385329351007937,0.5328095303669571,0.12699282389450817
1789059111109538300,21.984538330078124,0.43726971975862977,-0.6638923635214566,0.13786763445641845
1789059111119548400,21.99454833984375,0.9678349783301353,1.9422084185183046,-0.13689751991578378
1789059111129558300,22.004558349609376,1.0431535464257,2.659311855484545,-0.5695555720273405
1789059111139568400,22.014568359375,2.5797236472457645,-1.3758368102893233,0.055201425278093665
1789059111149578200,22.024578125,1.279260057848692,-1.8296496685698627,1.4083812355414032
1789059111159588400,22.03458837890625,0.24707857181429863,-2.3824545237392187,-1.644617364693433
1789059111169598500,22.044598388671876,-3.169817784106731,3.0768782191246746,-1.7565142897322772
1789059111179608300,22.0546083984375,-1.7841285651057956,1.291233111976087,-1.1629932471625506
1789059111189617400,22.064617431640624,-0.3696960667014122,0.39618630648106334,0.045575610130280254
1789059111199627500,22.07462744140625,0.29641221930384637,-0.2413151859819889,0.32278058626949785
1789059111209637400,22.084637451171876,4.882597269269824,-2.904821570546925,0.3982765567585826
1789059111219647500,22.0946474609375,3.470908516615629,0.1729787318587303,0.5708105770571157
1789059111229657300,22.1046572265625,-1.25846861423254,4.289230394348502,-0.2601533583722077
1789059111239667500,22.11466748046875,-4.868036244475841,2.205458665193617,-0.631828707523644
1789059111249677300,22.12467724609375,-5.6103767062902445,-1.200759937107563,-0.42130365047231316
1789059111259687400,22.1346875,-0.7958791597783565,-3.266341929577291,0.10637180494181811
1789059111269696300,22.1446962890625,2.483076459917426,-0.954957668839395,0.5431742725148797
1789059111279706000,22.1547060546875,4.864500471565127,2.5631512826293705,-0.3393105730488896
1789059111289716200,22.16471630859375,2.886784686335921,3.633850423106551,-1.6567646063439547
1789059111299726300,22.174726318359376,-1.8270710502535104,0.17888123390078545,-0.5106796777538954
1789059111309736200,22.184736083984376,-4.752683187633752,-0.6720461516216397,-0.8549887166772038
1789059111319746300,22.194746337890624,-0.7357049693226814,-3.2566333132505414,0.14184987249299882
1789059111329756200,22.204756103515624,1.5178852740943432,-0.34306291131973266,0.20522485001767052
1789059111339766300,22.214766357421876,3.8465105924904344,0.7319882868871093,0.38560477977730334
1789059111349775400,22.224775390625,3.701858375927806,1.4300634905174374,-0.7473100669205188
1789059111359785200,22.23478515625,-0.6189841312587261,1.220493688364327,0.059823395123472435
1789059111369795300,22.24479541015625,-8.534580730438233,3.8000621450483796,-0.4751780466640368
1789059111379805400,22.254805419921876,-6.079217037832737,2.2214014997348186,-0.49196460202038284
1789059111389815300,22.264815185546876,0.5143208107352256,-1.222746727988124,0.6247617648120969
1789059111399825400,22.274825439453124,3.6991859418481585,1.0953297238647937,1.2282038243502378
1789059111409835300,22.284835205078124,3.994340854567289,2.0775617685988546,0.3777757666520774
1789059111419845400,22.294845458984376,2.143466903921962,3.0653429718926546,0.3629851343533024
1789059111429854500,22.3048544921875,-0.9650000471651553,1.940592800015211,0.30201895326972006
1789059111439864300,22.3148642578125,-3.226542126369476,-0.4353887283176183,0.690108535600081
1789059111449874400,22.32487451171875,-3.341235257998109,-0.16689765837937592,0.39878344683479516
1789059111459884300,22.33488427734375,-1.3423913445442914,1.0697072068303823,0.03394411314928438
1789059111469894400,22.344894287109376,1.0674608892083168,0.47647214159518475,-0.19694288722686468
1789059111479904500,22.354904541015625,1.3342857795000076,0.601958762177825,0.410918230862543
1789059111489914400,22.364914306640625,-0.36649054865837094,2.3697668916016816,1.0714546350196004
1789059111499924500,22.374924560546877,0.260472306394577,-0.955477893321216,0.40894086637496946
1789059111509933300,22.384933349609376,0.4680559031665325,-0.7702876224040984,0.43161571258492765
1789059111519943200,22.394943115234376,1.457990485101938,-0.42354689935445783,0.11130840282747521
1789059111529953300,22.404953369140625,-0.533404865911603,1.5490174944609403,0.7027837466474622
1789059111539963100,22.414963134765625,-1.5439643027245997,1.7611033710882067,1.2186310362976043
1789059111549973200,22.42497314453125,0.24000994860231875,-0.5505670131146907,0.32441147540695964
1789059111559983400,22.4349833984375,2.746443318709731,-2.947274226351082,0.36030674545690416
1789059111569993200,22.4449931640625,-0.16214403411149977,-0.2618462250962853,1.497663154798746
1789059111580003300,22.45500341796875,-7.84542708441019,4.84021241800487,3.599449848593771
1789059111590012400,22.465012451171877,-9.003692280137539,5.406728110879659,1.2174395614907145
1789059111600022300,22.475022216796877,-4.078554676780104,2.2651570548310875,-3.2129061074659226
1789059111610032400,22.485032470703125,9.264815159395337,-5.52565727264285,-3.7323067056834693
1789059111620042200,22.495042236328125,14.705008902025222,-5.992289280486107,-0.031226072662509975
1789059111630052400,22.50505224609375,5.707639395168424,0.8652841199159622,2.9771476788282394
1789059111640062200,22.515062255859377,-7.57806151137054,6.037132630819082,2.482063483482599
1789059111650072300,22.525072265625,-12.465962732267378,5.666905818241834,1.3272808691740035
1789059111660081400,22.535081298828125,-7.983496415451168,-0.42335546843558547,-1.5036539196461438
1789059111670091300,22.54509130859375,0.46261809602677817,-1.8650801706522702,-1.3582432859316467
1789059111680101400,22.555101318359377,8.123217605352401,-3.1640058829575777,-1.2678703565672038
1789059111690111500,22.565111572265625,6.660329995858669,1.9983628519386052,-0.8319536588527262
1789059111700121300,22.575121337890625,-3.2874352787494656,6.058893211728334,0.5660008021552115
1789059111710131500,22.58513134765625,-9.28120106152892,4.7820443066745995,-0.6193136554740369
1789059111720141300,22.595141357421873,-5.06470331043601,-1.3647156968161462,-0.5850476671263575
1789059111730151400,22.6051513671875,0.8797656497329474,-3.057858753617108,0.058757528590783474
1789059111740160300,22.61516015625,4.4774090334266425,-1.219889000469446,-0.3788747043373063
1789059111750170000,22.625170166015625,4.348433109423518,1.4977002719387411,-0.4405453438958153
1789059111760180200,22.63518017578125,1.7497154233723877,2.816039417505264,-0.6958623498864471
1789059111770190300,22.6451904296875,-0.22398002029955386,-1.2524804797336457,-0.2753250806767493
1789059111780200200,22.6552001953125,-2.8978718975394964,0.7065379115492105,0.7010290849998593
1789059111790210300,22.665210205078125,-2.8999527954667803,1.162797578459978,0.13500186976175754
1789059111800220200,22.67522021484375,-0.6023053836584091,0.593842091217637,0.30982834837902334
1789059111810230300,22.685230224609374,1.7674048093199728,1.3611720328599213,0.15848346577733755
1789059111820239400,22.6952392578125,3.7461668887317177,-1.7193015804082155,-0.6125365990871563
1789059111830249200,22.705249267578125,1.4703361719340085,0.4306076315209269,0.17079050109945237
1789059111840259300,22.71525927734375,-2.9963755263894796,4.680369354312122,0.19635588111914692
1789059111850269400,22.72526953125,-4.449156167888641,4.090803917500376,0.9596672347698361
1789059111860279300,22.735279296875,-2.646348621276021,1.2212290169015525,1.1661571910861879
1789059111870289400,22.745289306640625,3.213542944064736,-6.772557029634713,1.1232079108715056
1789059111880299300,22.75529931640625,1.154229656600952,-1.5550965221136808,0.22750141762504353
1789059111890309400,22.765309326171874,-1.5694664082497358,3.974772815266251,-0.9002127368908375
1789059111900318500,22.775318359375,-3.0281302625685926,7.793631430721282,0.2997477204021066
1789059111910328300,22.785328369140625,-1.1097709216713905,4.854639295025169,-1.6501478185527025
1789059111920338400,22.79533837890625,1.1545435448557138,-2.3819942127510902,-2.3219722902476785
1789059111930348300,22.805348388671874,1.1209072327136993,-3.4268487178757785,0.14360846139704808
1789059111940358400,22.8153583984375,2.3480489807903764,-2.1080080525279046,1.359669811603427
1789059111950368500,22.825368408203126,-0.8552005327969789,2.3094699515491723,2.1874672275595364
1789059111960378400,22.83537841796875,-4.637943294253945,4.783827390699089,-0.11899197960002347
1789059111970387200,22.84538720703125,-3.895631474012136,2.2679785419926044,-3.443392440919578
1789059111980397300,22.855397216796874,2.067519390273094,-5.188973833227157,-2.2228050829224286
1789059111990407200,22.8654072265625,1.3587211325764654,-3.561834988209605,1.0696822185195982
1789059112000417300,22.875417236328126,-1.2944815923780202,3.01559372933954,1.8350294619120657
1789059112010427100,22.88542724609375,-1.598431221449375,4.83403080676049,0.08052970860628411
1789059112020437200,22.895437255859374,0.5681698898226022,2.785737218222022,0.1469067174911499
1789059112030447400,22.905447265625,1.1488438719093799,-1.2025459437415003,0.4218718788143247
1789059112040456200,22.915456298828126,0.2691331672340631,-2.2134236527234314,-0.5631155290424823
1789059112050466300,22.92546630859375,0.9374088604062795,-0.40876843241751193,0.4528058366624638
1789059112060476400,22.935476318359374,-0.44251229658722874,3.0705612910628317,0.05094095482202247
1789059112070486300,22.945486328125,-2.1921809582084415,3.142816672195494,-0.360559697304666
1789059112080496400,22.955496337890626,-1.8562381080269812,1.8864356778919695,-0.13135066291098482
1789059112090506200,22.96550634765625,-0.8672440218120813,0.7949003778740763,-0.30951252389550205
1789059112100516400,22.975516357421874,1.2163035431981086,-1.6917451727017758,0.31855321436543016
1789059112110526200,22.985526123046874,0.6684528033047914,0.45992695724666116,-0.42334432598706334
1789059112120535300,22.995535400390626,0.8426169455558061,0.4639133965343237,-0.44974794692918657
1789059112130545400,23.00554541015625,-0.13425006501376627,2.3126681630685924,-1.3330686587952076
1789059112140555300,23.01555517578125,-1.676580629056692,0.7226777299672364,-1.3627134170830248
1789059112150565400,23.0255654296875,-2.0634879427999255,0.26628888371884823,0.7927689918685704
1789059112160575500,23.035575439453126,-1.1550228528052568,-0.3474149690493941,-0.06456029658541083
1789059112170585300,23.04558544921875,1.3654407962203026,0.36305092959851026,-1.6856376496069132
1789059112180595500,23.055595458984374,2.7125679371148346,-0.29990327628999947,-1.0365527599211781
1789059112190605300,23.065605224609374,-0.08033785756230354,1.3480816651403904,-0.8366623480003327
1789059112200614100,23.0756142578125,-2.7957079926162955,1.7323785041242836,0.2167262315127067
1789059112210624300,23.085624267578126,-2.2948124806433916,-1.221604864476621,1.4549183841802178
1789059112220634000,23.095634033203126,-2.0205559790462253,-2.0301123274207113,0.12083841118430719
1789059112230644200,23.105644287109374,-1.7618775703310965,1.788831920491159,-0.8044512463558465
1789059112240654300,23.115654296875,2.098941533496976,3.093996527186036,-2.2787027651026843
1789059112250664200,23.125664306640626,5.922775014755129,-1.6299749452263115,-1.355694332101196
1789059112260674300,23.13567431640625,1.70138890709877,-1.7011434079051018,1.4707989671401678
1789059112270683400,23.145683349609374,-2.798877854824066,-0.5859741343215108,1.15753242447339
1789059112280693200,23.155693359375,-1.9887989047795533,1.1899006894409656,-0.640700946091488
1789059112290703400,23.165703369140626,1.5547411328047513,0.787021315062046,-0.9952162486653774
1789059112300713200,23.175713134765626,-0.30623277157247064,0.5273617863550782,-0.07417689181372988
1789059112310723300,23.185723388671875,-3.3558523968935012,-0.5768260744869709,0.35385607148017734
1789059112320733200,23.195733154296875,-3.865499370598793,0.9279618176251649,-0.5065178453667089
1789059112330743300,23.205743408203126,1.0134434678167104,-0.9926768663808703,-0.5703079247646033
1789059112340753400,23.21575341796875,6.218245569294691,-1.622810752685368,-0.4052081095874309
1789059112350762200,23.22576220703125,4.40436074835062,2.0458327513828873,1.2583622312486171
1789059112360772400,23.2357724609375,-1.729655216640234,2.0316209784179926,-0.858918238145858
1789059112370782500,23.245782470703126,-5.353277675721049,1.5927023224085568,-2.239692212576419
1789059112380792300,23.255792236328126,-2.559592128843069,-3.0415844951644537,-0.06176203046927694
1789059112390802400,23.265802490234375,-1.7954203589707611,0.949234030495584,-0.5225728715781122
1789059112400812300,23.275812255859375,1.1742501158446073,0.17663345497399568,0.326197847367078
1789059112410822400,23.285822509765627,2.8847219085872173,1.6183093496128915,1.258318830498308
1789059112420831200,23.295831298828126,4.194843553167582,-0.34735505555570123,0.25997579158190637
1789059112430841000,23.305841064453126,1.5934253759860992,-0.5649243320301175,0.010372176535706967
1789059112440851200,23.315851318359375,-2.27275262452662,0.42614071523994207,-0.23511848676633088
1789059112450861300,23.325861328125,-5.0753790182292455,2.555002170704305,-0.563923995881155
1789059112460871200,23.33587109375,-3.159423231342435,2.271413484877348,0.39104013923164455
1789059112470881300,23.34588134765625,0.4251607642918825,-2.4075091777577993,0.28256767221614715
1789059112480891100,23.35589111328125,-0.2241565459102392,-1.796670066770911,-0.769784568252787
1789059112490900200,23.365900146484375,0.3034527854651213,-0.6357663392335177,-0.8219451097313314
1789059112500910300,23.375910400390627,1.836535044169426,-0.44787733075171704,1.1219140716686844
1789059112510920200,23.385920166015627,0.7152087092608213,1.9506082903340458,0.8618797182999551
1789059112520930300,23.395930419921875,0.4530103097259998,2.536156308197975,0.17212467231266199
1789059112530940400,23.4059404296875,0.9258703983038663,-0.164943017180264,0.04117117375941016
1789059112540950300,23.4159501953125,-0.32455402568280695,0.6370154625117779,0.47567127354107797
1789059112550960400,23.42596044921875,-0.5961527062475681,-1.9741583850085733,1.259293082357943
1789059112560970200,23.43597021484375,-1.212677169394493,-0.36907092054039237,-0.41051103830114005
1789059112570979300,23.445979248046875,-0.02435936523079872,-1.3838599577471613,-0.06925352330240421
1789059112580989400,23.455989501953123,0.11317162114977836,-1.116081419992447,0.06505535922651179
1789059112590999300,23.465999267578123,-1.04132574647665,2.4628686614081263,0.33436628504712135
1789059112601009400,23.476009521484375,1.2631079644709824,-1.5002718759924172,1.7768920379810034
1789059112611019300,23.486019287109375,-0.02895429180562496,1.0770777355983854,1.1169761768750845
1789059112621029400,23.496029296875,0.5655360341876745,-0.3278627118393779,1.0841088032789528
1789059112631039500,23.50603955078125,-0.24841888050734995,-0.0306301160633564,-0.41185357548389584
1789059112641048300,23.51604833984375,-0.4168640605896711,-0.5207485056951642,-0.5594826159002259
1789059112651058200,23.52605810546875,-2.145288274130225,2.1423352695435285,-0.05951892771760467
1789059112661068300,23.536068359375,-0.7515519422739744,1.0634963694915174,-0.5136569399990141
1789059112671078100,23.546078125,0.7815449294775724,0.4763365325167775,-0.5483910573150962
1789059112681088300,23.556088134765623,2.6681694079399105,-3.471684761685133,0.5398865926137194
1789059112691098000,23.56609814453125,0.38212066398859024,-0.6574354424670338,0.012318707493599503
1789059112701108200,23.576108154296875,-1.7998469432413577,0.6109981009408831,-0.3257547067094594
1789059112711117000,23.586116943359375,-1.527857802054286,1.842351621493697,1.0788418226614593
1789059112721127000,23.596126953125,0.23813480238020418,1.1858505372673271,0.6156516258351504
1789059112731137000,23.606136962890623,2.1758879950553176,0.18821517169624566,-0.0006555801151902415
1789059112741147100,23.616147216796875,0.5226888261079788,0.759322284014523,-0.8629988585229963
1789059112751157000,23.626156982421875,0.6768658268630504,-1.5074743547171354,0.18375358917750417
1789059112761167000,23.6361669921875,6.232713655108213,-3.3112998462006447,0.038587276479741556
1789059112771177000,23.646177001953124,2.3914573298841715,-0.18441314906477926,-0.9298989962328225
1789059112781186000,23.65618603515625,-14.301763616943358,9.433658398884534,0.45230336703304197
1789059112791196200,23.666196044921875,-27.585823186016082,9.542439091598988,0.19618485366748645
1789059112801206000,23.6762060546875,-18.359985699790716,0.4437894769161939,1.2103174545258284
1789059112811216100,23.686216064453124,1.718237166047096,-6.702799018275737,0.8963315846085548
1789059112821226200,23.696226318359376,14.54600024333,-7.065635720601677,0.7864399349775165
1789059112831236000,23.706236083984376,19.946589705324172,-2.4077950089618563,-0.9475967116173356
1789059112841246200,23.71624609375,18.294271410864592,0.7240536944955587,-0.38499106832575053
1789059112851256000,23.726256103515624,14.157681309223173,-0.1062163951843977,0.7633535122919827
1789059112861265200,23.73626513671875,-1.7487117992877959,2.5143197394430636,0.3612231661820784
1789059112871275300,23.746275146484376,-13.147888180607557,0.5088631298512221,0.03335523474488873
1789059112881285000,23.75628515625,-15.019496876245736,2.031039671398699,-0.031690064311912285
1789059112891295200,23.766295166015624,-4.442320184388756,-1.3967594790697098,-0.05981818009223789
1789059112901305000,23.77630517578125,1.6341180363804102,1.321912620139122,-0.44204734595660117
1789059112911315200,23.786315185546876,6.750578422060609,1.6533964450851082,-1.948671038661152
1789059112921325300,23.7963251953125,5.224394106176495,2.1397388233095405,-1.6255132896423339
1789059112931334100,23.806334228515624,1.105848195269704,0.4063967348501086,-0.2945057463617064
1789059112941344300,23.81634423828125,-2.163041957485676,0.1288008596971631,0.9387680199302733
1789059112951354000,23.82635400390625,-3.8964930592775344,-0.8761889602899551,0.7637737104654312
1789059112961364000,23.836364013671876,-6.853608003902435,1.7906360473036764,-0.024513877655786925
1789059112971374000,23.8463740234375,-4.767559854248166,1.6082216708406805,0.36681667534019796
1789059112981384000,23.856384033203124,1.2629402066886424,-1.1047945945635438,-0.49320791661236435
1789059112991394000,23.86639404296875,5.235381948658824,-3.3175352334588766,-0.03345258275569649
1789059113001403100,23.876403076171876,2.1208727947980166,0.03835632640123367,-0.8865832207933068
1789059113011413000,23.8864130859375,-1.7608552415460348,0.10143149899542331,-0.7895767716985196
1789059113021423000,23.896423095703124,-4.287596655666828,1.3665253765866159,0.1411137128387112
1789059113031433200,23.90643310546875,-2.611594118759036,-1.2037582421407103,-0.38135278488863256
1789059113041443000,23.916443115234376,0.16837445293366907,-0.8121355903133749,-0.5365173719089478
1789059113051453200,23.926453125,3.945914385050535,-1.2628013827398419,0.6813216372281312
1789059113061463000,23.936463134765624,4.4677883876442905,1.3082038282603026,-0.7061923129819333
1789059113071472000,23.94647216796875,1.2990467083364725,6.360334072849154,0.05864825953003019
1789059113081482200,23.956482177734376,2.859043277451396,-1.9679101382687687,0.4337994863647967
1789059113091492000,23.9664921875,-1.2029179919242858,-1.4242895832911133,-0.16750241933949292
1789059113101502200,23.976502197265624,1.2084949152737856,-15.577231296771764,1.9747377923317253
1789059113111512000,23.986511962890624,-9.675842768916487,1.6784110593542456,1.2341356986172496
1789059113121522200,23.996522216796876,-5.64613717097938,2.3123811628207562,-0.6031304728383198
1789059113131532300,24.0065322265625,0.6641425388902426,6.981424820998311,-1.521587635743618
1789059113141541000,24.016541015625,3.0455513529688116,8.904101440572738,-2.368526390021294
1789059113151551200,24.02655126953125,2.4302830273628233,5.485716891920566,-1.1651551013715564
1789059113161561300,24.036561279296876,3.1820535808235406,-0.7763315787434577,0.0419695849949494
1789059113171571200,24.0465712890625,-0.4454506881266832,1.5589403380602598,0.43831367585361003
1789059113181581300,24.056581298828124,-1.7300334023028612,4.438943401432037,0.4314206649368629
1789059113191591000,24.0665908203125,0.5263689759254455,0.277194016353786,-0.9041169777877628
1789059113201601000,24.07660107421875,0.10117723197340965,0.1393976570352912,-0.4002094610499218
1789059113211610000,24.086610107421876,0.5375327594965696,-1.2560317424744367,-0.9425953231334686
1789059113221620000,24.096619873046876,-2.8137258798658844,0.14446721538454294,-1.9550081327281892
1789059113231630000,24.106630126953124,-3.10131883289814,2.4356579983994364,-1.6137090162105858
1789059113241640200,24.11664013671875,-0.5907002860605717,0.9425988302648067,-0.9076781043354422
1789059113251650000,24.126650146484376,2.539889649507403,-1.4385738369703291,-0.46880851163212206
1789059113261660200,24.13666015625,3.2598762406945228,-2.2619024369493124,-1.1514720284558833
1789059113271670000,24.146669921875,2.311876428169012,0.14717764338701964,-0.549669516285695
1789059113281679000,24.15667919921875,1.452308347812295,-0.45821080097854133,-1.4823244236305355
1789059113291689200,24.166689208984376,-3.3114252261459827,1.5052654464960098,-1.0623866546839476
1789059113301699000,24.176698974609376,-4.114222202488779,-2.1597931848227976,-0.34541908252444115
1789059113311709200,24.186709228515625,-4.389374776142835,0.2660571207895875,-0.26285236993152644
1789059113321719300,24.19671923828125,-0.046481180667877195,-1.1386696838974952,-0.17437820512680335
1789059113331729200,24.206729248046877,3.667431790190935,-1.4673261764630674,-0.4272313234882429
1789059113341739300,24.2167392578125,1.3116975155949593,1.3110764610871672,-1.0602500810466706
1789059113351748400,24.226748291015625,0.876530321073532,0.6933677565917372,-1.0846171911925078
1789059113361758200,24.23675830078125,0.7642576945900916,0.058308396583795545,-0.10421736685428767
1789059113371768300,24.246768310546877,-1.0127285975456237,1.7606857301980257,0.6009137831695377
1789059113381778200,24.256778076171877,-1.6584364850789308,2.589515557941794,-0.6484129087083041
1789059113391788300,24.266788330078125,-3.0527842268317937,2.9911212591230867,-0.37568664888571945
1789059113401798100,24.276798095703125,-2.6025585793882606,1.7927040857493877,-1.2971705392010509
1789059113411808300,24.286808349609377,1.0177321049213408,-1.3054177046731115,-0.5448350453339517
1789059113421817000,24.296817138671877,3.0909406467467546,-2.3017092544198037,-0.07437544202655554
1789059113431827000,24.306826904296877,2.6413117961525914,-1.5385264955848454,-0.6674564857438207
1789059113441837000,24.316837158203125,0.7389274385005236,1.1531026983976362,-0.40028015166595576
1789059113451847200,24.32684716796875,-0.9597031098008155,2.0582894973739982,-1.183121916021034
1789059113461857000,24.33685693359375,-5.458862202742695,7.82558256625533,-1.589117449659109
1789059113471867100,24.3468671875,-0.10053191980719565,-2.515089847032726,-1.0135903289414943
1789059113481877000,24.356876953125,2.7305004841685294,-3.379847604987025,-1.2093198217906058
1789059113491886000,24.366885986328125,1.9441542918890713,-2.828136390273273,-1.690946715800464
1789059113501896200,24.376896240234377,-2.07452079346776,4.11894104770422,-0.06858518645362928
1789059113511906000,24.386906005859377,-2.802005046933889,3.0894597605392335,0.5486357527911663
1789059113521916200,24.396916259765625,-0.9177233322054147,0.9234984084755181,1.2405644164904952
1789059113531926300,24.40692626953125,0.8363929564744234,-3.3413498242884874,-0.3625193434724584
1789059113541936000,24.41693603515625,1.8780781839132308,-1.7765546227201818,0.8223600472077727
1789059113551946200,24.4269462890625,2.0493477737665176,0.3300798033669591,0.29854093842823054
1789059113561955300,24.436955322265625,0.1348947926580906,2.367684532369673,0.6397654188070446
1789059113571965200,24.446965087890625,0.17462766810953617,0.5683908390969038,1.0494078575801105
1789059113581975300,24.456975341796873,0.47080724770128723,-1.8792711930900812,0.3984203491434455
1789059113591985200,24.466985107421873,-1.5997142469972372,-1.6850862993344664,-0.43559385896828023
1789059113601995300,24.476995361328125,-2.241913834148645,1.1416063218712806,-0.03222154997326433
1789059113612005000,24.487005126953125,-1.0735048455476761,2.3519804750204085,0.6008179215796291
1789059113622015200,24.49701513671875,1.4793009841561318,-0.424320514075458,0.8025988234221935
1789059113632024000,24.507024169921873,1.8102151925206182,-0.8965013882175087,0.3514411558255553
1789059113642034200,24.5170341796875,0.8070505421340465,-0.07702595653533935,-0.8108928967759013
1789059113652044000,24.5270439453125,-0.2057575503885746,-0.17836831594258545,-1.4045835968241094
1789059113662054100,24.53705419921875,-2.077549785900116,1.8336799469992517,-1.0939287710256873
1789059113672064000,24.54706396484375,-0.8153770564526319,-2.3389123191326857,-1.029191875764355
1789059113682074000,24.55707421875,-1.4537731596678494,1.6255232265144586,0.4294555023437366
1789059113692084000,24.567083984375,-0.010224456894397735,-2.5696041120305657,-1.5921232073463498
1789059113702093000,24.577093017578125,-0.09865794262886046,1.446144272224605,-1.5796072785139084
1789059113712103200,24.587103271484374,3.920292452538013,-3.441305113251507,-1.090215157330036
1789059113722113000,24.597113037109374,3.702907592719793,-0.7912430244103074,0.4402034716555848
1789059113732123100,24.607123046875,1.6189578766494988,-0.4341109634667635,-0.5798097299402579
1789059113742133000,24.617133056640625,-2.010498695412278,0.7942050890862942,-0.4345600224085152
1789059113752142800,24.627142822265625,-4.526209012430906,1.3492296661317347,-1.4192979124836622
1789059113762153000,24.637153076171874,-2.7752678466558454,-0.8907122834220528,-0.5976075081657618
1789059113772162000,24.647162109375,0.30902912429273127,-2.51040081243366,0.26151209777109324
1789059113782172000,24.657171875,1.4469897831380367,-0.38883740502297875,0.12323997416701167
1789059113792182000,24.66718212890625,1.810821926242113,0.6436801810979843,0.308709135090746
1789059113802192000,24.67719189453125,1.5248375774502754,0.15999153225272894,-0.32590288300849496
1789059113812202000,24.687201904296874,-0.3232750917881727,-0.16569003615528344,0.19559253206383437
1789059113822212000,24.697212158203126,-0.6881202113270759,-1.2749679136127232,0.05186586938090622
1789059113832222000,24.707221923828126,-1.0934966632187366,-1.2648743896216152,-0.28409988675210623
1789059113842231000,24.71723095703125,0.2183358769327402,-0.5309247395336628,0.3828784600859508
1789059113852241200,24.7272412109375,0.6616653351217507,-0.7270692429244517,0.5663725946096703
1789059113862251000,24.7372509765625,-0.9706763392359018,1.011424236948788,0.5353555981205776
1789059113872261000,24.74726123046875,-0.86461659591794,0.6368395214229822,0.0887363776711747
1789059113882271000,24.75727099609375,-1.2744582105249165,1.3204714814200997,-0.3059680927542969
1789059113892281000,24.767281005859374,-0.1158715277582407,0.3840624457061291,-0.6217194014415145
1789059113902291000,24.777291015625,0.634937487193942,0.7641361140370369,0.44013175812624394
1789059113912300000,24.787300048828126,1.8003940557301044,-1.1039330092981456,-0.15497666323278098
1789059113922310100,24.79731005859375,-0.7840665569096803,0.9821963888987898,-0.0694565441943705
1789059113932320000,24.807320068359374,-0.7286065354943275,0.8865335364326834,-0.12592998043596743
1789059113942330000,24.817330078125,0.7765911064624786,-0.9515466913521289,-0.4613795672077685
1789059113952340200,24.82734033203125,0.9252385301411151,-0.8081397986754775,0.3552156328629702
1789059113962350000,24.83735009765625,-0.1732107870489359,-0.009060966072976588,0.016960761145781725
1789059113972360200,24.847360107421874,-0.7963450237244367,0.7000637470990418,-0.3199558111723512
1789059113982369000,24.857369140625,1.4386533319473265,-0.6910749694794416,0.7374477213367819
1789059113992379000,24.86737890625,1.4427251114308832,-0.5623711404159665,0.7704559647083282
1789059114002389000,24.877388916015626,1.3788514819353819,-2.131880803285539,-1.0023410590440034
1789059114012398800,24.88739892578125,0.8201865025609731,-1.1086147373735904,-0.16328370566591618
1789059114022409000,24.897408935546874,-0.661916679534316,1.6175471330687403,0.7430532862588762
1789059114032419000,24.907419189453126,-3.249040373903513,2.752881535063684,0.12082756099672988
1789059114042428000,24.917427978515626,-2.4713503662884233,1.195435527214408,-0.5274191425655037
1789059114052438000,24.92743798828125,-0.9908061040729284,-1.148754147799313,-0.8894386832896619
1789059114062448000,24.9374482421875,0.7999918557941913,-1.801312339618802,0.5464430650524795
1789059114072458000,24.9474580078125,1.194071837645769,-1.2636857643589376,-0.6732118344001472
1789059114082468000,24.957468017578126,1.4080214623183012,0.23022563669085502,-0.4453033886104822
1789059114092478000,24.96747802734375,1.8509183743089437,-0.2218991223722696,0.06285101758264935
1789059114102488000,24.977488037109374,1.2323124287128449,-1.2887293124616146,-0.11160985172577202
1789059114112497200,24.9874970703125,-1.5273726488858461,0.3788949799403548,0.2500726025311276
1789059114122507000,24.997507080078126,-0.8399071020752191,-0.4989958158314228,-0.22715229366011916
1789059114132517000,25.00751708984375,0.28584640162587166,0.09810673848688602,-0.17160749830445274
1789059114142527000,25.01752685546875,0.7577607337862253,-0.6491369851991534,-0.7550963368825614
1789059114152537000,25.027537109375,-0.38605040465295315,-0.18446692507863044,-0.16624967933204024
1789059114162547200,25.037547119140626,-0.1389198103904724,-1.141518059065938,0.17998148676026612
1789059114172557000,25.04755712890625,0.3402326563298702,-1.0431637755587697,-0.8888131718024611
1789059114182566000,25.05756591796875,-0.5365595305502414,0.09538958848267794,-1.1583018014106898
1789059114192576000,25.067575927734374,-0.9183359111458063,1.1802087319880723,0.18253719912506639
1789059114202585900,25.0775859375,-0.41646541666090486,1.0216928252458573,0.10170481777777894
1789059114212596000,25.087595947265626,0.7654647322922945,-0.05510755471587181,-0.7117789540078491
1789059114222605800,25.097605712890626,0.8656675662755966,-0.307431333707273,-1.3116269345767795
1789059114232616000,25.107615966796875,-0.42860359822213645,-0.1858127867296338,-1.2768722859293222
1789059114242626000,25.1176259765625,-1.9559972898960112,0.2663242472931743,0.2764036331610754
1789059114252635000,25.127634765625,-0.6278221022307873,-1.511945654912293,0.18855929069248958
1789059114262645000,25.13764501953125,0.44286125615537164,-1.3027470241591335,0.2240706942576915
1789059114272655000,25.147655029296875,1.2121738960474728,-0.582126226721704,0.4514954481836408
1789059114282665000,25.1576650390625,-0.1410638366818428,1.9903183694317936,-0.07988332786099053
1789059114292675000,25.167675048828126,-0.6127765087902546,0.8033759452745318,0.2980131151618436
1789059114302685000,25.177684814453126,0.7771388034731149,-1.27955261105448,0.5218733450066297
1789059114312694000,25.187694091796875,0.9242308144032955,-1.589891356641054,0.052451962173171336
1789059114322704100,25.1977041015625,1.5304472340255975,-0.10889525900483131,1.2851575914546847
1789059114332714000,25.2077138671875,0.9554559737503528,-0.04900193131715059,0.7314378133974969
1789059114342724000,25.21772412109375,-2.1951333782732485,1.5475193648576735,1.0091352492287755
1789059114352734200,25.227734130859375,-0.6350035381674766,-1.3088354041621089,-0.46985349064040927
1789059114362744000,25.237744140625,2.33342015145719,-3.5564874897018073,0.09544560211938806
1789059114372754200,25.247754150390627,1.087332295370102,-0.3434457731574774,1.214280805198848
1789059114382763000,25.257762939453126,-2.2793898705840108,2.8034035155549644,1.3974422006368636
1789059114392772900,25.26777294921875,-2.430180736032128,1.2880261326283216,0.4873808544266969
1789059114402783000,25.277782958984375,0.048449265870451924,-0.3494286469593644,0.5028888046819716
1789059114412792800,25.287792724609375,1.0699942070782185,-1.6311200236082075,0.8428981005847453
1789059114422803000,25.297802978515627,0.7034779394567012,0.4244710284620523,0.3899062763635069
1789059114432813000,25.30781298828125,-0.10016308649480342,1.240609424676001,0.113989403806068
1789059114442823000,25.317822998046875,-2.3962165071099997,1.138261687618494,0.29207893933989104
1789059114452832000,25.32783203125,-0.6202876150727271,-0.46208647336810826,1.1390270459678022
1789059114462842000,25.337842041015627,0.3972048358738422,0.5197042573392391,1.348973937804997
1789059114472852000,25.34785205078125,2.124350115519762,-0.49003041908740996,0.6593970248635858
1789059114482862000,25.357862060546875,3.0662545337796208,0.10996230371445417,0.7826557402636856
1789059114492872000,25.367871826171875,0.7282406247913837,-0.019219664254784583,-0.6336407984469086
1789059114502882000,25.377882080078123,-1.5984616165876389,0.11179799470901489,0.2760504358092323
1789059114512892000,25.387891845703123,-4.1735418219417335,1.1779147758319972,0.6592198416657745
1789059114522901000,25.39790087890625,-2.720653628414869,0.7642170703187584,0.3042746232420206
1789059114532911000,25.4079111328125,1.0931611476540566,-0.12009937458634376,0.25592509141899644
1789059114542921000,25.4179208984375,3.3808471374183893,-1.3373814074277877,-0.2066717060914263
1789059114552931000,25.42793115234375,1.436459621295333,0.7933785751342773,0.1975848749248311
1789059114562941200,25.437941162109375,1.6947931620955465,-2.209686804282665,0.10501838103886693
1789059114572951000,25.447950927734375,-1.3936042299091815,2.2040853310137987,-0.11735241396576165
1789059114582961200,25.457961181640623,-1.9951263542354105,0.6816641670554876,0.9391178562812507
1789059114592970200,25.46797021484375,-1.5936077468156813,1.2008555064365267,0.2793815164607018
1789059114602980000,25.47797998046875,-1.2895721930265427,-0.6884805690720677,-0.5836539477456361
1789059114612990000,25.487989990234375,-0.13692308361530303,-0.37142537471204995,-0.18554376052990554
1789059114622999800,25.497999755859375,1.0106582210123538,-0.9737593999430537,-0.474232326779142
1789059114633010000,25.508010009765623,1.3041063298135995,1.17284609426558,-0.20217454080265015
1789059114643020000,25.51802001953125,2.2756121056109664,0.3143342449635267,0.12067494598459452
1789059114653030000,25.52802978515625,-0.5302952094584703,1.821303572767973,-0.6772707544021308
1789059114663040000,25.5380400390625,-2.283403197878599,0.03759469437897205,0.2605074507731944
1789059114673049000,25.548049072265623,-3.4415988355010745,1.2279840441197156,-0.10598971028905362
1789059114683059000,25.558058837890623,-0.7899000853687524,-0.9741428463026881,-0.40262832222729916
1789059114693069000,25.568069091796875,1.5016788201808928,-0.7145622280508279,-0.5062378228489309
1789059114703079000,25.578078857421875,1.8004706280976532,-1.909077717810869,-1.0619061046253888
1789059114713089000,25.588089111328124,-0.6762386348754167,-0.30375995171815157,-0.07576678678710014
1789059114723099000,25.598098876953124,-1.111672371378541,0.1284890172690153,0.13123287261705846
1789059114733109000,25.60810888671875,-1.0516530792236327,-0.2113520093947649,-0.6416229563072323
1789059114743117800,25.618117919921875,1.0792091946691273,-1.062387239205837,0.5184025270909071
1789059114753128000,25.6281279296875,1.290065529501438,-0.5341100915715098,-0.4226310266185552
1789059114763137800,25.6381376953125,0.793084560623765,0.524973137652874,-0.860940464688465
1789059114773148000,25.64814794921875,0.3182908736348152,-0.34257688136845826,-0.3341093876766041
1789059114783157800,25.65815771484375,-0.9704226567357778,0.3817836871191859,-0.9031862728089094
1789059114793168000,25.66816796875,-1.5734037476986646,-0.6581374532565474,-1.3864436906300484
1789059114803177700,25.678177734375,-1.2814894243359565,0.20381226153969764,-0.15415197591166943
1789059114813186800,25.688186767578124,1.3450620250582694,-1.8795491332486272,-0.7762115325603633
1789059114823197000,25.698197021484376,1.3408324246644974,-0.2768269366070628,-0.135192643093504
1789059114833206800,25.708206787109376,2.3125486283421517,-1.3145628418982027,0.3316662688408047
1789059114843217000,25.718216796875,-0.0714817664116621,1.3785539602935313,-0.40317941677141933
1789059114853227000,25.72822705078125,-0.8726771527767181,1.3113967790827155,-0.07531005599554627
1789059114863236900,25.73823681640625,-0.7151099250614643,0.017846330074965954,-0.2655706159142777
1789059114873247000,25.7482470703125,0.004373977300524711,-2.0373525078073143,-0.09986348249372094
1789059114883256000,25.758256103515624,-0.15268471637070177,-1.807574907144904,-0.17920465716887266
1789059114893266000,25.768265869140624,-0.9396960945606231,0.38618016851246356,0.39222617067843674
1789059114903276000,25.778276123046876,-0.13585925377607344,0.6928811421185731,0.32542204068899155
1789059114913286000,25.788285888671876,0.9057154990255832,0.1824766280442476,-0.3947157955370843
1789059114923296000,25.7982958984375,0.947303646954894,-1.559553209261596,0.44323016253300007
1789059114933305900,25.808305908203124,-0.6309206527680158,-0.543119619718194,0.8399863047912717
1789059114943316000,25.81831591796875,-0.43100539866685866,-0.12519231381118298,0.5546450396759435
1789059114953324800,25.82832470703125,0.1961854199230671,1.4487135381907223,0.46443373061399906
1789059114963335000,25.8383349609375,2.046971107763052,-0.25817776571661233,-0.16993516291175037
1789059114973344800,25.8483447265625,1.308102121451497,-1.4773483887836336,-0.7767090337537229
1789059114983355000,25.85835498046875,-1.5483897179514168,-0.8213754200845956,0.3454922573585063
1789059114993364700,25.86836474609375,-3.9183185221165417,0.10988047064989805,0.14621489930208773
1789059115003374800,25.878374755859376,-2.7703870888769626,0.6094245680138468,-0.07056607633884995
1789059115013384700,25.888384765625,-0.026899112841486928,0.10193535686433315,0.978006389863044
1789059115023394800,25.898394775390624,2.547406016486883,-0.6966799498796462,-0.3280958264755085
1789059115033404000,25.90840380859375,3.7189725923359394,-0.7382634216338395,-0.10578887222101911
1789059115043413800,25.918413818359376,2.3226550118148324,0.3895511062502861,-0.2894844476009719
1789059115053423900,25.928423828125,-0.4094043922334909,1.3004656352236865,-1.2757387518547474
1789059115063434000,25.93843408203125,-1.6359318078041076,-0.19700141248106956,-0.42279242772534487
1789059115073443800,25.94844384765625,-0.33268764777779575,-1.5503668632432817,0.19387475009420885
1789059115083454000,25.958453857421876,1.0833768357425928,-1.4563064775377512,0.578316386109963
1789059115093463800,25.9684638671875,-0.11084580855071544,1.485503345927596,0.7571677363291383
1789059115103473000,25.978472900390624,0.5119657720416784,0.5936117895931005,0.18443369866246356
1789059115113483000,25.98848291015625,2.5176041679412124,-2.115856135679781,-1.3958905872806906
1789059115123492900,25.998492919921876,2.3000866216540334,-0.04522299730032682,-0.06037669075783342
1789059115133503000,26.0085029296875,-0.7036269925385713,1.1441109981685875,0.4064953363863751
1789059115143513000,26.01851318359375,-4.468751679718494,3.7105145605921743,0.7415152630366385
1789059115153523000,26.02852294921875,-3.3485879588484764,0.3357265770822763,-0.29178090624138714
1789059115163533000,26.038532958984376,1.1622089649170637,-2.5805492844149467,0.059882660163193935
1789059115173542000,26.0485419921875,2.4070377608537674,-2.6637217808812856,0.1885643869927153
1789059115183551700,26.0585517578125,1.8470681286215782,0.7807166619598865,1.4873533577084541
1789059115193561900,26.068561767578124,1.534528950381279,0.9461930553644895,0.608021350152418
1789059115203571700,26.07857177734375,0.13795008857548235,-0.14410335050821305,-0.27004493005042896
1789059115213581800,26.088581787109376,-1.3011667692303657,0.40390696386098857,0.38941593556329607
1789059115223591700,26.098591796875,0.03676642686128616,-0.31778087828606366,0.021101021021977067
1789059115233601800,26.108601806640625,-1.1531523827582597,0.8717404564484953,0.3596648673567921
1789059115243612000,26.11861181640625,-2.5615081915974613,0.7187716624394058,0.3686087829213589
1789059115253620700,26.128620849609376,-2.503855044052005,0.20814795265644787,-0.789833376808092
1789059115263630800,26.138630859375,-1.3193804713129997,-1.3103119064554571,-0.5382964373454451
1789059115273641000,26.148640869140625,-0.03228957370817661,0.2552221307814121,0.5065842251338064
1789059115283650800,26.15865087890625,1.8053057931691407,0.39169104088842865,1.1954383036933838
1789059115293661000,26.168660888671877,2.1948422863721846,0.1534720673561096,0.6829789029158652
1789059115303670800,26.1786708984375,0.28824527946114537,0.5687526581466198,0.7312748779207467
1789059115313681000,26.188680908203125,-0.08937398145496844,0.3903063085317611,-0.001966998357186094
1789059115323690000,26.19868994140625,-0.5840770685285329,0.00258329449146986,0.13245381098045036
1789059115333699800,26.208699951171877,-1.7090397141128777,-0.17399375412017107,0.575253053016588
1789059115343710000,26.2187099609375,-1.175466505897045,-0.42274084366858006,0.3221153272937983
1789059115353720000,26.228719970703125,0.26486966457068917,-1.0189382658407091,-0.7139273642133921
1789059115363730000,26.23872998046875,1.4318056580096483,-0.21798925545215606,0.5311050280040129
1789059115373740000,26.248739990234377,1.9526216759830712,-0.7690078117266297,0.975049074427411
1789059115383750000,26.25875,1.0296148504167795,1.9529852485984562,-0.3111194111028686
1789059115393760000,26.268760009765625,1.1452630908131598,0.03795797473341227,-0.5292330601196735
1789059115403768800,26.278768798828125,0.11460720691084861,1.1051339095205068,-0.02588037338615395
1789059115413778700,26.28877880859375,1.0318728584766388,-3.7441684083908795,-0.48933980647474523
1789059115423788800,26.298788818359377,-2.591551447683573,0.26417612934857604,0.28198868501810354
1789059115433799000,26.308798828125,-2.754375280752778,0.27174334973245856,-0.15154586680019275
1789059115443808800,26.318808837890625,-0.22432079656124113,-1.1818453932791948,-1.2263437295667827
1789059115453819000,26.32881884765625,2.311416409441829,-2.800464831754565,-1.0026903108730911
1789059115463828700,26.338828857421873,1.2927467314094305,-0.7787143822267651,-0.5206189610313624
1789059115473837800,26.348837890625,1.0574503673255442,-0.523742134553194,-0.9153557993564754
1789059115483848000,26.358847900390625,0.16318448307514188,1.2305170697286725,-1.5582381811402737
1789059115493857800,26.36885791015625,0.08804477867782115,-0.2464291679948568,-1.39721087609902
1789059115503868000,26.378867919921873,-0.2109557035535574,-0.3278966141089797,-0.8420379766240715
1789059115513877800,26.388877685546873,0.16873451841771603,-1.2102119483247398,-0.5177209745675325
1789059115523887900,26.398887939453125,-0.6628682811707258,-0.8695373934462666,-0.5949786940321325
1789059115533898000,26.40889794921875,-0.7435708803921938,0.4005445016905665,-1.4371899813964961
1789059115543907800,26.418907958984374,1.0623434000641108,-2.1865987741619346,-1.2456912579849362
1789059115553917000,26.4289169921875,1.6761428221613168,-1.4182599477380513,-0.5105449819909409
1789059115563927000,26.438927001953125,2.0589789409428834,-1.0729504265353083,-0.7740616610500961
1789059115573937000,26.44893701171875,2.2483237011909485,-0.730334382200241,-1.8346017380192874
1789059115583947000,26.458947021484374,0.005962707796692848,2.025696556805074,-1.0324661481946706
1789059115593956900,26.468956787109374,-0.512005519530177,-0.8267568208619952,-0.5239422602351754
1789059115603967000,26.478967041015625,-3.7563726409256457,0.7502996041253208,-0.9178297882545738
1789059115613976800,26.488976806640625,-1.7268413282632826,-1.6167983605280518,-0.5848649309705942
1789059115623987000,26.498987060546874,-0.48366088405549523,0.40109833618104457,0.2106148542266339
1789059115633996000,26.50899609375,3.166619864848256,-0.8291767414852976,-0.5669446223439648
1789059115644006000,26.519005859375,5.218674559485912,-1.2091980951070784,-0.15394158456400037
1789059115654015700,26.529015625,1.2725988463938236,0.40060733779370783,-0.009982574429921806
1789059115664025900,26.53902587890625,-2.399563479450345,0.8829229447200894,-0.2539426488975063
1789059115674035700,26.54903564453125,-5.139186012229323,2.254234971061349,0.5496497886719182
1789059115684045800,26.5590458984375,-3.2430764970630404,0.5014347334161401,0.7549974796179681
1789059115694055700,26.5690556640625,0.21557576456964014,-0.6170853119000792,0.438886543838121
1789059115704065000,26.57906494140625,4.0741269234657285,-2.340721122120321,0.3224453994983807
1789059115714075100,26.5890751953125,4.592438265141844,-0.8850205015212297,-0.07456592309735716
1789059115724085000,26.5990849609375,1.547871247035265,1.337653210106492,-0.784470899926871
1789059115734095000,26.60909521484375,-1.403818165409565,1.568302332906425,-0.24232133081723004
1789059115744105200,26.619105224609374,-4.415602273333072,1.8522040302053093,-0.5843170878294855
1789059115754115000,26.629114990234374,-4.144604481270909,0.1903290951102972,-1.9876471043959258
1789059115764125200,26.639125244140626,-1.0761878010213375,-1.3069295705407857,-0.38432708799168463
1789059115774135000,26.649135009765626,0.772496530625224,-0.5003767487958073,-0.9543797228209674
1789059115784144000,26.659143798828126,0.7093225738316774,0.57226768053025,-1.4165852925240994
1789059115794154000,26.669154052734374,1.8632079470396041,-1.314521340844035,-1.1979522592756897
1789059115804163800,26.679163818359374,0.08461188161969184,0.47021191215664143,-1.6251938484296202
1789059115814174000,26.689174072265626,-0.6548492253661156,-0.4868956281930208,-0.9162731333971023
1789059115824184000,26.69918408203125,-2.0703589976131913,0.8401602000534534,-0.33770481835268434
1789059115834194000,26.70919384765625,-2.8995114814400673,2.0542107036277653,-0.38992081634551284
1789059115844204000,26.7192041015625,-0.2421861235976219,-0.410640656030178,0.11694953225329517
1789059115854214000,26.7292138671875,0.6268669934630393,-0.34676059679389,0.4079312509410083
1789059115864223000,26.739222900390626,1.5051619861215353,-1.7234268436446785,0.3455868403067812
1789059115874233000,26.749233154296874,2.3162854767829177,-0.40606560319960117,0.18294808148089794
1789059115884243000,26.759242919921874,2.328115030786395,-1.0269996994823216,0.07736063184980303
1789059115894253000,26.769253173828126,1.5456512328982352,0.14544979668110608,0.7169259615074842
1789059115904263000,26.779262939453126,-0.0005962123274803161,0.8980968407154083,1.683480909964442
1789059115914273000,26.78927294921875,-1.319965577724576,0.09410042545497417,0.2013633705502376
1789059115924283100,26.799283203125,-0.3439923011243343,-1.363960786795616,-0.20567480400856583
1789059115934293000,26.80929296875,0.39607437053918837,-1.1756313410699366,-0.15045180621948093
1789059115944302000,26.819302001953126,0.5233236168801784,-1.0568807507440448,-0.07676792665366083
1789059115954312200,26.829312255859374,0.13979191704988478,0.9235457547485828,0.7829699207793921
1789059115964322000,26.839322021484374,0.012428104418516158,0.9731471132636069,-0.026870526067819443
1789059115974332200,26.849332275390626,2.438669162914157,-2.0092878583177924,0.9611431525412947
1789059115984342000,26.859342041015626,3.5258208410203453,-2.4576290071889755,2.1831991948515177
1789059115994352000,26.86935205078125,1.3945131614476443,-0.3031640316516161,1.1487040250472724
1789059116004362000,26.879362060546875,-2.2472692237019536,2.6310598667293785,0.09469280185755341
1789059116014370800,26.889370849609374,-3.343306803575158,2.521692021776736,0.9474858716540038
1789059116024381000,26.899380859375,-2.3117057477772236,-0.0776359051272273,0.21291668316191062
1789059116034391000,26.90939111328125,-0.6713987936288118,-1.4890966942444444,0.7499075360678136
1789059116044401000,26.91940087890625,0.05382862082123756,-1.0443874721348285,0.7879303927309811
1789059116054411000,26.929410888671875,1.654364705595374,-0.14340864624232053,1.0025688764505087
1789059116064420900,26.9394208984375,1.4138584979087114,1.6609455452904105,0.7045782288488001
1789059116074431000,26.949430908203126,1.1804583228349685,-0.4530494726926088,-0.2724107093336992
1789059116084440800,26.95944091796875,-0.6883785700023174,0.36781186039000746,-0.8186506712958216
1789059116094450000,26.969449951171875,-0.4834054479897022,0.07043576449006796,-0.0888544876255095
1789059116104460000,26.9794599609375,-0.7303484107255935,0.7300956050083041,-0.1869403294548392
1789059116114470000,26.989469970703126,0.011879822885990142,-0.9562418634310365,-0.020600001280836295
1789059116124480000,26.99947998046875,-0.26896248684227464,-1.3524433674812315,1.0711271566309035
1789059116134490000,27.009489990234375,1.8158955762445925,-2.6517572023212908,-0.3895519099678844
1789059116144500000,27.0195,-0.3036708121299743,2.334682718738913,-3.3591277653023597
1789059116154510000,27.029510009765627,1.780228635057807,0.32886049070507284,-2.007051623698324
1789059116164520000,27.03952001953125,1.2355927655577659,2.1055682581603525,-0.9470729069389402
1789059116174529000,27.049529052734375,0.6077239015758037,0.1834048488050699,0.2775444737592712
1789059116184539100,27.0595390625,-2.638552852833271,0.9272837722331285,1.021277595508471
1789059116194549000,27.069549072265627,-2.7248031493097544,-0.6267468742147088,-1.472074393903464
1789059116204559000,27.07955908203125,-1.2739023302078247,-0.2853355294942856,-2.5778654521584508
1789059116214569200,27.0895693359375,0.4929050977408886,-0.07935147687345742,-1.2998007415741681
1789059116224579000,27.0995791015625,1.4356138181209563,1.173554827056825,-2.199187475969642
1789059116234589200,27.109589111328123,2.3434762660473583,0.23508067550659179,0.4993175585990771
1789059116244599000,27.11959912109375,0.12608312517106532,0.6027417292490601,0.6166066615376621
1789059116254608000,27.12960791015625,0.015685644909739494,-1.6918989019587636,-0.7067677747823298
1789059116264618000,27.139617919921875,-1.654659304627776,2.183004549062252,-0.6978446828100829
1789059116274627800,27.1496279296875,-0.09419628704488277,0.887489229722321,-0.19979451379831878
1789059116284638000,27.159637939453123,-0.4573024539619684,0.16922259419560431,-0.6688220019433647
1789059116294647800,27.169647705078123,-0.7212848143041134,-1.5119120449036358,-0.5506469830157235
1789059116304658000,27.179657958984375,-1.7043313902914523,-0.14416414078474044,-0.7698883208882064
1789059116314668000,27.18966796875,1.2081523854464291,-2.944122484321892,0.4573659111196175
1789059116324678000,27.199677978515624,1.4116022434145212,1.015717550228536,0.485017632426694
1789059116334687000,27.20968701171875,2.6063001040041445,-0.781249161401391,1.0978368113148957
1789059116344697000,27.219697021484375,-0.13412380828559398,2.77435453120321,-0.5518557377509773
1789059116354707000,27.22970703125,0.9320435339808464,-1.02809363219887,-0.1789342061970383
1789059116364717000,27.239717041015624,-0.4323585668414831,-0.31449937239736314,-0.8300060319162905
1789059116374727000,27.249726806640624,-1.7706489058077335,-1.3573057128205894,-1.5567759996332227
1789059116384737000,27.259737060546875,-2.921742602470517,2.089813347406685,0.47554030410517006
1789059116394747100,27.2697470703125,0.1704863305211067,-1.2800848182350397,1.3220423839986324
1789059116404756000,27.279755859375,0.15141981100142002,1.0046037432789803,-0.32238088289480654
1789059116414766000,27.28976611328125,1.7106541635721921,-2.025999046882987,0.703587025854364
1789059116424776200,27.299776123046875,1.280988489076495,1.8010683017298579,-0.17942871171571315
1789059116434786000,27.3097861328125,2.7432044829189777,0.3023986002370715,-0.11720077620116062
1789059116444796200,27.319796142578124,1.6870500006228684,0.3711848439544439,-0.5774079294955358
1789059116454806000,27.329805908203124,-2.0481763918995854,0.522009611672163,0.28665994649846105
1789059116464816000,27.339816162109376,-3.4299095667511224,0.09930646966546773,-0.3542400658290833
1789059116474826000,27.349825927734376,-2.3159300874739883,0.3926365050449967,-1.05027558032535
1789059116484834800,27.359834716796875,0.44241526595354075,-2.445366030204296,0.3767575660528615
1789059116494845000,27.369844970703124,1.3862836777627467,0.42380116637647147,-0.17909768966306
1789059116504855000,27.37985498046875,2.76750130430758,0.20327420914024114,1.4327819556958972
1789059116514865000,27.389864990234376,2.572081608060002,1.2711524469777942,1.518807795766741
1789059116524875000,27.399875,0.4181505932688713,0.9548521626383065,-0.26697284739501775
1789059116534884900,27.409884765625,-1.4069558789134025,1.1686129867404698,0.11194702952457591
1789059116544895000,27.41989501953125,-2.6651579511642454,0.07014730293750762,0.7111356146030128
1789059116554904800,27.42990478515625,-4.231961862206459,-0.19725071106702088,0.09306958456989377
1789059116564914000,27.439913818359376,-2.3386779258549213,0.8500406658157705,0.5882184061169624
1789059116574924000,27.449924072265624,0.5923878007560968,-0.9782505738824605,0.7343487324081361
1789059116584934000,27.459933837890624,3.853523686122894,-0.633385873837769,1.6066336709968745
1789059116594944000,27.469944091796876,1.220502748453617,2.044313286730647,0.9199672386746853
1789059116604954000,27.4799541015625,-0.7635112601369619,1.0031146737650036,0.5077031826937571
1789059116614964000,27.4899638671875,-2.9870114857167005,0.6920768399983644,0.27050189830400045
1789059116624974000,27.49997412109375,-1.5753011057525872,-1.3866516342923045,1.0931446349106728
1789059116634984000,27.50998388671875,0.866011849668622,-1.6231670187771319,1.833879268963635
1789059116644993000,27.519992919921876,2.0273598138421773,-0.1779068359106779,0.6850448224697262
1789059116655003100,27.530003173828124,2.966425793805718,0.3716048229321837,-0.5524227605165913
1789059116665013000,27.540012939453124,2.052948428606987,0.4445587077230215,-0.3443323467336595
1789059116675023000,27.550023193359376,2.436660161179304,-1.9154747253715991,0.5963743131089955
1789059116685033000,27.560032958984376,-2.6885949408531187,-0.06652443626523018,-0.12332645600722171
1789059116695043000,27.57004296875,-4.891005032131075,1.8459481846809387,-0.3877528977219015
1789059116705053000,27.580052978515624,-2.4320430227726697,1.7615680659905075,0.5845555727604776
1789059116715062800,27.590062744140624,0.04328852210640907,-0.45351738246530293,0.2763022186132148
1789059116725071600,27.600071533203124,1.456006617808342,-0.7175646247372031,0.19959484477406367
1789059116735081700,27.610081787109376,4.050906791397929,-1.5210311709046362,-1.0678962118856608
1789059116745091600,27.620091552734376,2.833643463256955,1.154015429328382,-0.7556384809352457
1789059116755101700,27.630101806640624,-0.3588075929403305,-0.13128916938155888,-0.8277502888787537
1789059116765111800,27.64011181640625,-2.7112551009505985,0.5026514157295227,-0.08478610567543655
1789059116775121700,27.65012158203125,-2.4270120428681374,0.45151305690556764,0.5281832222731784
1789059116785131800,27.6601318359375,0.5291986463934183,-1.5441028344124554,0.17220502580618485
1789059116795141600,27.6701416015625,1.7513497465759515,0.9156158385321498,1.0405571732569485
1789059116805150700,27.680150634765624,1.2466548423200845,1.405531691329181,0.3949025868134573
1789059116815160800,27.690160888671876,-0.21530922258794308,0.5596031370073556,-1.3417157833702862
1789059116825170700,27.700170654296876,-1.7044500482350586,-0.7984288442611693,-0.6431704780101776
1789059116835180800,27.710180908203125,-1.1094096871435641,0.28044921875745055,0.3284568783402443
1789059116845190700,27.720190673828125,1.5588175884634254,-1.284485391281545,-0.3878284471761435
1789059116855200800,27.73020068359375,1.0542787515521048,2.316035301414132,1.2269045783199368
1789059116865211000,27.7402109375,0.793506000906229,-0.7651575660392641,0.6516978486631065
1789059116875220700,27.750220703125,-2.667792391321063,2.4234032047212124,-0.18200647151554003
1789059116885229800,27.760229736328125,-0.4612310255825519,-1.5626003218725322,-0.34440913829691705
1789059116895240000,27.770239990234376,-0.6979232279390096,-0.4556850818932056,-0.8089687968455255
1789059116905249800,27.780249755859376,0.9593746084988116,-2.266071539327502,0.9728513451874256
1789059116915260000,27.790260009765625,-0.9235077608257531,2.0326801320821044,-0.5424654301257804
1789059116925269800,27.800269775390625,0.19142039747834205,-0.3159869806066155,-0.37826829940937456
1789059116935279900,27.81027978515625,0.03289513838589191,2.6517826290234923,0.1967331534663215
1789059116945289700,27.820289794921877,3.858087048515677,-1.1635986657097934,-0.027756734317820518
1789059116955299800,27.8302998046875,3.17688874540627,-0.7915016753464936,0.13856250311909243
1789059116965308700,27.84030859375,-2.268535299092531,1.9613152700483798,1.061935915241763
1789059116975318800,27.85031884765625,-4.908322077634931,1.0987129365622996,0.22004363069869576
1789059116985328600,27.86032861328125,-3.173313809528947,1.1121896732509136,-0.7343682408262043
1789059116995338800,27.8703388671875,3.831872995328903,-5.523455963206291,0.033034784318599845
1789059117005348600,27.8803486328125,1.4438900635570286,0.8701935192674398,-0.6763892223272472
1789059117015358700,27.890358642578125,-0.42850130689144134,1.162571953010559,0.9758459969587624
1789059117025368600,27.90036865234375,-1.0157014758765697,2.59889508844465,0.9431442622531205
1789059117035378700,27.910378662109373,0.6320826822847128,-0.5745999228700995,-0.7331812229987233
1789059117045387800,27.9203876953125,0.3697919282913208,-0.8483005441501736,0.14138399028060958
1789059117055397600,27.930397705078125,2.289658166620135,-1.6670529222548007,-0.22924068077411502
1789059117065407700,27.94040771484375,-0.01231821430325508,0.44215252336412664,-0.33506358312889933
1789059117075417900,27.95041796875,-2.607890003544092,1.7641174582123755,0.11189487921223044
1789059117085427700,27.960427734375,-2.5168606560975313,-0.33730624748915433,-1.3013045702658592
1789059117095437800,27.970437744140625,-1.8691274002164602,-0.13053338257819413,-0.4848635013109073
1789059117105447700,27.98044775390625,1.3824053750246763,-0.9026730625897645,0.8722614846479148
1789059117115457800,27.990457763671873,2.654455355364084,1.0276765758305788,-0.2524627308043651
1789059117125467000,28.000466796875,3.9516426995694633,-1.5673489777043461,-0.8372285305157303
1789059117135476700,28.010476806640625,1.3646464309722184,-0.17163023985922335,-0.39819048591032624
1789059117145486800,28.02048681640625,-1.5989906088978052,-0.6061398472547531,-0.5878778490509837
1789059117155497000,28.0304970703125,-4.549379460138082,1.961848354011774,-0.5446336775429547
1789059117165506800,28.0405068359375,-0.22868659055531024,-1.1574603090852498,0.4002867640698328
1789059117175517000,28.050516845703125,2.265579956418276,-0.9369377357631922,-0.9941860288348048
1789059117185526800,28.06052685546875,3.2857547783166168,-0.26706483652740715,-0.5218448495645076
1789059117195537000,28.070536865234374,1.2612690586060284,0.7139549098074436,-1.1690924408204852
1789059117205545700,28.080545654296873,-2.4102152218461037,1.7010706349298357,-1.3352718679279088
1789059117215555600,28.0905556640625,-5.224831328549981,0.9208975783273577,-1.2749788733981549
1789059117225565700,28.100565673828125,-3.5565339591920373,-0.5826897058233619,-0.9692419955838472
1789059117235575600,28.110575439453125,0.6507189936935901,-0.8942463027670979,-0.24342578492779282
1789059117245585700,28.120585693359374,2.254443060854077,2.022531955294311,-0.7345883863829076
1789059117255595800,28.130595703125,3.548614272108674,0.6767401546567678,-0.2119954583974555
1789059117265605600,28.140605712890626,1.8628899671316146,-1.107177690307796,0.6207504833441227
1789059117275615700,28.15061572265625,-0.6079132866680622,-1.8686194506943226,0.801503137139976
1789059117285624800,28.160624755859374,-1.8027677991241216,0.6498851732179523,-0.2896783262052573
1789059117295634700,28.170634765625,-0.20257482869923113,-0.009753916773200035,0.47619694138299673
1789059117305644800,28.180644775390626,-0.8312228603601455,1.147299272815883,1.2731259390078484
1789059117315654700,28.190654541015626,-1.6293582746326922,0.8758928999528288,0.7958468649439513
1789059117325664800,28.200664794921874,-0.729538263386488,-1.4390025837764142,0.41633718717135487
1789059117335675000,28.2106748046875,1.9138930091381072,-1.3945336197137832,0.23180903342477976
1789059117345684700,28.220684814453126,3.1708523878514763,0.4830497664198279,0.09331155836591497
1789059117355694800,28.23069482421875,1.1590794347196818,4.104459517887235,0.5678068286638707
1789059117365704000,28.240703857421874,-0.44914019029438496,2.4970813121333717,0.6739076346445828
1789059117375713800,28.2507138671875,-0.42610359809994697,-1.8520634526908397,0.3135059409132227
1789059117385724000,28.260723876953126,-1.891604604962468,-2.857424151816964,-0.3082036332540214
1789059117395733800,28.270733642578126,-3.0414018320739267,1.3550450744122267,0.22347731320811434
1789059117405743900,28.280743896484374,-0.3397527638584375,1.4027163416475057,-0.11455160426609218
1789059117415753700,28.290753662109374,0.20816344248652457,0.9012491672664881,-1.1887979888960718
1789059117425763800,28.300763916015626,0.29164836590290066,0.8950935672461986,0.4773221825532615
1789059117435774000,28.31077392578125,3.9156139393329616,-2.4119182263717054,0.6448524397477507
1789059117445782800,28.32078271484375,2.7921570221364496,-0.2812885921910405,-1.3366174373179673
1789059117455792600,28.330792724609374,-0.21967735466957092,1.2025471127852796,-1.5118582688897848
1789059117465802800,28.340802734375,-2.9269395865917205,2.898569816675782,-0.9934420785997062
1789059117475812600,28.3508125,-2.7673043204307555,1.166136075232923,-0.8049507933758199
1789059117485822700,28.36082275390625,0.47751229829788205,-2.684095291346311,0.7713551055051386
1789059117495832600,28.37083251953125,-0.5127519539833069,-0.6861962575271725,0.2076008949666284
1789059117505842700,28.3808427734375,-0.7551397376328707,-1.6141338174939155,-1.3116039920926092
1789059117515852800,28.390852783203126,-1.0924001001536845,0.11541063224822282,0.10888932245438918
1789059117525861600,28.400861572265626,0.620664631691575,0.6015136487588286,-0.328310528672114
1789059117535871700,28.410871826171874,4.319658850359916,-1.7398156683877108,0.4911677525542676
1789059117545881900,28.4208818359375,0.9558411736756562,1.9337398653805256,0.0746270056348294
1789059117555891700,28.4308916015625,-1.598653339767456,1.6785665421769023,0.0788841150900349
1789059117565901800,28.44090185546875,-7.237970893859863,3.0140035375386476,0.5227634987793862
1789059117575911700,28.45091162109375,-2.7519477613449097,-3.251658739708364,0.5257829927310347
1789059117585921800,28.460921875,2.4088427644491195,-3.071991616126895,0.09127965067951008
1789059117595931600,28.470931640625,3.6639375183343885,-0.5358110502704978,-0.07159103547241538
1789059117605940700,28.480940673828126,0.742374948605895,2.4471663576245306,0.1775622419903986
1789059117615950800,28.490950927734374,1.9954355663150547,0.45171588600128887,-0.37649394668061287
1789059117625960700,28.500960693359374,3.3511277064591645,-2.181974913753569,-0.5092116875605658
1789059117635970800,28.510970703125,-0.5238169533550739,0.18888678734749553,1.0039471790663896
1789059117645981000,28.52098095703125,-3.438737600851059,3.1340409528046846,0.259961799589172
1789059117655990800,28.53099072265625,-2.165553648045659,-0.10325316146463155,-0.05183757486818358
1789059117666001000,28.5410009765625,0.14382511808872223,-2.2632748943462966,-0.31560013671349735
1789059117676010800,28.5510107421875,1.2432219452619553,-3.4008070986464616,1.1150761884726583
1789059117686019600,28.56101953125,0.6899076792657375,1.3497580739200115,1.3762785627074539
1789059117696029700,28.57102978515625,2.83928468401432,2.26835965026468,-0.08160188614875077
1789059117706040300,28.581040283203127,1.587823318195343,0.2742223070666194,-0.9313570860866457
1789059117716050400,28.591050537109375,-4.224602147093415,1.3301581781759857,-0.3509714924871921
1789059117726060300,28.601060302734375,-1.1909925763309002,-2.555444361513853,1.1397322716277092
1789059117736070400,28.6110703125,0.765107589417696,0.6870084506928921,0.9373604912199079
1789059117746080500,28.62108056640625,2.445252048435807,-0.03872837458401918,0.7018851903725415
1789059117756090400,28.63109033203125,1.639965008842945,2.4678376819923518,0.3589625277737155
1789059117766099200,28.64109912109375,3.881043561211228,-1.9036147762298583,1.2736474786639214
1789059117776109300,28.651109375,1.9311960261166095,-1.7390420536667108,1.0618293861273675
1789059117786119200,28.661119140625,-6.762877347141504,1.5922802976042032,1.6362793060675263
1789059117796129300,28.67112939453125,-10.90670266073346,5.18546202571392,1.2448872481256723
1789059117806139100,28.68113916015625,-3.623791970428824,-0.17529782245606182,1.668893289424479
1789059117816149200,28.691149169921875,3.7642946660965677,-2.4606191289156674,-0.008266272031329572
1789059117826159400,28.701159423828123,4.387729931545257,-2.3172373706802722,0.5532330905187874
1789059117836169200,28.711169189453123,6.568993774420022,0.1424842248737812,0.21898007485410198
1789059117846178300,28.72117822265625,3.018863252529502,0.8975310235261916,0.9661175068877637
1789059117856188400,28.7311884765625,-3.6274002240538596,1.311837800848484,-0.9616885845296085
1789059117866198300,28.7411982421875,-7.455689515677094,-0.684048724104464,-3.300678206682205
1789059117876208400,28.75120849609375,-3.205495831209421,-0.17079963425397873,-0.5382237739680334
1789059117886218200,28.76121826171875,2.1634183895826338,-0.029452012194693088,2.768062445321679
1789059117896228400,28.771228271484375,5.720261560854316,0.6026780163630843,1.3700997279420495
1789059117906238200,28.78123828125,5.95210983031094,0.10589549266695976,0.4040517060939222
1789059117916248300,28.791248291015624,1.924061351931095,-1.5479942888930438,-1.3380705587357282
1789059117926257400,28.80125732421875,-5.559108291345835,1.3485039822056888,-2.4537606413230297
1789059117936267300,28.811267333984375,-4.557060077768564,-0.7521995925277472,-0.3426116604208946
1789059117946277400,28.82127734375,0.05047288065254688,-0.6792685040906071,1.689410007752478
1789059117956287500,28.83128759765625,4.425742559075355,-1.011991515442729,1.6915946583151817
1789059117966297300,28.84129736328125,5.254857633501291,-0.3561655539989471,-0.03633285774961114
1789059117976307500,28.851307373046875,1.464246038365364,1.7153326767772434,-0.9671737379424273
1789059117986317300,28.8613173828125,-0.8966460573852062,1.984802820880711,-0.519427340094
1789059117996327400,28.871327392578124,-1.0398726250588892,-2.9450267396852374,-0.03092257793759927
1789059118006336300,28.881336181640624,-1.8182289876282214,-2.1492992633372543,1.6486720469117164
1789059118016346000,28.89134619140625,-2.063466900011897,-0.3659779229611158,0.20202296697013078
1789059118026356200,28.901356201171875,-0.8175111458718777,-0.3030813218042254,-1.5986856346018612
1789059118036366300,28.911366455078124,-3.9210423941224812,5.130522813302278,0.01388064131438732
1789059118046376200,28.921376220703124,-2.4974656352758404,0.052229076670110224,0.41272856822013854
1789059118056386300,28.93138623046875,-1.6138456482023,0.5823953990519046,1.0228999360132962
1789059118066396200,28.941396240234376,0.3164046214967966,-0.14155015889406203,0.6789413910280913
1789059118076406300,28.95140625,3.057531713619828,-1.4235507476225495,1.1630056682527063
1789059118086415400,28.961415283203124,4.502703633680939,-3.9100413998976347,1.2501660653114317
1789059118096425200,28.97142529296875,-2.0364695874929426,-0.26029052008688447,0.7878647801488637
1789059118106435300,28.981435302734376,-3.8524844062030312,-0.013143559211492538,-1.5723928170904515
1789059118116445200,28.991445068359376,-1.0456856952518223,0.07231032619029283,-1.0025959105879068
1789059118126455300,29.001455322265624,2.084947494935989,0.41690673068761824,1.5613753101222216
1789059118136465400,29.01146533203125,-3.0230642113506794,7.927320939242839,0.2876681371603161
1789059118146475300,29.021475341796876,1.3554068934619425,-3.4490418449833986,-0.41355164810605344
1789059118156485400,29.0314853515625,-0.27579379416704175,-2.551301854881644,1.3064438328504562
1789059118166495200,29.0414951171875,0.8426309740811586,-6.017249534219503,-0.041123489559628065
1789059118176504300,29.05150439453125,-3.669013506424427,5.833688618069887,-2.2064231263116
1789059118186514400,29.061514404296876,1.940242086881399,2.2376310422629118,0.3708479401502758
1789059118196524300,29.071524169921876,1.907019031715393,4.641469130292535,-1.6691703528001904
1789059118206534400,29.081534423828124,4.175333966055512,-2.5952906342118975,0.03880922126788646
1789059118216544500,29.09154443359375,3.2449072196215387,-5.368112256759405,0.14179755778387187
1789059118226554400,29.101554443359376,-2.2091420298814772,-1.0751318622276187,0.06075409096917137
1789059118236564500,29.111564453125,-6.370761358839273,5.5584045269906515,0.9010944150961935
1789059118246574300,29.12157421875,-4.141589517363905,3.955548767097294,-1.3383014448821544
1789059118256583200,29.131583251953124,3.2835867866277693,-0.941460473884642,-1.3812069590203464
1789059118266593300,29.14159326171875,6.339232248109579,-3.655964055237174,1.6744275426760316
1789059118276603100,29.15160302734375,2.09231305526793,-0.49052170973569154,-0.07239332829862832
1789059118286613200,29.16161328125,-2.719574016484618,2.1948539768099784,0.005756700363196432
1789059118296623000,29.171623046875,-4.35527376909852,2.1729200851604342,0.09039256564667447
1789059118306633200,29.18163330078125,-2.408476853746176,-0.022514906407892703,-0.5417946547247469
1789059118316643300,29.191643310546876,0.5043249018996954,-3.0116888308554888,0.2110339564215392
1789059118326653200,29.201653076171876,1.8947171840250492,-2.7328777346938846,1.1482967594206333
1789059118336662300,29.211662353515624,2.254975560295582,-2.1223665404871106,0.5264168336551636
1789059118346672400,29.22167236328125,1.4888970800191164,0.22654344104677437,-0.6800155961308628
1789059118356682200,29.23168212890625,1.0701678100794554,-1.3898618285104631,-0.4094415459061041
1789059118366692400,29.2416923828125,-0.850507991066575,1.6576140627801417,0.6048518532708287
1789059118376702200,29.2517021484375,-2.0819810463458297,1.302648824481666,0.4923875766728073
1789059118386712300,29.26171240234375,-0.18772855722308157,0.32459318864941594,-0.14678356603551654
1789059118396722400,29.271722412109376,-0.2858434790164232,0.1289715400889516,-1.2616216714359818
1789059118406732300,29.281732177734376,-0.3595487666964531,0.8296171787291765,0.08238390337191522
1789059118416741400,29.291741455078125,-0.23665479295551775,2.350034893910587,0.0030319881070405242
1789059118426751500,29.30175146484375,1.1052601662486792,-0.4719295297294855,0.11426453095301985
1789059118436761300,29.31176123046875,-0.28937925192713737,-1.2934770915105938,-0.26555055950693784
1789059118446771500,29.321771484375,0.7301309685826302,-1.8535671352520584,-0.015925499813910574
1789059118456781300,29.33178125,-1.7431272771537303,1.9268501058667897,-0.7826262219082564
1789059118466791400,29.34179150390625,-0.18711539376080036,1.5998580393821,-0.308593399756588
1789059118476801300,29.35180126953125,-1.6584908456146716,2.9303435498163104,-0.4612717959843576
1789059118486811400,29.361811279296877,-1.5065139852523803,0.09818623346388339,-0.49380285029821097
1789059118496820200,29.3718203125,-2.0248487078040838,2.02936823105514,0.13143498932672665
1789059118506830300,29.381830322265625,2.9555946031898257,-2.4439850972399113,0.6240059780087321
1789059118516840200,29.391840087890625,1.8507120380818842,-0.18623568831682205,-0.31873131087869405
1789059118526850300,29.401850341796877,0.06341887146532535,2.4357602897301316,-0.9947990461666136
1789059118536860200,29.411860107421877,1.6595763027638195,-1.34884680429399,0.20704795552529393
1789059118546870300,29.421870361328125,0.9574462707847357,-0.22516689199656248,0.14282184106400236
1789059118556880100,29.431880126953125,0.017930208966135976,-0.19741350041329858,-0.11090289076650514
1789059118566890200,29.44189013671875,-0.845379396006465,-0.028003859212994572,0.9862568432707339
1789059118576899300,29.4518994140625,-2.2474498409658668,0.4786278583243489,0.12458258441500365
1789059118586909200,29.4619091796875,-2.4439421348810195,-0.15517682544738054,-1.1016913678511977
1789059118596919300,29.471919189453125,-0.25495149714648724,1.1687211232900618,0.3096615039121359
1789059118606929400,29.481929443359373,0.5119382995128632,-2.0836247218996284,0.882555426581949
1789059118616939300,29.491939208984373,-0.300443082255125,-1.6503300432518124,1.1686571912083774
1789059118626949400,29.501949462890625,1.2545160772144794,-0.05064531461000442,-0.18223332080766558
1789059118636959200,29.511959228515625,1.5791589502245187,0.45359804648607965,-0.9005648382641375
1789059118646969300,29.52196923828125,-1.1255793161779641,2.953690230873227,0.4465388852221891
1789059118656978400,29.531978515625,0.20796879669725893,1.4932187426105141,-0.22430669497065245
1789059118666988300,29.54198828125,-0.5211877738952636,-0.5880184996306896,-0.09323485813420265
1789059118676998400,29.551998291015625,-0.7345482005029916,-0.30488135696351526,-0.23533669609427452
1789059118687008300,29.56200830078125,0.8303852404922246,0.6317299233242869,0.24637119072992353
1789059118697018400,29.572018310546873,1.0677467204123734,-0.60385144405663,-0.46505672135055065
1789059118707027700,29.58202783203125,-0.6187795485973357,0.9206947492316365,-0.07612710799947381
1789059118717037600,29.59203759765625,-3.5185078876584766,0.31723025866597887,0.39507787031512703
1789059118727047700,29.602047607421873,-0.773110278609395,1.5006494771331549,-0.6634246729444712
1789059118737057800,29.612057861328125,3.6339912928819653,-2.5777175681203603,-0.5852110775271431
1789059118747066600,29.622066650390625,-0.12137538587152957,2.9175118330329655,-1.2071221656158566
1789059118757076700,29.63207666015625,-0.4862976622998714,0.20769640949666499,-0.43622908813189715
1789059118767086800,29.6420869140625,-0.9204068722009658,-0.4611120753780007,1.284697134336084
1789059118777096700,29.6520966796875,2.039641203266382,-3.3372225152254105,2.1687183956868945
1789059118787106800,29.66210693359375,1.3269897772729395,-0.37833296214342116,-0.6445977343343198
1789059118797116700,29.67211669921875,-0.08055705327093601,1.6648028052404522,-0.7991945679366588
1789059118807126800,29.682126708984374,-4.65759141305387,3.9475674129545686,0.6691316524144262
1789059118817136600,29.69213671875,-2.258054237088561,0.21795798353105783,0.009592113807611167
1789059118827145500,29.7021455078125,-0.2855097170174122,-1.370852007614076,1.452692378693819
1789059118837155600,29.712155517578125,0.8680272811442613,0.017098142056167123,2.195104736700654
1789059118847165700,29.722165771484374,1.310515612334013,0.22160306203514335,-0.22178002603724598
1789059118857175600,29.732175537109374,3.242696557834744,0.8267240876361728,0.20069460444319992
1789059118867185700,29.742185546875,6.027351826038957,-2.5887366825237867,0.5734657312083989
1789059118877195500,29.752195556640626,-1.3797709348678588,-0.35153321802318094,0.5710977965006604
1789059118887205600,29.76220556640625,-5.935996315377951,-1.0429214912354945,1.0053768465433268
1789059118897215500,29.772215576171874,-7.28309130756855,2.683553439554572,-1.2071402857944369
1789059118907224600,29.782224609375,-0.9348550842702388,-0.9539034836113452,-1.0421434926003217
1789059118917234700,29.792234619140626,3.417672600990534,-0.1223456922084093,0.997704485284537
1789059118927244500,29.80224462890625,4.871363343071938,0.45966012300401926,1.466700153519213
1789059118937254700,29.812254638671874,4.930850135785341,-0.364834305883944,0.2406273498483002
1789059118947264800,29.8222646484375,1.1525298669457436,1.7009610370755195,1.0294335025005041
1789059118957274600,29.832274658203126,-1.2595564094692469,-0.9969807010546327,-0.17994137394558637
1789059118967284700,29.84228466796875,1.2235375861048698,-3.505155361871421,-1.2199934837572275
1789059118977294600,29.852294677734374,3.948439519613981,-0.75133625369668,0.16906550393775105
1789059118987303700,29.8623037109375,-5.623018161198496,4.319664111056924,-2.1934448406644163
1789059118997313800,29.872313720703126,-15.401345153033732,6.746950879213213,-1.4039806624948978
1789059119007323600,29.88232373046875,-9.765536483845114,1.9016890688642858,4.228083559468388
1789059119017333800,29.892333740234374,5.936080486530066,-8.158602222466468,4.496040376399457
1789059119027344000,29.90234375,8.369827975133061,-3.0473446661263703,-0.8704006592120975
1789059119037353700,29.912353759765626,5.107156550762057,0.9515691954448818,-2.3602350931465623
1789059119047363800,29.92236376953125,-2.180785119447112,6.908433819067477,-2.303646359962225
1789059119057373700,29.932373779296874,-2.909388732331991,-1.4791896327361465,-2.644257494215667
1789059119067382500,29.942382568359374,-1.1003519359409808,-4.286461221896111,-0.8164628058627247
1789059119077392600,29.952392578125,0.5527741677701473,-1.8520269200727342,2.0634889657132325
1789059119087402500,29.962402587890626,0.5968377659022808,1.5519313360810278,2.330677282489836
1789059119097412600,29.97241259765625,0.3334393429279327,5.300816251599788,0.9412935928851366
1789059119107422500,29.98242236328125,-0.35579087546765803,-1.578304086960852,-0.9176610806241631
1789059119117432600,29.9924326171875,-0.9165624717324972,-2.1125676155284046,0.18047803810555488
1789059119127442700,30.002442626953126,0.4514946444660425,-0.8689087401539087,1.2670387280486524
1789059119137452500,30.01245263671875,1.2470844659090041,2.003532948052883,1.6764194471456109
1789059119147462700,30.022462646484374,1.780338525173068,2.1416876192897556,1.590134956138581
1789059119157471700,30.0324716796875,-0.7483569456249475,1.9893883951053022,-0.16840926851872354
1789059119167481600,30.042481689453126,-1.2075158411085605,-0.3915501711130142,-2.2320026809871196
1789059119177491700,30.05249169921875,0.3141688252687454,-1.421108322906494,-1.0578566100388764
1789059119187501600,30.06250146484375,2.04790692730844,-1.64100019710958,1.578928940860927
1789059119197511700,30.07251171875,-2.450482934826612,2.2339406633123753,1.0942966544900088
1789059119207521800,30.082521728515626,-5.768419150301813,2.891296610802412,-0.37237102153170853
1789059119217531600,30.09253173828125,-1.224387480932474,-1.2644582100361585,-0.7782384352780878
1789059119227541800,30.102541748046875,-0.4843190557032823,1.4681936069473622,-0.4209604630578309
1789059119237550800,30.11255078125,3.824572901448607,-1.4711287836164235,1.1652131151691079
1789059119247560700,30.122560791015626,3.3457097730636596,1.6603367657423018,0.8004816851377486
1789059119257570800,30.13257080078125,4.702718256503343,-2.039831465141475,0.005563223617710173
1789059119267580700,30.14258056640625,-1.9746441226989029,1.5465174943387507,-1.7897355913326143
1789059119277590800,30.1525908203125,-6.013534313088655,5.986711772614717,-0.7346775259710848
1789059119287600600,30.1626005859375,-0.4254343205362558,-6.803506294649839,-1.0610856550879775
1789059119297610800,30.17261083984375,-4.275492376375198,-2.273327794066071,-1.2178821906916797
1789059119307620600,30.18262060546875,0.7489519889086484,2.905822856543958,0.09776408079536632
1789059119318882800,30.1938828125,0.7492062559306621,2.9063980260834095,0.07533168330546468
1789059119328892700,30.203892578125,0.7486252411723137,2.908804502703249,0.054027504394203424
1789059119338902800,30.21390283203125,7.703090743574499,3.89488766990751,-1.077685199972242
1789059119348912600,30.22391259765625,-3.341446854922175,0.546329229414463,-0.3893582870919257
1789059119358922800,30.2339228515625,-3.3383880518734452,0.5395104893103242,-0.41136096966136243
1789059119368932600,30.2439326171875,-6.048565878981352,-3.7705449586629864,0.5442688993511721
1789059119378942700,30.253942626953126,-6.750681882435083,0.022400924639403817,-1.710911645464599
1789059119388951600,30.26395166015625,-1.7198831796884535,-1.0459829246327281,-0.6144864545132964
1789059119398961700,30.273961669921874,1.0518459714472292,6.104001350477337,-1.973664025620371
1789059119408971500,30.283971435546874,5.609782832050323,-1.5725067988589405,-1.0061541875913738
1789059119418981600,30.293981689453126,2.3864193357169627,-1.3798393239289521,0.1569233951200731
1789059119428991500,30.303991455078126,-0.9505933361500501,-1.8043898473680018,-0.5365263954656199
1789059119439001600,30.314001708984375,-3.9972237165272233,1.667906324213743,-1.046340944290161
1789059119449011500,30.324011474609375,-0.06318623175323008,0.9904626974627375,-0.023037336546531877
1789059119459021600,30.334021484375,1.5969757619440554,0.43193245038390154,0.3104431192765012
1789059119469031700,30.34403173828125,-0.027341595911979672,1.0291127461135388,2.516295423430204
1789059119479040500,30.35404052734375,-0.32435821084976196,1.5658146077439188,3.8440564773365855
1789059119489050600,30.364050537109375,1.1796768170684575,-2.5274995390117168,-0.15499772428711875
1789059119499060700,30.374060791015626,-2.026461988219619,1.2262760711580514,-0.7214648470461368
1789059119509070600,30.384070556640626,-1.8968401675283908,-0.13564122711122034,-0.03554892713057343
1789059119519080700,30.394080810546875,0.9202280085027217,-2.617737151558697,0.980250077136606
1789059119529090600,30.404090576171875,1.3276017716914414,-0.46567777585834264,1.8667625707812605
1789059119539100700,30.4141005859375,3.1158874564766883,-2.621306534478068,1.5369447793513535
1789059119549110500,30.424110595703127,-1.576226403903961,5.150816244268417,0.12272285495772957
1789059119559119600,30.43411962890625,-1.0996470025420189,2.5938366360113023,-0.6473365116484463
1789059119569129700,30.444129638671875,-1.2974556397527455,1.1140151351124048,-0.4451072815164923
1789059119579139600,30.4541396484375,2.6911493015110493,-2.7987071744322773,1.2113894676715136
1789059119589149700,30.464149658203127,0.7695172225534915,-1.945301708358526,1.8447957997754214
1789059119599159800,30.474159912109375,-2.72110020313859,0.44900341217219825,0.7371100868802517
1789059119609169700,30.484169677734375,-3.4721745910286903,1.9684569584965705,0.4891268213111907
1789059119619179800,30.4941796875,-0.28551556223630903,-1.2339613649636507,1.0433699656553566
1789059119629189600,30.504189697265623,1.9772510903269052,-1.608401411321759,0.16406870029745624
1789059119639199700,30.51419970703125,3.8097844976395367,1.5056599987715482,1.5138837833680212
1789059119649208600,30.52420849609375,3.786361536476016,-1.1457055738836526,-0.1905041776825674
1789059119659218400,30.534218505859375,-4.245997986343503,-1.0376242616102098,-0.21222349499966947
1789059119669227500,30.5442275390625,-4.249073740527034,-1.0302022949159144,-0.21333837917270138
1789059119679237600,30.554237548828127,-3.98171342818439,-0.886612739148736,0.7788872545756399
1789059119689247500,30.56424755859375,1.9545459220439194,-3.4237601042106744,1.4066548501402139
1789059119699257600,30.574257568359375,3.1476667425751685,-0.020026888984441757,0.7538440717991441
1789059119709268000,30.58426806640625,-0.17724106547832488,2.420620588265359,-0.3389987306207418
1789059119719277800,30.59427783203125,-2.2993834418207406,1.646841032092273,-1.4087486075490712
1789059119729286700,30.60428662109375,0.5772229648500681,-1.6041881775408982,-0.5607158474896102
1789059119739296800,30.614296875,4.903876204141974,-3.466167751829326,0.19218509824052452
1789059119749306600,30.624306640625,3.832260533341765,-1.5138558724477886,-0.7897357616525142
1789059119759316700,30.634316650390623,-3.555291850176453,3.598190203921497,0.17951067264443263
1789059119769326600,30.64432666015625,-6.49495706282854,2.1311334920495746,0.14413370911385864
1789059119779336700,30.654336669921875,-2.7937375693261624,-1.6382301478743553,-1.2307245749995113
1789059119789346800,30.664346923828123,0.10881459498405456,-1.2863625833302736,-0.6375605291739106
1789059119799356700,30.674356689453123,5.699387115129828,-2.5367954828843473,-0.054918872876511884
1789059119809366800,30.68436669921875,5.361008562234043,0.44914019029438496,1.2315456821240485
1789059119819375900,30.6943759765625,-1.504054901662469,3.115524176122248,0.1467671902894508
1789059119829385700,30.7043857421875,-5.5326060688674445,1.4230994967237114,-1.9736289543069898
1789059119839395800,30.714395751953123,-5.313292871335149,2.7642843880876895,-0.17484843472074715
1789059119849405700,30.72440576171875,-0.7352285839825868,-1.8848390563502906,-0.6162428697265684
1789059119859415800,30.734415771484375,5.936206158736348,-3.3157807910069823,-1.1577277278497815
1789059119869425700,30.74442578125,8.133498176348208,-1.7779460770785807,0.5891698981555178
1789059119879435800,30.754435791015624,0.4142851500123739,2.8949317524343727,-0.021688442688225767
1789059119889446000,30.76444580078125,-4.616078083926439,2.628077051526308,-2.7075042239844795
1789059119899454700,30.774454833984375,-3.9967239503115413,-0.6302697876438498,-1.0104852755982427
1789059119909464800,30.78446484375,-4.497361688131094,-1.3841528032138943,-0.7155874794453382
1789059119919475000,30.794474853515624,-0.012834347131848334,-3.511634494757652,0.09981915016165002
1789059119929484800,30.80448486328125,3.093511374017596,1.3942121326744557,0.058725489484705025
1789059119939495000,30.814494873046876,6.84682813450396,1.161345041564107,-0.16408694834019988
1789059119949504800,30.8245048828125,5.347080574646592,-0.9546522561520338,-1.1198067241258918
1789059119959515000,30.834514892578124,-0.01521218217909336,-2.0187617891058323,-0.9061951723013073
1789059119969524700,30.844524658203124,-3.403078258448839,-0.5793851113200187,-1.1077291867107153
1789059119979534800,30.854534912109376,-1.4066390680491923,-2.2393889918461443,-0.7657597697161138
1789059119989543700,30.864543701171876,1.2185913618743418,1.8358885629594326,-0.6835350754939019
1789059119999553800,30.8745537109375,2.365540213817358,1.6810715107351542,0.37888862326480444
1789059120009563600,30.884563720703124,1.133947916072607,0.23520722449570894,0.2879854229485616
1789059120019573800,30.89457373046875,-2.3215338988304137,-0.566072333021462,0.3462012093454599
1789059120029583600,30.90458349609375,-2.968388033789396,-0.9285691358685493,-0.20787262458009645
1789059120039593700,30.91459375,-1.2379770303457975,-0.4837281040728092,-1.3745852027930319
1789059120049603600,30.924603515625,3.097787736162543,0.3981695892527699,-0.8205215066689997
1789059120059613700,30.93461376953125,4.666496019521356,-1.7578022837162017,0.5579854361450299
1789059120069623800,30.944623779296876,-1.2329244231313465,2.0331845744729042,1.53033997425884
1789059120079632600,30.954632568359376,-3.2032366541057824,-0.524656034527719,1.3993584095217286
1789059120089642800,30.964642822265624,-1.3118477377206086,-1.5487112049907445,0.9146019122492521
1789059120099652900,30.97465283203125,-3.9242999346137046,0.6601189824625849,-0.39763573810439556
1789059120109662700,30.984662841796876,-3.104071346476674,0.0808452225625515,-1.5404869820028542
1789059120119672800,30.9946728515625,0.5041191501945257,1.5636147596120833,-2.514904553593695
1789059120129682700,31.0046826171875,4.157669714549184,-1.043642206725478,-0.28237306295949965
1789059120139692800,31.01469287109375,5.280954197788239,-4.091023989991843,1.4476801034897564
1789059120149703000,31.024702880859376,1.630028136718273,0.7344438633456826,0.47024007880520075
1789059120159711700,31.034711669921876,-0.43853520964980125,-0.4419996708899736,0.2212498464169912
1789059120169721900,31.044721923828124,-4.364744777277112,3.0217656959727406,-1.7187860321015118
1789059120179732000,31.05473193359375,-2.3286679884940384,-0.3620277240306139,1.2866395005755125
1789059120189741800,31.064741943359376,-0.6821767927527427,-0.6849804519966244,1.9034581243634223
1789059120199752000,31.074751953125,-1.7150357396572826,0.3343278162002563,0.25930538150705396
1789059120209761800,31.08476171875,0.9907990898102521,-1.8193024620786309,-0.1811218707007356
1789059120219772000,31.09477197265625,2.2799463354229927,-1.1899039043113588,0.9509308244761079
1789059120229781800,31.10478173828125,2.038061240598559,0.6740414170920849,1.2567768617533146
1789059120239791900,31.1147919921875,0.0893067614376545,1.2360387557595967,1.2660649145804346
1789059120249800700,31.12480078125,-2.392651508104801,2.0823031179070473,1.1312613804023712
1789059120259810600,31.134810546875,-2.8152982437491416,0.7921116239383816,-0.2607871262311004
1789059120269820700,31.144820556640624,-1.394360601234436,0.39468437748551366,1.0787968144759534
1789059120279830800,31.154830810546876,1.308137777286768,-1.7322241903454065,1.460101339776069
1789059120289840600,31.164840576171876,3.5423411831885576,-1.892848759804666,2.232318468938023
1789059120299850800,31.174850830078125,0.6468740087032318,1.1222595241054891,1.2703849697366356
1789059120309860600,31.184860595703125,0.21313772376775741,-0.22937866447269914,0.4833811903312802
1789059120319870700,31.19487060546875,1.265658233475685,-0.18647329646497965,0.6512890486665069
1789059120329880800,31.204880859375,0.7930939129739999,-2.606929049557447,1.6675798687383532
1789059120339889700,31.2148896484375,-2.8599668220371006,2.830650418920815,1.4086052535556255
1789059120349899800,31.224899658203125,-1.3667109622865914,-1.4039590351849793,-0.8745023223772644
1789059120359910000,31.234909912109377,-1.8957430199414491,0.0319654563203454,-0.698012805918604
1789059120369919700,31.244919677734377,-1.0023743767917155,-2.24407802644521,1.086514841507375
1789059120379929900,31.254929931640625,0.30362989559769626,-1.9664748447686433,-0.3114250429859385
1789059120389939700,31.264939697265625,3.0646652187615633,-1.414330791595578,-1.8423522060155868
1789059120399949800,31.27494970703125,3.470158575031161,1.0518939022421836,-0.7001924880452454
1789059120409959700,31.284959716796877,-0.7355401341497898,1.6294491677865386,0.4149703192649409
1789059120419969800,31.2949697265625,-1.3358084590226411,0.4610717433676123,-0.007275105569511652
1789059120429979000,31.304978759765625,-1.1496002432346344,-0.5159212316691875,0.06223090378977358
1789059120439988700,31.31498876953125,-0.7604705772668123,-0.7579410587891936,-1.8723235659092663
1789059120449998800,31.324998779296877,-0.34626492223143573,0.9483017180815339,-1.7653291720896958
1789059120460009000,31.335009033203125,-0.13586042281985283,0.6900161080762743,-0.7374893685214221
1789059120470018800,31.345018798828125,0.035842297753691674,0.27779402807354925,0.1471688024934381
1789059120480029000,31.35502880859375,1.7388000616043806,-3.3885154800891875,0.34639665885232385
1789059120490038800,31.365038818359373,-0.26530337981283664,0.4783545943409204,-0.8906734127163887
1789059120500049000,31.375048828125,-0.27827392054498196,-0.6843196500003338,-1.348071143746376
1789059120510058800,31.385058837890625,-2.979673397913575,3.0694410548612474,-0.14193711238503456
1789059120520067600,31.395067626953125,-1.317949561727047,1.3168831015393136,0.8317417696677147
1789059120530077700,31.40507763671875,0.5397971972972154,-0.28348405640870333,0.574119044017978
1789059120540087800,31.415087890625,3.552665008804202,-3.994696828398108,-0.0759319507535547
1789059120550097700,31.42509765625,2.5238988841712473,-1.1432540890783072,0.2083534121006727
1789059120560107800,31.435107666015625,1.1858628122270107,-1.5474194116145372,1.5110045746698975
1789059120570117600,31.44511767578125,-1.3460317468732594,2.4687244016990064,1.4198440020591019
1789059120580127700,31.455127685546874,-2.4474200401246544,1.0434683114632963,0.7685835949651897
1789059120590137600,31.4651376953125,-3.391058734831214,0.6986179322049021,-0.14244993901168926
1789059120600147700,31.475147705078125,-2.74126094763577,0.13197422903627157,-0.7516330446861684
1789059120610156800,31.48515673828125,1.3831699296563862,-1.2910101168751715,-0.7263173285786062
1789059120620166700,31.495166748046874,4.090515163686871,-1.8712819479018448,-0.2839224295596592
1789059120630176800,31.5051767578125,2.517083358937502,0.705153179192543,1.4431028587020933
1789059120640187000,31.515186767578125,-0.12730886757373808,1.5616501815408468,0.5640400965414941
1789059120650196700,31.52519677734375,-0.06233282979428768,-1.4272168689146638,-2.6474980835720894
1789059120660206800,31.535206787109374,-0.03277998757362365,-3.3660639943063257,-1.1486962070669977
1789059120670216700,31.545216796875,-1.74851773802042,-0.3077317779585719,-1.3222848144523798
1789059120680226800,31.555226806640626,-1.6245125881671905,2.395384147939086,-1.8466617397777736
1789059120690236000,31.56523583984375,-1.5354840591490269,4.573185283139348,-0.12009594052024185
1789059120700245800,31.575245849609374,1.776518674623966,-0.7791349457263946,0.026442560146446338
1789059120710255400,31.58525537109375,0.14732523516416549,-1.1828846731990574,-0.3389161303712055
1789059120720265500,31.595265380859374,-1.3810937079042196,0.4370727358818054,-0.06918535800359678
1789059120730275300,31.605275390625,-0.7773603372693061,0.47727147527933117,-1.16379849913083
1789059120740285400,31.615285400390626,0.10681143846809864,0.9716861008003354,-1.6654301433585583
1789059120750295300,31.62529541015625,1.776938361340761,-1.5653724169343708,-1.7300193737775087
1789059120760305400,31.635305419921874,0.4667565110057592,-0.42741234261095523,-1.0192382717005908
1789059120770315500,31.6453154296875,0.6846177561640739,0.7074547341331839,0.7919082833860069
1789059120780324400,31.655324462890626,1.1216156732439995,-0.0251247966453433,0.35924276948720213
1789059120790334500,31.66533447265625,-0.8074035933554172,0.6776958479464054,0.07658384792418219
1789059120800344600,31.675344482421874,-0.7353647775828838,-1.8564786387845873,-0.7532408452089876
1789059120810354400,31.6853544921875,-0.7501619492202997,-0.6108072545439005,-1.1980160452269017
1789059120820364500,31.695364501953126,4.247328358164429,-1.5430156236976384,1.1822598192989826
1789059120830374400,31.70537451171875,4.484565919443964,1.4897452212810516,-0.4617081415750086
1789059120840384500,31.715384521484374,-1.1021242063105106,1.9202058455467224,-1.0188982260912656
1789059120850394400,31.725394287109374,-7.8226178712308405,2.701371712578833,0.022962129585584624
1789059120860404500,31.735404541015626,-6.278323898160457,-0.09798632697761059,0.04804115999359637
1789059120870413300,31.745413330078126,0.8405389702379703,-3.9330262619048355,1.321414315228164
1789059120880423400,31.75542333984375,4.882621819189191,-0.5331906386390328,0.012568453604122624
1789059120890433300,31.765433349609374,5.878786235424876,0.31006869647353885,-1.3881092857547104
1789059120900443400,31.775443359375,3.727565064114332,2.455856152297556,-0.8077222308505326
1789059120910453200,31.785453369140626,-1.6277806500524281,-0.5099988558828831,0.13339584107091648
1789059120920463400,31.79546337890625,-6.71982146474719,1.8799778800547122,1.4184540090054272
1789059120930473200,31.80547314453125,-4.696987603896856,0.4079851730853319,0.0723079607032705
1789059120940483300,31.8154833984375,-0.5106652108371258,1.2581319296240805,-0.049421380571927874
1789059120950493400,31.825493408203126,2.706100786927342,0.3712348205760121,0.8087262202613055
1789059120960502300,31.835502197265626,2.0351170038402078,1.2087392454236745,1.818524171182513
1789059120970512400,31.845512451171874,0.08579261583685874,-0.13649258324354885,0.8073183992899954
1789059120980522500,31.8555224609375,-0.07434650819301605,-1.8058935299292205,-1.2578563275530934
1789059120990532400,31.865532470703126,0.4950163908064365,-0.4747574466317892,-1.145206684450805
1789059121000542500,31.87554248046875,1.4765204135268926,0.3193643480852246,1.18684064428322
1789059121010552300,31.88555224609375,1.3018015600025654,1.2085375853717326,2.7591584233760833
1789059121020562400,31.8955625,-0.5516419488698244,1.0354545163556932,3.1922365366637706
1789059121030572300,31.905572265625,-1.5532085164099931,-0.5581140674933791,0.8936461449168622
1789059121040582400,31.91558251953125,-3.0155244634956118,1.103026123586297,0.04544169068546034
1789059121050591500,31.925591552734375,-0.5539958185195922,-1.204238134612143,0.32012298443280157
1789059121060601600,31.9356015625,0.2070639568120241,0.18179244517236948,0.9494678392514586
1789059121070611500,31.945611572265626,0.6476590216010809,-0.47080461735278367,0.7257016078330576
1789059121080621600,31.95562158203125,1.2128572021365165,-0.18365005573779344,2.16091210585013
1789059121090631400,31.96563134765625,-0.13150222761034966,0.6444868213057517,0.9131037826459855
1789059121100641500,31.9756416015625,0.19959844323694706,2.205945864188671,0.6193044492542743
1789059121110651400,31.9856513671875,0.06217910053730011,0.07221767947077751,-0.570224630395323
1789059121120661500,31.99566162109375,-1.2335142057180404,1.1370338993892073,-0.05462702292362228
1789059121130671600,32.005671630859375,-1.8069032914936543,-0.1517842603996396,1.1513792356058954
1789059121140680200,32.01568017578125,-1.1837515191614627,-1.5418632387921214,1.066136727932468
1789059121150690300,32.02569018554688,-0.2584165429085493,-0.5049266671851277,-0.8962435409989208
1789059121160700400,32.03570043945312,3.1003339135140178,-0.9716130355641245,-0.5600939892642199
1789059121170710300,32.04571020507812,1.7237036147594451,-0.05360416441559791,-0.5858073994524776
1789059121180720400,32.055720458984375,-0.4419137461721897,2.0554326466381547,0.37644407965689897
1789059121190730200,32.065730224609375,-0.01733282759487629,0.9729667882606386,0.233789777179528
1789059121200740400,32.075740234375,-0.517550294175744,0.5380699351131916,-1.725342906399071
1789059121210750500,32.08575048828125,-1.1281687481492757,0.8638450270235538,0.14856511569004505
1789059121220760300,32.09576025390625,-1.6976935597121714,-0.35278672521561383,0.8959268031999468
1789059121230769400,32.105769287109375,-1.9700696543902159,-0.09396247828900814,-0.8442375324949621
1789059121240779500,32.11577954101563,0.993850294074416,-1.7328657031193375,-0.44969811643809077
1789059121250789400,32.12578930664063,3.2396886081904173,-2.6021616890251633,-0.09571231763102114
1789059121260799500,32.13579956054687,0.4509761735498905,2.27899999448359,0.6145123926721513
1789059121270809300,32.14580932617187,-0.8977303454905747,3.1561057773575185,0.9441719248004257
1789059121280819500,32.1558193359375,-2.575543731212616,2.537398417213559,-0.24705400362862273
1789059121290829300,32.16582934570312,-0.7516156551599502,-1.5536466155663131,-0.035677389515563845
1789059121300839400,32.17583935546875,0.32793197768330573,-2.136539442746341,-0.20157093062000347
1789059121310849500,32.185849609375,1.63605806453228,-0.6362231430903077,0.014800149045791477
1789059121320858400,32.1958583984375,-0.1037935519516468,1.1586837134003638,-1.071891492066905
1789059121330868500,32.20586840820312,-1.9966151314884424,3.0078602124780414,-1.3251710374131798
1789059121340878600,32.215878662109375,1.8001555707991121,-2.7101082690030336,-0.29867484873989597
1789059121350888400,32.225888427734375,1.3438923967570067,-0.5319394695341587,0.9768494018476456
1789059121360898600,32.23589868164063,2.736586526083946,-2.834126570598781,1.6047702152125536
1789059121370908400,32.24590844726563,-1.8714771782130002,3.9767812324792144,-0.9788783503919839
1789059121380918500,32.25591845703125,-1.7917179973214863,0.29159079049676656,-1.4094135011985898
1789059121390928400,32.26592846679687,-5.129338571953773,2.1166741740643977,-2.2817269352294502
1789059121400938500,32.2759384765625,-1.0115005170553921,-1.3791677082777023,-0.9345454337991773
1789059121410947300,32.285947265625,2.1204852567851544,-1.0048799298718571,-0.6852345728881657
1789059121420957400,32.29595751953125,2.0970926907598972,-0.3369996657580137,-0.045399175851140165
1789059121430967300,32.30596728515625,2.413126140856743,0.19466274040043352,-0.7156252541724593
1789059121440977400,32.31597729492187,0.2141355026334524,2.244495959596336,-2.3333327654346823
1789059121450987300,32.3259873046875,1.226336276912689,-0.6667120971173047,-1.2893956674158573
1789059121460997400,32.335997314453124,-2.2446271847605703,3.7652681873038407,0.19425655248602852
1789059121471007200,32.34600732421875,-2.264494499269128,-0.24447101966440676,-0.02582262445008382
1789059121481017300,32.356017333984376,-4.582329543581604,2.8309941177919504,-0.22527048023520035
1789059121491026400,32.3660263671875,0.08892039246857165,-1.957288498750329,0.002099858356080949
1789059121501036300,32.376036376953124,0.8408242169201373,-0.881371915885806,-1.1565972625151275
1789059121511046400,32.38604638671875,2.106333981835842,1.2160685653984546,-0.027900490170065313
1789059121521056500,32.396056396484376,3.77652461759448,-0.8309817450806498,0.1246410000713542
1789059121531066400,32.40606640625,-1.522062852039933,3.1129572482436894,-0.6935496890299022
1789059121541076500,32.41607641601563,-0.02426525720655918,-0.2907844425499439,0.7854447864603251
1789059121551086300,32.42608642578125,-0.23072423386275767,1.3509089975208044,0.3848236758695915
1789059121561096400,32.43609643554687,-3.9954830103397367,2.3249510137975213,-0.09116926737390459
1789059121571106600,32.4461064453125,0.1810088935792446,0.6501794799894094,-0.11376206132359802
1789059121581116400,32.456116455078124,1.9498925432801246,-3.260065918047726,-0.30613206941066307
1789059121591125500,32.46612548828125,0.8921054913461208,-0.15295038156956434,1.1952462882526218
1789059121601135600,32.47613549804687,-0.5397276391923427,0.13712152879685163,0.548846363334544
1789059121611145500,32.4861455078125,-1.7181863126426935,2.509117494624853,-0.7427473621148616
1789059121621155600,32.496155517578124,-0.20953180823028086,1.068914887408912,1.1893959547892212
1789059121631165400,32.50616552734375,-1.2733435272812843,-0.2920142766058445,1.6958566996738313
1789059121641175600,32.516175537109376,0.21073826141059399,-0.18701573277860878,-0.2619424885449931
1789059121651185200,32.52618505859375,0.9065566260248422,-0.18197189339250325,0.9091015612673014
1789059121661195300,32.5361953125,1.1513111388057469,0.9939049468711018,0.8912778814155607
1789059121671204400,32.546204345703124,-2.4173323603749273,3.8334137950301166,0.12275317703075707
1789059121681214200,32.556214111328124,-1.417345170980692,-0.005880582471191883,0.4789493818962946
1789059121691224300,32.566224365234376,0.026325112345814704,-3.6256580565616487,0.1508314349205233
1789059121701234400,32.576234375,-1.3027975853025913,-2.110243264234066,0.9460114882525056
1789059121711244500,32.58624462890625,1.659430172291398,-1.844403001065552,1.329277595949173
1789059121721254700,32.59625463867187,5.32925499509871,-1.0603428738966583,0.8937740090802312
1789059121731264500,32.60626440429687,6.158673436385393,0.6552095831111073,1.0035365524388848
1789059121741274600,32.616274658203125,0.5238666377156973,1.8098419752940536,-0.26577108865613114
1789059121751284500,32.626284423828125,-4.601055871361494,2.082102042376995,-1.1855761773053557
1789059121761293300,32.63629321289063,-10.001434905475378,3.763139650842547,-0.10580569549165665
1789059121771303400,32.64630346679687,-3.597259352812171,-2.8984087808951733,-0.33497524725832045
1789059121781313500,32.6563134765625,2.5026450837403535,-3.295312587995827,-1.3964999513506888
1789059121791323400,32.666323486328125,4.061374409398437,-1.091489122788608,0.17079433702435343
1789059121801333500,32.67633349609375,6.194326933568716,-0.776786336773634,-0.03232967738970183
1789059121811343400,32.68634326171875,0.035002924320101735,4.281951927778125,-0.8606756032072007
1789059121821353500,32.696353515625,-2.6614386383801696,1.521143399107456,-0.16452641746969893
1789059121831363300,32.70636328125,-5.196152931076288,1.1712322293281554,-0.8761942940521985
1789059121841373400,32.71637353515625,0.4701461534440517,-4.848887307369709,0.948669455415383
1789059121851383600,32.72638354492187,3.156909787216782,-2.0649466171756385,-0.0040225837467005475
1789059121861392400,32.73639233398438,2.7928374056160448,-0.8046656928241253,-0.9601030689038336
1789059121871402500,32.74640258789063,0.053831543430685996,3.7242075703799724,-0.5686963613821193
1789059121881412600,32.75641259765625,1.0010954428970813,1.2654273473292588,0.4064636626064777
1789059121891422500,32.76642236328125,-0.15164426740705966,-2.2929382112041115,0.43436786083728074
1789059121901432600,32.7764326171875,-3.0452707824617624,1.1537138160333036,1.3542520243383944
1789059121911442400,32.7864423828125,-3.998710740214586,3.0123543090268967,0.06239256975804455
1789059121921452500,32.79645263671875,-0.6465852548897266,-0.12616992667168378,-1.1659748202566056
1789059121931462400,32.80646240234375,3.2632559462606907,-1.590754987733066,-1.5013693158403039
1789059121941471500,32.81647143554687,2.5213527068197727,-1.8447043220996855,-0.5350350974619388
1789059121951481600,32.826481689453125,-0.763444040119648,2.266815635693073,0.8393968875307589
1789059121961491700,32.83649169921875,0.8818237513065338,0.21852584654688834,-1.0859071579378097
1789059121971501600,32.84650146484375,-0.8028074977368116,0.028873627784848213,-0.4584057390287518
1789059121981511700,32.85651171875,-1.460566473069787,-0.5834469539314509,-0.6645460051245987
1789059121991521500,32.866521484375,1.0576888522565364,-0.8398530338004231,-1.1813829633992166
1789059122001531600,32.87653173828125,2.72432617944777,-0.8347390517875551,-1.9559879375457763
1789059122011541500,32.88654150390625,-0.9733405900090932,2.384154021133482,-0.8156769892472774
1789059122021551600,32.896551513671874,-5.397110972228646,2.5839666916429995,-0.2486463143213652
1789059122031561700,32.906561767578125,-3.021574265053868,0.13103694818615913,-0.8029536282092332
1789059122041570300,32.9165703125,2.305494033655524,-2.0146604912668464,-0.19578688559215515
1789059122051580400,32.92658032226562,6.992539504730701,-4.387414289724827,-1.101714310335368
1789059122061590500,32.936590576171874,2.112872443693876,0.9354586031213402,-0.3812491053184494
1789059122071600400,32.946600341796874,-1.9858312871456145,1.5271253961265085,-0.9878588716398924
1789059122081610500,32.956610595703125,-4.98471324339807,1.7633523190587759,-1.0727866142757236
1789059122091620400,32.966620361328125,-1.343876614665985,-3.2100939726546405,0.7335917034957558
1789059122101630500,32.97663037109375,-0.3633995969057083,2.0950053630918264,0.16027838637009262
1789059122111640600,32.986640625,1.731978691151738,0.31710517098158597,0.4225482071733102
1789059122121650400,32.996650390625,1.598617683932185,-0.8784203726038337,-0.3912148382114246
1789059122131659500,33.006659423828125,0.6889011325716972,-1.5010583501949906,-1.1780624406743794
1789059122141669600,33.01666967773438,0.7634305961161851,-1.648417195367813,-0.2235495564604178
1789059122151679500,33.02667944335938,-0.9396727136850357,3.450777582734823,1.3517267436444758
1789059122161689600,33.03668969726562,-0.5678437266081571,-0.4257394409626722,2.7027561526745556
1789059122171699500,33.04669946289062,-3.7708658611804244,2.769698229829967,1.9139263268858193
1789059122181709600,33.05670947265625,0.174407887879014,-3.796689453744888,-0.04368650844804942
1789059122191719400,33.066719482421874,-0.2429366497039795,1.7822732926279305,-1.098801783889532
1789059122201729500,33.0767294921875,2.5063562132179737,-1.366631467309594,0.35678993297498673
1789059122211739600,33.08673974609375,-0.050476972305774685,1.6499869289025664,0.83520097021088
1789059122221748500,33.09674853515625,0.9944850848466157,-1.167383444945514,-0.40087292992733414
1789059122231758600,33.106758544921874,-1.3841302991211413,0.2671048762768507,-1.177343844076246
1789059122241768700,33.116768798828126,-0.5150000251710415,0.046368660204112525,1.065901457871869
1789059122251778600,33.126778564453126,0.517591210708022,-0.13838877225369214,1.0638114267900585
1789059122261788700,33.13678857421875,1.7075766558229921,0.10081833553314208,0.4900946434300393
1789059122271798500,33.14679858398438,-1.157668983399868,2.1897902636796234,-2.0260944700814782
1789059122281808600,33.15680859375,-0.03715981009304523,-1.1378376169875264,-0.8816611811559647
1789059122291818500,33.16681860351562,-2.736625689050555,1.4957240034297108,-1.0115408490657807
1789059122301828600,33.17682861328125,-3.12975991448462,0.6044637307360768,-1.8743514184750616
1789059122311837400,33.18683740234375,0.30663842976391315,-1.0941817228734492,-0.9326923532783985
1789059122321847600,33.19684765625,2.8142589638292788,-0.17680998058468103,-0.7740598344191908
1789059122331857400,33.206857421875,3.8342654434233903,-0.7581842198953032,-0.47374271663129325
1789059122341867500,33.21686743164062,-0.4712777878224849,3.994293800555169,-1.4765375107921659
1789059122351877400,33.22687744140625,-2.600743638920784,2.672243525511026,-2.5914897806242108
1789059122361887500,33.236887451171874,-0.8463573011279105,0.8186509635567665,-1.1626162305437027
1789059122371897300,33.2468974609375,2.759175374510884,-4.299311058858037,1.758404341262579
1789059122381907500,33.256907470703126,0.3358049030154943,-2.3743641562640665,1.9398735458299516
1789059122391917600,33.26691748046875,-1.5708938107043504,-1.0036159012854098,0.677913728480786
1789059122401926400,33.276926513671874,-1.2100924135982989,1.6125786970064042,-0.2879890944766812
1789059122411936500,33.2869365234375,2.269726554703712,-0.43154578915387387,0.21851039324942975
1789059122421946600,33.296946533203126,1.4191238710910081,0.18512655803114175,1.3977842920728027
1789059122431956500,33.30695654296875,-1.1413386108458041,0.19077508531212806,1.1391666736342012
1789059122441966600,33.31696655273438,-1.8563246172666548,-1.1768760804340244,-0.4432937292885035
1789059122451976400,33.3269765625,-2.592736858075857,0.2396355623319745,1.9493226344376802
1789059122461986600,33.33698657226562,-1.0755354745924472,-0.12041004797071218,3.480262035894394
1789059122471996700,33.34699658203125,0.9426759871542453,0.4044374174758792,-0.3062955528766848
1789059122482006500,33.357006591796875,2.2405191649198533,-0.22217150957286358,-1.1858348282415418
1789059122492015600,33.367015625,3.9234962170153853,-2.546197809740901,-0.7215282676711678
1789059122502025700,33.37702563476562,1.6337065329700708,-0.20478928987830877,-1.3183376842617989
1789059122512035600,33.38703564453125,-1.9875287387132643,1.241416941666603,-0.3918170053556561
1789059122522045700,33.397045654296875,-4.155636162894964,1.3809738809168337,0.037371635345974936
1789059122532055600,33.4070556640625,-1.6967781984329222,-0.44638007793128487,-1.1689032749239354
1789059122542065700,33.41706567382813,-0.06358370663821697,-2.578648419229686,-2.037222159425914
1789059122552075500,33.42707543945313,-1.3797247576385736,1.2935416811794043,-1.9764928193055091
1789059122562085600,33.43708569335938,0.2955664161294699,1.1026204653948546,-1.4970548136420547
1789059122572095700,33.447095703125,1.032763669836521,1.1766779275134205,-1.8058005909487604
1789059122582104300,33.457104248046875,3.128113316321373,-1.324465519492328,-1.7145302743531763
1789059122592114400,33.46711450195313,4.8522635058045385,-3.872712955239415,-1.589974797140807
1789059122602124500,33.47712451171875,0.7061287462264298,1.653721439255774,-1.4754533688172697
1789059122612134400,33.48713452148438,-1.1026385855734349,1.2952496541410683,-0.9347795348159968
1789059122622144500,33.49714453125,-5.530521663808822,4.369015586464107,-0.818865336959809
1789059122632154400,33.507154296875,-4.494846490439772,1.2566624415934085,-1.2237283594366162
1789059122642164500,33.51716455078125,-0.6291705942302942,-1.136284834587574,-1.6955954183891415
1789059122652174600,33.527174560546875,2.263050145679712,-2.2825781452313065,-1.0629230996482073
1789059122662184400,33.537184326171875,1.0579910500735044,1.3318056531220674,-0.06495627363305538
1789059122672193500,33.54719360351562,2.1821154912680387,-0.04822217911630869,0.6135482238151133
1789059122682203600,33.55720361328125,3.4416730697810647,-1.2566969283849,-0.7677071043916046
1789059122692213500,33.567213623046875,2.4117560215473173,-0.6328346696957945,-0.6078311978751794
1789059122702223600,33.5772236328125,-0.5229536145240068,0.5719049846976995,-0.7251147478558123
1789059122712234800,33.58723486328125,-3.5915140871584414,2.002775407683849,-2.2299185681894422
1789059122722244900,33.597244873046876,-3.9953479857832193,1.7189269018769264,-2.1292191828608513
1789059122732254700,33.607254638671876,-0.6879156286656856,-2.9142364646241066,0.376500230290927
1789059122742264800,33.61726489257813,1.2180939337462187,-1.1432400605529547,1.4721949515432118
1789059122752274700,33.62727465820313,1.4931898087769746,-0.6566591973975301,-0.5168901862991974
1789059122762283500,33.637283447265624,-0.7585393169432878,1.8574352088570594,-3.816623111487925
1789059122772293600,33.647293701171876,0.2267056458711624,0.7156313185870647,-1.7848638936430214
1789059122782303500,33.657303466796876,0.5503513245373964,0.06458820750564337,1.2644231387227773
1789059122792313600,33.66731372070313,0.8670821092486382,-1.5439727782920003,1.4436767130672932
1789059122802323500,33.67732348632813,-2.0146254199534654,1.9817904873222112,-1.86829767139405
1789059122812333600,33.68733349609375,-0.2355903785943985,-0.980446622622013,-0.6222432061199098
1789059122822343700,33.69734375,-3.27918358323276,3.7372286722555756,-0.8055530701179057
1789059122832353500,33.707353515625,-0.140932903778553,-2.0138868765458464,-0.43241044315919275
1789059122842363600,33.71736376953125,-0.8642711434811353,-0.022571020509302615,-0.6601845219794661
1789059122852373500,33.72737353515625,2.3438567897975444,-2.0643182561442255,-0.5058064456943422
1789059122862382600,33.73738256835937,2.4281769949942826,0.05895604683756828,-1.2739751031830906
1789059122872392700,33.747392822265624,0.6227332546591758,2.6157442241758107,0.5074877863774075
1789059122882402600,33.757402587890624,0.5755681833803653,0.817689425048232,0.9692541974782943
1789059122892412700,33.76741259765625,-0.23122516912221908,0.8471265319347381,0.5063218478705733
1789059122902422800,33.7774228515625,-1.6329957543522118,-1.373261699104309,0.39397918835822493
1789059122912432600,33.7874326171875,-3.0262732365250584,0.6951663304463028,1.131964487170428
1789059122922442800,33.79744287109375,-0.458856697666645,1.3126298280090092,0.9868874693244695
1789059122932452600,33.80745263671875,3.135630852344632,-2.101935746876895,0.769999453112483
1789059122942462700,33.81746264648437,2.347971823900938,0.277986628036201,1.1853979711942375
1789059122952471800,33.82747192382813,0.7996364664852619,0.15385317562818526,0.1522364976791665
1789059122962481700,33.83748168945313,-1.3206944765210151,1.1347837823748588,0.5137895899353548
1789059122972491800,33.84749169921875,-3.588770925930142,0.9513631514787674,1.7084869025357066
1789059122982501600,33.85750170898437,-2.9643624315351245,1.0322045746490358,0.31156054246649145
1789059122992511700,33.86751171875,-0.11194704779088496,-0.5609224029123783,0.4485623173411935
1789059123002521900,33.87752197265625,1.4663409648180008,-0.6379051048278809,-0.1397411184444092
1789059123012531700,33.88753173828125,3.142210230734944,-0.7420774269640446,0.8927940581321716
1789059123022541800,33.897541748046876,2.7068869688689707,-0.7837915393605828,1.392244047471881
1789059123032551400,33.907551513671876,-0.27282383844554425,2.563407887738943,0.5916310641046613
1789059123042560500,33.917560546875,-3.903679755911231,1.585415088009834,0.2994333024243824
1789059123052570600,33.927570556640624,-5.6883180241048334,2.6230367192715405,1.6011954254657028
1789059123062580500,33.93758056640625,0.39296646765172477,-2.7539617315158247,1.7519690475180745
1789059123072590600,33.947590576171876,4.898445995786786,-3.823385737490654,0.42431116172522304
1789059123082600700,33.9576005859375,2.9864854160159826,-0.7744815669625997,-0.7929127111881971
1789059123092610600,33.96761059570313,-0.8663999722033738,4.300686731125414,-0.9965839568220078
1789059123102620700,33.97762060546875,0.25916356188356876,0.31713293577134605,-0.9434515746366232
1789059123112630500,33.98763061523437,-0.1830915450721979,0.6625134763836861,0.44278567016851156
1789059123122640600,33.997640625,1.2162737325817345,-3.518859477575123,-0.43114718175772576
1789059123132649700,34.00764965820313,-1.5631331135749815,-0.19816899495571852,-0.2759919105550274
1789059123142659600,34.01765966796875,-0.8665911108613014,1.7883321542754769,-0.23937431757990268
1789059123152669700,34.02766967773437,-2.6747961326032876,2.702667597608268,-1.793720715446025
1789059123162679600,34.03767944335937,-0.4236164574593305,0.21081600282192228,-1.176423733556643
1789059123172689700,34.047689697265625,-0.13030746486783026,0.2309080659970641,-0.7715420063793659
1789059123182699800,34.05769970703125,1.3306623283058405,-1.4770318701803684,0.14090875571798533
1789059123192709600,34.06770971679688,0.9381360056370496,1.6656389638036488,-0.11283219659496098
1789059123202719700,34.0777197265625,-0.8840238916993141,0.5605690594300627,-0.7853335811708122
1789059123212729600,34.0877294921875,-0.39000469523668285,-2.0703832552716133,-0.3774051797740161
1789059123222739700,34.09773974609375,-1.1300362955868244,-1.0102245057702064,-0.23150994088035076
1789059123232748800,34.10774877929688,0.8100105609834194,-0.40992403219342227,0.12370167339462786
1789059123242758700,34.11775854492188,1.965781601807475,1.7788810198411344,-0.024968916530464774
1789059123252768800,34.12776879882812,2.0166192241191863,1.2209729963138698,-0.7079516508046537
1789059123262779000,34.13777880859375,-0.04929390000104904,1.8128294666722415,-0.7156476121347397
1789059123272788500,34.14778857421875,-1.3299854519575833,-1.892893183468282,0.5663097219739109
1789059123282798600,34.15779858398437,-5.0164334927856915,1.7385153994441032,0.7226812370985746
1789059123292808400,34.16780834960937,-0.2863882534176111,-2.658291864787042,-0.0519604934283765
1789059123302818600,34.177818603515625,0.06629355011880397,1.5128990101143718,-0.05467081639957614
1789059123312828400,34.187828369140625,1.0134896450459956,0.6780550366476178,-0.1557638680877164
1789059123322837500,34.19783740234375,2.210151499184966,0.12420476407855749,-0.06489775751200504
1789059123332848600,34.2078486328125,-1.1008908651232718,-1.1586153243392705,0.2970699708265252
1789059123342858500,34.2178583984375,-1.1019722306191921,-1.156165885360539,0.289536488315463
1789059123352868600,34.22786865234375,0.3556570199549198,-1.5803309166133404,-0.490253633384034
1789059123362878500,34.23787841796875,0.3558966739296913,-1.5811305425584314,-0.49771852590460325
1789059123372888600,34.247888671875,0.8972247340559959,0.4239902592077851,-0.004581747432844713
1789059123382898700,34.257898681640626,-0.2508575058311224,2.0339163958787916,0.705532680029422
1789059123392908500,34.267908447265626,2.4712217714726923,-1.7037044905647634,0.9114720167256891
1789059123402918700,34.27791870117188,0.9363128818631171,-0.8306395075142383,-0.78445877109766
1789059123412927700,34.287927734375,0.49735915454030033,-1.0407111217096447,-2.47298907340616
1789059123422937600,34.2979375,-3.1208664139330384,0.23869886600375173,-2.071876854830235
1789059123432947700,34.30794775390625,-2.980377162268758,1.8662728875681758,-1.1193027201265096
1789059123442957600,34.31795751953125,0.8824714015603065,-0.5055290169924497,0.8948762712337076
1789059123452967700,34.3279677734375,2.9414620329409837,-0.8753361428529024,0.8474271223165094
1789059123462977500,34.3379775390625,2.6083704805374146,-2.3701693349227306,-0.21276087154569104
1789059123472987600,34.34798754882812,0.8601444189399481,-1.165994328674674,-0.1671784846147522
1789059123482997800,34.357997802734374,-3.721614046755433,2.178901789918542,-1.0127639611199497
1789059123493007600,34.368007568359374,-2.254952763941884,0.16528379344195127,-0.8996175474766641
1789059123503016700,34.3780166015625,1.850805561584234,0.4376937903895974,-0.9663559187535196
1789059123513026800,34.38802685546875,3.373204513710737,-2.380844750455022,1.0457692088168113
1789059123523036700,34.39803662109375,-0.2738911754161119,1.9981728823244571,-0.2786344244204461
1789059123533046800,34.408046875,-0.33350539390146733,0.777849289830029,-0.08189175420710816
1789059123543056600,34.418056640625,-3.0725498345315456,2.980055967490375,-1.2745007344923913
1789059123553066800,34.428066650390626,1.2514818240851162,-1.0017620901122688,0.22727781973592937
1789059123563076600,34.43807666015625,1.0233382543653249,1.3911799253717063,1.0139643498856574
1789059123573086700,34.44808666992188,1.5728051972836254,0.572892534430325,0.2932579930566251
1789059123583096800,34.45809692382812,-0.6080249303489923,1.467418238660693,-1.2091180156081913
1789059123593105700,34.468105712890626,-0.48333296727538105,-0.9994164037689566,-0.9390484443068504
1789059123603115500,34.478115478515626,-3.434233275169134,-0.280819513374567,1.4189530445687473
1789059123613125600,34.48812573242188,-4.017579106813669,1.628413102737069,0.7637628968104719
1789059123623135500,34.49813549804688,2.156392436468601,0.4195192512735724,-0.4339907346205786
1789059123633145600,34.5081455078125,2.1559639819234606,0.4206120149463415,-0.4280988635703921
1789059123643155500,34.51815551757812,2.587686588948965,0.9153829065591096,0.19068952592052518
1789059123653165600,34.52816552734375,3.3511674539476632,-1.2911132849887013,0.5092366028061136
1789059123663175700,34.53817578125,3.6250329104006287,-3.8646307710707184,1.079840186049044
1789059123673185500,34.548185546875,-3.371201357194781,4.236445145100355,0.7388257316917181
1789059123683195600,34.55819555664063,-4.826427638280391,2.262781557871401,0.6959891911365091
1789059123693203700,34.56820361328125,-4.827776130279898,2.265930085030198,0.7122923834227025
1789059123703213600,34.57821362304688,1.0730559327363967,-1.8642726536616683,0.45101924550663675
1789059123713223200,34.58822314453125,2.9985481942534444,-0.9677011228173971,-0.7940015293382108
1789059123723233300,34.5982333984375,1.6539777521044015,0.043270109666883945,-1.0372692376274615
1789059123733243100,34.6082431640625,-2.455257894143462,3.3816610841497776,0.38404016080908476
1789059123743253200,34.61825317382812,-0.9792167885661125,-0.24025077162086964,1.415246737396717
1789059123753263400,34.628263427734375,1.0396341401278972,-0.8502277128204703,0.4985895731180906
1789059123763273200,34.638273193359375,2.8645640866994855,-4.003318234010041,-0.176529592740722
1789059123773283300,34.64828344726563,-1.6208271776527166,2.7437057104393836,0.9551747456561773
1789059123783292200,34.65829223632812,-2.4844144305229188,1.5903087052702902,-0.4569985756445676
1789059123793302000,34.66830200195312,-1.751906211414933,0.0653343496978283,-0.30567289093369615
1789059123803312000,34.67831201171875,1.1674304989576338,-2.6387586045384404,0.21932477837223557
1789059123813322000,34.688322021484375,0.6751426563322543,0.9492322769299149,-1.347008629081398
1789059123823332000,34.69833203125,1.540112887993455,1.3260595106855033,-1.6099468871980904
1789059123833342000,34.70834204101563,3.602994097071886,-0.23969313773810863,-1.9023729594752192
1789059123843352000,34.71835205078125,-0.09123977532684803,1.176020632648468,0.15628668638542292
1789059123853362200,34.72836206054688,-3.4886639535367485,1.9213897946342824,2.041580646896362
1789059123863372000,34.7383720703125,-2.215447852027416,-1.9609560813471674,0.5816052715875208
1789059123873381000,34.74838110351563,-1.5952409009754658,-0.4865498834952712,-0.29577331861210987
1789059123883391200,34.75839111328125,2.2672639639824625,-1.1169795378759502,-0.36707784702703355
1789059123893401000,34.76840112304688,5.3575382557749744,-0.17899638471305368,-0.6546887741073966
1789059123903411200,34.7784111328125,3.3788884045660494,1.9731682049274444,-1.1234295907981693
1789059123913421000,34.78842114257812,-2.2689450489372014,2.8035876399502158,-0.3584665974829346
1789059123923431200,34.79843115234375,-6.667725366806984,2.1531933481663463,-0.3063854413835332
1789059123933441300,34.808441162109375,-3.2741081796646117,-2.5442890535101292,-1.109326100513339
1789059123943451100,34.818451171875,1.0206354251474141,-2.481093761667609,0.5931307280778885
1789059123953461200,34.82846118164063,0.9597650691211222,0.9139718707174063,0.36563707363419234
1789059123963471000,34.83847119140625,-0.1113444057226181,2.136936333109438,0.7346488843984902
1789059123973480200,34.848480224609375,-0.4481821589171886,2.7852938583686946,0.5936672461073845
1789059123983490300,34.858490234375,3.7927778332591053,-2.2651567625701428,-0.12343641005456447
1789059123993500200,34.86850024414063,3.128167092335224,-4.752713290511071,-0.6410001482337713
1789059124003510300,34.87851025390625,-3.389329719081521,3.4569439964100717,-0.10095893131392077
1789059124013520100,34.88852001953125,-3.55822615006268,2.210798272655904,0.06477728207064792
1789059124023530200,34.8985302734375,-0.08102467078268527,-0.8398463117986917,1.0414541220966727
1789059124033540400,34.90854028320312,0.6059253277212381,-2.026753080120683,0.2505135512316599
1789059124043550200,34.91855029296875,0.4536836789429188,0.16352905872911214,-0.46781142688617106
1789059124053560300,34.928560302734375,2.6576626269727943,-1.1203510601356625,0.3294163710221648
1789059124063569200,34.93856909179687,1.2323048299282788,0.41229046906381844,-0.29821744209490714
1789059124073579000,34.9485791015625,-0.8594085058808326,1.092042957279086,-0.7630767411772161
1789059124083589000,34.95858911132812,-3.2589591258496045,-0.20328560731709003,-0.20239492382137103
1789059124093599000,34.96859887695312,-2.775852368545532,0.3517071132853627,0.014099526495765893
1789059124103609000,34.978609130859375,-1.4028490281164645,0.6325622824952006,-0.5227186367243528
1789059124113619200,34.988619140625,2.4121318691223856,-2.003909672410786,-0.054289406733401116
1789059124123629000,34.99862915039063,3.0638433809846637,0.13482465003132818,-0.028151085663959383
1789059124133639200,35.00863916015625,2.9852047285556793,0.877032133115828,0.34810919839125126
1789059124143649000,35.01864892578125,1.1196855819642544,2.467358666303754,-0.9744636026896536
1789059124153658000,35.028658203125,-1.796202449259162,1.4117565571933983,-0.14932671117968857
1789059124163668200,35.03866821289063,-3.007808774551749,-0.43939533361047506,0.7505154388330877
1789059124173678000,35.04867797851563,-2.248214980119467,-1.5738979609563946,-0.3522317582139745
1789059124183688200,35.05868823242187,-1.167007305109501,-1.3826646104827522,-0.5049071222344413
1789059124193698000,35.06869799804687,0.8804612307816744,0.604978109999001,0.457684950473532
1789059124203708200,35.078708251953124,0.38392216045260424,4.123263587078452,0.3817675397019833
1789059124213718300,35.08871826171875,1.5152736302912235,1.0317705671459436,0.37887981890384104
1789059124223728000,35.09872802734375,0.15431377887725828,1.7937834054186939,-0.6187187583208084
1789059124233738200,35.10873828125,1.6807921092718838,-3.715690209664404,-0.8518868051391094
1789059124243748000,35.118748046875,1.6874486445516348,-3.1738796267181635,-0.05690038381624035
1789059124253757200,35.128757080078124,-0.22565175290405748,-1.285638068448007,0.49409043506793676
1789059124263767300,35.138767333984376,-0.5434983899027109,3.4525384549275038,-0.0233707286527846
1789059124273777200,35.148777099609376,0.5661100346833468,0.7493515096202492,-0.5047529180534184
1789059124283787300,35.15878735351563,-0.9461252508252859,0.5095683555111289,0.5874157479645684
1789059124293797400,35.16879736328125,-2.8440327553242444,0.4944473587468266,0.9454567769791931
1789059124303807200,35.17880712890625,-2.7534283552914856,-1.3169435995548964,-0.39981940228641033
1789059124313817000,35.18881713867187,-1.005370635998249,1.9755799422442912,-0.029624007760733366
1789059124323827000,35.19882690429687,1.9117191722303628,-1.284381346385181,1.216480434134975
1789059124333837000,35.208837158203124,2.202377942574024,-0.691139559148252,0.7888624859493225
1789059124343846100,35.21884619140625,1.1973925065010786,-2.2711036882758138,0.16795410862974822
1789059124353856000,35.22885595703125,-0.5844277816623449,-0.06134907945394515,-0.14553964865533633
1789059124363866000,35.2388662109375,-1.86772863933444,2.072555338613689,-0.20893650921825319
1789059124373876000,35.2488759765625,-0.9193950648099184,1.0721727201610802,-0.6658690704219042
1789059124383886000,35.258885986328124,1.9750626403719185,-2.8123692045599222,-0.2645454558513127
1789059124393896200,35.268896240234376,1.616466059833765,-1.3996391261592507,-0.8546251440618187
1789059124403906000,35.278906005859376,0.7136667405158281,-0.9805331318616867,-2.062189865813404
1789059124413916200,35.28891625976563,-0.45017187142968174,-0.8227399864360689,-0.9376213341131806
1789059124423926000,35.29892602539063,-4.927411393508315,4.440377818149328,0.3685017423503101
1789059124433935000,35.30893505859375,-0.7711193970531225,0.17014175486713648,-0.3839457970565185
1789059124443945200,35.3189453125,3.1686160071015355,-3.441268288372457,-0.022595287300879133
1789059124453955000,35.328955078125,5.6352212246894835,-2.957270719708502,0.9849138311639427
1789059124463965200,35.33896508789063,2.6757021415323017,0.47425563458949327,0.6684319797124714
1789059124473975300,35.34897534179687,-1.906121790614724,2.7411887591823936,0.12791256908793003
1789059124483985200,35.35898510742187,-4.87473428080976,2.6849609682649374,-1.446556067895889
1789059124493995300,35.368995361328125,-2.136123555421829,-3.413657812391221,0.0322871442890726
1789059124504005000,35.379005126953125,-1.8701450528264045,-2.0144690603479742,1.437288034943491
1789059124514015200,35.38901513671875,1.2799077081024646,0.4264543112337589,0.33486550327353176
1789059124524024300,35.3990244140625,3.6950235614717006,0.7628732544943689,-0.2162296619011089
1789059124534034200,35.4090341796875,2.6121599359482524,2.1965099273234605,-0.6181102710336447
1789059124544044300,35.419044189453125,1.1576438489586114,-0.8405907004252076,-0.4715549973286688
1789059124554054100,35.42905419921875,-1.4015315157771109,-0.640019612763822,0.37521541464477776
1789059124564064000,35.43906396484375,-2.3278414745420215,-0.31239567811638114,1.3028503384031354
1789059124574074000,35.44907421875,-1.5428011041641234,-0.5415779432341457,0.4574766049524769
1789059124584084000,35.459083984375,-2.727882995146513,2.672559751853347,-0.45879769748840477
1789059124594094000,35.46909399414063,1.0142021772295235,0.07249795771688222,0.5950535128340124
1789059124604104000,35.47910400390625,4.021574313929677,-2.745881885434687,-0.05878553084256127
1789059124614114000,35.48911401367187,2.18869603870213,-0.20154928504377603,0.263818803810887
1789059124624123100,35.499123046875,-0.6079097795367241,-1.1719377472490071,0.164385730357375
1789059124634133000,35.50913305664063,-3.237254659041762,1.8600874769315123,0.061014623335190116
1789059124644143000,35.51914306640625,-2.898935727378726,1.1555097595393657,-0.1693504400926642
1789059124654153200,35.5291533203125,0.10230535922050475,-3.6612200760692355,0.6563919247634709
1789059124664163000,35.5391630859375,-1.0010913512438535,1.2598536388501524,-0.6927389571689069
1789059124674173200,35.549173095703125,3.3122125771313904,-2.3443097942620517,-0.874856031185761
1789059124684183000,35.55918310546875,1.3271195411324501,2.2290239574372768,-0.21493090906115248
1789059124694193200,35.56919311523438,-0.07494915026128292,0.3954284738510847,-0.4030370491586625
1789059124704203000,35.579203125,-2.4146897369116544,1.1846475912183523,0.6156603936634958
1789059124714211600,35.58921166992187,-1.2197516378253697,1.300573187251389,0.023078951765131205
1789059124724221700,35.5992216796875,1.4151058676213024,-1.9107947508618235,-1.466217338438332
1789059124734231800,35.609231689453125,3.1063463056713343,-1.5398618358418346,-1.0468390300054102
1789059124744241700,35.61924169921875,0.12822072172164917,1.378394093556702,0.528131090227142
1789059124754251800,35.62925170898438,-4.072044271972775,1.6932684367462991,-0.38399676005877553
1789059124764261600,35.63926171875,-3.2001585618346926,0.7588646033748984,0.1693199353565462
1789059124774271700,35.64927172851562,-2.1960797192126513,1.5772534088641403,1.0539688088200985
1789059124784281900,35.65928173828125,3.3238030616819856,-1.0438397751241921,0.9749163148932158
1789059124794291700,35.669291748046874,6.590435206377506,-3.1842484605193135,1.0257679657302796
1789059124804301800,35.6793017578125,3.4063597643375396,-1.2146890937387942,0.2996081110020168
1789059124814311000,35.68931079101562,-2.8386984085589644,0.7771110386833548,0.4952579444773495
1789059124824320800,35.69932080078125,-5.231344071444869,2.0105214917659757,0.626099223960936
1789059124834331000,35.709330810546874,-1.759815961626172,-0.2854509725674987,-1.4657926832854746
1789059124844340700,35.7193408203125,0.31187165424227714,0.5522796622514724,0.24580108095807954
1789059124854350600,35.7293505859375,1.7616648043632506,0.0028588965624570845,1.4465904085569083
1789059124864360400,35.7393603515625,0.5336906971156596,-0.44643999142497776,-0.5150743690488859
1789059124874370600,35.74937060546875,-1.2257441562384366,0.2689773921504617,-1.0447994870018213
1789059124884380700,35.75938061523438,-1.8570172757059336,-0.6601733429983258,0.014789700717013328
1789059124894390500,35.769390625,0.30348727225661276,-0.5644301187723875,0.5352262361198663
1789059124904399600,35.779399658203126,3.7480309290379283,-2.710997326797247,1.4505812317587434
1789059124914409700,35.78940966796875,2.2863228847175834,-1.2770157860532403,0.051061658592242744
1789059124924419600,35.79941967773438,-2.7515894494265316,2.0161580363482234,-0.34821470459233966
1789059124934429700,35.8094296875,-4.201897563332319,2.678163855470717,0.18318857570588587
1789059124944439600,35.819439453125,-1.1759972517728805,-0.922409444195032,-0.886042976436764
1789059124954449700,35.82944970703125,1.5236866538494824,-1.275895549851656,0.01713994450443424
1789059124964459800,35.839459716796874,4.406917447096109,-2.2597443821325895,0.39608090987782923
1789059124974469600,35.8494697265625,3.442870170611143,0.38961014296114443,0.26817772967275233
1789059124984479700,35.859479736328126,1.8500924448788165,0.9981304556116462,0.12574608436957932
1789059124994488800,35.86948876953125,-2.9121073436409235,2.693176715685427,-0.9891548297345638
1789059125004498700,35.879498779296874,-3.697618838661909,-0.0977265069976449,-1.0255183018181473
1789059125014508800,35.8895087890625,-1.115801434007287,-2.8650229363828896,0.3647740635966882
1789059125024518700,35.8995185546875,-0.4598205742627382,0.1742059355661273,0.6044238371171057
1789059125034528800,35.90952880859375,0.2038660375535488,0.6437430172011256,0.12709422930921427
1789059125044538600,35.91953857421875,-1.6142887157946824,3.9558062489897012,-0.6914759514957666
1789059125054548700,35.929548828125,-0.7000181543916464,2.266790501251817,-0.225545187257044
1789059125064558800,35.93955883789062,3.081387805503607,-3.2554981717407703,-0.1786999955823645
1789059125074568700,35.94956860351562,1.9517916548997163,-3.3920798945724964,-0.4824481837974861
1789059125084578800,35.959578857421874,-2.1174930892318486,0.5655927328109741,0.001766703711845912
1789059125094588000,35.969587890625,-2.8674440260499714,1.1374024404406546,0.12379727925620973
1789059125104597500,35.97959741210938,-1.1672615721315145,2.8592224334105847,0.22163606925560161
1789059125114607600,35.98960766601562,1.236784605690837,0.7810986470147967,0.6725508862733841
1789059125124617500,35.99961743164062,2.2298861272245643,-0.9895698402762413,-0.2941908534599468
1789059125134627600,36.009627685546874,0.1822685382515192,0.39566403617262835,-0.26326686901655044
1789059125144637700,36.0196376953125,0.9517121110469102,-1.860932695583999,-0.4698930189331993
1789059125154647600,36.0296474609375,-1.4494623107314109,0.30234833135455846,-0.38177316572517156
1789059125164657700,36.03965771484375,-0.702687665861845,0.7947615539252758,0.8470739980299026
1789059125174667500,36.04966748046875,2.7636557347953317,1.0357686968713997,-0.14752948903199284
1789059125184676600,36.059676513671874,4.486802300193905,-1.1730860405012964,-0.7208087212249636
1789059125194686700,36.069686767578126,-1.6986299637794493,1.2152534496232867,-1.0498035788994282
1789059125204696600,36.079696533203126,-7.013451359856128,1.640699752858281,0.07634250431582332
1789059125214706700,36.08970678710938,-5.983696808707713,1.3681024166449904,-0.1732886015255004
1789059125224716500,36.09971655273438,-1.2284218510150908,0.16046908663660286,-0.34763518767133356
1789059125234726700,36.1097265625,3.4550732341021297,-1.7684987420365212,-1.4495391753599047
1789059125244736800,36.11973681640625,4.795283142954111,0.20920973666906356,-0.33870343746859577
1789059125254746600,36.12974658203125,5.228167194974422,-1.6855857732892034,0.26180636800993234
1789059125264756700,36.1397568359375,-0.003574351355433464,1.2625997226879,0.3310197145655751
1789059125274766600,36.1497666015625,-3.4255338358849285,1.7707792541891336,-1.370305771908164
1789059125284775700,36.15977563476562,-3.599851122871041,1.4442466219097374,-1.9811478055045006
1789059125294785800,36.169785888671875,-0.9656173022806643,0.926436215493083,-0.8094375103358179
1789059125304795600,36.179795654296875,0.5960118364721536,1.2502116580188274,-0.6765026195738464
1789059125314805800,36.1898056640625,2.3861364271223544,-0.8569462074205279,0.24106868214132263
1789059125324816000,36.19981591796875,1.8594553165078163,-0.7622288191109895,0.26729572267383334
1789059125334825700,36.20982568359375,-0.8665355812817811,0.6033022857412695,0.07492819880479946
1789059125344835800,36.2198359375,-1.0905237848877907,0.7812830636709928,0.22524576591905204
1789059125354845700,36.229845703125,-1.2030968556225299,1.6870084995687007,-0.5606905669178813
1789059125364855800,36.23985571289062,-2.0849510020673274,0.6766881322085857,-0.5460370415348559
1789059125374864600,36.24986474609375,0.3669979136586189,-1.2160890236645936,0.7766778348978608
1789059125384874500,36.25987451171875,1.66927352091372,-0.03156272073835134,-0.059270263885892925
1789059125394884600,36.26988452148437,3.5448698248833415,-0.8998848931759595,0.1737077767856419
1789059125404894500,36.27989453125,0.7130021391272544,1.340730425594747,-1.0088923803836107
1789059125414904600,36.28990454101562,-3.547338260823488,1.9050918630450964,-0.8280741870708763
1789059125424914700,36.299914794921875,-5.285176783919334,-0.02859656440913677,-0.8494966220669448
1789059125434924500,36.309924560546875,-6.844156869468092,1.3688701861470938,-0.571610239534825
1789059125444934700,36.3199345703125,-1.7291636337310075,0.09663345106393098,-0.579457299773395
1789059125454944500,36.32994458007813,3.0885154654264446,0.2740995574697852,-0.8573778768360615
1789059125464953600,36.33995361328125,5.952131457620859,-1.3241998542934654,-0.5850417853748425
1789059125474963700,36.349963623046875,3.323511385259032,0.049235155551135536,0.6239541747562587
1789059125484973600,36.3599736328125,0.3867810570150614,-0.6178557117506861,0.06528883005566895
1789059125494983700,36.36998364257813,-2.1468097846090792,2.8852973703876135,-0.9569614098772407
1789059125504993800,36.37999389648437,-2.893875521379709,2.19701436971426,-1.1170034302081913
1789059125515003600,36.39000366210937,-0.2673760944336653,-0.17868249645829198,-0.823210307361558
1789059125525013800,36.400013671875,1.2420412110447883,-0.07216185763031244,0.6661929686140269
1789059125535023600,36.410023681640624,2.3984973115235566,-1.4701459100589156,-0.06595007044337689
1789059125545033700,36.42003369140625,-0.7137362986207008,0.5718412718117237,-0.20095035103624687
1789059125555042800,36.43004272460937,-3.016435733121633,2.3101640712931752,-0.013137312133796512
1789059125565052700,36.440052734375,-2.826563734129071,2.6111513434275984,-0.5351085280243307
1789059125575062800,36.450062744140624,0.27141514069139955,-0.840994605050981,0.4755203938283026
1789059125585072600,36.46007275390625,2.485833065149188,-0.24435177719891069,0.9011446109134703
1789059125595082800,36.470082763671876,2.9864743101000784,-1.5796294903457164,0.20949123875787481
1789059125605092900,36.4800927734375,0.3757271635591984,0.17750030093640087,0.07395581010868772
1789059125615102700,36.49010278320313,-0.9128472506016493,2.3265739388242364,-0.42641675570234655
1789059125625112800,36.50011279296875,-2.103045461684465,2.054822990307212,-0.18649063119227066
1789059125635122700,36.51012280273437,-2.6238883676648137,0.8769938469320535,-0.766386815573275
1789059125645132800,36.5201328125,-1.4988357057094572,0.7723807952910661,-1.0595737892203032
1789059125655141600,36.5301416015625,0.1431196001678705,-0.07353022337406873,-0.7243191404987126
1789059125665151500,36.5401513671875,2.071844267734885,-0.22772066813260317,-0.14174142541615292
1789059125675161600,36.55016162109375,1.6765467267870902,0.2120224560022354,1.2162273361567406
1789059125685171700,36.56017163085937,0.11072188991010189,1.1823901676803827,1.2355638317242263
1789059125695181600,36.570181640625,-2.1236603796899316,0.20360446400791404,-0.5286216502230614
1789059125705191700,36.580191650390624,-2.959640079188347,1.2882272081583737,-0.22854170219190417
1789059125715201300,36.590201171875,-0.6198012928605079,-0.8056333688125014,0.4074232648862526
1789059125725211400,36.60021142578125,1.0406798497885466,-0.08912234478145838,0.44323666533902284
1789059125735221500,36.610221435546876,1.8113842362999915,0.036462475478649135,0.31367578105479477
1789059125745230300,36.62023022460937,1.3816332216084002,0.3444903137743473,-0.0062467854350805275
1789059125755240400,36.630240478515624,-0.4676292021870613,-0.13071984506100415,-0.5414622809652239
1789059125765250600,36.64025048828125,-2.24436707251966,2.828038775117695,-0.44479996913298964
1789059125775260400,36.650260498046876,-0.5267664508104324,-1.228345278647542,0.06086469803706277
1789059125785270500,36.6602705078125,-0.7090981174260378,-0.2689627791032195,0.8146909008193761
1789059125795280400,36.6702802734375,-1.737055263763666,1.335030752648413,1.8157031224124132
1789059125805290500,36.68029052734375,-1.4370558336228132,1.632361255840957,0.4775599368318915
1789059125815300400,36.69030029296875,-0.608036620786786,0.9825202140256762,-0.07854228851557708
1789059125825310500,36.700310546875,-0.7148515663862228,2.06069129781872,0.2237882423208095
1789059125835320600,36.710320556640625,0.4801537527173757,0.8406795477524399,1.2024452598460018
1789059125845329400,36.72032934570313,1.480102363666892,0.37597938475459813,1.600186248423159
1789059125855339300,36.73033935546875,1.6777870822370051,0.4898553547814488,1.420465787219256
1789059125865349400,36.74034936523437,1.2542086187005042,0.6995400154858827,-0.032149251922033724
1789059125875359200,36.75035913085937,-0.353931511336565,0.7423004220649599,-1.4941256283223627
1789059125885369300,36.760369384765625,-1.9755629911094903,0.5941100945040583,-0.709712669127807
1789059125895379200,36.770379150390625,-1.758836887460947,0.39019641841650005,0.007410751180537045
1789059125905389300,36.780389404296876,-0.8763064491897821,-0.7720856117367744,0.3686091847801581
1789059125915399400,36.7903994140625,1.1569698952198029,-0.361322498370707,1.449572200846672
1789059125925409300,36.8004091796875,0.6388081911474466,0.8839356288939714,0.32173911439254876
1789059125935418400,36.81041845703125,0.6874111862748861,2.196844273844361,-0.5302047181634232
1789059125945428500,36.820428466796876,0.5747159504652023,1.3940943515136837,-0.044599915232229975
1789059125955438300,36.830438232421876,-2.0020874254196883,1.105318326176703,-0.41039479151032865
1789059125965448400,36.84044848632813,-2.69513866340816,-0.8853191922068595,-0.18358195893764495
1789059125975458300,36.85045825195313,-1.6935042913287877,0.07450432910323143,0.33507596768643705
1789059125985468400,36.86046850585937,0.8434738546460866,0.0879486248269677,-0.5373296381399035
1789059125995478300,36.87047827148437,1.4937071106493471,-0.3382759693041444,-0.535990644621104
1789059126005488400,36.88048828125,0.18924129987359045,0.3908002295285463,0.11266306883944198
1789059126015498500,36.89049853515625,-1.3960679896742105,0.8915200926735997,0.5280641624707728
1789059126025507300,36.90050732421875,-0.10612930142283439,-0.49514352431744335,1.0870336777497083
1789059126035517400,36.91051733398437,-0.0779302118986845,1.3802142947211862,0.19038427762994542
1789059126045527600,36.920527587890625,0.6061988839656114,1.0597963459298014,-0.33905214130841194
1789059126055537400,36.930537353515625,1.5731822139024734,-1.1761392905920742,-0.6449364647693931
1789059126065547500,36.94054760742188,0.11515548844337463,-0.08102700887024403,-0.685444708507508
1789059126075557400,36.95055737304688,-1.299621877875924,0.210719556710124,-1.372332601560652
1789059126085567500,36.9605673828125,-3.5047201853245493,1.2527511133685707,0.7714664569251238
1789059126095577600,36.97057763671875,-3.7648990617305036,4.0748800799205895,1.5620260291159151
1789059126105587500,36.98058740234375,0.6801204447448254,-1.8021148881733418,0.7232043841898441
1789059126115596300,36.99059619140625,3.886130070695281,-3.1061510753601786,0.2781708437629975
1789059126125606400,37.0006064453125,2.0650252353698013,-0.5193523751616478,0.9068926530461758
1789059126135616300,37.0106162109375,0.6885813990980386,0.733380033506453,-1.3288029641747474
1789059126145626400,37.02062646484375,-2.08723998978734,3.788019240555167,-0.8393680998276919
1789059126155636200,37.03063623046875,-1.2890858708143234,-0.08478197748959064,-0.2338169757137075
1789059126165646300,37.04064624023437,-0.38117373852729797,-1.073318383064866,1.0246963179107755
1789059126175656200,37.05065625,-0.8214964161157607,-1.224374621450901,1.6647266712643205
1789059126185666300,37.060666259765625,-1.321893915438652,1.597905151748657,0.8529157828606665
1789059126195676400,37.07067651367188,0.9872487038522958,1.2557359743982552,-0.610930113738589
1789059126205686300,37.08068627929688,-0.13863982440531253,2.1979969510108233,-0.7916166800282896
1789059126215695400,37.0906953125,-0.3364174819558859,0.8883914392590522,-0.7463644566334784
1789059126225705500,37.10070556640625,2.657221312946081,-3.3352976846426725,0.5337411121286452
1789059126235715300,37.11071533203125,0.3217325385212898,1.119265018464625,-0.13708145251478998
1789059126245725400,37.12072534179688,-0.49081952363848685,2.34330558565557,0.27988488113926724
1789059126255735300,37.1307353515625,-3.1979099061250684,2.283724100396037,1.0388335643347353
1789059126265745400,37.14074536132812,-3.0137200444221497,0.34679712941199536,-0.1651500292607583
1789059126275755500,37.150755615234374,0.06682721860408783,-2.9302327829182144,-0.005219597811810672
1789059126285765400,37.160765380859374,2.1445365789800883,-2.1778166250303386,0.04787390453475527
1789059126295775500,37.170775390625,2.4335744701236486,1.0148603488773107,-0.3348886284207925
1789059126305784600,37.18078466796875,1.7905284952759741,-0.0846487064987421,-0.5656580165995284
1789059126315794400,37.19079443359375,-2.895087819778919,2.970704494038224,-0.32022691973131145
1789059126325804500,37.200804443359374,-2.243376307916641,-0.23997253920137881,0.45400224337279793
1789059126335814400,37.210814453125,0.9589467384755611,-0.6000555589050054,1.3887737410128116
1789059126345824500,37.220824462890626,1.6039672282665967,0.45987347349375485,0.7316535019747913
1789059126355834400,37.23083447265625,1.2878618819773195,0.7309931383699179,0.33579368750173594
1789059126365844500,37.24084448242188,0.38117783018052576,1.0071920062065125,0.12382466045347973
1789059126375854600,37.2508544921875,-0.7479407660394907,2.0132412721186874,-0.4410058010144159
1789059126385864400,37.26086450195312,-0.12123743870556354,0.20285306111872195,-0.08738231444740667
1789059126395873300,37.270873291015626,1.3423013281732796,-3.439156995306909,-1.8425703788109122
1789059126405883400,37.28088330078125,-1.6945739663869142,0.34519407812952996,-1.340032068067044
1789059126415893200,37.29089331054688,-0.40680210078060625,2.183314345663786,-0.3011546280579641
1789059126425903400,37.3009033203125,0.3566723344773054,1.1983698271006344,0.3397093265755102
1789059126435913200,37.31091333007812,-0.07923135762512683,0.4855751932442188,0.23453336208844555
1789059126445923300,37.32092333984375,1.6739485269874332,-4.779834521670639,-2.355618831522763
1789059126455933400,37.330933349609374,-0.4915840782701969,-1.6327666217714547,-3.093526571586728
1789059126465943300,37.340943359375,-3.0816859116673467,-0.7945221922114492,-1.4220152086183429
1789059126475953400,37.350953369140626,-4.32397905164659,1.9572776850953697,-2.766493880830705
1789059126485962500,37.36096240234375,0.49569911237359043,-1.7748241456657647,0.09629212681297213
1789059126495972400,37.370972412109374,5.614104786902666,-1.8327967344239353,0.2154447768674232
1789059126505982500,37.380982421875,5.884170266550779,-1.1194295613765717,-0.4754806098071858
1789059126515992300,37.390992431640626,0.027240473625063894,4.026792925360799,-0.9756186910089105
1789059126526002400,37.40100244140625,-3.6788732216596602,2.013929838904738,-1.3000376190699636
1789059126536012300,37.41101220703125,-1.6041934382379055,-2.2821935298278926,-0.25689868569150565
1789059126546022400,37.4210224609375,-1.1291022296071052,-1.3992200239643453,-0.23348715923745184
1789059126556032500,37.43103247070312,2.8610072710007426,-2.0895681404739617,1.1843635135799646
1789059126566042400,37.44104248046875,2.9188053799748417,1.0613757240757347,0.9679678109295665
1789059126576052500,37.451052490234375,1.4876409424781798,1.1775240229487418,-0.2987693038240075
1789059126586061600,37.4610615234375,-2.2376877408862113,0.7613976289838552,-1.4478532680995762
1789059126596071400,37.47107153320312,-4.066353951376676,0.30835312472730875,-1.612858244600147
1789059126606081500,37.48108154296875,-3.8325954643845557,2.268801548813283,-1.1069526493802666
1789059126616091400,37.49109130859375,0.4182382715523243,-1.0918015497386455,-0.23384163523092866
1789059126626101500,37.5011015625,1.3512632177859545,0.1680450748488307,-0.5571317784577607
1789059126636111600,37.51111157226563,3.052076370823383,-1.8798337954089044,-0.7001154772862792
1789059126646121500,37.52112158203125,1.4782611197143791,1.4254285241931677,-0.8646491830132901
1789059126656131600,37.53113159179688,-0.5505635059833526,0.02001139915436506,-1.6146679243706166
1789059126666141400,37.54114135742188,-2.1207757641643283,0.5912444759398698,-1.271697221378982
1789059126676150300,37.551150390625,-2.5047838493347165,-0.2905707997992635,-0.5081608268007636
1789059126686160400,37.56116040039063,-0.6590718114972114,-1.2648726360559464,-1.2222579215578735
1789059126696170200,37.57117016601563,1.1182418128967284,-0.8317550675407052,-0.23551713069509714
1789059126706180400,37.58118041992188,2.0616712487667797,-1.1179238329887389,-0.9685586164295673
1789059126716191500,37.59119140625,1.434081786248088,-0.18001491410583256,-0.8226974624685942
1789059126726201600,37.60120166015625,-0.44510055951476096,0.8589905727297067,-0.5886411981062963
1789059126736211500,37.61121142578125,-0.7182581599593162,0.9197887403026223,-0.9278788885820657
1789059126746221600,37.6212216796875,1.270809624889493,-0.7291437111109494,0.18357520040329545
1789059126756231400,37.6312314453125,2.513285720220208,-1.5152330060198902,0.3484506322400644
1789059126766240500,37.64124047851563,1.709442449694872,-0.7211176410436629,-0.7639094656743108
1789059126776250600,37.65125073242187,0.676404054570198,-0.10735212121605872,-0.7831339522346854
1789059126786260500,37.66126049804687,-0.14726035323441028,-1.6400652543470262,-1.1423850511588156
1789059126796270600,37.6712705078125,-2.8790269118160006,1.5055311116948722,-0.781132695414871
1789059126806280700,37.68128076171875,-3.5632869405835863,0.6556210865214467,-0.13022979652173816
1789059126816290600,37.69129052734375,-1.5433324345618487,1.1341817248284816,0.23949903993811458
1789059126826300700,37.70130078125,0.8768746044665574,-0.8118076735332608,1.1421272039402275
1789059126836310500,37.711310546875,1.3185837679773569,-1.501316708870232,-0.098243973266799
1789059126846320600,37.72132055664063,0.48363341152668,-0.7185600655153394,-0.5494634357869624
1789059126856329500,37.73132958984375,1.2353607103675603,-1.165569088999927,0.10209683103635907
1789059126866339300,37.74133935546875,-0.17271160535514354,2.389488367898762,0.24702532552340997
1789059126876349400,37.751349365234375,-0.27321897524297234,1.509287833879888,1.035965973009169
1789059126886359600,37.76135961914063,1.7663836495786904,-2.2809745094269513,1.7193921813011168
1789059126896369400,37.77136938476563,-0.92407299349308,0.2942112021282315,0.34486806104555723
1789059126906379500,37.78137963867187,-1.093064701542258,0.9782523274481296,0.10071067390758544
1789059126916389400,37.79138940429687,-0.766429777932167,-1.5703411452576517,0.687927538299188
1789059126926399500,37.8013994140625,-3.109872726231813,2.3066508024752137,0.0036306846525520084
1789059126936409600,37.81140966796875,0.0445727166980505,-1.1551201756998897,0.23930249445270746
1789059126946419500,37.82141943359375,2.062210177949071,-0.01986059250682592,0.3802311969801783
1789059126956428500,37.83142846679687,3.0102994223237034,-0.02336246314793825,0.17224840829018503
1789059126966438700,37.841438720703124,2.3405291066795586,0.9080155926614999,0.4128932207299396
1789059126976448500,37.851448486328124,0.011181319227814674,-1.9787620794117449,-0.6796863641764969
1789059126986458600,37.861458740234376,-3.5484938605993985,-0.6324968160435557,-0.5113239304741845
1789059126996468500,37.871468505859376,-3.05888955796957,-1.8709984547853469,0.44352578447870905
1789059127006478600,37.881478515625,-1.4860639024198055,0.6008475860655308,-0.4881562957786023
1789059127016488400,37.89148852539063,2.0783172631412743,-0.3895958221748471,0.6176181766677648
1789059127026498600,37.90149853515625,2.559032156872749,0.6946209715232252,0.4338278356764465
1789059127036508700,37.9115087890625,2.6411925536870955,-1.6711115499958396,-0.6067891049437224
1789059127046517500,37.921517578125,1.0955898361057042,-1.192697334422171,-0.4755379294849932
1789059127056527600,37.93152758789063,0.11796060899198055,-0.07982669316977262,-0.16315259009953587
1789059127066537700,37.94153784179687,0.8879624001920222,-0.7928466602146625,0.44778252860773354
1789059127076547600,37.95154760742187,-1.325844114369154,1.3715297607451677,0.8662651668425649
1789059127086557700,37.9615576171875,-1.1576456025242805,-0.6806839238464832,0.5999934899868443
1789059127096567600,37.971567626953124,1.1657260331273078,-3.2878064501494166,0.8013073953721672
1789059127106577700,37.98157763671875,-0.5871253501832485,1.2811010095402597,0.29731112263863907
1789059127116587500,37.99158740234375,0.35691783367097374,-0.7672016390874982,-0.040190131399384696
1789059127126597400,38.001597412109376,-1.5446902789115904,1.4973159487962722,-0.982720120511949
1789059127136607500,38.011607421875,1.5455612165272234,-0.8962754705071448,-1.2676757107779384
1789059127146616600,38.021616455078124,3.7052234684467313,-2.137757586364448,0.19678192451149223
1789059127156626400,38.03162646484375,1.9400059400379657,0.8436442427769303,1.0240201722148805
1789059127166636500,38.041636474609376,-1.5611521688908339,1.0104054152950643,-0.21975350691201165
1789059127176646400,38.051646484375,-3.126553227397799,-1.2627575435981153,-0.796173904941231
1789059127186656500,38.06165649414063,-0.7468003638327121,-4.474181303551793,-0.2263841953644529
1789059127196666400,38.07166625976563,1.5505711536437272,-3.801365628862381,-0.8641662948671728
1789059127206676500,38.08167651367187,3.4692835457623,-0.26010259629935023,0.14022212516069413
1789059127216686600,38.0916865234375,1.7007728210270403,2.8987159471482036,0.6314123818077146
1789059127226696400,38.101696533203125,0.4874591072946787,0.9871882058367133,-1.4573647544190287
1789059127236705500,38.11170556640625,-1.0842986267626284,-1.30671622005105,-2.155926718652993
1789059127246715600,38.12171557617187,-0.14948796615600585,-2.404233517087996,-1.0041124526306986
1789059127256725500,38.1317255859375,-0.4224117578446865,-0.7616039652109146,-0.23665325858555733
1789059127266735600,38.141735595703125,0.08097206381261349,0.5142889542922378,0.48652211870551104
1789059127276745500,38.151745361328125,2.869114005088806,-0.630053222283721,-0.20442029216913504
1789059127286755600,38.16175561523438,1.0145885461986064,-0.6497396272674203,-0.8029596195586025
1789059127296765400,38.17176538085938,-2.9256133064240215,0.540042404229939,-0.20170069447951391
1789059127306775600,38.18177563476563,-5.456832158219814,-0.2892909891217947,-2.6267867194548247
1789059127316785700,38.19178564453125,-3.312733386135101,1.604531876412034,-1.484720086595416
1789059127326795500,38.20179541015625,4.285625063332915,-2.3238100270688533,1.8112167707785962
1789059127336805600,38.2118056640625,4.286871848523616,-2.3269202680438754,1.8146829855844377
1789059127346815500,38.2218154296875,4.299271311369538,0.5709791020244359,2.7582480305328962
1789059127356825600,38.23182568359375,3.766829153010249,-1.0559995839953422,2.099755772489309
1789059127366835700,38.24183569335938,-3.626049393966794,0.21430326041579245,-1.8114684074521064
1789059127376845600,38.25184545898438,-4.594558326035738,-0.09296411490142345,0.4810494594480842
1789059127386855700,38.26185571289062,-4.595713925811648,-0.09006284050196409,0.4795863646255806
1789059127396865500,38.27186547851562,-3.516336973360181,1.5411042371183632,0.8946680353105068
1789059127406875600,38.281875732421874,2.3733634547889233,-2.3655016353726386,1.2823444337300955
1789059127416884500,38.29188452148438,4.273815967595577,0.024513094487786293,0.47113903693892056
1789059127426894300,38.30189428710938,3.9037645115852353,-1.115016128848493,-0.5533103204734623
1789059127436904400,38.31190454101562,-1.7574223444879054,1.7737199838161468,-0.05460873834826052
1789059127446914600,38.32191455078125,-3.8253205049455166,0.43228667064905163,-0.6011203385923057
1789059127456924400,38.33192431640625,-1.300716687375307,-2.14948484903723,-1.3269248953431845
1789059127466934500,38.3419345703125,3.0280285557597875,-2.665173440994322,-1.3570670817591248
1789059127476944400,38.3519443359375,3.4750293959379195,-0.09725275200605392,-0.9681145259238779
1789059127486954500,38.36195458984375,0.7189829671025276,2.252659100046754,0.6375574604339898
1789059127496964400,38.37196435546875,-1.771712735646963,2.8572908808261155,1.2464070050388574
1789059127506974500,38.38197436523438,-2.2793717504054305,-2.200401089543104,0.15672021896447985
1789059127516983600,38.391983642578126,-3.8124744673758744,-0.37480624932199713,-0.263375188229233
1789059127526993400,38.401993408203126,-4.8509021543234585,1.9909110746279357,-0.7755334141030907
1789059127537003500,38.41200341796875,-4.1361733375340695,1.027321771043539,0.18273785453001037
1789059127547013600,38.422013671875,0.004220248043537139,-0.9513546759113669,0.7220452772825956
1789059127557023500,38.4320234375,4.0885979318887,-1.9490441097572444,0.7635052687875926
1789059127567033600,38.44203369140625,5.853062011581659,-1.7309367808833718,2.0833235469959677
1789059127577043500,38.45204345703125,1.5941127737283707,2.377940261185169,1.4490728730224072
1789059127587053600,38.462053466796874,-2.449675710096955,0.8621104583159088,-0.5867181576218455
1789059127597063400,38.4720634765625,-4.293340167754888,0.8327636600613594,0.6527032993786036
1789059127607072500,38.48207250976562,1.290157299438119,-5.063557647532225,0.9014298575956374
1789059127617082600,38.49208251953125,2.16398479129374,-0.23161650652736424,2.7676322372108695
1789059127627092500,38.502092529296874,2.4916934816151857,0.7270265728265046,2.8364865777283907
1789059127637102600,38.5121025390625,0.7165683071762323,0.3821455061689019,0.7187185440126806
1789059127647112700,38.52211279296875,0.6222884335011244,-2.1816142637476323,0.7530260334145278
1789059127657122600,38.53212255859375,2.734984936106205,-2.096802183380723,1.0292453595172613
1789059127667130400,38.54213037109375,0.19090075751841068,3.581096738040447,1.1728343307625502
1789059127677140500,38.55214038085938,-2.044423761367798,3.9519618485212322,0.4588158541996032
1789059127687150600,38.56215063476562,-1.1188631596654652,-0.42101942670345305,-0.99317378305234
1789059127697160400,38.57216040039062,1.2037018357783555,-3.5701302306070923,-0.5092260448794812
1789059127707170600,38.582170654296874,0.7847346654295921,-1.9843097766667603,-0.2226280577013269
1789059127717179600,38.5921796875,-0.8050836259752512,1.780899666187167,0.4224591041177511
1789059127727189800,38.60218969726562,-0.8460159403443336,1.547109907273948,0.017198460625484586
1789059127737199900,38.612199951171874,-1.8764888688951729,2.6117960710719226,-1.2476076130002736
1789059127747209000,38.622208984375,-1.54207980415225,-1.2561837181657551,-0.8850546960517763
1789059127757218800,38.63221875,-2.836032988741994,-0.776202399405837,-0.26029088541306555
1789059127767229000,38.64222900390625,-2.9342426030814646,-0.6596852672204375,-0.3728527406340465
1789059127777238800,38.65223876953125,-2.204741164574027,0.8483627957314253,0.6379631186254322
1789059127787249000,38.662248779296874,-0.25165187107920645,-0.729618342885375,-0.11041300662402063
1789059127797258800,38.6722587890625,-1.0313058722436428,2.801949517354369,-0.7033302746143192
1789059127807268900,38.682268798828126,0.5331570286303758,0.7140443416565656,0.37576534014511853
1789059127817279000,38.69227905273438,0.9206845200985669,-1.0741922432899476,0.12408318352550267
1789059127827288800,38.70228881835938,0.4649555990636349,-2.767460387775302,-0.43179735276214776
1789059127837299000,38.712298828125,0.8962082504898309,-3.905018603299558,-0.5050294699724763
1789059127847308000,38.72230810546875,0.2974368861764669,-0.4499526757210493,0.08814622975829989
1789059127857318000,38.73231787109375,0.022774141865968704,-0.33444822770953175,0.27199016410037874
1789059127867328000,38.74232788085938,-1.2242635622918605,0.9134601218029856,0.7727551084961741
1789059127877337900,38.752337890625,-1.5367974798351525,0.8265914011672139,0.3632721346011385
1789059127887348000,38.76234790039062,-1.6646452765911817,1.5417355207592247,-1.0787766484707593
1789059127897357800,38.77235791015625,-1.9450544555991887,2.0998294222474096,-1.127903375211358
1789059127907368000,38.782367919921874,0.47042380134165285,-2.676514919219911,-0.7893500502705574
1789059127917378000,38.7923779296875,-0.9057038085877894,0.4529460123181343,0.689587653531134
1789059127927388000,38.802387939453126,-0.10307809715867042,0.3161737353503704,1.734355795546621
1789059127937397000,38.81239697265625,-0.10138473724424839,2.34953483543396,1.096590975972265
1789059127947407000,38.822406982421874,1.067820370170474,0.33463907410651444,0.4891930184151977
1789059127957417000,38.8324169921875,2.355584052470326,-3.4271222741201517,0.927782661665976
1789059127967426800,38.8424267578125,-0.7872329119861126,0.728143009635806,0.05722008989043533
1789059127977436700,38.852436767578126,0.23681202934384343,-1.9235954879850148,-0.4254544500088319
1789059127987446800,38.86244677734375,-1.1346709696501494,2.9007904153347015,-0.5366913037037476
1789059127997457000,38.87245678710938,-0.00784311471581459,1.639050816607475,-0.5590181767262518
1789059128007466800,38.882466796875,0.5994026479542255,-0.6046899407073855,-0.11654369139876215
1789059128017476900,38.89247680664062,1.1519295629650355,-1.1655436622977255,0.05050510242171585
1789059128027486000,38.90248583984375,1.2236387083917855,-1.35678256572932,0.09392656672541051
1789059128037495800,38.91249584960938,1.5982435899227856,-0.763695676793158,0.4617685299927369
1789059128047506000,38.922505859375,0.6681137806087732,1.6123580399930477,-0.30278248498812316
1789059128057515800,38.93251586914062,1.9984365016967056,-2.311693180556595,-0.3345514323556796
1789059128067526000,38.94252587890625,0.5333218638032674,-1.7923653553143142,0.20513152744472027
1789059128077535700,38.95253564453125,-0.342760128980875,-1.7567773245826364,0.6119090783059596
1789059128087545900,38.9625458984375,-1.2607535102993248,-0.2593617148041725,0.5233781966116279
1789059128097556000,38.97255590820313,-1.4192092112869024,1.0714651564136146,0.5435977951565757
1789059128107565800,38.98256591796875,-0.6617676264524459,0.12166034029275179,0.0760555771332234
1789059128117576000,38.99257592773437,0.9113830232679844,-2.071808904160559,-0.15002514177262782
1789059128127585000,39.0025849609375,1.6105770017951726,-1.7275205426990985,-0.02139510859772563
1789059128137595000,39.01259497070313,1.0417863497257231,-0.044998833155632016,0.3466151969738304
1789059128147605000,39.02260498046875,-0.7638824315369128,0.7495677827194333,0.01561966700144112
1789059128157614800,39.03261474609375,-2.816657257142663,1.6188795507162808,-0.04800970540940761
1789059128167625000,39.042625,-2.3179700688689944,0.10664075807631015,0.08313030129242688
1789059128177635000,39.05263500976562,-1.0907681150376796,-0.0324839272364974,0.2544573204213753
1789059128187645000,39.06264501953125,1.0312176094383,0.4097445839732885,0.6148311032325029
1789059128197655000,39.072655029296875,1.9688450810313223,0.6648273062840103,-0.11410583325996994
1789059128207665000,39.082664794921875,2.4073709383308888,-0.37487522290498015,-0.4457293954702094
1789059128217673700,39.092673828125,0.5992272913873196,0.1978618287026882,-0.6473260633196681
1789059128227683800,39.10268383789062,-0.49320963364541526,0.17754472460001705,-0.1019411290179938
1789059128237693700,39.11269360351562,-0.7281675595551729,0.6588736585766076,0.35853703237064183
1789059128247703800,39.122703857421875,-0.26912498392760753,-0.019864099638164042,0.27522794044520704
1789059128257714000,39.1327138671875,-2.469036244127154,2.716060163144767,-0.43661447072029114
1789059128267723800,39.14272387695313,-1.4187035998523234,-0.5092462839499116,-0.48958884933236985
1789059128277734000,39.15273388671875,-0.5616548088401556,-0.07129501166790723,-0.43196547587066886
1789059128287743700,39.16274365234375,0.7966963213801384,-0.1706616870880127,-0.7098431636396795
1789059128297753900,39.17275390625,1.0879805301457643,1.153295298360288,-0.174533340889588
1789059128307763700,39.182763671875,1.4002666104078292,1.583735172098875,0.08198639195431023
1789059128317772800,39.19277270507813,0.936005423349142,1.1738088018178938,-0.6429810929179192
1789059128327783000,39.20278295898437,-0.32987375940084457,0.4125333379089832,-0.7656868506103753
1789059128337792800,39.21279272460937,-1.4590584065943955,0.23699293886870143,-0.07749163781832903
1789059128347803000,39.222802978515624,-1.507985811370611,-0.29771219598650933,-0.2589885706428438
1789059128357813000,39.23281298828125,-0.6336410176426172,0.058031625469028944,-0.48608117000497875
1789059128367822800,39.24282275390625,0.2782698288917541,-0.21089462101608514,0.4963872773008421
1789059128377833000,39.2528330078125,-0.1361573599398136,1.0099109097763896,-0.11832900391295552
1789059128387842800,39.2628427734375,-0.06833060890436173,0.7374088506311178,0.9024937605001032
1789059128397853000,39.27285302734375,-0.7443307588487863,0.7484136442482471,0.33901177276540545
1789059128407862000,39.282862060546876,-0.2551297763228416,-0.3646227089598775,-0.38661351842842995
1789059128417872000,39.292871826171876,0.4989993229627609,-0.7743602786704897,0.647313203838095
1789059128427882000,39.30288208007813,0.8391787878006696,-0.5244298245564103,0.7761233428202569
1789059128437891800,39.31289184570313,0.7398240950793027,-0.19609891068339347,0.48281146415192633
1789059128447902000,39.32290185546875,0.6862935804218053,-0.5972814180165529,1.1180902755968272
1789059128457912000,39.332912109375,-0.4025900360435247,0.3905798647761345,1.1337426758240907
1789059128467922000,39.342921875,-1.001017701485753,0.16207418374568222,0.33349742979072033
1789059128477932000,39.35293212890625,-1.0592670613586903,0.38541122996658084,0.46719566960800435
1789059128487942000,39.36294189453125,-0.898645706769824,0.578905218848586,0.23260869590248912
1789059128497950700,39.37295068359375,-0.45306291669607157,-0.11791501628458499,0.29935028204973785
1789059128507960800,39.3829609375,0.21798107214570045,-0.2880281295791268,0.6512770659677684
1789059128517970700,39.392970703125,1.1282067420721054,-0.8612979728892445,-0.05930624851472675
1789059128527980800,39.402980712890624,1.483938580828905,-0.9365551661863922,-0.1626431062074378
1789059128537991000,39.412990966796876,0.8988245704680681,0.3414367714226246,0.1548727279342711
1789059128548000800,39.423000732421876,0.6518781006008386,0.3319070187941193,-0.10562745284792036
1789059128558011000,39.43301098632813,-0.7734744357466697,1.1895824172720313,-0.26101773838289083
1789059128568020700,39.44302075195313,-0.9481570489138365,-0.26050182475000616,-0.44656507910937066
1789059128578030800,39.45303076171875,-1.6995096692234277,0.4793745850384235,-0.7385404119443147
1789059128588040000,39.4630400390625,-1.6993237912625074,0.4367696612820029,-0.8391621289268135
1789059128598049800,39.4730498046875,-0.7922159610956907,0.10791939970999956,-0.517913172671385
1789059128608060000,39.48305981445313,0.18492343667447567,-0.5405597061023116,-1.0239677113752812
1789059128618069800,39.49306982421875,1.3492115459531544,-1.4258131395965814,-0.9022288259536028
1789059128628079900,39.50307983398437,1.257583063569665,-0.24712737939208745,-0.588881619266048
1789059128638090000,39.513090087890625,0.660829468819499,0.6864630917698145,-1.2035391925625503
1789059128648099800,39.523099853515625,1.9259779992073773,-0.7925961925849319,-0.9024380847901106
1789059128658110000,39.53310986328125,0.6554355008214712,-0.37300796772837636,-0.6140913177158683
1789059128668119800,39.54311987304688,-0.06929156289100646,-1.391697227244079,-0.13902321596601977
1789059128678130000,39.5531298828125,-1.5211732097238302,0.25238018535375595,-0.1417621394106187
1789059128688139000,39.563138916015625,-2.1241887874782086,1.1066431450396776,-0.1923820455847308
1789059128698148900,39.57314892578125,-0.931816739487648,0.12271920169591903,-0.4785913622388616
1789059128708159000,39.58315893554688,1.0983990483075379,-1.7501386172205209,-0.25607359651159495
1789059128718168600,39.59316845703125,2.485234514734149,-2.270105909410119,0.14691712015415542
1789059128728178400,39.60317846679688,1.7494284231245516,-0.618277444294095,-0.04158996542706154
1789059128738188500,39.6131884765625,0.4245733197927475,0.2240612688422203,0.04943529949942604
1789059128748198400,39.62319848632813,-1.0860352412968874,0.377370839112997,-0.19499423737712204
1789059128758208500,39.63320849609375,-1.7988211073249578,0.02212590709030628,0.17877357227522878
1789059128768218600,39.64321850585937,-1.0571288802862167,-1.0515800139874218,0.2701940744638443
1789059128778227500,39.6532275390625,-0.6269798061877488,0.6466513058632611,0.09424196195066906
1789059128788237600,39.66323754882813,1.6255045218139885,-0.4311442226156592,0.3957838631600141
1789059128798247700,39.67324755859375,2.75780350163579,-1.1321075489029289,0.41444534554276613
1789059128808257500,39.68325756835937,1.3134838144898413,-0.4876093294203281,-0.09812779040806927
1789059128818267600,39.693267578125,0.42264030590355395,-0.784511085806787,-0.3510314425135031
1789059128828277500,39.703277587890625,-0.3090162648111582,0.17871201481372118,-0.18224645428387448
1789059128838287600,39.71328759765625,-0.08741407955884933,-1.1296367748752236,0.4751128359407186
1789059128848297500,39.72329736328125,-2.3786487017154694,1.652928827573359,0.47688846731111406
1789059128858307600,39.7333076171875,-1.010598015257716,-0.8364695288419723,-0.05894105933099054
1789059128868317700,39.74331762695312,-0.04084697417318821,-1.0557362568840385,-0.28919664363553743
1789059128878326500,39.753326416015625,0.2808849798262119,-0.25444120953679084,-0.633507162129879
1789059128888336600,39.76333666992188,0.6869289557158946,-0.20772709689587354,-0.2773956398731097
1789059128898346800,39.7733466796875,1.14142102843225,0.3878133226722479,0.4693090815654024
1789059128908356600,39.78335668945312,1.8502403289169072,-0.6228416834697127,-0.3037438408335671
1789059128918366700,39.79336669921875,0.8876227929741144,-1.3748372778579592,-0.4544380409741774
1789059128928376600,39.80337646484375,-1.0125082327932118,-0.5061649768084288,-0.6964106314189732
1789059128938386700,39.81338671875,-1.3186656010419129,-0.6057876728162169,-0.08364172141328453
1789059128948396500,39.823396484375,-0.5519459002524614,0.1145572302892804,0.5854043716095387
1789059128958406400,39.833406494140625,1.073428273180127,-0.7591048418715596,0.63990453501679
1789059128968415500,39.84341552734375,0.5859487076193094,0.6021174598708748,0.6066389558833092
1789059128978425600,39.85342553710937,-0.651075552046299,0.7272700261935591,0.47265978023279454
1789059128988435500,39.863435546875,-1.5090513947755098,0.9532108251720667,0.08729120209785178
1789059128998445600,39.873445556640625,-0.28184593381285666,-0.49432811628133055,0.2861169256629422
1789059129008455400,39.883455322265625,0.8630401403814554,-1.0294959002122281,0.8944277968138455
1789059129018465500,39.89346557617188,1.529153687083721,-1.3456634980827569,0.7278309480119496
1789059129028475600,39.9034755859375,0.7417547708809376,-0.4721966562330723,0.9336811451200395
1789059129038485500,39.91348559570312,-0.28206922117471694,0.005101999314129352,0.7179077390864491
1789059129048495600,39.92349560546875,-1.42984400254786,0.7230968321621417,0.7296561906777322
1789059129058504700,39.93350463867188,-1.4356757774412632,0.1569292220726609,0.9518676669348031
1789059129068514600,39.9435146484375,-0.9450158282786607,0.12932166870087383,0.9137364545263349
1789059129078524700,39.95352465820312,0.09692775783538818,-0.17849048101752996,0.7061096761997788
1789059129088534500,39.96353442382812,1.301404669639468,-0.7147846386298536,0.18653103626789524
1789059129098544600,39.973544677734374,1.3613333609014748,-0.5549585260719061,0.4894704471170902
1789059129108554500,39.983554443359374,0.8437614394158125,-0.9681371761471033,0.6866000160224736
1789059129118564600,39.993564697265626,-0.17593349001109598,0.0246934194907546,0.26892120498381555
1789059129128574700,40.00357470703125,-0.02150339127779007,-0.8647606805637479,0.863575124040991
1789059129138584600,40.01358447265625,-1.0629442885667084,0.9896958047434687,-0.38381424309872086
1789059129148593700,40.02359375,-0.9313041137903928,0.17144114702790975,-0.41014377589132633
1789059129158603800,40.033603759765626,-0.8067547740578651,0.6514844251081348,0.7581978100292385
1789059129168613600,40.043613525390626,0.1745996110588312,-0.8136790203630924,-1.1366968494545668
1789059129178623700,40.05362377929688,1.3923521840214728,-0.8862380606174468,-0.6066232468575239
1789059129188633300,40.06363330078125,2.9749036992937326,-1.8883324514240025,-0.05000828621494584
1789059129198643500,40.0736435546875,1.3683593140155077,-0.4166960105463862,-0.2467950056325644
1789059129208653600,40.08365356445312,-0.5844669446289539,1.0235700172945856,0.2736509917183779
1789059129218663400,40.09366333007812,0.1461047534584999,-1.221510171930492,-0.4133816983666271
1789059129228673500,40.103673583984374,-0.9032394643008709,-0.3251490689665079,-0.4595690106544643
1789059129238682600,40.1136826171875,-1.28400053037405,0.8233926051259041,0.37215591747630383
1789059129248692500,40.1236923828125,-1.0351607941061258,0.21624211952388286,-0.67140924195759
1789059129258702600,40.13370263671875,-1.4755302334457634,1.8964374319463968,-0.5016941880699247
1789059129268712400,40.14371240234375,0.4893395142138004,0.24918986487984657,-0.6306813641194253
1789059129278722600,40.15372265625,1.3775544278621672,-0.5844254435747861,-0.8767449867375194
1789059129288732400,40.163732421875,1.5169313343703745,-1.341963182260096,-0.7888823596935719
1789059129298742500,40.173742431640626,-0.01822597704231739,0.3059720748096704,-0.8684533976018428
1789059129308752600,40.18375268554688,-0.9480904134184122,0.06833674638420344,-0.6666102441780268
1789059129318762500,40.19376245117188,-1.6292308488607405,0.5459291241809725,-0.47480333160012955
1789059129328772600,40.20377270507812,-1.000077790287137,0.4307333037272095,-0.10126916630687191
1789059129338781700,40.21378173828125,0.9474632214307784,-1.3677622249051928,0.0764808168079704
1789059129348791600,40.22379150390625,0.5678390504330396,0.9182876880899071,-0.0625625834295526
1789059129358801700,40.2338017578125,1.1110580388724802,-0.1223436463817954,-0.7261005440227687
1789059129368811500,40.2438115234375,0.9544698853224516,-0.6330100262627005,-0.6070003365416079
1789059129378821600,40.25382153320312,0.7760702974587679,-1.2270067235201596,-0.4686613217137754
1789059129388831500,40.26383154296875,0.7789706950753926,-0.8867118156090378,-0.21861842020116745
1789059129398841600,40.273841552734375,0.1846820291340351,0.7616226699113845,0.5788556075531989
1789059129408851700,40.28385180664063,-1.0049410124093294,0.40552579723447557,0.4341063603568822
1789059129418861600,40.29386157226563,-2.553679689928889,1.1665411489024757,0.27105366870155556
1789059129428870700,40.30387060546875,-0.36906945923566814,-2.5257240537717935,0.2378589628471993
1789059129438880500,40.313880615234375,-0.4340308839678764,-0.28605566046237946,0.47755672196149823
1789059129448890400,40.323890380859375,0.8430366322726011,-0.7269596450701356,0.5036423264630139
1789059129458900500,40.333900390625,0.5571405462861061,1.4177341702982782,0.434385981015861
1789059129468910300,40.34391040039063,1.8328899656653403,-0.41198008794039487,-0.1419104435738176
1789059129478920400,40.35392041015625,0.7078373037099838,-0.039348260048031804,-0.01620049909669906
1789059129488930600,40.3639306640625,-0.04203355360925198,-0.860453923280537,0.18761669434644282
1789059129498940400,40.3739404296875,-1.0513491278409957,-0.12093290280103683,-0.09261886339401826
1789059129508950500,40.38395043945312,-1.2586883944630622,0.9800254746004938,0.2561354462340474
1789059129518960400,40.39396044921875,-0.3400327498435974,0.23391192398816346,-0.23564380754837766
1789059129528969500,40.40396948242188,-0.05829027640521526,-0.2982750905662775,-0.40182876934744416
1789059129538979600,40.4139794921875,-0.22172668841481208,0.16635580658763646,-0.19938880080794916
1789059129548989400,40.42398950195312,-0.18358955772221086,-0.1107151679083705,-0.3854222262846306
1789059129558999600,40.43399951171875,0.28063597350120545,-0.33219606486856934,-0.47525290199853476
1789059129569009700,40.444009765625,1.4113988297969102,-0.7921747523024678,-0.06108277493426576
1789059129579019500,40.45401953125,1.5355056864589451,-1.2505907204642892,-0.1820995200938545
1789059129589029600,40.46402954101563,0.7983335671931505,-0.40706484337002036,-0.36277540059275926
1789059129599039500,40.47403955078125,-0.4082166437536478,0.13964490979462862,-0.22682640444030983
1789059129609049600,40.48404956054687,-1.798926905786991,0.9444055874258279,-0.009357081209030001
1789059129619058700,40.49405859375,-2.6410487613022324,-0.08934650892615317,-0.6679737876161933
1789059129629068500,40.50406860351563,-3.697547526991367,0.38871757803559304,-1.1996313714690505
1789059129639078700,40.51407861328125,2.3134622360557318,-1.3425570565000176,-0.3614407179228961
1789059129649088500,40.52408862304687,3.4596704987645146,-0.5001204359471798,1.0029871018625796
1789059129659098600,40.5340986328125,4.511655586421489,-1.0581088312342761,0.5410844240961596
1789059129669108700,40.544108642578124,2.3882751927167174,-0.2987614127784967,-1.1135474445354192
1789059129679118600,40.55411865234375,-1.1278601205915213,0.38239305118918415,-0.9727214351974427
1789059129689128700,40.564128662109376,-3.7864819479852914,0.7318173142343759,-0.8551517982844263
1789059129699138600,40.574138671875,-3.0052327865839,-0.09214812234342097,-0.5148628086574375
1789059129709147400,40.5841474609375,-0.921450828295946,-0.4460603444576263,-0.3923668943233788
1789059129719157800,40.59415771484375,0.2634931155204773,0.14616758956164122,-1.0097351878833025
1789059129729167600,40.604167724609376,0.7209767712682486,0.9795631177857518,-1.0038909918997436
1789059129739177700,40.614177734375,1.4541834940344094,-0.37614071279615163,-1.178199218796566
1789059129749187600,40.6241875,1.3537918594807385,-0.8255313707202673,-1.1913319643530993
1789059129759197700,40.63419775390625,0.8131435983121394,-1.255527592344582,-0.9709162854716181
1789059129769207800,40.64420776367187,-0.8725152402132749,0.9988312973573803,-1.5372988534860312
1789059129779217700,40.6542177734375,0.20409049395918846,-0.905960121436417,-0.8866226760208606
1789059129789227800,40.664227783203124,-0.6377700802713632,0.4650330482140183,-1.0420120482403785
1789059129799236600,40.67423657226563,-1.116852988886833,0.16137275747805832,-0.6586773322869092
1789059129809246500,40.68424658203125,-2.262272731566429,1.6647610119253395,-0.4620712757989764
1789059129819256600,40.69425659179687,-1.6531483155429363,1.4571370831429957,-0.9436046463064849
1789059129829266400,40.70426635742187,0.5960732112705707,-0.25810148561000823,-0.5119322716308757
1789059129839276500,40.714276611328124,2.7228496771544215,-1.5464251398801803,-0.21808782045580447
1789059129849286700,40.72428662109375,2.2965432499587535,-0.8550088096171617,-1.259898500905186
1789059129859296500,40.734296630859376,0.5181365696310997,0.7143678745225072,-0.8311625815402716
1789059129869306600,40.744306640625,-0.854950357428193,0.6464329869374632,-0.33371030535642054
1789059129879316500,40.75431640625,-2.249005253714323,-0.007690846763551235,-0.7366708917453885
1789059129889326600,40.76432666015625,-2.0985504883527755,-1.34612410133183,1.1774682011082769
1789059129899335700,40.774335693359376,-1.4651479556411504,0.7107037990570068,-0.19005352957192806
1789059129909345500,40.784345458984376,0.23486089527606963,0.3944745341271162,-2.5433114406496284
1789059129919355600,40.79435571289063,2.409313889092207,-0.6649494713589549,-0.7918306150399148
1789059129929365800,40.80436572265625,3.042411885899305,-1.179780277442932,-0.3540016174307093
1789059129939375600,40.81437573242187,2.405184826463461,-1.5323893080040811,-0.4983504671325907
1789059129949385700,40.8243857421875,0.8081646408557891,0.6609159780591726,1.063397439161688
1789059129959395600,40.8343955078125,-1.9917548319756984,1.786672112108767,-0.25545729124415667
1789059129969405700,40.84440576171875,-3.6796705095171927,1.0571604444682599,-0.8660872529923915
1789059129979415600,40.85441552734375,-2.411775310769677,-0.7502779768154024,0.2589970096776262
1789059129989424600,40.86442456054687,-0.39559564711153505,-2.1319190894693136,-0.6774832281090318
1789059129999434800,40.874434814453124,0.3887245922982692,-0.13144494446516036,0.09675747930239885
1789059130009444600,40.884444580078124,1.8182564601570366,0.04784545475840568,0.8148972370464355
1789059130019454700,40.894454833984376,1.8394103073447943,0.6719228175029158,0.017111878320574758
1789059130029464800,40.90446484375,1.0118705194115638,0.7351102182999253,0.1543571430949494
1789059130039474700,40.914474609375,-0.7119739651232957,-0.15062573801428078,-0.4266357687478885
1789059130049484800,40.92448486328125,-3.8438364048451183,0.3523459957107901,-0.8191514604248106
1789059130059494700,40.93449462890625,-6.816042535617947,0.22414865486472843,-0.4891841775216162
1789059130069504800,40.9445048828125,1.293224870315194,-1.3191443244695662,0.3146806837810203
1789059130079513600,40.954513671875,6.422267674192786,-1.9958140442386267,-0.385416125337407
1789059130089523500,40.9645234375,7.702644168850779,-1.3586249787256122,0.8763958810389041
1789059130099533600,40.97453344726563,3.7480385278224944,0.8149278513804078,0.5556417590957135
1789059130109543700,40.98454370117187,-3.5453339352637525,2.8126217180162665,-1.6393590057738123
1789059130119553500,40.99455346679687,-5.131644510808587,0.0315340791657567,-0.7289670393697917
1789059130129563600,41.004563720703125,-2.887539888617396,-2.715605112853646,-0.1316355716664344
1789059130139573500,41.014573486328125,0.5091986454159021,-3.1212258948951956,0.09234375451337545
1789059130149583600,41.02458349609375,2.1222230403631923,1.0545838719785212,0.5811718486063182
1789059130159593500,41.03459350585938,1.6315326960623264,3.1756919368371364,0.3411629959825426
1789059130169603600,41.044603515625,0.8104325857877731,0.9428381919786334,0.39942444815207273
1789059130179612700,41.05461279296875,-1.118930964204669,-0.182350955837965,-0.3322400501407683
1789059130189622500,41.06462255859375,-1.1099351723223925,-1.5047072280913592,-0.3009956563702784
1789059130199632600,41.07463256835938,-0.5490443335920572,0.13318389708697795,-1.237787645253539
1789059130209642800,41.08464282226562,1.3965899677217006,-0.7269111297532915,-0.0714517548658885
1789059130219652600,41.09465258789062,1.504915902405977,-0.4114119326636195,0.8758827438849955
1789059130229662700,41.10466284179687,0.7609761887013912,-0.5311766684681177,0.8304816135387867
1789059130239672600,41.11467260742187,0.30373686310350895,-0.5095291925445199,1.1564319158855825
1789059130249682700,41.1246826171875,-0.9325731108129024,1.076533545719087,-0.15690985978506505
1789059130259692500,41.134692626953125,-0.9954998148471117,0.3155018274381757,-0.16424338101092725
1789059130269701600,41.14470166015625,-1.4509674545973539,0.7341597857072949,0.970114248373732
1789059130279711700,41.15471166992187,-1.0203910949975252,0.37239421974420545,0.21341091468594967
1789059130289721600,41.1647216796875,0.6648620853364468,-1.0481959245070815,0.16986765063349157
1789059130299731700,41.174731689453125,1.5534855797857046,-1.453980957199633,0.6762900728017092
1789059130309741800,41.18474194335938,1.3434148423731327,-0.5403507395267486,-0.03430107336079236
1789059130319751700,41.19475170898438,1.8351719391226768,-0.97708591401726,-0.4065139314889908
1789059130329761800,41.20476171875,-2.2826409813344477,0.9746239078179001,-0.08295628729923628
1789059130339771600,41.21477172851562,-1.6710925530344247,0.11041326235234737,-0.26829481671378014
1789059130349781800,41.22478173828125,1.4965391192048787,-0.501859973090887,0.5550614019244909
1789059130359790600,41.23479052734375,3.0601620621234176,-0.9035583209916949,0.45729671834092583
1789059130369800400,41.24480053710938,3.063846888116002,-1.5539026361539958,0.1772253381862305
1789059130379810600,41.254810546875,-4.50046491484344,3.623268238815665,-0.1747070534886792
1789059130389820700,41.26482055664062,-7.768696311429142,7.369127084511518,0.010667944611888379
1789059130399830500,41.27483056640625,-0.498669068095088,-3.822340612351894,-0.3552315976170823
1789059130409840600,41.284840576171874,0.7073901444643735,1.0897241589426994,0.8061262668959795
1789059130419850500,41.2948505859375,4.713944583916664,-2.6055335035458205,0.798286293985322
1789059130429860600,41.304860595703126,2.906041175469756,-0.587012537458539,-0.26952304333448407
1789059130439870700,41.31487060546875,0.31446167073547837,0.5885331711545586,-0.02018108403231017
1789059130449880600,41.32488061523438,-2.526367320111394,2.134288741210103,0.9540913343336432
1789059130459889700,41.3348896484375,-2.676587692195177,0.878833629579842,0.4602687564216554
1789059130469899800,41.344899658203126,-1.3658628210246562,-0.021432664129137993,0.5475736034523695
1789059130479909600,41.35490966796875,1.2623176908761262,-2.28791512234509,0.6344224503438919
1789059130489919700,41.36491967773438,2.0424346333771943,-1.0997878723174332,0.1431550185411237
1789059130499929600,41.3749296875,0.6525204901576042,0.8550114399656653,0.39926622538305817
1789059130509939700,41.38493969726562,-0.5349889202326535,0.8194909215122461,0.3852788357585668
1789059130519949600,41.39494946289062,-1.9016677338153123,1.3204840486407279,0.08690105200279503
1789059130529959700,41.404959716796874,0.4177881896972656,-2.727569691413641,0.787097887429595
1789059130539969800,41.4149697265625,-0.6032938101738691,-0.678979750277102,0.4605766533270478
1789059130549978600,41.424978515625,0.7546469856798649,-0.7436947990328073,0.44069523722790177
1789059130559988700,41.43498876953125,1.0520049614012241,1.433563023070991,0.5075247208543121
1789059130569998800,41.444998779296874,1.003843280300498,0.7811117987573146,-0.25361325254635886
1789059130580008700,41.4550087890625,0.07516542336046696,0.019552841731905937,0.4750658915264532
1789059130590018800,41.465018798828126,-0.30386779600679875,-0.973799731953442,0.3427675085697323
1789059130600028700,41.475028564453126,0.11641279502809047,-1.285391692471504,0.07123453191863373
1789059130610038800,41.48503881835938,-0.2954641247987747,0.5951695404291153,0.7281428635053336
1789059130620048600,41.49504858398438,-0.5167629431903362,0.7389961198225617,-0.08362385696303098
1789059130630058500,41.50505859375,-0.9471136773407459,1.2131047471567988,-0.40834874570071694
1789059130640067600,41.515067626953126,0.5657844559907913,-2.3858067567765713,-0.5641154268000275
1789059130650077700,41.52507763671875,0.6931938613295555,-1.391880182595551,-1.155982199356705
1789059130660087600,41.53508764648438,-1.2505232081860302,6.106435884147882,0.7449934605412185
1789059130670097700,41.54509765625,5.102999431082606,-2.7257953752174973,0.5629083160325884
1789059130680107500,41.555107421875,2.7772897078722716,1.9275196756914257,-1.7307734070152043
1789059130690117600,41.56511767578125,3.4441432592868804,-2.5581682335197926,-1.1831043803643435
1789059130700127500,41.57512744140625,-0.6078524963915348,-1.9336860893666743,-2.3786231288827953
1789059130710137600,41.5851376953125,-4.018440107557177,0.9341840531408786,-1.2401191569410264
1789059130720148500,41.5951484375,-4.930857150048017,2.413286299854517,0.26719770565945655
1789059130730157600,41.605157470703126,-2.4253777196645734,0.7600672571629286,-0.6226325707636773
1789059130740167700,41.61516772460938,0.9845411984592676,-0.1946092566475272,-0.19988429270731284
1789059130750177500,41.62517749023438,2.9685774188816545,-0.9813970552146434,-0.4475440071441233
1789059130760187600,41.63518774414062,2.3689351169526573,-1.022998647147417,-1.5366424354039132
1789059130770197500,41.64519750976562,0.18321604823470114,-0.30829730288684365,-0.46720571607798334
1789059130780207600,41.65520751953125,-3.2237118713796136,1.1856208201646805,-0.37257114721368995
1789059130790217500,41.665217529296875,-3.5855116318732496,-0.6342088806584477,-0.023251440521515905
1789059130800227300,41.675227294921875,-2.565733700338006,-0.3919040991172194,0.1658153065027669
1789059130810237400,41.68523754882813,-1.1902578323155641,0.265407132448256,-0.10154434825275092
1789059130820246500,41.69524658203125,0.030422610792517662,1.2310320335134863,-0.4817311215693131
1789059130830256400,41.70525634765625,2.4164123229205607,-0.2914002363607287,-0.48489645373243834
1789059130840266500,41.7152666015625,3.2529806359618902,-0.9932821387976407,-0.9740122787255793
1789059130850276400,41.7252763671875,3.082794749692082,-1.3921853030219673,-0.8288213521763682
1789059130860286500,41.73528637695313,1.174631224116683,0.9514426464557647,-0.30405529966922473
1789059130870296600,41.74529663085937,0.3267787159949541,0.3816244049042463,-0.2245231142003089
1789059130880306400,41.75530639648437,-1.3766151011854408,1.1520075966373085,0.26667744464501736
1789059130890316500,41.76531665039062,-1.9037012854695319,0.707040600374341,0.33517990298494693
1789059130900326400,41.77532641601562,-3.0141321323543786,1.0780883739456533,-0.4780197728959843
1789059130910335500,41.78533544921875,-2.842593662431836,2.5439625980347396,0.10252611669856124
1789059130920345600,41.795345703125,-0.40936347570121284,0.8684908070027828,-0.21842074220459906
1789059130930355500,41.80535546875,0.73223875451684,0.3578045533776283,-0.2814066656127572
1789059130940365600,41.81536547851562,0.8450240066975354,-0.6713809657111763,-0.4478690378474071
1789059130950375700,41.825375732421875,-0.3436965330481529,0.24800445448756217,-0.28480478361845013
1789059130960385500,41.835385498046875,-0.6138941146433353,0.435148782081902,-0.17268057089606298
1789059130970395600,41.84539575195313,-0.9204670779556036,0.4972466340765357,0.03717752156296046
1789059130980405500,41.85540551757813,-1.252812195906043,1.0109235939502716,-0.026061913098674266
1789059130990415600,41.86541552734375,-0.3594125730961561,0.08682195888459682,-0.18316163290003312
1789059131000424700,41.8754248046875,0.16970424023270606,0.6874401201084256,0.05803938865037635
1789059131010434600,41.8854345703125,0.9365303240060806,0.0733969523832202,-0.014668600796215469
1789059131020444700,41.89544458007813,1.4401292497187852,-0.6688906102001667,-0.8201097109977156
1789059131030454500,41.90545458984375,2.7146657861769197,-1.5655588794171809,-0.187996597042121
1789059131040464400,41.91546435546875,3.7251018888711926,-1.4337971240878105,-0.10465407777111976
1789059131050474500,41.925474609375,1.3520523223370313,0.4330614544138312,0.11061183539805933
1789059131060484400,41.935484375,-1.0084680174916982,0.2517573772802949,0.09699585463553667
1789059131070494500,41.945494384765624,-2.7876673095017668,0.8835434147059917,-0.16507597764385862
1789059131080504300,41.95550439453125,-1.6920067462474107,-2.215461296030879,0.14725878233183173
1789059131090513400,41.96551342773437,-1.9775112025678157,-0.17974924890697003,-0.3068677815403789
1789059131100523500,41.9755234375,-0.5231254639595747,0.13542933792620895,0.1302859471557662
1789059131110533400,41.985533447265624,-0.1733539949119091,1.5202476193115115,-0.3969183470826596
1789059131120543500,41.99554345703125,0.5576391434580087,1.0405880798518656,-0.9816955267045646
1789059131130553600,42.0055537109375,0.5193085360199212,0.35484482678920026,-0.6341659182995557
1789059131140563500,42.0155634765625,1.7332798368781803,-0.8799991662278771,-0.7528162631213664
1789059131150573600,42.02557348632813,2.617063490080833,-0.08975479746609925,-1.2296052155807613
1789059131160583400,42.03558349609375,3.5341923635244368,0.6565647971123456,-0.9165356567908078
1789059131170593500,42.04559350585937,4.246626931896806,0.4977992995232343,-1.2055186759419738
1789059131180603400,42.05560327148437,3.561812776377797,1.3936603440105915,-0.46598256749119604
1789059131190612500,42.06561254882813,2.3386071987062693,0.7698062686279415,-0.23623631181512025
1789059131200622600,42.07562255859375,-0.08526186996102332,1.1189584367334842,-0.7678866987422108
1789059131210632400,42.08563256835937,-2.082497763696313,1.4716604062750935,-0.3385145638329908
1789059131220642600,42.095642578125,-3.580574759992957,0.7143506311267614,-0.8050718624722212
1789059131230652700,42.105652587890624,-5.40894578692913,0.38296471359729767,-0.8545655228290706
1789059131240662500,42.11566259765625,-6.396324839162826,1.0690648172736168,-0.28043118991041555
1789059131250672600,42.125672607421876,-4.743851061880588,-0.026904081277549265,-0.660684945782274
1789059131260682500,42.1356826171875,-3.4164509502410887,0.9684203770026564,-0.33264296838585283
1789059131270692600,42.14569262695313,-4.057381540369987,1.762421175688505,-0.35677199545949695
1789059131280701700,42.15570166015625,-6.633164341035485,3.3066096425577998,-0.8654234553214162
1789059131290711300,42.165711181640624,-5.806581999957561,1.6685241638511419,-0.40961449132021516
1789059131300721400,42.175721435546876,-1.1691934169769287,-0.8332391686186194,-0.7927671652376651
1789059131310731500,42.1857314453125,5.211060577350855,-3.856714298857748,-0.5377834463220089
1789059131320741400,42.19574145507813,10.581127475309371,-3.2849756106376646,1.167844998042658
1789059131332004600,42.207004638671876,10.583998646831512,-3.2917215777665376,1.1707209188051522
1789059131342013700,42.217013671875,8.312045063728094,-0.8006345376119017,0.7680329753451048
1789059131352023600,42.2270234375,4.882472766107321,1.4501675363913178,-0.4453398846959695
1789059131362033700,42.23703369140625,3.0068285313427445,0.3628954467758536,-0.33845812093801797
1789059131372043500,42.24704345703125,-0.6222258896589279,2.143785176090896,-0.03663719272473827
1789059131382053600,42.2570537109375,-3.1519477808952328,2.4752692932978273,0.004846344052627682
1789059131392063700,42.26706372070313,-4.338966777420044,2.135215500666201,0.0755510342777241
1789059131402073600,42.27707348632813,-2.4165111071199177,-0.101793902567029,0.7135570695962756
1789059131412083700,42.28708374023437,-0.9892664734154939,-0.9490098663508891,0.0502897243716754
1789059131422093600,42.29709350585937,-1.2857616948276758,1.448020587490499,-0.3200671991249546
1789059131432103700,42.307103759765624,-1.4030407512962817,1.8762810713633893,-0.4304091498067602
1789059131442112500,42.31711254882813,-3.2058003671139477,2.393256195999682,-0.6340623117946088
1789059131452122400,42.32712231445313,-4.72624175543189,0.9927116454333066,1.244358986467868
1789059131462132500,42.33713256835937,-4.86871019821465,0.6088081896811723,0.8713942002940922
1789059131472142300,42.34714233398437,-2.719913623702526,1.8370795263096689,1.7093210152722895
1789059131482152400,42.35715234375,2.3797692301779985,0.7462342543825506,1.6451880041882394
1789059131492162600,42.36716259765625,5.03751193664968,0.1275830083400011,0.567526586950384
1789059131502172400,42.37717236328125,4.623851640537381,-0.9463877011537551,0.36681755212303246
1789059131512182500,42.3871826171875,2.4801205327212807,-1.3691361436069012,-0.31354134102016684
1789059131522192400,42.3971923828125,0.6937813058286905,-0.8249290209129452,-0.082306372023141
1789059131532201500,42.407201416015624,1.7691998760432004,-1.8497791411459445,0.4720212996661663
1789059131542211600,42.417211669921876,2.888685551521182,-2.005714383745193,0.48400345041546966
1789059131552221400,42.427221435546876,3.0283196476608514,-2.5049761570364235,1.072796770343557
1789059131562231600,42.4372314453125,0.8095838600039482,-1.5679358376815915,0.16904347476903347
1789059131572241700,42.44724169921875,-2.278591998204589,0.10736118130534887,-0.5483814857691526
1789059131582251500,42.45725146484375,-3.233879629650712,-0.8864137094452976,-0.8360559065397828
1789059131592261600,42.46726171875,-1.617254579862952,-2.841627740009129,-0.9189832691386342
1789059131602271500,42.477271484375,1.3669389258235691,-3.5498920369595286,-0.16100344924163074
1789059131612280600,42.48728051757813,1.7155103714317081,-1.4662772519320248,0.053661027435678986
1789059131622290700,42.49729077148437,-0.8384335223913192,-0.1602221261382103,0.8930447449576109
1789059131632300500,42.50730053710937,-5.836348192667961,4.191412409675121,0.8176662633683532
1789059131642310700,42.517310546875,-5.082311447840929,0.5671399622529745,0.5873983584383502
1789059131652319500,42.52731958007813,-3.699696813979745,1.4844135048642753,-0.5128456966813654
1789059131662329300,42.53732934570313,-0.9977274277687073,3.3505747487515207,-0.1880527111435309
1789059131672339500,42.54733935546875,2.555304660782218,2.633468681436777,-0.3080451547566801
1789059131682349600,42.557349609375,3.6697348064363,3.102138624848425,-0.37407387992683794
1789059131692359400,42.567359375,2.2997791631400584,3.15334332690686,-0.34346261469442396
1789059131702369500,42.57736962890625,0.8966302752941846,2.330532321061194,0.19253553737970067
1789059131712378600,42.58737866210937,1.2273182736873627,0.032015432941913606,-0.1374801512424834
1789059131722387700,42.5973876953125,2.6769220387160777,-2.1645681441396474,-0.022782727031223474
1789059131732397800,42.60739770507813,3.2854707006782293,-3.546668983259797,-0.13486177630447782
1789059131742407700,42.61740771484375,1.3367699975311755,-1.4736051106020807,0.17268279938576742
1789059131752417800,42.62741772460937,-0.4158826483368873,-1.021635249839723,0.8299832355625927
1789059131762428000,42.637427978515625,-2.7021944271385667,0.21037439653426407,0.18759592555304988
1789059131772437800,42.647437744140625,-2.5063480299115177,-1.6141852554202079,-0.17875917842369526
1789059131782447900,42.65744775390625,-1.3300573481500149,-0.9601979075804352,-0.08966686345431953
1789059131792457700,42.66745776367188,0.8383060966193675,-0.30951281615644693,0.05942703448333777
1789059131802466800,42.677466796875,1.9611498503535985,1.0199953736782073,0.04604425055533647
1789059131812477000,42.687476806640625,1.301349140059948,1.6612243622317908,0.2468051251677796
1789059131822486800,42.69748681640625,-0.3610159166395664,0.6724705145135521,0.004104083451116457
1789059131832497000,42.70749682617188,-3.075889208087325,0.6177300395444035,0.026204372042976317
1789059131842507000,42.71750708007813,-4.69979740062058,0.6132581548273563,0.3513292198836803
1789059131852516600,42.7275166015625,-4.696464456805587,1.5298191652551292,-0.020661140900524334
1789059131862526700,42.73752661132813,-1.995271315664053,1.4888655158370732,0.3710745885130018
1789059131872536600,42.74753662109375,1.9427742357075213,0.31447248439043757,0.7100221004031598
1789059131882546700,42.75754663085937,3.639015843045711,-0.09290741627812385,-0.17774000971009954
1789059131892555800,42.7675556640625,3.085262601110339,-1.5173945679679512,-0.34351138573959467
1789059131902565600,42.77756567382813,0.34053076249361036,-1.1556839470624922,0.010392607402382417
1789059131912575700,42.78757568359375,-2.5837077484458684,-0.3725686995282769,-0.07012443351857364
1789059131922585600,42.79758569335937,-2.7447674944519993,-0.48319677367508407,0.47298521279487754
1789059131932595700,42.807595703125,-2.144186450368166,0.4416451583638787,0.15239177043926902
1789059131942605800,42.817605712890625,-1.8448773405790329,1.0460530672594903,-0.8135944108195602
1789059131952615700,42.82761572265625,-3.175720870670676,1.5193655757799744,-0.5465861267849803
1789059131962625800,42.83762573242188,-3.6357793453425167,0.6007134382918476,-0.4728208525460213
1789059131972635000,42.847634765625,-1.8313865753650664,-1.4284811897620557,-0.40707770285159345
1789059131982644700,42.857644775390625,1.517878259831667,-2.3098457991242407,1.0592614353355019
1789059131992654800,42.86765478515625,4.300687607908249,-1.6539435575738548,0.6469988041266799
1789059132002664700,42.87766479492188,5.719399391067028,-0.7431523627191782,-0.21033516050241885
1789059132012674800,42.8876748046875,6.2532794732749455,-0.7327759301334619,-0.0904883633045014
1789059132022685000,42.89768481445312,4.01707407990098,0.37883097479343414,-0.4029692080868408
1789059132032694800,42.90769482421875,2.706414675182104,-0.593702098225057,-0.11303935480592772
1789059132042705000,42.917704833984374,-1.427455061584711,2.8492791315451265,0.34704518588893113
1789059132052714800,42.92771484375,-6.655693568229675,4.607035822553932,-0.9298341873683035
1789059132062723800,42.93772387695312,-11.806019983154535,4.356640089015662,-1.4335773438572883
1789059132072734000,42.94773388671875,-10.032224011492728,1.5544570551663637,0.32432715812437235
1789059132082743800,42.957743896484374,-2.327180380284786,-2.396530395364761,0.5480101682387292
1789059132092754000,42.96775390625,5.776826913163066,-2.691808057680726,0.36229623877368866
1789059132102763800,42.977763671875,12.218527602100371,-2.1702190095081924,-0.5290208786737174
1789059132112773600,42.987773681640626,15.39931569303274,-1.571194839477539,-2.421367753370851
1789059132122783700,42.99778369140625,14.834128618413208,-1.8733079007714986,-2.2149363953739405
1789059132132793600,43.00779370117188,10.159273351347446,-0.16618775654435156,-1.1506155577570198
1789059132142802700,43.017802734375,-0.07531272287666797,2.6443095166638493,-1.3531908248476683
1789059132152812800,43.027812744140626,-10.413824450999497,3.787310800024867,-0.9865794993538409
1789059132162822700,43.03782275390625,-13.563526498794555,0.9720625328972935,-0.3969584598973393
1789059132172832800,43.04783276367188,-8.311670385196804,-3.568942482127249,-0.3997820294180885
1789059132182842600,43.05784252929688,-1.9539771822452543,-2.1291320890992878,-0.8815485145617276
1789059132192852700,43.06785278320312,0.20042554171085356,2.594368843191862,-1.6266089759245514
1789059132202862800,43.07786279296875,-0.5630810422509909,3.5488875360921024,-2.397570844328403
1789059132212872700,43.087872802734374,-2.442256958273053,2.3827488305106757,-1.0549203373912721
1789059132222882800,43.0978828125,-0.8298112399965524,-4.218681817133724,0.9368774569433181
1789059132232892000,43.10789184570312,-1.3464759835094213,-2.435624680651724,0.6054878496194258
1789059132242901800,43.11790185546875,-1.0125029720962047,0.403786844612658,0.8891668806109577
1789059132252911900,43.127911865234374,0.654443567174673,0.45090895353257654,0.2138350583821535
1789059132262921700,43.137921630859374,1.5017635758548975,-0.5809159741491079,-1.1185104007050395
1789059132272931800,43.147931884765626,1.2411153283715248,-2.4531051000237465,-0.6807615191273391
1789059132282941700,43.157941650390626,-0.20625030234158037,-1.3735346708267926,-0.40392691067047415
1789059132292951800,43.16795190429688,-1.6556149979174135,-0.6397358273863792,-0.39083354727625846
1789059132302962000,43.1779619140625,-1.9847680418282747,1.0385597888946532,0.32969456690903753
1789059132312970800,43.187970703125,-0.7643313443481922,1.549001420108974,0.20059708061916753
1789059132322980900,43.19798095703125,0.8265157055824994,1.303378307799995,0.012713570296391844
1789059132332991000,43.20799096679688,1.0659031383723019,2.9524434456825253,0.30347978306990114
1789059132343000600,43.21800048828125,0.35976854692697524,2.8671441663205623,-0.22909290633387863
1789059132353010700,43.2280107421875,-0.23333763123154638,2.3786890337258577,-0.5613089910771697
1789059132363020500,43.2380205078125,-0.3560018878698349,2.0924036561608315,0.06075252006659284
1789059132373030700,43.24803076171875,0.47072892176806924,0.7392018715277314,-0.22970641685603185
1789059132383040800,43.258040771484374,1.7721797686368226,-1.52454940815866,-0.37879703599121417
1789059132393050600,43.268050537109374,2.9720547396034003,-5.372352378547191,0.5115796953335404
1789059132403059700,43.27805981445312,1.547999841850996,-6.693534930846095,-0.2351057734152302
1789059132413069800,43.28806982421875,-2.988714782503247,-1.8689815620049832,-0.15732512605506926
1789059132423079700,43.29807958984375,-5.308696775716543,2.3956498131379482,-0.6173761846054345
1789059132433089800,43.30808984375,-4.053883176860213,4.849658876264095,-0.5991662453824654
1789059132443099600,43.318099609375,-0.3307043650060892,4.64169270991534,-0.08209003499187528
1789059132453109800,43.32810986328125,2.9407272889256477,3.158160664060712,0.03944232240649871
1789059132463120000,43.33811987304688,3.5441327427804468,2.7036940180465576,-0.03325289774842095
1789059132473129700,43.34812963867188,2.9589859991937875,1.5788614285826683,-0.0700602000427898
1789059132483138800,43.358138916015626,1.5552449906736612,-0.13396364928781984,0.22116883533634243
1789059132493149000,43.36814892578125,-0.5206663803696632,-0.9945067121565342,1.1872997131623326
1789059132503158800,43.37815869140625,-1.4427864862293005,-2.6189523725673554,1.2813105606377124
1789059132513169000,43.3881689453125,-1.2406640774726867,-3.163641141298413,0.5871237062154337
1789059132523178800,43.3981787109375,0.18807400965988635,-3.978181454665959,0.4460449276927858
1789059132533188900,43.40818896484375,0.3621054654419422,-2.6193366957098245,0.651803720190376
1789059132543198700,43.41819873046875,0.8013029383927583,-2.1854931510075923,0.6964048592653125
1789059132553208800,43.428208740234375,1.496370776900649,-1.204997136285901,1.6366951933920382
1789059132563218000,43.43821801757812,1.7277753942430019,-0.8967012947037816,1.3632975005812942
1789059132573227800,43.44822778320312,-0.19056641099750996,1.0119207882940768,0.6559170737933367
1789059132583238000,43.45823779296875,-0.8929273291230201,1.2077543260395527,0.5154514222003519
1789059132593247700,43.468247802734375,-0.6271072319597005,-0.7575143578097224,0.10739404239533469
1789059132603257600,43.478257568359375,-1.4653075301170349,0.6534177312582731,0.9733799721714108
1789059132613267700,43.48826782226563,-2.456329907289147,1.3222618719682098,0.6648731181871146
1789059132623277600,43.49827758789063,-2.3596716140449048,0.9568041734889149,0.2997062924131751
1789059132633286700,43.50828662109375,-1.4818728804707526,1.4892898787289857,0.09189485996840521
1789059132643296800,43.518296875,0.25984745249450203,0.7060831535190344,-0.7278393505141139
1789059132653306600,43.528306640625,1.3962258105844259,0.49837388454079623,-1.0074331214860082
1789059132663316700,43.53831665039063,0.8281412609577179,1.16755880151242,-1.629299968574196
1789059132673326800,43.54832690429687,-0.03896832081973552,1.6315309424966573,-1.1925707854330538
1789059132683336700,43.55833666992187,-0.7479770063966512,1.1648282075047491,-0.9895434637259691
1789059132693346800,43.56834692382812,-0.5462327833026647,-0.2725076121032238,-0.7693393817685544
1789059132703356700,43.57835668945312,-0.6757149032622576,0.31712562924772497,-0.6471954957425594
1789059132713365800,43.58836572265625,-0.13352876500189303,0.6112830553621054,-0.08595215378012508
1789059132723376400,43.59837646484375,-0.04245090223848819,1.0050842202723025,0.05226142630344256
1789059132733386200,43.60838623046875,0.37089082944393154,1.020398693782091,-0.14935915214456616
1789059132743396400,43.618396240234375,0.5766986487150192,0.14542320093512534,-0.7126613628655671
1789059132753406200,43.62840625,1.4146212989747524,-1.4912000962644814,-0.5734965282054618
1789059132763416300,43.63841625976563,2.054694395491481,-1.1791437331050634,-0.2864997144354507
1789059132773426200,43.64842626953125,1.4001339239388704,-0.7779796382114291,0.3165004465540871
1789059132783436300,43.65843627929687,-0.9108300655603409,1.888805621893704,1.4888907964088023
1789059132793445400,43.6684453125,-1.9246914665281771,0.6886676160767674,1.1966669687055052
1789059132803455200,43.67845532226563,-2.3951275428295133,0.7992872146561741,1.3081352930687367
1789059132813465300,43.68846533203125,0.290366509398818,-2.979472322383523,1.1642509921386837
1789059132823475500,43.69847534179687,0.3437742744594812,-0.6901265827134251,0.26117471904288975
1789059132833485300,43.7084853515625,1.6400012492001055,-0.9451879699751734,0.33813637817036357
1789059132843495400,43.718495361328124,1.2208616448938845,0.6760077487289905,0.15893394949119538
1789059132853505300,43.72850537109375,-0.10860942780077457,0.5624696323543786,0.7372875623390078
1789059132863515400,43.738515380859376,-1.3600713781416416,0.10271715489178895,0.968831588152051
1789059132873524200,43.74852416992187,-1.790079582464695,-0.14185674062520265,0.38256954026725143
1789059132883534000,43.7585341796875,-0.8940554563701152,-0.4020174968525767,0.18147220024205743
1789059132893544200,43.768544189453124,0.5440753130078315,-0.5323088873684406,0.002340242983214557
1789059132903554300,43.77855419921875,1.0285726478874684,-0.14709844067096708,-0.43152507515940813
1789059132913564200,43.788564208984376,0.987735026064515,0.0018520576074719428,0.16178608751930296
1789059132923574300,43.79857421875,0.0621095424324274,0.22741087153106926,-0.31905356510300187
1789059132933584100,43.80858422851563,-0.5236386741787195,0.5603527863308787,-0.49174851158428934
1789059132943593200,43.81859326171875,0.3521767766237259,-0.6592711334615945,0.2926903492365032
1789059132953603300,43.828603271484376,0.914886062952876,-0.2782505396693945,-0.4932174150930717
1789059132963613200,43.83861328125,1.287277360087633,-0.41273938187509773,-0.38429380677659064
1789059132973623300,43.84862329101563,1.4756453842580317,-0.9017106472983956,0.2862585260907188
1789059132983633200,43.85863305664063,-0.005582184046506881,-0.1443278069138527,-0.5226024629987776
1789059132993643300,43.86864331054687,-1.0333569595545529,-0.2418351182028651,0.0820402410333976
1789059133003653400,43.8786533203125,-2.0773270830601454,0.9628583589613438,0.44929081427883355
1789059133013662500,43.88866235351563,-2.709173033979535,0.24772008458822964,-0.8422047114931046
1789059133023672300,43.89867236328125,-1.4018272838532924,-0.027628011637926102,0.4849543944647535
1789059133033682400,43.90868237304687,0.34376375306546686,-0.09769903446882963,-0.3411012558579445
1789059133043692300,43.9186923828125,2.427583120754361,-0.5764683470904827,0.4562580594755709
1789059133053702400,43.928702392578124,3.3523154549390077,-0.1952905169099569,0.5351539746012538
1789059133063712300,43.938712158203124,2.08710964140594,-0.8701137320294976,0.06664115798007697
1789059133073722400,43.948722412109376,-0.3806114284694195,-0.628012656366825,0.4936243519261479
1789059133083732500,43.958732421875,-1.9688556024253367,-0.4214519729018211,0.4180586772017181
1789059133093741000,43.96874096679687,-2.5156045185565947,-0.04193184680044651,-0.017460326432064174
1789059133103751200,43.978751220703124,-1.5721540398985148,0.013023732224106788,0.30062691438943145
1789059133113761300,43.98876123046875,-0.5069803848445416,0.34640345391929145,1.1114165699865668
1789059133123771100,43.998771240234376,0.6920300782471894,0.06463526151776314,0.5026562380351126
1789059133133781200,44.00878125,1.6986445768266916,-0.6818520908430218,0.3167683767752722
1789059133143791000,44.018791015625,1.774426086258888,-0.7385887080654502,0.0374255848897621
1789059133153801200,44.02880126953125,1.7837375199615955,-1.9319681795328854,-0.04319401222337037
1789059133163810300,44.038810302734376,0.9541630113303661,-1.0018485993519424,0.6644890873055904
1789059133173820200,44.048820068359376,0.4061953670591116,0.3891039470046758,0.6735279146119951
1789059133183830300,44.05883032226563,1.154384554901719,-0.8324053481429815,0.28800087624602017
1789059133193840400,44.06884033203125,-0.3041244011163711,0.44850656856596466,1.0250924776215105
1789059133203850200,44.07885034179687,-1.7523270671755073,-0.24208792392015455,1.3439413504652677
1789059133213860400,44.0888603515625,-3.520342117348313,0.46766953419744967,1.0476751155033708
1789059133223870200,44.0988701171875,-3.185972800093889,1.881760964079201,1.203280249365419
1789059133233879300,44.10887939453125,0.06715396634042263,0.29309593436270953,1.226028818398714
1789059133243889400,44.11888940429687,2.375523847693205,0.38732232428491115,0.8583953833155333
1789059133253899300,44.12889916992187,3.2351784372895955,-0.4418626005068421,0.6434981025293469
1789059133263909400,44.138909423828125,1.8606518328160047,0.24040946931391954,0.8571387343179434
1789059133273919200,44.148919189453125,-0.659421355587244,0.8516036773487925,0.8798218368995934
1789059133283929300,44.158929443359376,-1.9333523273676632,0.6477388088390231,0.7999072462506592
1789059133293939500,44.168939453125,-2.7740958802670237,0.7661386860311031,1.407424227077514
1789059133303948300,44.1789482421875,-2.4963112045437095,0.014522738610208034,1.1904153609648347
1789059133313958100,44.188958251953125,-1.0194126053541899,0.26417671387046576,0.7326620214302092
1789059133323968300,44.19896826171875,1.453015034776926,-0.2701084420070052,0.3590131985150277
1789059133333978000,44.20897802734375,3.0877345441818234,-1.237961248254776,-1.0302753601521253
1789059133343988200,44.21898828125,3.80671984937191,-1.6237833971098063,-0.7049731464505196
1789059133353998000,44.228998046875,2.7398884902387857,-0.9834595407024025,-0.16216551529094575
1789059133364008200,44.23900830078125,-1.0653069260448216,1.274847209842503,-0.5676832753494382
1789059133374018300,44.24901831054687,-2.986051116251945,0.9354989351317285,0.3240774211470038
1789059133384027100,44.259027099609376,-3.331025414150953,1.1585516114532948,-0.44763475416749715
1789059133394037200,44.26903735351563,-1.1921090131402015,-0.6346098626747727,-1.1766511856369672
1789059133404047400,44.27904736328125,0.2486953593611717,-1.6605615144088863,-0.3608309519940987
1789059133414057200,44.28905712890625,-0.40456221289932726,1.0485109818056224,-0.11006857710052281
1789059133424067300,44.2990673828125,0.457515804451704,0.20860914042741058,-0.29134806778207417
1789059133434077200,44.3090771484375,0.37802433458566664,0.6425622829839587,-0.18916333926655352
1789059133444086300,44.31908618164063,-0.08079729176759719,-1.6810431614235042,-1.1142400299094617
1789059133454096400,44.32909643554687,0.16456512377858162,-0.29277649314999576,0.423090168562904
1789059133464106200,44.33910620117187,-0.21643384270370006,0.44409605864733454,1.1677888108760117
1789059133474116400,44.349116455078125,-0.05232990669608116,0.8500877198278903,1.188308013422042
1789059133484126200,44.359126220703125,0.21379238828420638,0.2655535551816225,0.1760975579990074
1789059133494136300,44.36913623046875,0.11943594224154948,0.5674737242519855,-1.6599762618668377
1789059133504146400,44.379146484375,-0.6762859811484814,0.8781149599164724,-0.9090084761563688
1789059133514156300,44.38915625,-1.5079758744984864,1.0771239128276706,-1.648737074971944
1789059133524165000,44.3991650390625,-0.665760495480895,0.218623461702466,-0.9953101374939084
1789059133534175200,44.40917529296875,1.4057289674669504,-0.39816783568710085,0.7603926897250115
1789059133544185000,44.41918505859375,2.3560768044233322,-1.4892919245555996,-0.2018058170881122
1789059133554195200,44.4291953125,1.75801037350893,-0.9656737086430192,-0.28151304859668014
1789059133564205000,44.439205078125,-0.49241409935355185,0.06777443632632493,-0.965335051273182
1789059133574215200,44.44921508789062,-1.3096943590790033,-0.5143009369909763,-1.2770321526661514
1789059133584225300,44.45922534179687,-1.764051407238841,0.9859405438631772,-0.3273147225677967
1789059133594234000,44.46923413085938,-0.9466519050478934,0.5494114133387804,0.6671645170599222
1789059133604244200,44.479244140625,0.11365560527443885,-0.042158933554589745,0.14485763947423547
1789059133614254300,44.48925439453125,1.292674835216999,-0.8805006860092282,1.011373895001039
1789059133624264200,44.49926416015625,2.0785931574732066,-1.182023672455549,1.0654417314056306
1789059133634274300,44.5092744140625,2.1216525469988583,-0.8793658367604017,0.4876416242547333
1789059133644284200,44.5192841796875,0.7160258708626032,-1.0303984020099044,1.0350080877624452
1789059133654293200,44.52929321289062,-0.8950216710537672,-0.3985392993479967,0.5458635481314733
1789059133664303400,44.53930346679687,-1.6843974402874706,-0.5191296723216772,0.3727368591694161
1789059133674313200,44.54931323242187,-1.3779817133635281,0.0736272540077567,0.7822228287391364
1789059133684323300,44.5593232421875,-0.8571353002518415,0.7749801641345023,0.06658219433445484
1789059133694333400,44.56933349609375,0.075333181142807,-0.16471242329478264,0.7362033472988754
1789059133704343300,44.57934326171875,-0.014848025041818617,0.25129443594366313,0.5545558635551482
1789059133714353400,44.589353515625,0.6884440364539622,-0.6754898623347282,0.46792438574135303
1789059133724362500,44.599362548828125,0.9523089078962802,-0.4639759403765201,0.5765430562945082
1789059133734372400,44.609372314453125,1.2543863133549689,-1.7034747734621165,0.3047909387337044
1789059133744382500,44.61938256835938,0.9712480016440153,-1.5896262759640811,1.1375259937550872
1789059133754392300,44.62939233398438,0.6144698687046766,-0.8853685843065381,0.21179178905151783
1789059133764402400,44.63940234375,0.632283757814765,-0.9670172322064637,-0.02579696028586477
1789059133774412300,44.64941235351562,-1.2971686395049093,1.5001479573518037,0.33995420471467075
1789059133784422400,44.65942236328125,-2.283963169848919,0.8625009189382195,0.7880816377699374
1789059133794431500,44.66943139648438,-1.5403227313518524,-0.48088031342625615,0.31080453646741807
1789059133804441300,44.67944140625,-0.5376952565819024,0.29712708957493306,0.4947449169212952
1789059133814451500,44.68945141601562,2.058866128218174,-1.133545180490613,0.6678804102443158
1789059133824461600,44.699461669921874,1.9409224703609942,-0.23471242671608925,0.13241170713808387
1789059133834471400,44.709471435546874,1.418200911027193,-0.6280255158483982,0.44093715622499585
1789059133844481500,44.7194814453125,-0.27274609703421593,-0.4340437434494495,0.3432657038828358
1789059133854491400,44.729491455078126,-1.3773597820729016,-0.1252040042489767,0.6831073516011238
1789059133864500200,44.73950024414062,-1.2968980058699846,-0.2666369665041566,0.9315846842974423
1789059133874510300,44.74951025390625,-1.237502398571372,0.3668333707466721,0.5787605496808886
1789059133884520200,44.759520263671874,-0.020471710142493247,-0.4325722095921635,0.8037671365492045
1789059133894530300,44.7695302734375,1.33610890327394,-0.5603866886004806,0.5958843741675839
1789059133904540400,44.77954052734375,1.5119465316951275,-0.4183101677447557,0.0007836611909791827
1789059133914550300,44.78955029296875,1.180199964159727,-0.16306991678476332,-0.24253464477434752
1789059133924560400,44.79956030273438,1.7910194936633108,-1.4282520571812987,0.12972513493523
1789059133934569500,44.809569580078126,0.16369126355350017,-0.11437398267686366,-0.08793222168143838
1789059133944579300,44.819579345703126,-2.457824529761076,1.2972986956253647,0.009473528929241
1789059133954589400,44.82958935546875,-1.6833043843537567,-0.3728197516798973,-0.3379385540433228
1789059133964599300,44.83959936523438,-0.8580360484838485,0.6346066478043795,-0.5684183846909553
1789059133974609400,44.849609375,2.2365888397336007,-2.6050828371688723,-0.48805572148095816
1789059133984619300,44.85961938476562,1.501238675197959,-0.4094394635468721,-0.9203998579382896
1789059133994628400,44.86962841796875,1.430816062450409,-0.48592502959519623,-1.04569460921064
1789059134004638500,44.87963842773438,-0.2840805609971285,1.6993416191801427,-1.1294392064765095
1789059134014648300,44.8896484375,-1.3293050684779881,0.7243971011057496,-0.7956278153657913
1789059134024658400,44.89965844726562,-1.9867863959133625,0.8275468021959066,-1.2492287844613195
1789059134034668500,44.90966845703125,-0.44496611948013304,-1.1659823459759353,-1.0047884521961212
1789059134044678400,44.919678466796874,0.5349094252556562,-0.4877010993570089,-0.6293556684736162
1789059134054688500,44.9296884765625,0.9209516466021537,-0.008932955779135226,-0.6738593385234475
1789059134064697600,44.93969750976562,0.03963116864264011,0.7480451031967997,-0.28828162941616026
1789059134074707500,44.94970751953125,-1.4094675694733858,1.3256792791962624,0.37551289975401014
1789059134084717600,44.959717529296874,-1.063392616856098,0.4951818105012178,-0.2610047693034634
1789059134094727200,44.96972705078125,-0.04538052594959736,-0.3032005642697215,-0.2550260602200404
1789059134104737300,44.9797373046875,1.1309943269640206,-0.6832602040752768,-0.1370356406116858
1789059134114747400,44.989747314453126,2.259703173339367,-0.9987959337830543,0.48725079830624163
1789059134124757200,44.99975732421875,2.0857675791472197,-0.5740747299522161,0.7441679695025086
1789059134134766300,45.009766357421874,0.49976270855069155,-0.21441870348900555,0.3724202309682965
1789059134144776400,45.0197763671875,-0.9870102189213037,-0.04487988295108079,0.11861516391057521
1789059134154786300,45.029786376953126,-2.2279314860254527,1.036428622084856,0.011900463815219699
1789059134164796400,45.03979638671875,-1.3775748861283064,-0.19527239673137664,-0.17564225197955965
1789059134174806300,45.04980615234375,-1.1684838074028492,0.8258598720222711,0.24521760024800895
1789059134184816400,45.05981640625,0.1371247436672449,-0.10215075318068265,0.6593323621295392
1789059134194826200,45.069826171875,0.2186579484939575,0.2622650350302458,0.16485698286462575
1789059134204835300,45.07983544921875,0.9888725056618451,-0.6460583084061742,0.30340014196243137
1789059134214845400,45.08984545898438,1.4896382537752388,-1.0066901941642166,0.31816669926587493
1789059134224855300,45.09985522460938,0.6739467245459556,-0.39889293509125706,0.10367158780610189
1789059134234865400,45.10986547851562,-0.0909270561158657,0.34658787057548757,0.4301997083071619
1789059134244875500,45.11987548828125,-0.5406318945556878,0.317614289547503,0.0976488751841709
1789059134254885400,45.129885498046875,-1.4228361696124077,0.7722329112529754,0.323012495329231
1789059134264894500,45.13989453125,-1.236398236721754,0.3304997823446989,0.7232557490509003
1789059134274904600,45.14990454101562,-0.4098451217383146,-0.05923866317123174,0.47708508586175735
1789059134284914400,45.15991455078125,1.1810364149838686,0.04700725036859512,-0.010160068154986946
1789059134294924500,45.169924560546875,2.6179057861238717,-0.9840104525834321,0.25108431859062985
1789059134304934400,45.179934326171875,1.8371902932077646,-0.31890228353142736,0.242796474048309
1789059134314944500,45.18994458007813,0.17878946396410464,0.22678426406532526,0.28241344976881516
1789059134324953300,45.19995336914062,-0.9855547594159841,-0.005108721315860748,-0.1652531060427427
1789059134334963200,45.20996313476562,-1.6905635617017745,-0.4066597697004676,-0.5194547395575791
1789059134344973300,45.219973388671875,-2.444250762438774,0.2719318580418825,-0.09697397159729153
1789059134354983400,45.2299833984375,-1.071324578899145,-1.0174284457996488,0.1520596798075363
1789059134364993300,45.2399931640625,-0.2527513567537069,1.133795063598454,0.022510869553592053
1789059134375003400,45.25000341796875,2.594249016204476,-0.5356824554547667,0.1494926605974324
1789059134385013200,45.26001318359375,2.614315068155527,-0.48219724124372004,-0.22785187503052873
1789059134395022300,45.270022216796875,1.1208207234740257,-0.5807715972423553,-0.543783307791315
1789059134405032400,45.28003247070313,-0.3123158908784389,-1.047320310716331,-0.2508194936419837
1789059134415042300,45.29004223632813,-1.1853051783442496,-0.438259607578814,-0.05285109929228201
1789059134425052400,45.30005249023438,-1.7705477835208177,0.47119478571414947,-0.8719801104232668
1789059134435062500,45.3100625,-1.2868833923339842,0.6279983355805278,0.17079053763207047
1789059134445072400,45.320072265625,0.030208091259002683,-0.334000191681087,-0.018978256714344024
1789059134455082500,45.33008251953125,0.8940373361915349,-0.06608341449946165,-0.06307449674075469
1789059134465091600,45.34009155273438,1.2591273704022168,-0.10366963331103324,-0.4917235232735052
1789059134475101400,45.35010131835938,1.8860732743203639,-1.292044428358972,-0.9219422650747001
1789059134485111600,45.36011157226562,2.5751883419036865,-1.4360776362404226,-0.4653886932512745
1789059134495121400,45.37012133789062,0.8390203823685646,-0.7347150815024972,-0.5096709025701508
1789059134505131500,45.380131591796875,-2.024790255615115,0.4464052123725414,-0.2488870094757527
1789059134515141400,45.390141357421875,-2.870102431604266,-0.09867343245893716,-0.5206271808704361
1789059134525150200,45.40015014648438,-2.3460434861868618,0.7664280243664979,-0.7116077621594071
1789059134535160300,45.41016040039062,1.2173299636363983,-2.628095463965833,0.4084889944216236
1789059134545170400,45.42017041015625,0.9612439095020293,0.9272653597936034,0.0871284949499648
1789059134555180300,45.43018017578125,1.9317367088645696,0.33836715471893547,0.04822575017972849
1789059134565190400,45.4401904296875,1.0141104072928429,1.0554349358499049,-0.5938674448546022
1789059134575200300,45.4502001953125,0.018762568137049674,0.7049784071475267,-0.6380672365870327
1789059134585210400,45.46021044921875,-1.0762579436481,0.3284180076345801,-0.3256588451195508
1789059134595219500,45.470219482421875,-1.276143387132883,0.37911972860693927,0.009987666163570247
1789059134605229300,45.480229248046875,-0.5574164406180382,0.2665980957984924,0.022714538899529724
1789059134615239400,45.49023950195313,-0.3018389205276966,0.7084060435086489,0.16824987670592964
1789059134625249300,45.50024926757813,0.25477380249202247,0.16417378637343644,-0.019296172690251842
1789059134635259400,45.51025927734375,-0.6130220079839229,0.6740285576105117,-0.12167913632476701
1789059134645269500,45.52026953125,-0.7555144161641597,0.3739870418936014,0.04049269910911098
1789059134655278300,45.5302783203125,-0.7760404868423938,0.36053280929774045,-0.5246847856981679
1789059134665288400,45.54028833007813,0.2316167987883091,0.11765841117501258,0.08603542074994183
1789059134675298600,45.55029858398437,1.4001871154308319,-0.0879836961403489,-0.13376292081763966
1789059134685308400,45.56030834960937,1.5765607504248618,-0.6446104476854205,-0.12940072528645397
1789059134695318500,45.570318603515624,0.10128361495733261,-0.028684534953534603,-0.13791750148013232
1789059134705328400,45.580328369140624,-1.2172849554508924,0.06717705495506525,-0.9549308538977056
1789059134715337200,45.59033715820313,-2.0909429359585046,0.5647749866873025,-0.5337970800995826
1789059134725346800,45.60034692382813,-1.400067288443446,-0.3029845834314823,-0.2429412345475517
1789059134735357000,45.61035693359375,-0.1612847869336605,0.14398527708649633,-0.015713190503790973
1789059134745366800,45.62036669921875,1.1795815400004386,0.20269260986000298,-0.27016110377600416
1789059134755377000,45.630376953125,2.3249457531005144,-0.7267132690936327,-0.5059891087848692
1789059134765386800,45.64038671875,1.5728642339944838,-0.3660957041218877,-0.22569571990994736
1789059134775396900,45.65039697265625,0.4978834706753492,-0.6487471090987325,-0.4600685942070558
1789059134785406000,45.66040600585937,-1.2620020490556954,-0.17536971864849327,-0.4615700482785701
1789059134795415800,45.67041577148437,-1.9366893628358839,0.19702596240043638,-0.21737172634201124
1789059134805426000,45.680426025390624,-1.6859323947697877,0.8938605183199048,0.10674142370549962
1789059134815435800,45.690435791015624,-0.5288982021421194,-0.13269582130908966,0.46254064687639473
1789059134825445600,45.700445556640624,-0.31124738486409187,0.670348407793045,0.16826934859137982
1789059134835455700,45.710455810546875,1.042549735313654,-0.3646107262611389,-0.04084971411954611
1789059134845464800,45.72046484375,1.7193594480752943,-1.1072843655526636,-0.42764710121490057
1789059134855474700,45.730474609375,1.1759966672509907,-0.8190352866992354,0.09869838423710316
1789059134865484800,45.74048486328125,-0.07348726101517677,0.5434817310288548,0.3609355448797345
1789059134875494700,45.75049462890625,-1.0464613557994364,1.402846397767961,0.24126042358744887
1789059134885504800,45.7605048828125,-0.39215865840017794,-0.0921361396446824,0.13819767012838274
1789059134895514600,45.7705146484375,-0.8332786238461732,0.20522417416423558,-0.31155995794460173
1789059134905523700,45.780523681640624,-1.6961656194925308,0.3748728848174214,0.28170117331361394
1789059134915533800,45.790533935546875,-1.5514748244851826,0.5211418889269233,-0.3797160139996558
1789059134925543700,45.800543701171875,-0.37364977276325223,0.7107999529078602,-0.28218744072690605
1789059134935553800,45.8105537109375,1.0545651672780514,-0.04938187054544687,-0.1800566160893999
1789059134945564000,45.82056396484375,1.045930609923601,0.5294689877673984,-0.43505953289587046
1789059134955573800,45.83057373046875,1.4667121362179516,-0.868382378192246,-0.2642984040213749
1789059134965584000,45.840583984375,0.8206763319045305,-0.2658870249196887,-0.19437400485323741
1789059134975593000,45.85059301757813,0.2287538105726242,0.15062690705806017,-0.4288326577376574
1789059134985602800,45.86060278320313,-0.7192588614344596,1.1148007325321436,-0.3425974126998335
1789059134995613000,45.87061303710937,-1.4775053329110144,1.0780819442048668,0.3038668826913461
1789059135005622800,45.88062280273437,-1.2190548877328633,-0.2217012617126107,-0.2471721683818847
1789059135015633000,45.8906328125,-0.8995026158601045,0.22780717737227676,-0.19383845493812113
1789059135025642800,45.900642822265624,1.1409236003041268,-0.6276356397479772,0.02603591100773774
1789059135035651600,45.91065161132813,3.276732682949304,-1.2462667197853325,-0.14888395411456004
1789059135045661700,45.92066162109375,3.0175825650691985,-1.1786518579348921,0.017648889540415255
1789059135055671800,45.930671875,-0.6675251670658588,1.0849699501529335,-0.14782622522255404
1789059135065681700,45.940681640625,-2.6574054373413323,1.2483002714395521,0.276740354302153
1789059135075691800,45.95069189453125,-2.1464327679902313,-0.3969961615592241,0.12040353603153489
1789059135085701600,45.96070166015625,-0.4058575134068727,-1.2603016748785971,0.41514078046102076
1789059135095710700,45.97071069335937,1.3603729914367197,-2.390012684033811,0.12891994689903222
1789059135105720800,45.980720947265624,0.6586719985246658,0.2809764575019479,-0.08803182786470279
1789059135115730700,45.990730712890624,1.1512135236501693,0.3203615424290299,-0.0755694010514766
1789059135125740800,46.00074072265625,0.025727146452665328,0.6784563109248876,-0.6009698972709476
1789059135135750700,46.010750732421876,-0.9197475315093994,-0.14335954640358686,-1.3150444879353045
1789059135145760800,46.0207607421875,-1.1599170545876025,-0.5209764692321419,-1.0622611286081374
1789059135155771000,46.03077099609375,-0.47146892648041244,-0.7381450559511781,-0.8279607167590409
1789059135165779700,46.04077978515625,0.37152211308479305,-0.8265759113371371,-0.7730082064744085
1789059135175789800,46.050789794921876,0.4985451494544744,-0.14052666106522083,-0.726313456121087
1789059135185800000,46.06080004882813,0.3101718645870685,-0.07714081508666276,-1.12543092068322
1789059135195809800,46.07080981445313,-0.5824819082915783,0.5257888379499316,-0.825879964962229
1789059135205820000,46.08081982421875,-0.21066110452115536,0.05303513235598802,-0.8928922578096389
1789059135215829800,46.09082983398437,-0.4350456139683723,0.7682374118760228,-1.3797981151357293
1789059135225838600,46.100838623046876,0.5842927571058273,0.12539338934123515,-0.7288273386381566
1789059135235848700,46.1108486328125,1.1955021627098321,-0.528339399215579,-0.7028194755479693
1789059135245858600,46.12085864257813,0.6516840393334626,-0.6857637113288044,-0.34823505326062437
1789059135255868700,46.13086865234375,-0.6088847620487213,0.05132803617715835,-0.7493197993077337
1789059135265878800,46.14087866210937,-2.074160727983713,1.4699749374061821,-0.681225191116333
1789059135275888600,46.150888671875,-2.0418921970635653,1.338577923735976,-0.4396432439569384
1789059135285897700,46.16089770507813,-1.3146306464374065,0.6134869951471686,-0.7521317879885435
1789059135295907800,46.17090795898437,0.48698798265159127,0.440762530310452,-0.26962770928535607
1789059135305917700,46.18091772460937,1.8866759163886309,0.005114858795702457,-0.30611327337864785
1789059135315927800,46.190927734375,2.427758477321267,0.02561111885756254,-0.32948680590987206
1789059135325937700,46.200937744140624,1.9232377605885267,-0.8488824356913566,-0.6323699017282575
1789059135335947800,46.21094775390625,-1.1539905871480702,0.0412546781912446,-0.8844357604358345
1789059135345956900,46.22095678710937,-3.08951324429214,0.3706999830469489,-1.03540000968948
1789059135355966700,46.230966796875,-2.6156957088589667,0.5284256161943077,-1.2340247855886817
1789059135365976800,46.240976806640624,-1.0258604663193225,0.482020131111145,-0.4534874987836927
1789059135375986700,46.250986572265624,-0.12479776153564452,0.38850510432869195,-0.8027076906241476
1789059135385996800,46.260996826171876,0.37215047411620616,0.627087650476396,-0.6104715563161298
1789059135396007000,46.2710068359375,1.240984395468235,0.030936113272607323,-0.39849319518394766
1789059135406016000,46.28101611328125,2.2014257564157247,-1.0193290187239645,-0.3489508733797818
1789059135416025900,46.29102587890625,2.1573411154955626,-1.883288612037897,-0.032328152152895924
1789059135426036000,46.301035888671876,0.15018120911717414,0.49875353150814766,-0.2721388883886859
1789059135436045800,46.3110458984375,-0.8332552429705857,0.1407546246021986,-0.5410631621124222
1789059135446055700,46.3210556640625,-1.9500994640290736,0.44646483360528944,0.15955341483009977
1789059135456065500,46.3310654296875,-3.0358611490815877,0.8811749320089817,1.0017730498977004
1789059135466074600,46.34107470703125,-1.5969424441963433,-0.5133218628257513,0.9094016401924192
1789059135476084700,46.351084716796876,0.1846387745141983,-0.08025310188829898,1.2316951735973358
1789059135486094600,46.361094482421876,2.408862053671479,0.37093466858565805,1.0628375402566046
1789059135496104700,46.37110473632813,2.1840438289821145,1.1480553518801926,-0.20571394870886578
1789059135506114800,46.38111474609375,1.492853124168515,0.4126864826440811,0.1329155650069937
1789059135516124700,46.39112475585937,-0.24033786538243293,-0.2602376208558678,-0.03302892083339393
1789059135526133800,46.4011337890625,-1.2507581859856842,-0.7981617177575826,0.18541081833261996
1789059135536144000,46.41114379882813,-1.3150246141910553,-0.14690379488170147,0.4384863290067762
1789059135546153700,46.42115380859375,-1.582740900364518,1.1295441281557081,0.3403680462125689
1789059135556163800,46.43116381835937,-0.9994868386566639,0.8734449222788214,0.4933971190415323
1789059135566173700,46.44117358398437,0.4017676137447357,0.31305121941566466,0.2059260936222039
1789059135576183800,46.451183837890625,1.7941566226452588,0.012011340311169624,0.14180538489730096
1789059135586194000,46.46119384765625,2.339418515089154,-0.8052125130519271,-0.24186646318919955
1789059135596202800,46.47120263671875,1.8806693694502115,-0.5007715933322906,-0.008132297787582501
1789059135606212900,46.481212890625,-0.22423837897479532,-0.14365385317504406,0.24747876837933436
1789059135616223000,46.491222900390625,-3.085829587343335,1.5053648152172565,0.3181775494534522
1789059135626232800,46.50123291015625,-2.9724288336127995,0.45468291911333797,0.38190756922718133
1789059135636243000,46.51124291992188,-1.7616385008782147,0.9654121350973844,0.23694389382889494
1789059135646252800,46.52125268554688,0.8766033863097429,-1.1560028037533163,0.9341092343389987
1789059135656261600,46.53126171875,2.640328045812249,-2.1025132545039056,0.715958577780053
1789059135666271700,46.541271728515625,1.8563117577850818,-0.21448270863592622,0.2988042107406072
1789059135676281600,46.551281494140625,0.6708657096654176,0.606298544947803,0.3530722276261076
1789059135686291700,46.56129174804688,-1.4198469246685503,1.399513746213913,0.137204147312697
1789059135696301800,46.5713017578125,-1.9836872608542442,0.9192588712096214,-0.35216647442542015
1789059135706311700,46.58131176757813,-0.5923357783079147,-0.8463231065973639,0.05952130233778152
1789059135716320800,46.59132080078125,0.9227759394198656,-1.4033078777998684,-0.3733707731587812
1789059135726331400,46.60133129882813,0.5054080209612846,0.02632832721620798,0.12170871861227787
1789059135736341500,46.61134155273437,-0.41919571840763087,1.007017526422441,-0.2626620349911973
1789059135746351400,46.62135131835937,-0.4152349980831146,0.24638152946084738,-0.7102704491410404
1789059135756361500,46.631361572265625,-0.2526946581304073,-0.28580343926697965,-0.9416878528997301
1789059135766371600,46.64137158203125,0.6693330932706594,-1.0802522739812732,-1.0815694940596818
1789059135776380400,46.65138037109375,0.8217600354880094,-0.1733256456002593,-0.44048031583558767
1789059135786390500,46.661390625,1.0846972706913947,0.35082302392721176,-0.8089731076944618
1789059135796400600,46.671400634765625,0.7131324875086545,0.3225879863068461,-0.6394247886758297
1789059135806410500,46.681410400390625,-0.6370160470336675,-0.8410705928966402,-1.77686588062644
1789059135816420400,46.69142041015625,-0.8070996419727802,-1.247582770819962,-0.7417026753675192
1789059135826430200,46.70143017578125,-1.608504287174344,0.9327867535635829,-0.6333686304420233
1789059135836439300,46.71143920898437,-0.39403906531929966,0.1578822850137949,-0.2868350473370403
1789059135846449400,46.721449462890625,-0.22001579284369943,0.7442699685722589,0.0636460678173229
1789059135856459300,46.731459228515625,0.5226309584408998,-0.12164718855023383,0.25912397879185156
1789059135866469400,46.74146948242188,0.9439911614060401,-0.4988716049298644,-0.13807685676030815
1789059135876479500,46.7514794921875,1.0285592038840055,-0.42831513666957616,-0.4507798107275739
1789059135886489300,46.7614892578125,0.7917004127889871,-0.9824994634985923,-0.8649689164869486
1789059135896498400,46.77149853515625,-0.33716800806224345,-0.19775076954364776,-0.5363838451897726
1789059135906508500,46.78150854492188,-0.3016869448363781,-0.7237178866699338,0.046344877469725904
1789059135916518400,46.79151831054688,-0.43378363120853897,0.325626331089437,-0.2749032202691771
1789059135926528500,46.80152856445312,-0.8012474088132381,0.7723255579724907,-0.02081175803510705
1789059135936538400,46.81153833007812,-1.2251713247865437,0.8395499592006206,0.1729753343252465
1789059135946548500,46.821548583984374,-0.7629302453786134,0.4129018789604306,-0.044274893662100655
1789059135956557600,46.8315576171875,0.612693506681919,-0.024148645089566705,-0.0041297179325832985
1789059135966567400,46.8415673828125,1.2959504958868027,-0.66914546174407,-0.30784163154121486
1789059135976577500,46.85157763671875,1.0704039569228887,-0.7199927286669612,0.009928809832513798
1789059135986587600,46.861587646484374,-0.6145236447185277,1.282441610494256,0.05111538894032128
1789059135996597500,46.871597412109374,-0.6712877344697713,0.8121160088300704,-0.14953912095450794
1789059136006607600,46.881607666015626,0.07513502822220325,-0.07683131074607372,-0.011081564630789216
1789059136016616400,46.89161645507812,-1.1189712962150573,0.40453064871728417,0.38177638059556485
1789059136026626300,46.90162622070312,-1.7119675842583177,0.4901368020713329,0.018352592246804852
1789059136036636400,46.911636474609374,-1.0181646511197089,1.2262810395941137,0.23069487990410997
1789059136046646300,46.921646240234374,0.8360650396943092,0.435471438165009,0.33925968311186877
1789059136056656400,46.931656494140626,1.9072510869055985,-0.2585805012986064,-0.11000480028246529
1789059136066666200,46.941666259765626,0.8424135319381951,0.3445484737023711,0.11612118253721855
1789059136076675300,46.95167529296875,-0.03406593573093414,0.08000906399935484,0.25527143154954535
1789059136086685400,46.961685546875,-1.015696799701452,-0.04571282664388418,0.34030791352316736
1789059136096695300,46.9716953125,-1.0527630862921475,0.18551468056589365,0.351655931087397
1789059136106705400,46.981705322265626,-0.8444459145486354,0.2776028894156217,1.0771697977960109
1789059136116715500,46.99171557617188,-0.46247313459813594,-0.01975479404479265,1.0287835141591728
1789059136126725400,47.00172534179688,0.0736819068044424,-0.15672113227993248,0.2442366446529515
1789059136136734500,47.011734375,0.5247282229810953,-0.09027122255563735,0.3273631648194045
1789059136146744600,47.02174462890625,1.7919751869529486,-0.1538061216160655,-0.014863994362507946
1789059136156754400,47.03175439453125,2.452635728946328,-0.5236982954114675,-0.12336133552435785
1789059136166764500,47.0417646484375,1.0455115077286958,-0.490075135011971,0.1824766280442476
1789059136176774400,47.0517744140625,-2.061532717078924,0.8111044936999678,0.17003454989930614
1789059136186784500,47.06178442382812,-2.344866259101033,-0.3367813468322158,0.07795978505304083
1789059136196793300,47.07179345703125,-1.2089707160919905,-0.06756196261942386,0.6960768694199622
1789059136206803200,47.08180322265625,0.07386836928725242,-0.16412994723170996,0.46882454945147034
1789059136216813300,47.09181323242188,1.8050304833590984,-1.4347130698889492,-0.039964574448624626
1789059136226823400,47.10182348632812,1.478703602784872,0.8876669243767857,0.5227009184045717
1789059136236833300,47.11183325195312,1.7690104909509419,-0.14172113154679536,-0.4636198204152286
1789059136246843400,47.121843505859374,-1.0037912578523158,0.7053656528994441,-1.7543005592055618
1789059136256852500,47.1318525390625,-1.554614876076579,-0.0825026343807578,-0.17294910390544682
1789059136266862300,47.1418623046875,-1.2980541901677847,0.8127630745619535,0.007918358209379948
1789059136276872400,47.15187255859375,-0.5696615896850824,0.3705906774535775,0.34863439130913465
1789059136286882300,47.16188232421875,0.5086246449202299,-0.39361908634155984,0.5359180177763104
1789059136296892400,47.171892333984374,0.0007207154899835586,0.8284390748605132,-1.4844761948369443
1789059136306902500,47.181902587890626,-0.5288029250741004,0.6086480306833982,-1.8531942102864383
1789059136316911400,47.19191137695312,-1.4974883827537298,1.43611972181648,-1.3184196634568273
1789059136326921500,47.20192138671875,-1.032675991553068,0.4060550818055868,-0.9036134121797978
1789059136336931600,47.211931640625,0.11986848843991756,-0.23169337115585803,0.1899059743274003
1789059136346941400,47.22194140625,1.591644922310114,-0.047050504988431927,1.0076842467028646
1789059136356951600,47.23195166015625,1.8128689218997953,0.31507308063209055,-0.19854997536363078
1789059136366961400,47.24196142578125,1.4574223298251627,-0.8986088818907737,-0.4670364239256829
1789059136376970500,47.251970458984374,-0.3953746978372335,-0.019841303284466264,-0.40633919597659257
1789059136386980600,47.261980712890626,-1.770349630600214,0.2647305483609438,-0.5005014346214011
1789059136396990500,47.271990478515626,-2.2471447205394504,1.276171151922643,-0.00025734946166630835
1789059136407000600,47.28200048828125,-0.9400409624755381,-0.2819271823555231,0.14901840328234248
1789059136417010400,47.29201049804688,0.19742752893865106,0.20684066945016383,0.35366679598577316
1789059136427020500,47.3020205078125,1.3692244064122439,-0.2810287722110748,0.3296133183663711
1789059136437029400,47.312029296875,1.3767670768767595,-0.10810177053958177,0.12429485351480543
1789059136447039500,47.32203955078125,1.0895119774967432,-0.11030804841220378,0.22058171963077036
1789059136457049300,47.33204931640625,0.24077684132158755,-0.833570008008182,0.16919157800283283
1789059136467059500,47.3420595703125,-0.6816986538469791,-1.1584811765655874,0.04569432287281379
1789059136477069300,47.3520693359375,-0.6124059219121932,-1.0019003295391797,0.10761133840782568
1789059136487078400,47.362078369140626,-1.6580770041167736,1.4382564415842294,-0.06069289883384481
1789059136497088500,47.37208862304688,-0.4099690403789282,-0.4823582770243287,0.25098821953870354
1789059136507098400,47.38209838867188,-0.3156798143535852,0.6765536921739578,-0.1075289025550708
1789059136517108500,47.3921083984375,1.2820423820436,-0.7941030900165438,-0.24953772846944627
1789059136527118300,47.40211840820312,2.139115138453245,-0.36991876954138275,-0.020749316940899005
1789059136537128400,47.41212841796875,1.9187100540310142,-0.8158063877806067,-0.09878286591647192
1789059136547137500,47.42213745117188,0.15061258627176283,-0.6145581315100193,-0.011726732949819416
1789059136557147400,47.4321474609375,-1.5356161610960959,0.5471656802386046,-0.03601542126431595
1789059136567157500,47.44215747070312,-1.1336766979157924,-0.5644540841698646,-0.22902727548545226
1789059136577167600,47.452167724609374,-0.8142278864175081,-0.4683531325474381,-0.12696126884561962
1789059136587177500,47.462177490234374,-1.5484271273523569,0.6700304278850555,0.6493161411583424
1789059136597187600,47.4721875,-1.090228601333499,-0.3094552407503128,0.4418303056724369
1789059136607196400,47.48219653320312,0.18119009536504743,0.4405857124388218,0.20851901445854454
1789059136617206300,47.49220629882812,2.3840993683367966,-0.7063420967161655,0.26404419179828836
1789059136627216400,47.50221630859375,1.7429045743137597,0.7272144966140389,-0.31376327667515724
1789059136637226200,47.512226318359374,0.576478868484497,0.05999883388876914,-0.3264753491342067
1789059136647236400,47.522236328125,-1.0529553939938545,0.0679591452434659,-0.0447985796094872
1789059136657246500,47.53224658203125,-1.285837682673335,-0.4448708424121141,0.2685693593388423
1789059136667255300,47.54225537109375,-1.187370878702402,0.05117079978883266,-0.23887077023824677
1789059136677265400,47.552265380859374,-1.2361521530061959,1.662677191388607,0.23620962473759427
1789059136687275500,47.562275634765626,0.02042494839131832,0.19795038376897572,-0.21156093943770973
1789059136697285400,47.572285400390626,0.034334231278300285,1.1681345555737614,-0.6862940918784588
1789059136707295500,47.58229541015625,1.4227490758508443,0.14463000473082066,-0.7431199948195367
1789059136717305300,47.59230541992188,2.595239780807495,-0.817473151949048,-1.136507318231836
1789059136727314400,47.602314453125,2.12349612903893,-0.6094979255110025,-0.15421985351610928
1789059136737324500,47.612324462890626,-0.8635416601628064,0.4662427162647247,-0.2997054521629587
1789059136747334400,47.62233447265625,-3.359963339343667,1.0994348210960625,-0.3933946664685383
1789059136757344500,47.63234448242188,-2.7890093717604874,-0.28300854785144325,-0.6507634173572063
1789059136767354400,47.64235424804688,-1.2974147232204676,0.3694736561223864,-0.5225892016584053
1789059136777364500,47.65236450195312,1.4546283151924608,-1.43466484683305,-0.17061770181581376
1789059136787373600,47.66237353515625,2.3890637127459047,-0.8893234594121575,-0.0769500417549163
1789059136797383400,47.67238354492188,1.8893933586537837,0.4261842621207237,0.1356811024638824
1789059136807393500,47.6823935546875,0.4753916528820991,0.6544447362184524,-0.4493875891841948
1789059136817403400,47.6924033203125,-1.3608809409588574,1.3753490267723798,0.06531938959071412
1789059136827413200,47.70241333007812,-2.1232956380307675,0.757466719275713,-0.38056934289336203
1789059136837422300,47.71242236328125,-0.9075362847119569,-0.8778349739313125,-0.2336190785214305
1789059136847432400,47.72243237304688,0.25782676032185553,-0.3609437281861901,0.7568751831233501
1789059136857442300,47.7324423828125,1.1951128711313008,-0.5359492896974086,0.06015644473643042
1789059136867452400,47.74245239257812,1.1254612427562474,0.34722032326012847,0.1726535002260469
1789059136877462300,47.75246215820312,0.6415858391672372,-0.42145986394733187,0.4739749179519713
1789059136887472400,47.762472412109375,-0.6396119087457657,0.43793461340814827,-0.33482392915412784
1789059136897481500,47.7724814453125,-0.17187807714045047,-0.6013149113163352,-0.07463789235502481
1789059136907491300,47.7824912109375,-0.6277478679507971,0.8567530229359864,0.28198410017453135
1789059136917501400,47.79250146484375,0.2985989156931639,-0.2579375272199511,-0.3138984473621472
1789059136927511600,47.802511474609375,0.6688987935066223,-0.9671548871114849,0.06500975738596171
1789059136937521400,47.812521484375,-0.7938263189017772,0.3054442515432834,0.17303926640693099
1789059136947531500,47.82253149414063,-0.9532757071018219,-0.34286242031157016,0.018749799987021833
1789059136957540600,47.83254052734375,-1.0278332276970148,0.6343655325248837,0.4309502344135195
1789059136967550500,47.842550537109375,0.11410919426083564,-0.014093115021288394,0.08835482187452726
1789059136977560600,47.852560546875,0.42947453583776946,-0.08837152641415595,-0.2958798659928143
1789059136987570400,47.8625703125,0.07283961076140404,0.8638225229308009,0.3418571157265454
1789059136997580500,47.87258056640625,0.6089537356317043,0.47702626834660766,0.46427258523553605
1789059137007589400,47.88258935546875,0.39036125358939167,0.2001604610338807,0.0243398111469578
1789059137017599200,47.89259912109375,0.5501783060580492,-0.8556634741336107,0.2635691946976818
1789059137027609300,47.902609375,0.08687339681088924,-0.659333677303791,0.4199642185620963
1789059137037619500,47.91261938476563,-0.43445641590356826,-0.38368718265295026,0.47433165896777063
1789059137047629300,47.92262939453125,-0.3600309972554445,0.5899281326442957,0.7954387225344777
1789059137057639400,47.93263940429687,-0.6857236715793609,0.9576242577001451,0.310015724177286
1789059137067648500,47.9426484375,-0.9124702339828014,0.46113545625358815,0.11798923229826613
1789059137077658400,47.95265844726563,-0.38729192914664745,0.045534839728474615,0.2879908297760412
1789059137087668500,47.96266845703125,0.6554091973364353,-0.5484747170105576,0.744421798133105
1789059137097678300,47.97267822265625,1.5307330652296542,-0.18046090430766343,0.5632582985140383
1789059137107688400,47.9826884765625,2.0144524014741183,-1.3775494594261048,0.44316316171139475
1789059137117698300,47.9926982421875,0.23085341320037842,0.07565291461646556,0.7156496579613536
1789059137127707400,48.00270727539063,-1.6475561946243047,0.8490931558325886,-0.24499551846254616
1789059137137717500,48.01271752929687,-0.8914408899575471,-1.0569722284197807,-0.2878114911537617
1789059137147727600,48.0227275390625,-1.3284241939902304,0.4176835602790117,0.4549280895134434
1789059137157737500,48.03273754882812,-0.8472785076260566,-0.5695996303647757,0.3077097122572362
1789059137167747600,48.04274755859375,-0.29067279886901376,0.14318126722723246,0.7151638472057879
1789059137177757400,48.05275732421875,0.7789251023679972,1.1713272141352296,0.2835006422173232
1789059137187766500,48.0627666015625,1.7876497249692678,0.18867898981571196,-0.19126082300245761
1789059137197776400,48.0727763671875,0.9127443747490644,0.26806992191672324,0.43812622699011117
1789059137207786200,48.0827861328125,0.4757873742014169,-0.6543965131625533,0.080309946642071
1789059137217796400,48.09279638671875,-0.1490378843009472,-0.8359875905439257,0.20130725644882766
1789059137227806200,48.10280615234375,-0.631817309346795,-0.30104075588732954,0.16603165266718714
1789059137237815300,48.11281518554687,-1.2746399968326092,0.4976490773975849,0.30080512050054964
1789059137247825400,48.12282543945312,-1.1875222698718308,0.06085574297904968,0.1104742718245834
1789059137257835300,48.13283520507812,-0.06333177770376205,-0.5886091590002179,0.4600258510438725
1789059137267845400,48.142845458984375,0.9582862287402153,-0.4049494586512446,0.37646230943333353
1789059137277855500,48.15285546875,0.9188777629375458,0.5178530765146017,-0.3329046515293419
1789059137287865300,48.162865234375,2.284261276012659,-0.4328881436735391,-0.0712799602292478
1789059137297874400,48.17287451171875,1.7851771973758934,-0.6298880948498845,-0.25594861842505634
1789059137307884500,48.182884521484375,-0.8239256890892982,0.05241086297780275,0.32521091868896035
1789059137317894400,48.192894287109375,-3.228144885390997,1.4510945881083608,0.6384811511501669
1789059137327904500,48.20290454101563,-1.9442068988591432,-0.9512360179677605,-0.0680469331247732
1789059137337914400,48.21291430664063,-1.4190835390806198,0.6814660141348838,0.29302334405053404
1789059137347924500,48.22292456054687,1.9336340669184922,-2.586330205903947,0.6800768247988075
1789059137357933600,48.23293359375,1.4514216281056402,0.4892468674942851,0.5986251973083242
1789059137367943400,48.242943359375,1.6985463771492242,0.6736909962192177,0.32231534337792545
1789059137377953500,48.25295361328125,-0.14643617736995218,1.186876665444672,0.30449805673435326
1789059137387963600,48.26296362304687,-1.6683014610111713,0.8810741019830107,0.04893259240798652
1789059137397973500,48.27297338867187,-1.568317238214612,-0.2170452526003122,-0.06911518341079353
1789059137407982300,48.282982421875,-0.31842063749432564,-0.5136158773362636,0.22569526325222103
1789059137417992400,48.29299243164063,0.04763444235622882,0.471141594222188,0.14055870017129926
1789059137428002300,48.30300219726563,-0.2753343599617481,0.6639438014477491,0.43109293081983924
1789059137438012400,48.31301245117187,-0.27585049279034135,0.2571332250997424,0.2291878911409527
1789059137448022300,48.32302221679687,-0.8434539809018373,0.3369403367862105,-0.27194661721959706
1789059137458032400,48.333032470703124,-0.7726987751990556,-0.06164806240051984,0.08913012622911483
1789059137468041500,48.34304150390625,-0.24955285297334193,0.32193244500756263,-0.07562924147993326
1789059137478051300,48.35305126953125,0.7621411408275366,0.5978825987800955,-0.12316676280032843
1789059137488061400,48.3630615234375,1.8493273057252169,-0.12208148831427097,0.18678013392444698
1789059137498071600,48.373071533203124,1.4430156188100576,-0.5169716175049544,0.17479896955583243
1789059137508081400,48.383081298828124,-0.029126725763082503,-0.24554361733198166,-0.2729586803389713
1789059137518091500,48.393091552734376,-0.7313076111465692,-0.745362732245028,-0.2566839834949001
1789059137528100600,48.4031005859375,-1.6740175005704163,0.8049863030806184,0.3827674374595284
1789059137538110500,48.4131103515625,-1.4025462457776068,0.43927989053726196,0.6986783571552485
1789059137548120600,48.42312060546875,-0.5264806196063757,0.3565773496702313,0.6516777557231486
1789059137558130400,48.43313037109375,1.0275134942233561,-0.2459004679456353,0.9257022751953452
1789059137568140500,48.443140625,1.7420862436681985,-0.10214870735406875,0.4066370829446241
1789059137578149400,48.4531494140625,1.6561024891734122,-0.5536956665292382,0.40455739059373735
1789059137588159200,48.4631591796875,0.21503917347490786,0.08553834881484508,0.8634379805926233
1789059137598169300,48.47316943359375,-1.0422282482743264,-0.30452596765458584,0.6902168182801455
1789059137608179500,48.483179443359376,-1.4451847795426844,-0.5468915394723415,0.38121567797288297
1789059137618189300,48.493189208984376,-1.1763760219573973,-0.4225575960561633,0.31049722408391534
1789059137628199400,48.50319946289063,-0.935956908032298,0.3782818164780736,0.16554507472664118
1789059137638208500,48.51320849609375,-0.6769979288101196,0.8446352996408939,0.044458333070762454
1789059137648218400,48.52321826171875,0.14360709142386913,0.47036271880418057,0.5886267677221447
1789059137658228500,48.533228515625,1.1960779167711735,-0.4184624356970191,-0.10731357930395752
1789059137668238300,48.54323828125,1.7762240755915641,-1.0734624677106737,-0.043393480318225916
1789059137678248400,48.55324853515625,1.8522002308130263,-0.7741250086098909,-0.14793788716979325
1789059137688258300,48.56325830078125,0.7620131305336951,0.3875879894837737,-0.7074570722207426
1789059137698267400,48.573267333984376,-0.6114326929658651,0.8990501959174871,-0.6891497005052865
1789059137708277500,48.58327758789063,-0.8914198471695184,-0.1926601684063673,-0.7574864468894899
1789059137718287400,48.59328735351563,-2.6490648944973945,0.6627554684460163,-0.5270919564377516
1789059137728296700,48.603296630859376,-2.6267776593655348,0.31485183909684417,-0.13366357036270202
1789059137738306800,48.61330688476563,-1.3368021462351083,0.5551052410662174,-0.683466832563281
1789059137748316000,48.62331591796875,1.1392197189956903,0.3406371454775333,-0.45624278884120284
1789059137758325800,48.63332568359375,2.740245633113384,-0.2294856319785118,-0.7189497224200516
1789059137768336000,48.6433359375,1.8327514339774846,0.32949732730388637,-1.1482357499483973
1789059137778345700,48.653345703125,0.5600456200778484,-0.16826485507935285,-0.8819729505188763
1789059137788355800,48.66335595703125,-1.1945067219316958,0.7773273117825389,-0.8333317422728985
1789059137798366000,48.67336596679687,-0.9258125306367874,-0.0188093298882246,-0.3712204267244786
1789059137808374800,48.683374755859376,-0.8800427131086588,0.3688219142153859,-0.07070060770502314
1789059137818385000,48.69338500976563,-0.778850868088007,0.9337468307673931,0.010757403860474005
1789059137828395000,48.70339501953125,0.30432430760264395,0.002888414917886257,0.0356061874428764
1789059137838404900,48.71340478515625,0.9964514164835214,0.423982952684164,-0.1983605720050633
1789059137848415000,48.7234150390625,1.8959394192963837,0.048668169318139554,-0.32508794989641754
1789059137858423800,48.733423828125,2.1300445277690887,-0.6424874641820788,-0.022117477188678458
1789059137868433700,48.74343359375,-0.49806993315815923,-0.18816431829184294,0.04861326535970438
1789059137878443800,48.75344384765625,-2.743289238592982,0.396103012111783,0.4112399005649611
1789059137888453600,48.76345361328125,-2.4616338589161635,0.7157207504361868,0.29972642188575116
1789059137898463700,48.77346362304687,0.7849708122730255,-1.660517383006215,-0.31553551051206885
1789059137908473900,48.783473876953124,1.4933078821986914,0.6079217622354627,0.07932239690944552
1789059137918482700,48.79348266601563,2.6428613636821505,-1.6834484689995646,0.2763021638142876
1789059137928492800,48.80349291992187,0.12722060476839542,0.6195543323621153,-0.04921120841996744
1789059137938503000,48.8135029296875,-1.05542558349967,0.1787035392463207,0.006784970265277661
1789059137948512800,48.8235126953125,-2.5858798317879437,0.9611670448735355,-0.2506561197738163
1789059137958523000,48.83352294921875,-2.3371441404163837,0.42143151463568207,-0.4588909652624279
1789059137968532000,48.84353198242187,-0.8325316048711537,-0.006335340501368045,-0.2989366597475484
1789059137978541800,48.85354174804687,0.054637599116563795,-0.43458822558969257,-0.20352319719893858
1789059137988552000,48.863552001953124,0.5339817890167236,-0.255159002417326,-0.6090682653894648
1789059137998561800,48.873561767578124,0.49589142007529735,0.3660302376702428,-0.21017704733125864
1789059138008572000,48.883572021484376,0.35623803471326826,0.7629904511332511,0.12062417477858252
1789059138018581800,48.893581787109376,0.24392215360999106,0.5907242514580487,0.17873470156956464
1789059138028590800,48.9035908203125,0.0002139350116252899,0.6217614870175718,0.1474881615077611
1789059138038601000,48.91360107421875,0.49938803001940246,-0.18108692725151776,0.11331022590287029
1789059138048610800,48.92361083984375,0.8601414963304996,-0.1781552577137947,0.11286820862325839
1789059138058620700,48.93362060546875,0.6790683053433895,0.25304186413288116,0.3209027001010254
1789059138068630800,48.943630859375,0.24729426039159297,-0.23923078092336653,-0.2317201860975474
1789059138078640600,48.953640625,-0.998701241236925,-0.2888639958813786,-0.38955099665243176
1789059138088649700,48.963649658203124,-1.2106477093935013,-0.3662307286784053,-0.16520411580186337
1789059138098659800,48.973659912109376,-1.673921054458618,0.9874839739128947,-0.013035002536792307
1789059138108669700,48.983669677734376,-0.785506818845868,0.5260676548913121,-0.2350199217626825
1789059138118679800,48.9936796875,-0.05365034164488315,0.5356716417998075,-0.1322884004188236
1789059138128689700,49.00368969726563,0.5483405692368746,0.44953445030897854,0.029025018954277036
1789059138138698800,49.01369873046875,0.8313602230042219,0.291388545922935,-0.6029068932155147
1789059138148708900,49.023708984375,1.1371867518633603,0.34489071126878257,-0.2740102534848265
1789059138158718700,49.03371875,0.7922118694424629,-0.43986382790505885,-0.4431309034096077
1789059138168728800,49.04372875976563,-0.30118191792368887,-0.4855591188922524,-0.7613740289125591
1789059138178739000,49.05373901367187,-0.9542571193546057,-0.11986176643818616,-0.5388866948561742
1789059138188748800,49.06374877929687,-0.645267742550373,0.04413549432456493,-0.5508873676428571
1789059138198758000,49.0737578125,-0.7355839732915163,0.6669385993495583,-0.5253589221000671
1789059138208768000,49.08376806640625,-0.5015490074455737,0.42690117821842427,-0.645075727109611
1789059138218777900,49.09377783203125,-0.6261380946666002,0.8955863191992044,-1.0022761771142483
1789059138228788000,49.1037880859375,0.39389527293443677,0.42491964901238677,-0.4429709636075422
1789059138238797800,49.1137978515625,0.3234112853884697,1.0638079196587205,-0.26606683846600354
1789059138248806700,49.123806640625,1.3406027075618505,-0.5262818821638823,0.0949205644651316
1789059138258816800,49.13381665039063,0.9255956730157137,-0.7331883103266358,0.6004474808320402
1789059138268826600,49.14382666015625,-0.6815893482536077,0.46120881375074385,-0.013894980366993695
1789059138278836700,49.15383666992187,-0.9998165090024471,-0.008596271170675754,-0.4719512666372582
1789059138288846800,49.163846923828125,-1.857778907728195,0.1937801123470068,-0.2182043229749426
1789059138298856700,49.173856689453125,-2.3420810122966764,0.46587183712571856,-0.21583962140390647
1789059138308865800,49.18386572265625,-0.9126905987352132,-0.906776990777254,-0.05840942753916606
1789059138318876000,49.1938759765625,0.38341011927723884,0.21272300548702477,0.11292719966834411
1789059138328885800,49.2038857421875,2.4791017110675573,0.22197277213037012,-0.4957491620603949
1789059138338896000,49.213895751953125,2.5163281566560265,0.8811302160844207,-0.2501761177045293
1789059138348905700,49.22390576171875,1.4081962343633174,0.5368909544616938,-0.11513190663838758
1789059138358914800,49.23391479492187,-0.42304479505121706,0.1126271390095353,-0.4089717729698866
1789059138368925000,49.243925048828125,-1.7198603833347559,-0.2488531802713871,-0.3159066088467836
1789059138378934800,49.253934814453125,-2.1892466583222148,0.3794058520719409,-0.3538200137861073
1789059138388945000,49.26394482421875,-1.8847014014452694,0.838965437310934,-0.2579242110806517
1789059138398954800,49.27395483398438,-0.6791834561556578,0.20574907482117413,0.2617905311199836
1789059138408963800,49.2839638671875,0.5311567947238683,-0.15002134238034487,0.1180062382319942
1789059138418974000,49.293973876953125,1.498604819563031,0.7520037776947021,-0.06275010535828769
1789059138428983800,49.30398388671875,2.495208211737871,0.0428667895630002,-0.4675879933938384
1789059138438993700,49.31399365234375,2.682709974467754,-0.7566764456808567,-0.298568465755973
1789059138449003800,49.32400366210938,-0.1124947448015213,-0.31053105328828096,-0.2306170471612364
1789059138459013600,49.334013671875,-3.027199703720212,0.6656172876179218,-0.4054125461183488
1789059138469022700,49.344022705078125,-3.213578599900007,0.5873971528619527,-0.19219965648883952
1789059138479032800,49.35403271484375,-1.3991595259487628,-0.6815835030347108,-0.08799306675689295
1789059138489042700,49.36404272460938,-0.13562544502019883,0.850427619306743,0.43620833760481326
1789059138499052800,49.374052734375,2.8628765720039606,-2.241395655493438,0.5807520157590508
1789059138509062700,49.38406274414063,2.193067677915096,0.15797054781913755,-0.26989375807670873
1789059138519071700,49.39407177734375,2.055353736183047,-0.10238017802238464,-0.22852328975237904
1789059138529081900,49.40408178710938,-0.5724889220654964,1.1788660852074622,-0.21603954615648835
1789059138539091700,49.414091796875,-2.036207721686363,0.9969330625206232,-0.3484744880396873
1789059138549101800,49.42410180664063,-2.175628467336297,0.1442193781033158,-0.6865576381854712
1789059138559112000,49.43411181640625,-0.5976905833393334,-1.3746779956430195,-0.35516540051307527
1789059138569121800,49.44412182617187,-0.05993336743712425,-0.5265466705799102,-0.4025304878760129
1789059138579131000,49.454130859375,0.013409516671299934,-0.4391600635498762,-0.3647304801832884
1789059138589141000,49.46414111328125,-0.4665566045194864,0.5350377278104425,-0.48084443839527663
1789059138599150800,49.47415087890625,-0.3172732210248709,0.35793402497619387,-0.22878102737311273
1789059138609161000,49.48416088867187,-0.23378011430203913,-0.23083266267329453,-0.5089378025226294
1789059138619170800,49.4941708984375,-0.11332067423164843,-1.2408309584721922,-1.3558900008037686
1789059138629179600,49.5041796875,1.1775304526895285,-0.43719197834730145,-0.49483964600004254
1789059138639189800,49.51418969726563,1.8272136735945939,-0.18050445118844508,-0.4172164542239159
1789059138649199600,49.52419970703125,1.9102870936006306,-0.2717489026904106,0.31612332033738494
1789059138659209700,49.53420971679687,0.659109805420041,-0.1718675557464361,0.4807779490303248
1789059138669219800,49.5442197265625,-1.0143816254496574,0.07950169899910688,-0.025276553140953183
1789059138679228700,49.55422875976563,-2.1288608709424732,0.5259460743382572,-0.6980443701006471
1789059138689238800,49.56423876953125,-2.2309324214071036,0.7978092510581016,-1.2290877675779164
1789059138699249000,49.57424877929687,-0.3280406987547874,-0.7494529241681098,-0.6989571010313927
1789059138709258800,49.5842587890625,1.2123200265198946,-0.6718842390581965,-0.006070753014739603
1789059138719268900,49.594268798828125,2.85567876945436,-0.8040417157068848,0.2741755270491354
1789059138729278200,49.6042783203125,2.5258815824210643,0.5710989290118217,-0.008973397387377917
1789059138739287300,49.61428735351563,0.9725672675490379,0.43420887088328597,-0.30768958278466013
1789059138749297400,49.62429736328125,-0.4562351169914007,-0.9970122652366756,-0.3939294674649834
1789059138759307300,49.63430737304687,-1.8911223744034766,-0.19283084879815576,-0.34459874258488415
1789059138769317400,49.6443173828125,-1.8194816180378197,-0.13497691798359154,-0.5128954541072249
1789059138779327500,49.654327392578125,-1.4161246892750263,1.146432134592533,-0.059935303665883836
1789059138789336300,49.66433642578125,-0.6234709212839603,0.6306055954694747,0.2783859660847112
1789059138799346400,49.67434643554687,-0.42668285929262634,0.34042496403157707,-0.37738369859457016
1789059138809356500,49.6843564453125,-0.08110591932535172,0.34078649082034823,0.12865284779490901
1789059138819366400,49.694366455078125,0.043021980124711985,0.4190168547093868,-0.27527830065926534
1789059138829376500,49.70437646484375,0.13498890068233013,0.408182741484046,0.04535993981929495
1789059138839386400,49.71438647460938,-0.02916998038291931,0.04566664941459894,0.6105765875931829
1789059138849395200,49.72439526367187,-0.5274602782934904,-0.023739479766786097,0.32105025534555315
1789059138859405300,49.7344052734375,-0.8062158448755741,0.4787479775726795,-0.2147225635400973
1789059138869415200,49.744415283203125,-0.29241350505650043,-0.2831029481366277,-0.11947201820192858
1789059138879425300,49.75442529296875,-1.579512585967779,0.735722504979372,0.3178622729592025
1789059138889435400,49.76443530273438,-1.6717758591234684,0.17508271840065717,0.7940320706069469
1789059138899444200,49.7744443359375,-0.5917068327546119,-0.42728783944845194,0.9902161753557622
1789059138909454300,49.784454345703125,1.061093107742071,0.20703297715187072,0.9309598303973674
1789059138919464400,49.79446435546875,2.2915344818860293,-0.09374678971171378,-0.11200886098071933
1789059138929474300,49.80447436523438,2.3018606455892323,-0.2069362387791276,-0.01931953529953025
1789059138939484400,49.814484375,1.7817402086645364,-0.8865586708739399,0.06743223529253155
1789059138949493500,49.824493408203125,0.24527707535028456,-0.08159750223457812,-0.02157005417267792
1789059138959503400,49.83450341796875,-0.5248819522380829,0.45298839015513653,0.3195552675474435
1789059138969513500,49.84451342773438,-2.244473455503583,1.4286530391976235,-0.26008381853364404
1789059138979523300,49.8545234375,-4.535979880338907,1.8721143070727586,0.27289909563884135
1789059138989533400,49.86453344726562,-6.1544093492001295,0.9913818581342697,0.40560120055824517
1789059138999543600,49.87454345703125,-5.964840132546424,0.6682564039498567,-0.09150663696895353
1789059139009552400,49.88455249023438,-2.183403192991018,0.2044891378879547,0.1160053741378244
1789059139019562500,49.8945625,3.5729496719419953,-1.4601117150396108,0.6704474111881107
1789059139029572600,49.90457250976562,6.8033812069654465,-2.096858297482133,0.5281698148023337
1789059139039582500,49.91458251953125,6.798274823737144,-1.8413690401971339,-0.13607606573137454
1789059139049592600,49.92459252929687,4.733038575965166,0.06205225928723812,-0.43263785870689897
1789059139059601400,49.93460131835938,3.450622684434056,-0.08577361887544394,-0.06520475936825387
1789059139069611300,49.944611328125,1.4109873263865709,0.46304216665774584,-0.024290341415465808
1789059139079621400,49.95462133789062,-0.7261416066855192,0.7948898564800619,0.017218267012719297
1789059139089631200,49.96463134765625,-1.225965105512738,-1.1692886940449476,0.250335071125906
1789059139099641300,49.97464135742187,-3.621381986677646,1.2255191153109073,-0.2596809733537957
1789059139109650400,49.984650390625,-5.206953726553917,1.9176845103755593,-0.2232285626114346
1789059139119660300,49.99466040039062,-5.304004818508028,2.0619892286747694,-0.9007527620516717
1789059139129670400,50.00467041015625,-2.0106471639722585,-0.006485562627017497,-0.7619619848683477
1789059139139680500,50.01468041992187,2.4154525379776954,-1.1018111948385834,-0.21759225549120453
1789059139149690400,50.0246904296875,5.79002307934463,-1.7130691157594322,-0.33755898014120755
1789059139159699500,50.03469946289062,7.0767983351290225,-0.8645531752929091,-0.35237335864175107
1789059139169709600,50.04470947265625,6.678368925896287,-0.6589402940720319,0.08109713323069735
1789059139179719400,50.05471948242187,3.5975229721844193,-0.3755985687434673,-0.4445609362127259
1789059139189729500,50.0647294921875,-0.26142507707476614,0.635646219985187,-0.2636468630437739
1789059139199739400,50.074739501953125,-3.8316076223909854,1.7087421924710273,0.016938750243373213
1789059139209749500,50.08474951171875,-3.754360716581344,0.37473026147633787,-0.032219061188655904
1789059139219758600,50.09475854492187,-2.5560002418309447,0.6675096772357821,-0.09822163357082754
1789059139229768200,50.10476831054687,-0.34457565397024154,-0.1803290946215391,-0.36902667953986673
1789059139239778300,50.1147783203125,-0.18468436722159384,0.11769582057595253,-0.47845155190937216
1789059139249788200,50.1247880859375,-2.0835668542325494,1.4005118173405526,-0.3537938564315438
1789059139259798300,50.13479833984375,-3.4782220544993874,0.7835600686922669,-0.30262506593670696
1789059139269807400,50.14480737304687,-3.688639997914433,0.38191578906625506,0.0031455132178030906
1789059139279817200,50.15481713867187,-1.8565099107056855,0.06623509792983531,0.27268300520274785
1789059139289827300,50.164827392578125,1.000489878219366,-0.9725836341619492,0.21289832552131263
1789059139299837400,50.17483740234375,2.5278040749162436,-1.14306236589849,0.35414106243401766
1789059139309847300,50.18484741210938,3.0638790368199347,-1.5557649228945374,0.4814890564417466
1789059139319856400,50.1948564453125,2.4323995811253787,-2.5379656957075,-0.1485056314546149
1789059139329866500,50.204866455078125,0.2881488333493471,-2.85523102568686,-0.25274076229445636
1789059139339876400,50.21487646484375,-1.899995416688919,-2.6969559419631954,0.28152389878425743
1789059139349886500,50.22488647460938,-4.029936484083533,-0.1492486044421792,0.05271061310935765
1789059139359896300,50.23489624023438,-2.815160881105065,1.3161284837797282,0.4039490129044279
1789059139369905400,50.244905517578125,-0.5704372502326965,2.1554063480407,0.15986147613227367
1789059139379915500,50.25491552734375,1.6040987456917761,2.0896300997942685,-0.05123043928788974
1789059139389925400,50.26492529296875,2.074375832039118,2.163302361987531,-0.4450721371378749
1789059139399935500,50.274935546875,2.1848615751057863,0.9896785613477229,-0.8059313288457691
1789059139409945600,50.28494555664062,1.6289175451278686,0.9922156786099076,-0.26180508936829866
1789059139419955500,50.29495556640625,1.0507926630020141,0.3047393181443214,0.4222829073006287
1789059139429964300,50.30496435546875,0.8479220662266016,-1.4981488924890756,0.566379097415693
1789059139439974400,50.31497436523438,0.20325813478827476,-2.1039853728830815,0.15798870453033595
1789059139449984300,50.324984375,-0.6611673224717378,-1.572634809152782,-0.41438470139671113
1789059139459994400,50.33499438476562,-0.3002525281190872,-2.293570956149697,-0.6752487470552325
1789059139470004200,50.34500415039062,-1.582278543549776,0.18887714273631573,0.11465716526610777
1789059139480013300,50.35501342773438,-1.6689941194504498,0.8241177045300603,0.03668181731775403
1789059139490023400,50.3650234375,-0.6519540884464978,2.3906655949845907,-0.3561927342668175
1789059139500033300,50.375033203125,1.4143097488075493,3.611399229584634,0.06864158368282951
1789059139510043400,50.38504345703125,2.7720512226969003,3.0271070570006966,-0.6954081763781607
1789059139520053500,50.395053466796874,1.949511435008049,1.6716256369978189,-0.5751411901399492
1789059139530062300,50.40506225585938,0.1521218217909336,-0.048556817898154254,-0.4562745722189545
1789059139540072400,50.41507250976562,-1.4750497564524412,-1.1106754692956804,-0.2974141080890782
1789059139550082600,50.42508251953125,-2.1423884610354897,-1.0843670158237217,0.1864285805404186
1789059139560092400,50.435092529296874,-1.2468383821934461,-1.7999094870835541,0.2757249301819131
1789059139570102500,50.4451025390625,-0.4890618663161993,-1.0146233252510428,0.3157349786069244
1789059139580111600,50.45511157226562,1.2776993844032287,-2.601613699753582,0.14128836615271864
1789059139590121500,50.46512158203125,1.8237924669742582,-1.1977531565070152,-0.22486695920191704
1789059139600131600,50.475131591796874,1.827418840777874,-0.9579904606640338,-0.17863863905025645
1789059139610141200,50.48514111328125,0.9918407078176736,-0.21936726580709218,0.03197471733903512
1789059139620151300,50.4951513671875,-0.9772674080640077,0.08032119868844748,0.08947831861227751
1789059139630160400,50.50516040039062,-2.9809821424245833,-0.1480605637013912,0.3327669235590845
1789059139640170200,50.51517016601562,-4.0603000581651925,1.2658873660564423,0.44570564926844086
1789059139650180400,50.525180419921874,-1.669116869047284,-0.28654373624026774,0.4011241647420451
1789059139660190500,50.5351904296875,0.1825730741560459,0.298026084241271,0.9264588657163083
1789059139670200300,50.545200439453126,1.718334781202674,-0.3219745305836201,0.9581625292953103
1789059139680209400,50.55520947265625,2.5817022538423537,-1.7388339638739823,0.42582974959462877
1789059139690219500,50.565219482421874,0.9697019412457942,1.3586395917728542,0.5851282946145162
1789059139700229400,50.5752294921875,-0.12511983309686184,0.9140434746488928,0.18305472019314764
1789059139710239500,50.585239501953126,-1.6549036347776651,1.9484566652581095,0.050376215345039964
1789059139720249300,50.595249267578126,-2.1942682858765123,1.695042460681498,0.1546837812334299
1789059139730259000,50.605259033203126,-1.0226339054882525,0.41868104688376184,-0.07681066981684416
1789059139740269000,50.61526904296875,0.10031272409856319,-0.16541677217185496,-0.04715802048351615
1789059139750279000,50.62527880859375,0.3106570177555084,0.1888391488134861,0.19785419338550417
1789059139760289000,50.6352890625,-0.3430699255824089,0.7569932565450668,-0.2684563639510423
1789059139770299000,50.645298828125,-0.9293868819922209,1.1213614062219857,-0.27451993830632415
1789059139780309000,50.65530908203125,0.09693594114184378,0.17398878568410872,0.10889259212370961
1789059139790318000,50.66531811523438,0.8539888189196586,-0.10813362698256969,-0.015602058279514311
1789059139800327700,50.67532763671875,1.373643976420164,0.3017033114492893,0.08260295295007526
1789059139810337800,50.685337890625,1.9592817183941602,-0.09299567908346652,0.18300467050634323
1789059139820348000,50.69534790039062,2.02470666898489,-0.6164420455604791,0.060602937261760234
1789059139830357800,50.70535766601562,1.2843167567163705,-0.737635937385261,0.7742600331664085
1789059139840366800,50.71536694335938,-0.3212345258712768,-0.16969927179664374,0.5739678355116397
1789059139850377000,50.725376953125,-0.935699718400836,-0.5906812890991568,0.7350275084525346
1789059139860386800,50.73538671875,-1.5032038377910852,0.45828971143364905,1.3994352741502225
1789059139870397000,50.74539697265625,-0.7988093680113554,0.07097118654102087,1.129222421920672
1789059139880406800,50.75540673828125,0.3990221144288778,-0.5610793470397591,0.33837793184127657
1789059139890415900,50.76541577148438,0.8729074544012546,-0.18863544293493031,0.9925102776423096
1789059139900426000,50.77542602539062,0.7870505411565303,0.2673229029417038,0.5767542513597756
1789059139910435800,50.78543579101562,-0.33802608619630337,0.36506197715997696,0.7277785602375865
1789059139920446000,50.795446044921874,-0.9991618444859981,-0.22891952252835035,1.718044712214917
1789059139930455800,50.805455810546874,-0.9878180281728506,-0.9809469733595847,1.0745480709902941
1789059139940465000,50.81546484375,-1.2034797174602747,-0.09417495199590921,0.2687947290599346
1789059139950475000,50.82547509765625,-0.39997020893394947,0.00220423204600811,0.1091449959821999
1789059139960484900,50.83548486328125,-0.49848319013416764,0.45632747144997116,0.010305120915174484
1789059139970495000,50.845494873046874,0.0675122782588005,-0.5429974546432494,0.44602746510133146
1789059139980505000,50.855505126953126,-0.27810674728453155,0.6818748871967196,1.1256335305832326
1789059139990514000,50.86551391601562,-0.01340834762752056,0.25615678128302094,1.146623054054752
1789059140000523800,50.87552368164062,0.2000800892740488,0.17081395504027605,0.622912849009782
1789059140010534000,50.885533935546874,0.8617524386584758,-0.742766578271985,0.39998438358977434
1789059140020543700,50.895543701171874,0.7527917132019997,-0.726852385303378,0.1980934455014765
1789059140030553900,50.905553955078126,-0.5131330622553825,0.8324012564897537,0.09318214156627655
1789059140040563000,50.91556298828125,-0.5924567743390798,0.9953902169927954,-0.09362491689771413
1789059140050572800,50.92557275390625,-0.30799452054798604,-0.35782910329699513,0.005968114624172449
1789059140060583000,50.9355830078125,-1.5939116981983183,0.22233079178780316,0.4478729468375444
1789059140070592800,50.9455927734375,-1.2876871099323033,-0.6370110785976052,0.9573827770944684
1789059140080603000,50.955602783203126,-0.7811983079969883,-0.16857523620277642,0.20050927447155117
1789059140090612000,50.965612060546874,0.10986848795115947,0.3293859758839011,-0.3096623806949705
1789059140100621800,50.975621826171874,1.7801041318953037,-0.2776879373505711,-0.12295103769041597
1789059140110632000,50.9856318359375,1.0322036978662013,0.21255495544373987,0.27136173000372943
1789059140120642000,50.99564208984375,0.4355500563591718,-0.3828939864486456,-0.4197393237650394
1789059140130652000,51.00565185546875,-0.4673994850844145,-0.07528875747919082,0.5051012200344354
1789059140140661000,51.015660888671874,-0.9682213472992182,0.6496344133272767,0.6303334274645894
1789059140150671000,51.025671142578126,-0.8499713999718427,0.37904987824112174,-0.42380489270351823
1789059140160681000,51.035680908203126,-0.6168167240917682,0.5013707282692194,-0.26156148987077177
1789059140170690800,51.04569091796875,-0.048020811325311656,0.770221279169619,-0.52797378077358
1789059140180700700,51.05570068359375,0.6798463039785623,0.0038929157853126524,-0.3434784698506817
1789059140190709800,51.065709716796874,1.4979869799256325,0.5816080480664968,0.014589301040396093
1789059140200720000,51.075719970703126,2.6212925059527157,-0.9658563717335462,-0.9698154846228658
1789059140210729700,51.085729736328126,1.1216390541195869,0.034765608432888985,-0.27448957970067855
1789059140220739800,51.09573974609375,-0.9867927767783403,0.3961933207437396,-0.41597653716541827
1789059140230750000,51.10575,-2.5635312218576667,0.8230226027697324,-0.5320634247073903
1789059140240758800,51.1157587890625,-1.6590356200158596,0.18048077805191276,0.2414488953642547
1789059140250769000,51.125768798828126,0.12229542332589625,-1.3460203486964106,-0.13747286298517136
1789059140260779000,51.13577905273438,0.3948082961261272,0.45123190187662837,-0.0028999226925894616
1789059140270788900,51.14578881835938,2.129344270545244,-1.6200927258983253,-0.042737756355851884
1789059140280799000,51.15579907226562,0.8557564131140708,0.6540656737729906,-0.5581169901028276
1789059140290808000,51.16580810546875,-0.12826105373203753,0.3702072310939431,0.057992316371947523
1789059140300818000,51.17581787109375,-1.4969430238306523,0.9667787472754716,-0.2374563916619867
1789059140310828000,51.185828125,-1.7522411424577236,1.0275015115246176,-0.2598329125124961
1789059140320838000,51.195837890625,-0.5672597892403602,0.44083734911233186,0.10898655401747673
1789059140330848000,51.20584790039062,0.09831015210449695,-0.18302461731582878,0.5792328799003735
1789059140340856800,51.21585693359375,0.4786310731947422,-0.16735504675805568,0.7200197628043592
1789059140350866700,51.22586669921875,-0.35873978840112686,0.6831789555326103,1.097656705507636
1789059140360876800,51.23587670898438,-1.0182096593052148,1.1615642372727393,0.9885251535288989
1789059140370887000,51.24588696289062,-1.0209528205335139,0.6605524054437876,0.9691714876309037
1789059140380896800,51.25589672851562,-0.5738368295431137,0.6143719612881541,0.9835045488879084
1789059140390905900,51.26590576171875,0.7368360191792249,-0.5650242852732539,1.2940234733469784
1789059140400916000,51.275916015625,0.5720312414258718,1.1750535411819816,1.2894754546537994
1789059140410925800,51.28592578125,1.1825532492876052,0.5420253947407007,1.346974580681324
1789059140420936000,51.29593603515625,0.8436755146980285,-0.10816109951138496,1.0455207870136947
1789059140430945800,51.30594580078125,-0.520700282639265,-0.0708417149424553,0.9152470052197575
1789059140440955000,51.31595483398438,-1.6093185261666774,0.18198358383029697,0.9819520587489008
1789059140450965000,51.32596508789062,-1.9584131188660858,0.7556678531602025,1.010076037210226
1789059140460974800,51.33597485351562,-1.4800187770366668,1.277089143550396,1.038024220713228
1789059140470985000,51.34598486328125,0.08355798865258693,0.36737697610408065,0.9011706221375614
1789059140480994800,51.355994873046875,0.5457476301342249,0.9604588966041803,0.8703037747088819
1789059140491005000,51.3660048828125,0.9676701431572436,0.502372891049087,0.7802556203193962
1789059140501014000,51.37601391601562,0.5428004707664251,0.9151368228435516,0.45559155839085574
1789059140511023900,51.38602392578125,0.2054302181303501,0.5753074866175651,0.5663741289796307
1789059140521034000,51.396033935546875,-0.5292828175455332,0.2902756162449717,0.5327053393401205
1789059140531044000,51.40604418945313,-0.5666197377711534,-0.08115618820786476,0.5605540445240215
1789059140541054000,51.41605395507813,-0.5549444975465536,0.18291852659285068,0.3767272805124521
1789059140551062800,51.42606274414062,-0.4783475800782442,0.5849252097904681,0.5179816347977146
1789059140561073000,51.436072998046875,-1.0463719239503144,1.6614818441241979,0.3496985134093091
1789059140571082800,51.446082763671875,-1.013576738807559,0.8659235868632793,-0.27407219453882425
1789059140581092900,51.4560927734375,-0.027767712369561194,0.04650310023874044,0.0507497978977859
1789059140591102700,51.46610278320313,0.1688660358428955,0.9638616907849907,0.4894696068668738
1789059140601111800,51.47611181640625,0.7710854947835206,0.8408651334524154,0.559659068445675
1789059140611122000,51.486121826171875,0.912194924172759,0.5055445068225264,0.9183668908059597
1789059140621131800,51.4961318359375,0.5921610062628984,-0.46225393888950345,0.2823872376153245
1789059140631142000,51.50614184570313,-0.747412358251214,0.3719382926702499,-0.2266258221006021
1789059140641152000,51.51615209960938,-1.3547148195445537,1.2791396463394165,-0.2271397264394909
1789059140651160800,51.526160888671875,-1.5608499710738657,1.2975585156053304,-0.3581486906401813
1789059140661171000,51.5361708984375,-1.5271791721403598,0.5395467296674847,-0.08042352655176073
1789059140671181000,51.54618115234375,-1.4641063376337289,0.07250760232806205,0.532285835286416
1789059140681191000,51.55619091796875,-0.10459726954996586,-1.2222954770892858,0.2895996897447854
1789059140691201000,51.56620092773438,0.7885586076319218,0.45715369314104315,0.29917744623348114
1789059140701209900,51.5762099609375,1.527494229438901,1.019721817433834,0.2955794948067516
1789059140711219700,51.5862197265625,1.26628308737576,0.2849734181836247,-0.2255120521724224
1789059140721229800,51.59622973632813,-0.16732114448845387,0.11375029782056807,-0.5758767378728836
1789059140731240400,51.60624047851562,-0.9167237997740506,-0.9450590828984975,-0.3236644198993221
1789059140741250300,51.61625024414062,-0.6855068139582872,-0.37799160135984416,0.5146694049771875
1789059140751259400,51.62625927734375,-0.24202888720929622,-0.11927432193905114,0.020287914540804922
1789059140761269200,51.63626928710938,-0.36917759578526016,0.7762199350625276,-0.2804213809024542
1789059140771279400,51.646279296875,-0.07151566868126392,0.6961857366219163,-0.24160295341480523
1789059140781289200,51.65628930664062,0.7043634901195764,0.023678104968369005,-0.09866440890226512
1789059140791299300,51.66629931640625,0.13547288480699063,0.45534109076112506,-0.016806794426776468
1789059140801308400,51.67630834960938,-0.04824526773095131,0.9763128838181495,-0.19087558654453604
1789059140811318300,51.686318359375,0.9479588959932327,0.27752164087295533,-0.1590057360857725
1789059140821328400,51.69632836914062,1.0604834514111279,-0.07797492782324553,-0.09256452112458646
1789059140831338500,51.70633837890625,0.16041034218668937,0.39309389342367645,0.13925737178176642
1789059140841348400,51.716348388671875,-1.6510048737734555,0.66083677534312,0.17810524455960838
1789059140851357400,51.726357421875,-2.6874282351613044,1.7205945428282021,0.4475874809596687
1789059140861367600,51.73636743164062,-1.5501993977218866,0.4075830220252275,0.3869933480588719
1789059140871377400,51.74637744140625,-0.9498919098824262,1.0309425918892026,0.07757979102581739
1789059140881387500,51.756387451171875,0.3035509851425886,0.8807549530312418,-0.021980105411447584
1789059140891397400,51.7663974609375,1.8886422480255365,-0.8221364675849676,0.20953443857878445
1789059140901406200,51.77640625,0.9370563937067985,0.7793965192720294,0.23046083368621764
1789059140911416300,51.78641625976562,0.0361024099946022,0.6998392906934022,0.3010404270937666
1789059140921426200,51.79642626953125,-0.7360363932341337,1.0106205193504691,0.3815969689080491
1789059140931436300,51.806436279296875,-1.2812597072333096,1.16304570800215,0.25796657065134493
1789059140941446400,51.8164462890625,-0.7994184398204087,0.8392576982557773,0.5745655456764623
1789059140951455200,51.82645532226562,0.23461656512618065,-0.027208909443020818,0.7474097279027104
1789059140961465300,51.83646533203125,0.21106500914692877,0.15292144773602484,0.36888095092624423
1789059140971475500,51.846475341796875,-0.2469792030930519,1.34841776522696,0.5287020585155114
1789059140981485300,51.8564853515625,-1.2377116574078797,1.5759610309660435,0.5756437328346073
1789059140991495400,51.86649536132813,-1.6926649178951978,1.3069579198524355,0.3401020887527615
1789059141001504500,51.87650439453125,-1.3111229305773973,0.3534893205270171,0.23243750405404714
1789059141011514400,51.886514404296875,-0.9023696957290172,0.6753177206382155,0.6866879865668714
1789059141021524500,51.8965244140625,0.45036359460949893,0.5469321637436747,0.5805183531336486
1789059141031534300,51.90653442382813,0.8324567860692739,1.157683888708055,0.5037291279636323
1789059141041544400,51.91654443359375,1.034721818166971,0.5378665214955807,0.6732349230147898
1789059141051553500,51.926553466796875,0.20886194614470005,0.17221096235662697,0.13097681549675763
1789059141061563400,51.9365634765625,-0.519232548174262,-0.2683963773921132,0.1930882210927084
1789059141071573500,51.94657348632813,-1.190211655086279,0.5980041793331503,0.3839742194334045
1789059141081583600,51.95658349609375,-1.8309066828936338,1.0428358587786555,0.11848393874634057
1789059141091592200,51.96659228515625,-1.7626023774743078,1.0275921124175191,-0.24281291372645644
1789059141101602300,51.976602294921875,-1.18427875790596,1.040386127538979,0.04576481255944818
1789059141111612400,51.9866123046875,-0.11499532944560051,0.18043021690845487,0.006009761808812618
1789059141121622300,51.99662231445313,0.6168073717415332,0.962048503883183,-0.08732936041746288
1789059141131632400,52.00663232421875,1.2939759809434412,1.1953425882339477,-0.07475121653638779
1789059141141641500,52.016641357421875,0.7062626017391681,1.3040154366597532,-0.2408460341002792
1789059141151651300,52.0266513671875,0.5133288770884276,0.7446095757901668,-0.3947013651529327
1789059141161661400,52.03666137695313,0.3093757457733154,0.34347353794723745,-0.46602764874193814
1789059141171671300,52.04667138671875,0.1929337246507406,0.00015080664753913878,-0.5988108560735359
1789059141181681400,52.05668139648437,-0.07159341009259224,0.4138435437247157,-0.6820901373825967
1789059141191690500,52.0666904296875,-0.9906967984795569,1.3262214232489467,-0.5028714516883716
1789059141201700400,52.07670043945313,-1.9029834925889968,1.474761002638936,-0.7202776830881834
1789059141211710500,52.08671044921875,-3.292161138227582,2.4428940871328115,-0.5254874438505619
1789059141221720600,52.09672045898437,-3.2255344106316564,2.0245687218189237,-0.3825079462731257
1789059141231730400,52.10673046875,-1.4242922136396168,0.7224374914705753,-0.36113775292094796
1789059141241739500,52.11673950195313,0.8114689430981874,0.7135466212674975,0.24238964681308714
1789059141251749400,52.12674926757813,2.702725757536292,-0.08901333144903183,0.5265962453426792
1789059141261759200,52.13675927734375,2.724908363249898,0.5563286453813314,0.31373416017852723
1789059141271769300,52.14676928710937,2.407388473987579,0.4437798323050141,0.8043336843907832
1789059141281779200,52.156779296875,0.9564823941886424,0.4505211232587695,0.7039776326071471
1789059141291788300,52.16678833007813,-1.0300275228708982,1.2260600903198122,0.09868932414781302
1789059141301798400,52.17679833984375,-1.7192162402123212,1.2946800375595688,0.32038664033766834
1789059141311808300,52.18680834960937,-1.5632114395081995,1.7617448838621377,0.31227745856419203
1789059141321818400,52.196818359375,-0.8728566009968519,0.7515598333194852,-0.09151811734419316
1789059141331828500,52.206828369140624,-1.3428127848267555,1.2366674090519547,0.3076545114712789
1789059141341837300,52.21683740234375,-0.6544575957000255,0.8655041924074292,0.6369250077493488
1789059141351847400,52.22684741210937,-0.7336977211534976,0.5550339293956756,0.538964911191538
1789059141361857500,52.236857421875,-1.1104957288146018,1.8938070834428071,0.3761895934391767
1789059141371867400,52.246867431640624,-0.5728630160748959,1.8795023714974521,0.09257175458297133
1789059141381876500,52.25687646484375,-0.11989186931550502,0.7540589566588402,-0.23243790591284633
1789059141391886600,52.26688647460937,-0.07191022095680237,-0.4804699790596962,0.006709617173857986
1789059141401896400,52.276896484375,0.26738895391523837,-0.4511731574267149,0.062467233296297484
1789059141411906600,52.286906494140624,0.2840209397643804,-0.12223872470259665,-0.017293591563031077
1789059141421916400,52.29691650390625,0.34915362941026684,0.6445026033967733,0.05055146231409162
1789059141431925200,52.30692529296875,0.013657938474416731,1.0130015692681074,0.220606890604645
1789059141441935400,52.31693530273437,-0.22896131584346294,0.13182985212951898,-0.06695764005072415
1789059141451945200,52.3269453125,-0.6017582711696624,0.4397434163957834,-0.14995035950336605
1789059141461955300,52.336955322265624,-0.5371387917429209,0.8235323058575391,-0.3429186805434525
1789059141471965400,52.34696533203125,-0.2334545356094837,0.5920698208481073,-0.1799604805048555
1789059141481974300,52.35697436523437,-0.6850795284569263,1.0934449330314993,-0.08032638632021843
1789059141491984400,52.366984375,-1.0271452454328536,0.8985536445721983,-0.08738594944290816
1789059141501994500,52.376994384765624,-0.15700433313548565,-0.7623311104416847,1.0713828849576412
1789059141512004400,52.38700439453125,0.514918776628375,0.1627726874038577,0.7832085518408566
1789059141522014500,52.397014404296876,0.9817395850419998,1.2047530983969568,-0.7073682248935103
1789059141532023600,52.4070234375,0.5835819784879684,0.4193678601041436,-0.38450602475516493
1789059141542033400,52.417033447265624,-0.8412176001518964,0.21042232732921837,0.4437318284448236
1789059141552043500,52.42704345703125,-2.017304868295789,1.2097738491684198,0.6927151379019022
1789059141562053400,52.437053466796876,-1.7981015608787536,0.8010290898874401,2.0346188450597227
1789059141572062500,52.4470625,-0.16214052698016165,-0.9960971962183713,1.6168002602241933
1789059141582072600,52.457072509765624,-0.3080342680364847,0.9073813864111899,0.3281010506398976
1789059141592082400,52.46708251953125,0.5170347458690404,0.9064403061687946,0.26066227600872516
1789059141602092500,52.477092529296876,2.0507038645505906,-1.6037696598678826,-0.5061663285152986
1789059141612102400,52.487102294921876,0.674712448221445,0.3775999716937542,-0.5463626932926475
1789059141622111200,52.497111328125,-0.11149112071692943,-0.717499450546503,-0.28043508063424377
1789059141632121300,52.507121337890624,-0.5136024333328009,-1.3837658497229217,-0.26440953624565156
1789059141642131500,52.51713134765625,-1.1470762777149677,-0.31009821482896804,-0.5177824224311858
1789059141652141300,52.527141357421876,-0.763102679336071,0.10131517913937568,-0.5204133189240471
1789059141662151400,52.5371513671875,-0.366814958307147,0.5992690847024321,-0.6648723144695162
1789059141672160500,52.547160400390624,0.560764582002163,-1.019014838208258,-0.8830161759614944
1789059141682170400,52.55717041015625,1.0999912859350442,-0.9859513575181365,-0.8717157603986561
1789059141692180500,52.567180419921876,0.9384984092086553,0.0939507878512144,-0.7638185725204646
1789059141702190300,52.5771904296875,0.42856677334308624,0.431676137535274,-0.567202871421352
1789059141712199400,52.587199462890624,-0.6409785209238529,1.2295175372973084,-0.3189041101623326
1789059141722209500,52.59720947265625,-0.5882721821308136,0.09041296911388635,-0.4014472226839512
1789059141732219000,52.607218994140624,0.03339841173291206,-0.3243225550144911,-0.550214290686883
1789059141742229000,52.61722900390625,0.1983066498607397,0.6663435560658574,-0.7288874713275582
1789059141752239000,52.627239013671876,0.7413941208750009,0.5587175863444804,-0.4984425658628344
1789059141762248000,52.637248046875,1.0243494772344828,0.24818857888281343,-0.38871308452356607
1789059141772258000,52.647258056640624,0.708284462955594,-0.27705928405821323,-0.035778730998188256
1789059141782268200,52.65726806640625,0.15496142913103103,-0.09513678276538848,0.01622919546822086
1789059141792278000,52.667278076171876,0.43543607459068295,-0.9433148695796728,0.08116378699243068
1789059141802288000,52.6772880859375,0.4850046998798847,-1.6181345775678753,0.19810060589462516
1789059141812297200,52.687297119140624,-0.45267596320509906,-0.8349784135013818,0.1295771504324395
1789059141822307000,52.69730712890625,-1.2071242114424705,-0.10468524009436368,0.46629360620174554
1789059141832317200,52.707317138671876,-0.7313508657664061,-0.08419453299045562,0.5879222727146
1789059141842327000,52.7173271484375,-0.7349976978361606,0.851852683673799,0.8104061361722648
1789059141852336000,52.727336181640624,-0.12878010917007923,0.6316326004296541,0.6096912195933982
1789059141862346200,52.73734619140625,-0.10998188519775867,0.013627835597097872,0.4729729378351941
1789059141872356000,52.747356201171876,-0.25569033281505105,-0.22043723312616348,0.3414174091350287
1789059141882366000,52.757365966796876,-0.24603695380687712,-0.14216244557350874,0.5742270709697157
1789059141892376000,52.7673759765625,-0.3964811977744102,-0.07106880169659853,0.732062375036627
1789059141902385000,52.777385009765624,-0.30909751335382457,0.12132482472807168,1.0236663172759115
1789059141912395000,52.78739501953125,0.43317222131192684,-0.978943524582684,0.7303389853101223
1789059141922405000,52.797405029296876,0.3331277927607298,-1.1820458842873574,0.31228830875176933
1789059141932415000,52.8074150390625,0.16481237653791903,-1.024179089103639,0.3302530045093968
1789059141942425000,52.81742504882813,-0.151302322101593,-0.24011165541112423,0.5410136604148894
1789059141952434200,52.82743408203125,0.16659341473579406,-0.11407675329595804,0.4932532901240512
1789059141962444000,52.837444091796876,-0.04373743491768837,0.6698416273146868,0.3540523247046396
1789059141972454100,52.8474541015625,-0.12096738959252834,0.6336746276512741,0.12754963579336182
1789059141982464000,52.85746411132813,-0.5848275946348905,0.573884760338068,-0.3134368577323854
1789059141992473000,52.86747314453125,-0.3937006271451711,0.4298305096685886,-0.1849738699537702
1789059142002483200,52.877483154296876,0.2929688008517027,0.21048457891046998,-0.12890203678300605
1789059142012493000,52.8874931640625,0.2167676047027111,0.0076566522330045695,0.06762700894596055
1789059142022503200,52.89750317382813,-0.29658289969563484,0.4295809188216924,-0.03908749021999538
1789059142032513000,52.90751293945313,-0.38758185200393197,0.06756546975076198,-0.4811553675079718
1789059142042521900,52.91752197265625,-0.9700251818507909,-0.22430676803588867,0.06118882912462577
1789059142052532000,52.927531982421876,-1.14274497051239,-0.009427169036865234,0.4588530444048345
1789059142062542000,52.9375419921875,-0.8934802868306636,0.03689677524268627,0.7108755023621022
1789059142072552000,52.94755200195313,0.4614741866886615,0.4072735176846385,0.4576182784454897
1789059142082561000,52.95756103515625,2.457833297589421,-1.3405340262398122,0.3001786591652781
1789059142092571100,52.967571044921876,3.20199103795886,-1.1292691106066106,0.44860842150524255
1789059142102581000,52.9775810546875,2.440595747062564,-0.3062748571485281,0.7522779915262013
1789059142112591000,52.98759106445313,1.7957067746967077,-0.77118924741894,0.6835578718475998
1789059142122601000,52.99760107421875,0.32670039006173607,0.6734159786701202,0.1856913157744333
1789059142132610000,53.007610107421876,-0.7271031451940536,0.846949421802163,-0.20568821147941052
1789059142142620200,53.0176201171875,-1.3896522774130105,0.19573329224139452,-0.4316694520661607
1789059142152630000,53.02763012695313,-1.7347236059457063,-0.1492728621006012,-0.599368526488915
1789059142162640100,53.03764013671875,-1.2903665582746267,-0.25243688397705555,-0.47000740256048734
1789059142172650000,53.04764990234375,-1.0366530784904957,0.10746288811415433,-0.38971152097638695
1789059142182659000,53.0576591796875,-0.6796358760982751,-0.025467618733644483,-0.9889742855358868
1789059142192669200,53.06766918945313,-0.5206698875010013,-0.14238894780576228,-0.7861020082600414
1789059142202679000,53.07767895507813,-0.23952947160899637,-0.4380535636126995,-0.8198278253164142
1789059142212689200,53.08768920898437,0.35760055523812767,-1.1016788006305693,-0.9558194002352655
1789059142222698000,53.097697998046876,0.48441900894641876,-0.6434563092142344,-1.09084929051511
1789059142232708000,53.1077080078125,1.3007628646045923,-0.8502911334455012,-0.9533385432049631
1789059142242718000,53.11771801757813,1.1344687250763177,-0.7265715225353837,-0.7595885337352752
1789059142252728000,53.12772802734375,0.49980011795163154,-0.09836334359645843,-1.1313082152187823
1789059142262738000,53.13773803710937,0.16187515404224395,0.007879939594864846,-1.5138473968803883
1789059142272747000,53.1477470703125,0.3805348561018705,-0.22460195159018037,-1.4990630847245454
1789059142282757000,53.15775708007813,0.7339554953068494,-0.5402431874990463,-1.5305045171707867
1789059142292767000,53.16776708984375,-0.31626550528705116,-0.11363193213790654,-1.29911655870229
1789059142302777000,53.17777709960937,-1.3910001848906277,0.04295622141212225,-1.9660148260414598
1789059142312786200,53.1877861328125,-1.7484084324270486,0.18842910670787094,-1.7324379792265594
1789059142322796000,53.19779614257813,-0.8411772681415081,-0.2508960842758417,-1.461683494400978
1789059142332806100,53.20780615234375,0.8654764276176691,-1.2240841140717267,-0.7323212451685219
1789059142342816000,53.21781591796875,0.9969681338340043,0.6954200129464269,-0.6504021097641438
1789059142352826000,53.227826171875,0.9349047686308621,0.4211974136188626,-0.568503578756377
1789059142362835200,53.23783520507813,0.7459352714359759,-1.1312328118950128,-0.48927013877201825
1789059142372845000,53.24784497070313,-2.9341391427069903,1.2501438534796236,-1.0822528001487255
1789059142382855200,53.25785522460937,1.6412503724783658,-0.5894648990467191,0.057147316915169354
1789059142392865000,53.26786499023437,1.8294237508594988,-0.3226736187636852,-0.26272874355185777
1789059142402874000,53.2778740234375,-1.1672931363135575,1.917930886352062,-0.9271922945573925
1789059142412884000,53.28788403320313,0.23486031075417993,0.3861278538033366,-0.24839977394808083
1789059142422894000,53.29789404296875,0.8289385488152503,-0.8832251425370573,-0.31357904268205167
1789059142432904000,53.30790405273437,-0.02281564292013645,-0.3914540172621608,-0.34647399840485305
1789059142442914000,53.3179140625,-0.3612754443585872,0.6153396372765302,-0.26692385715413836
1789059142452923100,53.32792309570313,-0.4716062891244888,0.15034253715872764,0.2154566317019984
1789059142462933000,53.33793310546875,-0.6109376029253005,-0.10544804116040468,0.6822091606523841
1789059142472943000,53.34794311523437,-0.4058241956591606,-0.9551172433152795,0.3235127364689484
1789059142482953000,53.35795288085937,-0.06229015969634056,-0.6194438577249646,0.08089468772746622
1789059142492962000,53.36796215820313,-0.30401684908866883,0.569496462251246,0.3426355162205174
1789059142502972200,53.37797216796875,-0.6352233183979987,1.0470251271620392,0.6140813077785074
1789059142512982000,53.38798193359375,-0.08750818758308887,0.8164058149784803,0.8544442345369607
1789059142522992000,53.3979921875,0.12940204046070575,1.0172186024412513,0.9454415063448249
1789059142533002200,53.408002197265624,0.3998427831619978,1.0133975828483701,0.49086942719481885
1789059142543011000,53.41801098632813,0.5901800615787506,0.4466659091353416,0.4528750294411555
1789059142553021000,53.42802099609375,0.31972762843966485,-0.12032412325292825,0.2797804161177948
1789059142563031000,53.43803100585937,-0.02049684458374977,-1.2344988328412174,0.7016841148424893
1789059142573041000,53.448041015625,-0.2555646606087684,-1.3321490597322583,0.7252530603479593
1789059142583050000,53.45805004882813,-0.6114800392389297,-1.4747618794217705,0.04792571692038327
1789059142593060000,53.46806005859375,-0.2511918523520231,-1.3147460895106196,-0.32963476301319894
1789059142603070000,53.47807006835937,0.03884790931046009,-0.8015840934216976,-0.14869382010363041
1789059142613080000,53.488080078125,0.9503577738285064,-1.2207383107751608,0.2753985112391412
1789059142623090000,53.49808984375,0.8754553853183984,-0.6610106706053018,0.15566771423686296
1789059142633099000,53.50809912109375,0.10735679739117622,0.431153867226839,-0.3268871082728729
1789059142643109000,53.51810913085937,-0.13615911350548265,0.18173165489584206,-0.6630226680148392
1789059142653119000,53.52811889648437,-0.22698563185632228,0.12370295203626155,-0.6622651276458055
1789059142663129000,53.538129150390624,-0.32820494940578937,-0.019211773209273815,-0.41130500169042494
1789059142673139200,53.54813916015625,0.09007657676637172,-0.6157435419023036,0.038233540271781385
1789059142683148000,53.55814794921875,0.08380641045570374,-0.6766252961054444,-0.5244185359774157
1789059142693158100,53.568158203125,-0.44083822589516636,0.20401041446030138,-0.9909138022311031
1789059142703168300,53.578168212890624,-0.4318617232352495,-0.10460223798602819,-0.8603330733798443
1789059142713178000,53.58817822265625,-1.530354879567027,0.7121516597777605,-0.3239372454913333
1789059142723187000,53.59818701171875,-1.555086585241556,0.07529723304659128,-0.5964905233671889
1789059142733197000,53.60819702148437,-0.44286476328670976,-0.7883890962839126,-0.5654708965295926
1789059142743207000,53.61820703125,-0.030688568252325056,-0.3216886993795633,-0.7205779812090098
1789059142753217000,53.628217041015624,1.0303098469436167,-0.24909721816033123,-0.7283340021632612
1789059142763227000,53.638226806640624,1.4919091213166713,-0.12583762597739695,-1.067126908013597
1789059142773235700,53.64823559570313,1.3319020992338657,0.3326549145519733,-0.9676111064463854
1789059142783245800,53.65824584960937,1.5341507647186516,-0.40662002221196886,-0.8251879641100763
1789059142793255700,53.66825561523437,1.4046382496207952,-0.8117623730868101,-1.076779629434645
1789059142803265800,53.678265869140624,0.38875089578330513,0.21904694781154394,-1.4722276847690343
1789059142813275000,53.68827490234375,-0.32740006276369094,0.7672188824832439,-1.8148241476207971
1789059142823285000,53.69828491210937,-0.24911621512174606,-0.25627806957513094,-1.9846008685678243
1789059142833294800,53.708294921875,-1.4224486315995455,-0.13055588667094706,-1.7797778225503862
1789059142843305000,53.718304931640624,-2.3076076648086308,0.2592158765926957,-0.8561870596162975
1789059142853314800,53.728314697265624,-1.9200708209902047,-0.6127464059129357,-0.5262230281161144
1789059142863324000,53.73832397460937,-0.8188485319554806,0.02413637012988329,-0.12372118181269615
1789059142873334000,53.748333984375,0.5666279210776091,0.3485688152596354,-0.6945552858758718
1789059142883344000,53.75834375,1.4285527936935425,-0.2967427664324641,-1.178016190379858
1789059142893354000,53.76835400390625,1.529139074036479,-0.6065642101466655,-0.4218030513618141
1789059142903363000,53.77836303710937,1.0113362664043903,-0.5058838217794895,-0.11341781446319073
1789059142913373000,53.788373046875,-0.016195347997546194,-0.28499796810299155,-0.09785258106272667
1789059142923383000,53.798383056640624,-0.2251724449545145,-0.327685309445858,0.11370218436252325
1789059142933393000,53.808392822265624,0.45019349873960013,-0.5124564781680703,0.16883348528016356
1789059142943403000,53.818403076171876,0.957279682046175,-0.7291954412981867,0.13157149345427752
1789059142953411800,53.82841186523437,0.9480833991557359,-0.45108577140420675,0.29406426793821155
1789059142963421700,53.83842163085937,-0.00547463201880455,0.3244590408757329,0.2787457758404314
1789059142973431800,53.848431884765624,-0.3913298063606024,0.5894391800835729,0.11493611007165164
1789059142983442000,53.85844189453125,-0.7638117043882608,0.505731846088171,0.30922727721333504
1789059142993451000,53.86845092773437,0.1940320412814617,0.43051381575763226,0.4963200572835281
1789059143003460900,53.8784609375,1.021618590965867,-0.008154372622072695,0.0659392933210358
1789059143013471000,53.888470947265624,0.9769295544117689,0.16138853956907986,0.07560366864725947
1789059143023480800,53.898480712890624,-0.6816787801027298,0.4552192179471254,0.2799193861970678
1789059143033490000,53.90848999023437,-3.030899727281928,1.2158543381258844,-0.32320509529188274
1789059143043500000,53.9185,-3.1490590737164017,0.3508887826398015,-0.19643106524720788
1789059143053510000,53.928510009765624,-1.9282897832810877,0.08058043414652347,-0.16127327915895728
1789059143063520000,53.93852001953125,0.4663642968177795,-0.8539537476062774,-0.5780241616977378
1789059143073529900,53.94852978515625,0.6063479370474815,0.4198872078031301,-0.2882623036611825
1789059143083539000,53.9585390625,0.11776420963704586,1.3350807292699813,-0.3558668633133173
1789059143093548800,53.968548828125,0.46146366529464716,-1.004990404509008,-0.57096109144371
1789059143103558700,53.97855859375,-0.9782599262326955,0.272973476049304,-0.40552152291815724
1789059143113568800,53.98856884765625,-1.5924199983358382,0.2482598905533552,-0.5431631300663575
1789059143123579000,53.998578857421876,-1.3662538661688566,-0.38894963322579856,-0.7532339040115476
1789059143133587700,54.00858764648437,-0.4380144006460905,0.16821838558912275,-0.5213252461371943
1789059143143597800,54.018597900390624,0.3055284226953983,0.13441460792571305,-0.2198669224249199
1789059143153608000,54.02860791015625,1.288127839437127,-0.13872048842608928,0.061548985940217966
1789059143163617800,54.03861767578125,2.2848306003332137,-0.6123085990175604,-0.0986497045234777
1789059143173627000,54.048626953125,3.1966490924090145,-0.39202129575610156,-0.14092470220578834
1789059143183637000,54.058636962890624,3.2995489103913305,-0.8280278637111187,-0.2245995952363126
1789059143193646800,54.068646728515624,1.2994488593965767,0.5552376352742314,-0.09814376429533585
1789059143203657000,54.078656982421876,-0.5835200191676616,0.6138207571461797,0.06958139441674575
1789059143213666000,54.088666015625,-2.881930232042074,0.944959421916306,-0.2876062326389365
1789059143223676000,54.098676025390624,-3.1891929311841722,0.7065119003251195,0.025187998074665666
1789059143233686000,54.10868603515625,-1.5560037000864744,-0.14924831218123435,-0.06204266947498545
1789059143243695900,54.11869580078125,0.658550417971611,-0.6563771655857563,-0.06804211081918328
1789059143253706000,54.1287060546875,2.6578140181422234,-0.5084735460117459,0.25675774285085495
1789059143263714800,54.13871484375,3.752091602605581,-1.52044606449306,-0.057679907688219095
1789059143273724700,54.148724609375,2.367434649261832,-0.5958981469646096,-0.3389580332841724
1789059143283734800,54.15873486328125,-0.10192308190464973,-0.4219368338093161,-0.5624119108177721
1789059143293745000,54.168744873046876,-2.952897619190812,0.5903177164837717,-0.7849123600840568
1789059143303753700,54.17875366210937,-3.6879981928795575,-0.10468962400853633,-0.4590551428481936
1789059143313763800,54.188763916015624,-2.601638541933894,-0.3098500852867961,-0.10158511865455656
1789059143323774000,54.19877392578125,-1.2260112827420233,0.5665928497642279,-0.044312129533104594
1789059143333783800,54.20878369140625,1.1186281818658113,-0.3735030577689409,-0.26417041199384256
1789059143343794000,54.2187939453125,1.6693617837190626,0.5057844530582428,-0.3915682182263583
1789059143353803000,54.228802978515624,1.4211685286611317,-0.05969868189841508,-0.2748111032726243
1789059143363812900,54.238812744140624,0.3419330305069685,-0.32961832333505153,-0.5616483060341328
1789059143373823000,54.248822998046876,-0.6120727444350719,-0.50577100905478,-0.247953802012559
1789059143383832800,54.258832763671876,-0.7758347351372241,-0.6171238903447985,-0.35457134361006315
1789059143393842000,54.268842041015624,-0.7918202397763728,-0.38573184022307394,-0.26536723882928487
1789059143403852000,54.27885205078125,-0.42393443736732006,-0.898235372403264,-0.039810379400756206
1789059143413862000,54.28886181640625,-0.011643091520667075,-1.4274883793324231,-0.23720667295092715
1789059143423872000,54.2988720703125,-0.5984457856208085,-0.3638447103247046,0.024296492595039305
1789059143433882000,54.30888208007813,-0.7974170368701219,-0.576795971609652,-0.24860201852191238
1789059143443890700,54.318890625,0.16998831787109375,-0.34603725095540283,-0.26242490176707506
1789059143453900800,54.32890087890625,1.5345856490045784,-1.2369956180930137,-0.2192641342261806
1789059143463911000,54.338910888671876,2.849610263195634,-1.329488316090405,0.0938454643132165
1789059143473920800,54.348920654296876,3.3691046771764754,-0.3675102470949292,0.4266362436719239
1789059143483929900,54.358929931640624,2.873733481582999,-0.2722343481197953,-0.0908571874837391
1789059143493940000,54.36893994140625,2.0152076037555933,-0.537707239280641,0.15610661711078136
1789059143503949800,54.37894970703125,0.07227613165974617,-0.39374358950406313,-0.5707387173973023
1789059143513960000,54.3889599609375,-1.9103151506513356,-0.30229367855787276,-0.741860277082026
1789059143523969000,54.398968994140624,-3.49682972433567,0.5399515110760927,-0.4595274365350604
1789059143533979000,54.408978759765624,-2.8739433249413966,0.924651377902925,-0.337897381782718
1789059143543989000,54.418989013671876,-0.9235252964824437,-0.5333350155457854,-0.09473089624508284
1789059143553998800,54.428998779296876,0.004374561822414398,0.21450170559734105,0.08122396534760482
1789059143564009000,54.43900903320313,0.6432096409767866,1.2483031940490006,0.5113897622520104
1789059143574018000,54.44901806640625,1.1559732853978872,-0.1094137299209833,0.21931429351083934
1789059143584028000,54.45902783203125,0.8641098154395819,1.1954217909500002,0.07770654094433412
1789059143594038000,54.4690380859375,-0.018382628908753394,1.1627531547963619,-0.2119856128568761
1789059143604048000,54.4790478515625,-0.015458265894651413,-0.6183896724969148,-0.40974757964797315
1789059143614056700,54.489056640625,-0.09124678958952426,-1.256870239125192,0.12274622670016251
1789059143624066800,54.49906689453125,0.4837158291131258,-2.3993173957347866,0.22488981035454197
1789059143634077000,54.509076904296876,0.08323825517892837,-1.5560232815697788,-0.1143380893795751
1789059143644086800,54.519086669921876,-1.375854053685069,0.41233839985877274,0.4981136992346495
1789059143654097000,54.52909692382813,-1.5933283453524112,0.21447627889513968,0.049254271243559196
1789059143664106000,54.53910595703125,-1.119715977102518,-0.06933803238123655,-0.30626548653198404
1789059143674115800,54.54911572265625,0.2535936527967453,-0.9725584997206925,0.29240829915842037
1789059143684126000,54.5591259765625,0.7944558489769696,-1.137998652768135,-0.7569841233905404
1789059143694135800,54.5691357421875,-0.4094400480687618,0.8703270825192332,-0.4171952653054148
1789059143704145000,54.579144775390624,0.609385112786293,-0.756798903016746,0.12081451885206625
1789059143714155000,54.589155029296876,0.9800976630538701,-1.6960989839971063,-0.4255206105802208
1789059143724164900,54.599164794921876,1.0257307024598121,-1.0846002400577068,0.443359049609676
1789059143734175200,54.60917529296875,0.8706587986916303,-1.622846116259694,-0.26591197669785466
1789059143744185000,54.61918505859375,0.7388514506548642,-1.3019415529951452,-0.9642959905490278
1789059143754194200,54.629194091796876,0.15879413916170595,0.11973872458040713,-0.017396768809715284
1789059143764204000,54.6392041015625,0.2785129899978638,0.2763794851005077,-0.5538160415058955
1789059143774214100,54.64921411132813,0.37877778330147266,-1.0956579329058527,-0.3015931656057015
1789059143784224000,54.65922412109375,-2.590290049445629,1.3009718311801552,-0.7820966450762004
1789059143794233000,54.669233154296876,-3.8341362640857692,0.8960378623589873,-0.8106374607101082
1789059143804243200,54.6792431640625,-3.267347014966607,-0.9550909398302435,-0.39258283862899984
1789059143814253000,54.68925317382813,-2.2176415626794097,-0.0999658103570342,-0.16374376092571763
1789059143824263200,54.69926318359375,1.082932599106431,-1.471642578357458,-0.1543830264548771
1789059170431701500,81.30670141601563,-0.14184125079512594,0.22797668872028587,-0.6222283738769591
1789059170441710600,81.31671069335937,-0.10326105251014232,0.21348639107495546,-0.589020589345321
1789059170451719400,81.32671948242188,-0.07467384045124054,0.20993395929038525,-0.6281518456418067
1789059170461729500,81.3367294921875,-0.058063481912016865,0.18198738322257996,-0.5821876015201211
1789059170471738600,81.34673852539062,-0.05772329017221927,0.1792895224407315,-0.47998899060972033
1789059170481747700,81.35674780273438,-0.04466799376606941,0.1460439631819725,-0.584710617191717
1789059170491757600,81.36675756835938,-0.04223053748607635,0.13537877678275106,-0.6214574625696987
1789059170501766400,81.37676635742187,-0.05340191984176636,0.07418664145618677,-0.6314136969819665
1789059170511775500,81.386775390625,-0.05213935256004333,0.02583908239454031,-0.3816001472458243
1789059170521784600,81.39678466796875,-0.03339081294834614,0.012924363502860069,-0.3056503685746342
1789059170531794400,81.40679443359375,-0.04249298781454563,-0.01123158811032772,-0.25538521238863465
1789059170541803500,81.41680346679688,-0.005049100083112716,-0.010508826793730257,-0.23563472919277845
1789059170551812400,81.42681225585937,-0.019708909076452254,0.04169336186945438,-0.34013372600004077
1789059170561822500,81.43682250976562,-0.019067104041576386,0.016279519149661064,-0.33069201698116957
1789059170571831600,81.44683154296875,-0.02709726576209068,0.055442193497717375,-0.3019677345391363
1789059170581840600,81.45684057617187,-0.015474632507562636,-0.017337211509048937,-0.26257344339229166
1789059170591850500,81.4668505859375,-0.020795535269379616,0.003986731548607349,-0.23789536760114133
1789059170601859600,81.47685961914063,-0.008632803788781165,-0.019509294851124286,-0.23032778189107775
1789059170611868700,81.48686865234374,-0.023901100069284437,-0.012476911996304988,-0.2314319437406957
1789059170621877500,81.49687744140626,-0.0071522098422050475,-0.013842647391557692,-0.22237996469177304
1789059170631887400,81.50688745117188,0.004656885895133018,-0.02778700159192085,-0.26025384133830665
1789059170641896400,81.516896484375,0.015317980641126631,-0.03403904772400856,-0.3523332092944532
1789059170651905500,81.52690551757813,-0.010801379999518393,-0.008760521821677685,-0.3410549324981868
1789059170661915600,81.53691552734375,0.005694996771216392,-0.025738544629514217,-0.34060229335986075
1789059170671924500,81.54692456054687,-0.0012882862448692321,-0.02075520325899124,-0.2827151909280568
1789059170681933300,81.55693334960938,0.016990882289409637,-0.044165012679994106,-0.23860234682671724
1789059170691943400,81.566943359375,0.007739069819450378,-0.06429711560457944,-0.3054946665562689
1789059170701952500,81.57695239257812,0.0007616320222616196,-0.07385229493528604,-0.3189726453538984
1789059170711961600,81.58696166992188,0.01768354072868824,-0.07056757417619228,-0.3082712185975164
1789059170721971500,81.59697143554688,0.02605389418900013,-0.07893851215839386,-0.31398930398337543
1789059170731980500,81.60698046875,0.037279637080430986,-0.09614303719848394,-0.3089287326581776
1789059170741989600,81.61698974609375,0.040131519380211825,-0.10598258642852305,-0.3608317191790789
1789059170751998500,81.62699853515625,0.05631225433051586,-0.10200579175204039,-0.3883030058853328
1789059170762008300,81.63700830078125,0.05621756178438663,-0.10003566072285175,-0.35788412141986187
1789059170772017400,81.64701733398438,0.06448503939211368,-0.09295768516063689,-0.35923129824511707
1789059170782026500,81.65702661132812,0.044424248138070103,-0.08446165949404238,-0.3827960790321231
1789059170792036000,81.6670361328125,0.03426233508586883,-0.047241935907304286,-0.3871898570116609
1789059170802045200,81.67704516601563,-0.012857728007435797,-0.014582067582011223,-0.3601775661192834
1789059170812054000,81.68705395507813,-0.08769581910967826,0.02154518459290266,-0.3349703518874943
1789059170822063900,81.69706396484375,-0.02775777549743652,-0.04709229830354452,-0.3086464816506952
1789059170832073000,81.70707299804687,0.018527590337395667,-0.06341361076831817,-0.3097485976736992
1789059170842082000,81.71708203125,0.0715337888598442,-0.11509440590590238,-0.31026107724048196
1789059170852092000,81.727091796875,0.04773790273070335,-0.06143325060606002,-0.33278613971620796
1789059170862101000,81.73710107421876,0.026335049217939374,-0.05246960742771625,-0.34736659986302254
1789059170872110000,81.74711010742188,0.006129296535253524,-0.0304404387101531,-0.3598853782396763
1789059170882119000,81.75711889648437,0.0247960030823946,-0.06573153232187032,-0.39747963422723115
1789059170892129000,81.76712890625,0.00813420661687851,-0.06430062273591756,-0.41001740956529975
1789059170902138000,81.77713818359375,0.0036287118911743164,-0.08355944995731115,-0.3880940393097698
1789059170912147000,81.78714697265625,0.013016133439540863,-0.04873685064017772,-0.3631359410008415
1789059170922157000,81.79715698242188,0.02689034501314163,-0.0484936895340681,-0.36916608801055695
1789059170932166100,81.80716625976562,0.013789455899596214,-0.01490939984023571,-0.40609289306532587
1789059170942175000,81.81717504882812,0.016709142738580703,-0.017832301549613475,-0.4056029906565323
1789059170952184800,81.82718481445312,0.00932020153105259,-0.019285715228319168,-0.3863510315673426
1789059170962194000,81.83719384765625,0.016590484794974325,-0.022354162888228894,-0.3665982468165457
1789059170972203000,81.847203125,-0.012659575086832046,-0.014486790513992308,-0.36847985931206495
1789059170982213000,81.85721313476563,-0.005275310054421425,-0.03602379180043935,-0.32926819472312924
1789059170992222000,81.86722192382813,0.0017798691540956495,-0.032788755401968954,-0.2945932602483779
1789059171002231000,81.87723095703124,0.01300795013308525,-0.03638619537204504,-0.29263858251664787
1789059171012241200,81.8872412109375,0.02526829676926136,-0.014198328961431979,-0.27072270144782956
1789059171022250000,81.89725,0.017020692905783653,-0.03191606422066688,-0.260895463710092
1789059171032259000,81.90725903320312,0.02511222942471504,-0.06556143645197153,-0.23114603947140275
1789059171042269000,81.91726904296875,0.028086861321330068,-0.07504881124347448,-0.18409341559112072
1789059171052278000,81.92727807617187,0.024334815311431883,-0.08172551252841949,-0.1665146138785407
1789059171062287000,81.937287109375,0.005602057790756225,-0.08403349720984697,-0.1259222355209291
1789059171072296000,81.9472958984375,0.021422142735123634,-0.07573153281062842,-0.1127702007420361
1789059171082305800,81.95730590820312,0.03633504970669746,-0.08060907571911811,-0.08392481267098337
1789059171092315000,81.96731494140624,0.04568330828845501,-0.11253653811663389,0.008813567183166742
1789059171102324000,81.97732397460938,0.060120414441823956,-0.13058335919976233,0.07323237293865531
1789059171112334000,81.987333984375,0.034012159717082976,-0.1593155326873064,0.11871727257817984
1789059171122343200,81.99734326171875,0.015500351470708846,-0.1498231894597411,0.13654044097326695
1789059171132352000,82.00735205078125,-0.00044482115805149076,-0.16943331433683634,0.1420177398731932
1789059171142362000,82.01736206054687,0.014100421544909477,-0.15396014313399792,0.1965838446561247
1789059171152371000,82.02737084960937,0.04556465034484863,-0.1755392299965024,0.2862628004070371
1789059171162380000,82.03738012695312,0.07315583710372447,-0.12212532745599745,0.32550511586256325
1789059171172390000,82.04738989257812,0.0566284806728363,-0.07515724005401134,0.37154319240543987
1789059171182399000,82.05739892578126,-0.034237785166502,-0.04569090707302093,0.34792843499686565
1789059171192408000,82.06740795898438,-0.054338323909044264,-0.04302899438738823,0.187638248591125
1789059171202418200,82.07741821289062,-0.1139583876132965,-0.01172521684616804,-0.02890393159156665
1789059171212427000,82.08742700195313,-0.0610685089468956,-0.037922318898141384,-0.14183929630005732
1789059171222435800,82.09743579101563,0.027145196557044983,-0.015050854137539862,-0.043970366890728474
1789059171232446000,82.10744604492187,0.054791328373551364,-0.023010580970346927,0.23614293444324283
1789059171242455000,82.117455078125,0.00518704724907875,0.0068795303806662555,0.3683810385800898
1789059171252464000,82.12746411132812,-0.0058341129809617994,-0.03420534420162439,0.29203453394258394
1789059171262473200,82.13747314453126,-0.03495850065648556,-0.02926671875566244,0.08803940838295966
1789059171272483000,82.14748315429688,-0.026049802535772323,-0.05898702649772167,0.02305719659104943
1789059171282492000,82.15749194335937,-0.031212299865484235,-0.011966039864718914,0.12585152663858606
1789059171292501000,82.1675009765625,-0.015428455278277397,-0.027074469408392903,0.1618386762230657
1789059171302511000,82.17751098632813,-0.04892155955731869,0.036005963882803915,0.12028466802537441
