time,seconds_elapsed,z,y,x
1789059089172717300,0.04771728515625,-9.17847835367918,-3.389830946601927,-0.6595216741565615
1789059089182727400,0.0577275390625,-9.178834327509998,-3.3892011242657896,-0.6578018646266311
1789059089192737300,0.0677373046875,-9.179213682216405,-3.388915585322678,-0.6539663050517439
1789059089202747400,0.077747314453125,-9.18015826959014,-3.3876047949850556,-0.6474680290736258
1789059089212757200,0.08775732421875,-9.181973794579505,-3.384553006199002,-0.6376101404692978
1789059089222767400,0.097767333984375,-9.183816207575797,-3.381436627744138,-0.6275293298292904
1789059089232776200,0.107776123046875,-9.18565686700642,-3.3782001300409434,-0.6179422209903598
1789059089242786000,0.1177861328125,-9.187201758360862,-3.3757048060938715,-0.6085475659836084
1789059089252796200,0.127796142578125,-9.188917914628982,-3.3728526315331457,-0.5983594590442255
1789059089262806300,0.13780615234375,-9.19047098928988,-3.3707337396830317,-0.5863291217716411
1789059089272816000,0.147816162109375,-9.191617821237445,-3.3697572958663105,-0.5738278790516779
1789059089282826200,0.157826171875,-9.192849408859013,-3.3685113874584434,-0.5612736275028437
1789059089292836000,0.167836181640625,-9.194319481411576,-3.366815104934573,-0.5472017014000564
1789059089302846200,0.17784619140625,-9.196080061343311,-3.36461964071691,-0.5308782700434327
1789059089312856300,0.187856201171875,-9.197367763066291,-3.36381826120615,-0.5133551075082272
1789059089322866200,0.1978662109375,-9.197935918343067,-3.3648210085079073,-0.4963287155140191
1789059089332876300,0.207876220703125,-9.197841810318828,-3.367325392544269,-0.4808453882433474
1789059089342886100,0.21788623046875,-9.197666453751921,-3.3701100548267364,-0.4644051986392587
1789059089352896300,0.227896240234375,-9.197364255934954,-3.373514018051326,-0.44528424551859497
1789059089362906000,0.237906005859375,-9.197019388020038,-3.377130162721872,-0.4245058075144887
1789059089372916200,0.247916259765625,-9.196870334938168,-3.3802041633397337,-0.40271059368327256
1789059089382926300,0.25792626953125,-9.196357709240912,-3.383697266152501,-0.38467889710403974
1789059089392936200,0.267936279296875,-9.196283474960923,-3.385763843293488,-0.367905968414247
1789059089402946300,0.2779462890625,-9.195459883618355,-3.3899177481025458,-0.3498086592528969
1789059089412956200,0.2879560546875,-9.194854903462529,-3.3936215710565447,-0.32917584026455876
1789059089422966300,0.29796630859375,-9.194940243658422,-3.395620051397383,-0.30533109175870193
1789059089432976100,0.30797607421875,-9.19421777460277,-3.399678094616532,-0.2809470122117549
1789059089442986200,0.317986328125,-9.192057966220379,-3.4073104891911146,-0.25824757954981176
1789059089452996400,0.327996337890625,-9.189215436270832,-3.4165663933143016,-0.23618456336157395
1789059089463006200,0.338006103515625,-9.186668674397469,-3.424853744666278,-0.21420126134604214
1789059089473016300,0.348016357421875,-9.184754949730634,-3.431293422324955,-0.19204844798250123
1789059089483026200,0.358026123046875,-9.18323285472989,-3.436558795507252,-0.16935219365833326
1789059089493036300,0.368036376953125,-9.181884947252273,-3.4411703809559344,-0.14739437314392997
1789059089503046400,0.37804638671875,-9.181020439377427,-3.444412431617081,-0.12356976324380375
1789059089513056300,0.38805615234375,-9.180327780938148,-3.447057393167913,-0.09879448328902944
1789059089523066400,0.39806640625,-9.179824507591128,-3.449010280801356,-0.07439178124000317
1789059089533076200,0.408076171875,-9.17916808950901,-3.451188209362328,-0.05055087322562467
1789059089543086300,0.41808642578125,-9.178346836254,-3.453630634078383,-0.027642010480526367
1789059089553096200,0.42809619140625,-9.177454855850339,-3.4561069610640405,-0.005420103090527118
1789059089563106300,0.438106201171875,-9.177642487376929,-3.4555811836242674,0.014896325729531236
1789059089573116400,0.448116455078125,-9.178885765436291,-3.4521415645644065,0.03395585153613938
1789059089583126300,0.458126220703125,-9.179711694866418,-3.449730704030394,0.05129378684768453
1789059089593136400,0.468136474609375,-9.179670193812251,-3.449562361726165,0.0675388420387404
1789059089603146200,0.478146240234375,-9.179757287573814,-3.4490067736700176,0.08240029738429001
1789059089613156400,0.48815625,-9.180294463190435,-3.447207615293562,0.09663673899956048
1789059089623166200,0.498166259765625,-9.180129628017545,-3.447252915740013,0.10976502757668495
1789059089633175300,0.50817529296875,-9.179631615367532,-3.4482182536408303,0.12056639844304881
1789059089643186400,0.5181865234375,-9.179426448184252,-3.448494147972762,0.12807661880953236
1789059089653195300,0.5281953125,-9.179088594532013,-3.449190605804324,0.13341019838983192
1789059089663205400,0.538205322265625,-9.178617469888925,-3.4502377767696975,0.13865025446778162
1789059089673215200,0.54821533203125,-9.17793591736555,-3.451791728213429,0.1449593736825045
1789059089683225300,0.558225341796875,-9.177104142716527,-3.453687040440738,0.15229153406834228
1789059089693235500,0.5682353515625,-9.176322636950015,-3.4554292079329487,0.15969150812653823
1789059089703245300,0.578245361328125,-9.175188664484024,-3.4580785533979532,0.16729520632959902
1789059089713255400,0.58825537109375,-9.174024881401657,-3.460822299148142,0.17424623104389755
1789059089723265500,0.598265625,-9.172850576925278,-3.4635993626460433,0.1807778978349641
1789059089733275400,0.608275390625,-9.171548262155055,-3.4667072655335067,0.18716681342078373
1789059089743285500,0.618285400390625,-9.170129043006897,-3.470110936497152,0.19350540532516314
1789059089753295400,0.62829541015625,-9.16887232094407,-3.4730826457843182,0.1996652431291528
1789059089763305500,0.638305419921875,-9.167897338432073,-3.4752518065169453,0.20655507570812479
1789059089773315000,0.648315185546875,-9.167072578045726,-3.476984621658921,0.21386762721119448
1789059089783325200,0.6583251953125,-9.166724787521362,-3.4774347035139797,0.22132859247531741
1789059089793335300,0.668335205078125,-9.166380504128336,-3.4778099665671585,0.2295434448466636
1789059089803345200,0.67834521484375,-9.165414873966574,-3.47984001109004,0.2371959140948951
1789059089813355300,0.688355224609375,-9.163901546794175,-3.48328138371557,0.2450479062369093
1789059089823365000,0.698365234375,-9.162580527323485,-3.486177689678967,0.2531114405040629
1789059089833375200,0.708375244140625,-9.160918147069216,-3.489956039173901,0.26109608258241784
1789059089843385300,0.71838525390625,-9.158923173859716,-3.4945021581709383,0.2701167166450061
1789059089853395200,0.728395263671875,-9.156893713858723,-3.499129525710642,0.2788716672424227
1789059089863405300,0.7384052734375,-9.155057730603218,-3.503314702440798,0.2865163185103796
1789059089873415200,0.748415283203125,-9.15320421169102,-3.5076150299832225,0.29303764657052234
1789059089883425300,0.75842529296875,-9.151296332243085,-3.512125200884044,0.2985593874003738
1789059089893435100,0.76843505859375,-9.149449243071675,-3.5163644458889958,0.3051877377652563
1789059089903445200,0.7784453125,-9.147826610305906,-3.519903433670103,0.3129429732682183
1789059089913455400,0.788455322265625,-9.146005240097642,-3.523887534870207,0.32122714628241955
1789059089923465200,0.79846533203125,-9.144316556358337,-3.5275139086738228,0.32939576662555337
1789059089933475300,0.808475341796875,-9.142823102930187,-3.5307369623735543,0.33625878426283595
1789059089943485200,0.818485107421875,-9.141075382480025,-3.5346982672199605,0.3420985963322222
1789059089953495300,0.828495361328125,-9.139148798331618,-3.5391055622681975,0.34796807288751
1789059089963505200,0.838505126953125,-9.1375004466027,-3.542857023756206,0.3530430745968595
1789059089973515300,0.848515380859375,-9.136094086936115,-3.546137360601127,0.35648031903654337
1789059089983525400,0.858525390625,-9.134853731486201,-3.5490760444015264,0.3590115180145949
1789059089993535200,0.86853515625,-9.134178608703612,-3.5505507931292053,0.3616073066614568
1789059090003545300,0.87854541015625,-9.133789317125082,-3.551249004526436,0.36456100536789743
1789059090013555200,0.88855517578125,-9.133936616641282,-3.5505133837282656,0.36802429756429045
1789059090023565300,0.8985654296875,-9.133464907476306,-3.551439558662474,0.3707796241544187
1789059090033575400,0.908575439453125,-9.13172186320126,-3.555779049171507,0.37212011551056057
1789059090043585300,0.918585205078125,-9.132890906980633,-3.5529417799189686,0.3705358785264194
1789059090053595400,0.928595458984375,-9.135073511716723,-3.547776944501698,0.3661903236027807
1789059090063605200,0.938605224609375,-9.13632789569199,-3.5451866357475517,0.35993480687197293
1789059090073615400,0.948615478515625,-9.136936967501043,-3.5443849639758467,0.3522891509570181
1789059090083624400,0.95862451171875,-9.138744309183954,-3.540609244829416,0.3432589088158682
1789059090093634300,0.96863427734375,-9.140373371690512,-3.537381222693622,0.3329992344776168
1789059090103644400,0.97864453125,-9.141366474381089,-3.5358401307314633,0.32192594220153986
1789059090113654300,0.988654296875,-9.141779146835207,-3.5357802172377704,0.3106723614551127
1789059090123664400,0.998664306640625,-9.14248466475606,-3.5350372899159788,0.2981108216489665
1789059090133674500,1.008674560546875,-9.1431001663059,-3.5346237406790255,0.28378762419885023
1789059090143684400,1.018684326171875,-9.143308840620517,-3.535330135382712,0.2678161115524359
1789059090153694500,1.028694580078125,-9.1428564206779,-3.5378333503752946,0.2495833394431509
1789059090163704300,1.038704345703125,-9.141497407284378,-3.5426840052768584,0.22977756412979214
1789059090173714400,1.04871435546875,-9.139886464956403,-3.548088494668901,0.20960244404738768
1789059090183724300,1.058724365234375,-9.137824856251477,-3.55457055016458,0.18859925737669692
1789059090193734400,1.068734375,-9.135839235392213,-3.560716213312745,0.167716628345754
1789059090203744500,1.07874462890625,-9.134552702713012,-3.564940260748565,0.146734155669529
1789059090213754400,1.08875439453125,-9.134003836658596,-3.567170504018664,0.12512260957583785
1789059090223764500,1.098764404296875,-9.133440357556939,-3.569311899961531,0.10326533595961518
1789059090233774300,1.1087744140625,-9.132819010788202,-3.5715319140985606,0.07851323595102876
1789059090243784400,1.118784423828125,-9.13155410541892,-3.5752214162662623,0.053823204860603435
1789059090253794300,1.128794189453125,-9.130337715366482,-3.57860170635432,0.030419350256351754
1789059090263804200,1.13880419921875,-9.129647979536651,-3.5804821132734417,0.007697321599288261
1789059090273814300,1.148814208984375,-9.129102620613574,-3.5818513558000324,-0.014480261450150283
1789059090283824000,1.15882421875,-9.128405285999179,-3.5834684356078506,-0.03681332332649035
1789059090293834200,1.168834228515625,-9.127856419944763,-3.584575227805972,-0.058649474239582194
1789059090303844000,1.178843994140625,-9.12795461962223,-3.5839100418955088,-0.08011193985193968
1789059090313854200,1.188854248046875,-9.128315269628166,-3.582447275866568,-0.10157004894958808
1789059090323864300,1.1988642578125,-9.128017747986316,-3.582534661889076,-0.12297761517008766
1789059090333874200,1.208874267578125,-9.12741393687427,-3.583303015913069,-0.1436613240954466
1789059090343884300,1.21888427734375,-9.127342625203728,-3.5826682251408695,-0.16277285180063916
1789059090353894100,1.22889404296875,-9.127727240607141,-3.580786649177968,-0.18151366476360709
1789059090363904300,1.238904296875,-9.127958126753569,-3.579199964508414,-0.20023966374993324
1789059090373914400,1.248914306640625,-9.127790368971228,-3.578506137025356,-0.21936121965879574
1789059090383924200,1.25892431640625,-9.127527918642759,-3.577971007235348,-0.23821217846535145
1789059090393934300,1.268934326171875,-9.12746829741001,-3.576967967672646,-0.2549700374501757
1789059090403944200,1.278944091796875,-9.127315152674912,-3.57621451895684,-0.2705469247558154
1789059090413954300,1.288954345703125,-9.127366006079315,-3.574970071853697,-0.28488736560167743
1789059090423964200,1.298964111328125,-9.127872202035784,-3.5726997888341545,-0.2968994182989001
1789059090433974300,1.308974365234375,-9.128872318989037,-3.5692826738670465,-0.30708014564942565
1789059090443984400,1.318984375,-9.129665515193343,-3.566508532978594,-0.3156174531744793
1789059090453994200,1.328994140625,-9.130272248914837,-3.564276828403771,-0.3231783899480477
1789059090464004400,1.33900439453125,-9.131339585885405,-3.5609520678952333,-0.32960502546206116
1789059090474014200,1.34901416015625,-9.132443747735023,-3.557623800255358,-0.3349144935144111
1789059090484024300,1.3590244140625,-9.133404701721668,-3.55482277135998,-0.33843722428046163
1789059090494034200,1.3690341796875,-9.134280900034307,-3.5524569190114734,-0.33962939320709556
1789059090504044300,1.379044189453125,-9.135386230927706,-3.5496579359427094,-0.33916630573999135
1789059090514054400,1.389054443359375,-9.136519034349918,-3.5469454621136185,-0.3370216583941132
1789059090524064300,1.399064208984375,-9.137494016861915,-3.544774255554378,-0.33341636391114443
1789059090534074400,1.409074462890625,-9.138404117444157,-3.54282166018188,-0.329198453955166
1789059090544084200,1.419084228515625,-9.139152305462956,-3.541373507200181,-0.3239677136948332
1789059090554094300,1.42909423828125,-9.139971220630407,-3.5397596422627564,-0.31845022891499103
1789059090564104200,1.439104248046875,-9.140631145843862,-3.538521332639456,-0.313236768583022
1789059090574113300,1.44911328125,-9.14123203434646,-3.5374189243555065,-0.30811431100275366
1789059090584123400,1.459123291015625,-9.142449593442677,-3.534710249918699,-0.303030230937805
1789059090594133500,1.469133544921875,-9.143926680257916,-3.5313650311440226,-0.29741025389786807
1789059090604143400,1.479143310546875,-9.144594788777828,-3.5302541472926734,-0.2899666781599633
1789059090614153500,1.489153564453125,-9.14468480514884,-3.53061421277672,-0.28265261055324226
1789059090624163300,1.499163330078125,-9.145416626554727,-3.529295531393587,-0.27535174948796626
1789059090634173400,1.50917333984375,-9.146761026901006,-3.526394549255073,-0.26774235219648107
1789059090644183300,1.519183349609375,-9.147456607949733,-3.525180205029249,-0.25986489681964736
1789059090654193400,1.529193359375,-9.147793292558193,-3.5248701161667704,-0.2521000715044327
1789059090664203500,1.53920361328125,-9.148056911930441,-3.524721355345845,-0.24449235471338032
1789059090674213400,1.54921337890625,-9.148301242080331,-3.5246044509679075,-0.23692359995953738
1789059090684223000,1.559222900390625,-9.14824571250081,-3.525326043240726,-0.22817252181963993
1789059090694232800,1.56923291015625,-9.148221162581443,-3.525933946006,-0.21960282812863588
1789059090704243000,1.579242919921875,-9.1480422988832,-3.5268650893762707,-0.2119600034915842
1789059090714253000,1.589253173828125,-9.147901429107785,-3.5277173222914335,-0.2037025906201452
1789059090724263000,1.599262939453125,-9.147870449447632,-3.528317334011197,-0.19450141235888002
1789059090734273000,1.60927294921875,-9.147907858848571,-3.5287545563846825,-0.18455038384469225
1789059090744283000,1.619282958984375,-9.147992614522575,-3.5290526625484224,-0.17437758407229556
1789059090754293000,1.62929296875,-9.148155111607908,-3.529096501690149,-0.16467959873741492
1789059090764302800,1.639302734375,-9.148662476608157,-3.528204813547432,-0.15532242619683964
1789059090774313000,1.64931298828125,-9.148980456516146,-3.5277705137833952,-0.14620877095540052
1789059090784323000,1.659322998046875,-9.149374424269794,-3.527078732126951,-0.1380183771718759
1789059090794333000,1.6693330078125,-9.149446320462227,-3.5271883299812674,-0.1302231932510156
1789059090804343000,1.679343017578125,-9.149007344523072,-3.5286019961714743,-0.12255366327012888
1789059090814353000,1.689352783203125,-9.147762897419929,-3.5320708413258193,-0.11529200170408002
1789059090824363000,1.699363037109375,-9.146467596912384,-3.53562210406661,-0.10903878652821294
1789059090834373000,1.709373046875,-9.145284524607657,-3.5388331750676034,-0.10397053422005846
1789059090844383000,1.719383056640625,-9.144480222487449,-3.5410303928509355,-0.09982441999181173
1789059090854393000,1.72939306640625,-9.14362039078772,-3.5433626351907845,-0.09579743863120674
1789059090864403000,1.73940283203125,-9.142567666864394,-3.5461680480003355,-0.0923832828061655
1789059090874413000,1.7494130859375,-9.14144070866108,-3.549137711460888,-0.08981234547276981
1789059090884423000,1.7594228515625,-9.14004019421339,-3.5527965262293812,-0.08769696075399405
1789059090894433000,1.76943310546875,-9.138722097352147,-3.556213933457434,-0.08650490142521448
1789059090904443100,1.779443115234375,-9.137678725779056,-3.5589129632830616,-0.0857074126382824
1789059090914453000,1.789452880859375,-9.136455905985832,-3.5620956849724053,-0.08385750132212415
1789059090924463000,1.799463134765625,-9.135456373554467,-3.564714635299146,-0.08143768116352147
1789059090934473000,1.809472900390625,-9.134480221998691,-3.5672596436068416,-0.07944960348568857
1789059090944483000,1.819483154296875,-9.133267923599481,-3.5703891738042235,-0.07823887598905711
1789059090954493000,1.829492919921875,-9.132246763858198,-3.573014553871751,-0.07758677788903005
1789059090964503000,1.8395029296875,-9.131542999503015,-3.574823356859386,-0.07712831179811619
1789059090974513200,1.84951318359375,-9.130496705320477,-3.5775095272034405,-0.07638954006163402
1789059090984523000,1.85952294921875,-9.12935279598236,-3.5804467496991155,-0.07554581011333503
1789059090994533000,1.869533203125,-9.128745477738976,-3.5820077154055237,-0.07491851309442427
1789059091004543000,1.87954296875,-9.128127638101578,-3.583592061987519,-0.07442312622633762
1789059091014553000,1.889552978515625,-9.12700243346393,-3.5864725858598945,-0.07370582653614692
1789059091024563200,1.899563232421875,-9.125630560588837,-3.5899776713714,-0.07284780320101417
1789059091034573000,1.909572998046875,-9.124681297039984,-3.5923867783397436,-0.07302338809678331
1789059091044583200,1.919583251953125,-9.123935447108744,-3.594262216822803,-0.0739540017440915
1789059091054593000,1.929593017578125,-9.123711575224995,-3.594795885308087,-0.07559027487614657
1789059091064603100,1.93960302734375,-9.12323752797246,-3.5959579148247838,-0.07752183202719315
1789059091074613000,1.949613037109375,-9.122692169049381,-3.5973023151710626,-0.07926623714226298
1789059091084623000,1.959623046875,-9.1226401466012,-3.5973815178871154,-0.08162595201092772
1789059091094632000,1.9696318359375,-9.123298902770877,-3.5956373045682906,-0.08482541477251797
1789059091104643000,1.97964306640625,-9.124087422800063,-3.5935675125569104,-0.08765252795722335
1789059091114652000,1.98965185546875,-9.124871851176023,-3.5915023967206476,-0.09059428963069803
1789059091124662000,1.999662109375,-9.12590353231132,-3.588816518637538,-0.09308617037851363
1789059091134672000,2.009671875,-9.126974960935115,-3.5860441313147544,-0.09483892319682054
1789059091144682000,2.019681884765625,-9.12795403510034,-3.5834842176988717,-0.09739423370282164
1789059091154691800,2.02969189453125,-9.129107296788693,-3.5804677924871444,-0.10017009162432514
1789059091164702000,2.039701904296875,-9.130717654594779,-3.5762785241037607,-0.1030328606443014
1789059091174712000,2.049712158203125,-9.132310476744175,-3.5721307567745444,-0.10569090087241492
1789059091184722000,2.059721923828125,-9.134486067217589,-3.5665117478489874,-0.10745207445919513
1789059091194732000,2.06973193359375,-9.13690598784089,-3.5602807445049285,-0.10834631075202487
1789059091204742000,2.079741943359375,-9.139525230428577,-3.5535222101554274,-0.10929718173607252
1789059091214752000,2.089751953125,-9.14205445664525,-3.5469966077789663,-0.10970417336807585
1789059091224761900,2.099761962890625,-9.144206081721187,-3.541448910523951,-0.10963129992811009
1789059091234772000,2.10977197265625,-9.14671484967172,-3.534956918156147,-0.10985658745081163
1789059091244782000,2.119781982421875,-9.150425979149341,-3.5253301348939536,-0.11015832861005329
1789059091254792000,2.1297919921875,-9.154360980510711,-3.5150840506896373,-0.11066541048251091
1789059091264802000,2.139802001953125,-9.157564744988083,-3.5067212960138914,-0.11091394188348203
1789059091274812000,2.14981201171875,-9.160334794223308,-3.4994781930178402,-0.11091075441255234
1789059091284822000,2.159822021484375,-9.163752493712305,-3.4905177647098897,-0.11095429216017946
1789059091294831900,2.169831787109375,-9.167260794094204,-3.4812937170296907,-0.1109260615795385
1789059091304842000,2.179842041015625,-9.170204446330667,-3.47354500259906,-0.11054201243170536
1789059091314852000,2.18985205078125,-9.172487588831782,-3.467542255052924,-0.10958831930290908
1789059091324862000,2.199862060546875,-9.17506416132152,-3.4607433886930346,-0.10879174383142963
1789059091334872000,2.2098720703125,-9.17782368916273,-3.453437157332897,-0.108221761923749
1789059091344882000,2.2198818359375,-9.18041721278727,-3.4465412603393193,-0.10809154140651225
1789059091354892000,2.22989208984375,-9.182912536734342,-3.4398721578389404,-0.10853681008913553
1789059091364902100,2.239902099609375,-9.185503137749434,-3.432978306671977,-0.1076083701326046
1789059091374912000,2.249912109375,-9.188121211293339,-3.4260146051391955,-0.10602608764353208
1789059091384922000,2.259922119140625,-9.190621211415529,-3.419328551504016,-0.10513045397805981
1789059091394932000,2.269931884765625,-9.19319310773015,-3.4124294396400447,-0.10447381670023315
1789059091404942000,2.279942138671875,-9.196099350565671,-3.4045968463182446,-0.10420506449514068
1789059091414952000,2.289951904296875,-9.198623316085339,-3.3977903811737895,-0.10362595856608822
1789059091424962000,2.299962158203125,-9.2006884319216,-3.392229532176256,-0.10246234901365824
1789059091434972200,2.30997216796875,-9.202727244272827,-3.3867043390139937,-0.10209589032144285
1789059091444982000,2.31998193359375,-9.204858995604514,-3.3809000366494057,-0.1023244383803103
1789059091454992100,2.3299921875,-9.20673180373907,-3.3757986218571663,-0.10225773895280435
1789059091465002000,2.340001953125,-9.208329886585474,-3.371436919516325,-0.10228592386767267
1789059091475012000,2.35001220703125,-9.209615834742785,-3.3679066995635627,-0.1027579618262127
1789059091485022000,2.36002197265625,-9.210752729818225,-3.364780676497519,-0.10331355901551433
1789059091495032000,2.370031982421875,-9.21201120544672,-3.3613156307354566,-0.10388860069080255
1789059091505042200,2.380042236328125,-9.212995540308953,-3.3586250764772294,-0.1036012716494035
1789059091515052000,2.390052001953125,-9.214013192918896,-3.3558629182875155,-0.10261514668888412
1789059091525062100,2.400062255859375,-9.215176976001262,-3.352674935901165,-0.1023287309629377
1789059091535072000,2.410072021484375,-9.215831055995821,-3.3508675942182538,-0.10261363058523275
1789059091545082000,2.42008203125,-9.216631850984692,-3.348647580081224,-0.10318053461983799
1789059091555092200,2.43009228515625,-9.21831352046132,-3.3439842644453046,-0.10415193693526088
1789059091565102000,2.44010205078125,-9.219607067403198,-3.3404134202212092,-0.10422716672909445
1789059091575112200,2.4501123046875,-9.220276929488778,-3.338595849405229,-0.10320747742569074
1789059091585122000,2.4601220703125,-9.221618991747498,-3.3349057627156373,-0.10261966760037466
1789059091595132200,2.470132080078125,-9.224159908401965,-3.327862273944914,-0.10291556354071944
1789059091605142000,2.48014208984375,-9.225698370015621,-3.323610169458389,-0.10242728683343157
1789059091615152000,2.490152099609375,-9.227224556669592,-3.319371801236272,-0.10239194152541457
1789059091625162200,2.500162353515625,-9.228924346324801,-3.314597134180367,-0.10384395783147773
1789059091635172000,2.510172119140625,-9.230051889050007,-3.3114526986747976,-0.10395996716027148
1789059091645182200,2.52018212890625,-9.230801246112584,-3.3093712162256237,-0.10369932519639842
1789059091655192000,2.530192138671875,-9.231637112414836,-3.307041896495223,-0.10362238750266842
1789059091665202000,2.540201904296875,-9.231807792806626,-3.3065491445422173,-0.10410988789182156
1789059091675212000,2.5502119140625,-9.23163126719594,-3.3069960115268824,-0.10559957846030592
1789059091685222000,2.560221923828125,-9.231155466377734,-3.308292773339152,-0.10657670726361684
1789059091695231000,2.57023095703125,-9.230535288652778,-3.30998467194885,-0.1077112642514985
1789059091705241000,2.580240966796875,-9.229900497880578,-3.3117052121311423,-0.10924005385451019
1789059091715251000,2.5902509765625,-9.229563813272119,-3.3125814104437827,-0.1110681551976595
1789059091725261000,2.600260986328125,-9.229097364804149,-3.31381767424047,-0.11296713895308784
1789059091735271000,2.61027099609375,-9.228221166491508,-3.3162183056414127,-0.11405648682606406
1789059091745281000,2.620281005859375,-9.227064397671818,-3.3193849529787895,-0.11555070743919349
1789059091755291000,2.630290771484375,-9.224832693096994,-3.32549232994318,-0.11811184489778243
1789059091765301000,2.640301025390625,-9.222465379443765,-3.331909503509104,-0.12204602427524514
1789059091775311000,2.65031103515625,-9.219965963843464,-3.3386841122105717,-0.12569417151925152
1789059091785321000,2.660321044921875,-9.217720815265178,-3.3447567101225255,-0.12889492205563
1789059091795331000,2.6703310546875,-9.215447609636186,-3.350933060669899,-0.1310023517968133
1789059091805341000,2.6803408203125,-9.213444453120232,-3.356372621375322,-0.13263216322204097
1789059091815351000,2.69035107421875,-9.211669844663142,-3.3611683312192557,-0.13441334755038842
1789059091825361000,2.70036083984375,-9.210568605422973,-3.364063760399818,-0.13743157199355774
1789059091835371000,2.71037109375,-9.20945392217934,-3.3669597741022703,-0.1411630592726171
1789059091845381000,2.720381103515625,-9.208734960255025,-3.368808324578404,-0.14394028716729954
1789059091855391000,2.730390869140625,-9.208129395577311,-3.3703312963619827,-0.14698211168176495
1789059091865401000,2.740401123046875,-9.207080178785324,-3.373008991138637,-0.15120013123559764
1789059091875411000,2.750410888671875,-9.20626652431488,-3.374996657824516,-0.1563114555004984
1789059091885421000,2.760421142578125,-9.205915226659178,-3.375664766344428,-0.16248150417124851
1789059091895431200,2.77043115234375,-9.20555516117513,-3.3763846050515767,-0.16782688378719612
1789059091905441000,2.78044091796875,-9.205310831025242,-3.376768635933101,-0.17341768953157588
1789059091915451100,2.790451171875,-9.205450531756878,-3.3760923441067336,-0.17907816297868265
1789059091925461000,2.8004609375,-9.205683755990862,-3.3751711376085876,-0.18437754802843553
1789059091935471000,2.81047119140625,-9.205896521958708,-3.3742671745061874,-0.19020208946345374
1789059091945481000,2.82048095703125,-9.20652546751201,-3.372259634076059,-0.19528923826832323
1789059091955491000,2.830490966796875,-9.207637812668084,-3.368904186168313,-0.2006924855513498
1789059091965501200,2.840501220703125,-9.20908158173561,-3.3645892455786464,-0.2067476391381584
1789059091975511000,2.850510986328125,-9.21087431037128,-3.359336731877923,-0.21221357639385385
1789059091985521200,2.860521240234375,-9.212803232607245,-3.3537089551240205,-0.21743454417884348
1789059091995531000,2.870531005859375,-9.214682470482588,-3.348212403534353,-0.22246207175096497
1789059092005541000,2.880541015625,-9.216638280725478,-3.3425781970396637,-0.22613290575081482
1789059092015551000,2.890551025390625,-9.218326379942894,-3.3376413251593706,-0.23019116816567256
1789059092025561000,2.90056103515625,-9.219578425830601,-3.3339301956817504,-0.23380245399801058
1789059092035571200,2.9105712890625,-9.220507231113315,-3.3311920028895137,-0.23619650952769441
1789059092045581000,2.9205810546875,-9.221113964834808,-3.3293504666760563,-0.23848241024147718
1789059092055591200,2.930591064453125,-9.221331991499662,-3.3286195220530033,-0.24023469726890323
1789059092065601000,2.94060107421875,-9.221426099523901,-3.328265009526908,-0.2415298516459763
1789059092075611100,2.950611083984375,-9.221517869460582,-3.3278874083861707,-0.2432195948312059
1789059092085621000,2.96062109375,-9.221178262242674,-3.328720352078974,-0.24469922066340222
1789059092095631000,2.970631103515625,-9.2201395668447,-3.331472865657508,-0.24636498018484562
1789059092105641200,2.98064111328125,-9.218988058722019,-3.334496305131912,-0.24855975028276442
1789059092115651000,2.990651123046875,-9.218691706123948,-3.3351354798182844,-0.2509584271886386
1789059092125661200,3.0006611328125,-9.218673585945368,-3.335002501088381,-0.25338063110057263
1789059092135670800,3.0106708984375,-9.218543237563967,-3.3350267587468028,-0.25775641676569355
1789059092145681000,3.020680908203125,-9.21876184875071,-3.3339503616869446,-0.26380024524088946
1789059092155691000,3.03069091796875,-9.218737883353233,-3.3334619936481116,-0.27072058255597947
1789059092165700900,3.040700927734375,-9.218379571434856,-3.3340161203995344,-0.2760501983472146
1789059092175711000,3.0507109375,-9.218003139337897,-3.3348867657542227,-0.2780928283570334
1789059092185720800,3.060720947265625,-9.217897925397754,-3.3350136070042846,-0.2800523466606624
1789059092195731000,3.07073095703125,-9.217479407724738,-3.335691944657266,-0.28567557510361075
1789059092205741000,3.080740966796875,-9.216832926514744,-3.3365538221836086,-0.2962900724952109
1789059092215751000,3.0907509765625,-9.216139099031686,-3.3374513555452228,-0.30755050310753285
1789059092225761000,3.100760986328125,-9.215570359233022,-3.3380493214383717,-0.31792876232415435
1789059092235771000,3.11077099609375,-9.215542886704206,-3.337551308788359,-0.32388514997791495
1789059092245781000,3.120781005859375,-9.215670312476158,-3.336972924378514,-0.32620993966367096
1789059092255790800,3.130790771484375,-9.215718827793001,-3.3365339484393597,-0.3293146276807412
1789059092265801000,3.140801025390625,-9.21575915980339,-3.335844504870474,-0.335121706524305
1789059092275811000,3.15081103515625,-9.215991214993595,-3.3343563121393323,-0.3434440195918083
1789059092285821000,3.160821044921875,-9.216071294492483,-3.333307972130179,-0.35139421141128985
1789059092295831000,3.1708310546875,-9.215575035408138,-3.3340102751806375,-0.35768936603274193
1789059092305841000,3.1808408203125,-9.214892313840984,-3.3355005137383937,-0.36136253812015057
1789059092315851000,3.19085107421875,-9.213985720390081,-3.3378172662481664,-0.36307526032216847
1789059092325860900,3.20086083984375,-9.213079711461067,-3.340190132859349,-0.36425387564748524
1789059092335870000,3.210869873046875,-9.212622030821443,-3.3412171378195286,-0.3663964771667495
1789059092345880000,3.220880126953125,-9.211766875296831,-3.3432574114754794,-0.3692829193232581
1789059092355890000,3.230889892578125,-9.210490864011645,-3.3465152442276476,-0.3715845473291352
1789059092365900000,3.240900146484375,-9.210148918706178,-3.3474230067223307,-0.3718814113838598
1789059092375910100,3.25091015625,-9.20908333530128,-3.350539385177195,-0.37021493947636336
1789059092385920000,3.260919921875,-9.208282540312409,-3.3530113282486793,-0.3677431060027331
1789059092395930000,3.27093017578125,-9.209599468129873,-3.349746481233835,-0.3645039414184168
1789059092405940000,3.28093994140625,-9.21124665081501,-3.345728770025074,-0.35974308369215574
1789059092415950000,3.2909501953125,-9.21428324203193,-3.337740401619673,-0.35616968218479306
1789059092425960000,3.3009599609375,-9.217794465023278,-3.3284584862723943,-0.35215686634685844
1789059092435970000,3.310969970703125,-9.221479875537753,-3.3186095846921204,-0.34860202340949326
1789059092445980200,3.320980224609375,-9.22495427365005,-3.3092040429651735,-0.346084085771814
1789059092455990000,3.330989990234375,-9.2286466984272,-3.299152896811068,-0.3435945339784026
1789059092466000100,3.341000244140625,-9.23209713114202,-3.289682180893421,-0.3416949474347755
1789059092476010000,3.351010009765625,-9.231660493290423,-3.2913091975733635,-0.3378124434456229
1789059092486020000,3.36102001953125,-9.22624080632925,-3.3071079474687575,-0.3315192981181666
1789059092496030200,3.3710302734375,-9.2179405954957,-3.3309558560460806,-0.32355171677246686
1789059092506040000,3.3810400390625,-9.20926862874031,-3.3554771338403224,-0.31705935907848176
1789059092516050200,3.39105029296875,-9.201946323028206,-3.375983915296197,-0.3119240420166403
1789059092526060000,3.40106005859375,-9.195242441475392,-3.39468393959105,-0.3066346303716302
1789059092536070100,3.411070068359375,-9.189895235228539,-3.4095670359462495,-0.3017722850322723
1789059092546080000,3.421080078125,-9.18551132105589,-3.4219209060847757,-0.2953367903583683
1789059092556090000,3.431090087890625,-9.181326144325732,-3.433611928400397,-0.2897305130502209
1789059092566100200,3.441100341796875,-9.17692878614962,-3.445458433538675,-0.2884088177260943
1789059092576110000,3.451110107421875,-9.172605077731609,-3.457014431297779,-0.28766422817017884
1789059092586120200,3.4611201171875,-9.168506410241127,-3.467873971225321,-0.28762261751815676
1789059092596130000,3.471130126953125,-9.164947256454825,-3.4773581311464308,-0.28654735296946016
1789059092606140200,3.48114013671875,-9.16212109311819,-3.4849899411991236,-0.2841985065546818
1789059092616150000,3.49114990234375,-9.15874431016147,-3.493954461160302,-0.28296012386614455
1789059092626159900,3.501159912109375,-9.155001616501808,-3.5036662923574444,-0.2839829823741689
1789059092636170000,3.511169921875,-9.151050248527527,-3.5138530475899574,-0.2854766367317177
1789059092646179800,3.521179931640625,-9.146808373174071,-3.524698558992147,-0.2877231004842557
1789059092656190000,3.53118994140625,-9.142672880804538,-3.5352985712006686,-0.28910938547719267
1789059092666199800,3.54119970703125,-9.138806853026152,-3.545146888259053,-0.29072790832342577
1789059092676210000,3.5512099609375,-9.134825089913607,-3.555320491749048,-0.2916275057779625
1789059092686219800,3.5612197265625,-9.131209237504004,-3.5645778571769595,-0.29186389008341357
1789059092696229600,3.571229736328125,-9.127939422053098,-3.573083235193789,-0.2901447746732272
1789059092706239700,3.58123974609375,-9.125060067224503,-3.5806571775794027,-0.28733410116666924
1789059092716249600,3.59124951171875,-9.122515643438696,-3.587316343207657,-0.28505687694968657
1789059092726259700,3.601259765625,-9.119894647285342,-3.594151742185652,-0.2828093902838416
1789059092736269800,3.611269775390625,-9.116384008815883,-3.6033491941198705,-0.2789322748558596
1789059092746279700,3.62127978515625,-9.11236191369295,-3.6138635738715528,-0.2742829512126744
1789059092756289800,3.631289794921875,-9.1080744456321,-3.625019174136221,-0.2694526267130859
1789059092766299600,3.641299560546875,-9.103637339967488,-3.636493046569824,-0.2647500750453211
1789059092776309800,3.651309814453125,-9.09917685342729,-3.64797013387382,-0.2601450654678978
1789059092786319600,3.661319580078125,-9.095047790798544,-3.658651394625008,-0.25448667438002304
1789059092796329700,3.671329833984375,-9.091160720232129,-3.668794895237684,-0.24724331565564497
1789059092806339800,3.68133984375,-9.086601449492573,-3.6805955154076218,-0.23933025924246756
1789059092816349700,3.691349609375,-9.081084731897711,-3.6947590653166174,-0.23029851926397532
1789059092826359800,3.70135986328125,-9.07444807036221,-3.7116263212263583,-0.2204707883358933
1789059092836369700,3.71136962890625,-9.066928780773281,-3.730485335475206,-0.2113422734520398
1789059092846379800,3.7213798828125,-9.059840283817053,-3.748119191843271,-0.20316914133056996
1789059092856390000,3.731389892578125,-9.050710051900149,-3.770590843631327,-0.19412306229947135
1789059092866399500,3.7413994140625,-9.041943977120518,-3.7919966197535393,-0.18546790054840967
1789059092876409600,3.75140966796875,-9.038221741726995,-3.8012434637874364,-0.17741128921238705
1789059092886419500,3.76141943359375,-9.039873600587248,-3.7977716960236427,-0.16731979278158396
1789059092896429600,3.7714296875,-9.043117697075008,-3.790528300766647,-0.15589565950753168
1789059092906439400,3.781439453125,-9.044837944996356,-3.7867990511104463,-0.14643450600267388
1789059092916449500,3.791449462890625,-9.045757397928833,-3.7849069537535307,-0.13833917922461406
1789059092926459600,3.801459716796875,-9.047150313591956,-3.781721309454739,-0.13429428774798288
1789059092936469500,3.811469482421875,-9.049683046939968,-3.7758246526315804,-0.12949134444566443
1789059092946479600,3.821479736328125,-9.053331632575393,-3.7673371025323865,-0.12142597441445104
1789059092956489500,3.831489501953125,-9.057821345210074,-3.7567663164183496,-0.11384285320853814
1789059092966499600,3.84149951171875,-9.062273063921928,-3.746173902994394,-0.10852722027688287
1789059092976508700,3.8515087890625,-9.065220223289728,-3.739114924393594,-0.10577519075553864
1789059092986518500,3.8615185546875,-9.067305797392128,-3.734036305955052,-0.10639577947244978
1789059092996528600,3.871528564453125,-9.069349285918474,-3.729044196756184,-0.10734402010799385
1789059093006538800,3.881538818359375,-9.07230521311462,-3.7218420102924106,-0.10751502016019075
1789059093016548600,3.891548583984375,-9.074948421099782,-3.715401748111844,-0.10714697229908779
1789059093026558700,3.901558837890625,-9.076602033525704,-3.711365332202613,-0.10697879439163953
1789059093036568600,3.911568603515625,-9.077219873163104,-3.70984206815809,-0.1074402470240835
1789059093046578700,3.92157861328125,-9.076672176152467,-3.7111098961368203,-0.10987787683401257
1789059093056588500,3.931588623046875,-9.076077717390655,-3.7124516661345957,-0.11358053074423223
1789059093066598700,3.9415986328125,-9.07530497945249,-3.7142034782379865,-0.11795573188746347
1789059093076608800,3.95160888671875,-9.074213092562555,-3.7167315354108807,-0.12226807866124435
1789059093086618600,3.96161865234375,-9.075125531232356,-3.714400169853866,-0.1253499794577714
1789059093096628700,3.971628662109375,-9.075916389349102,-3.712426239432394,-0.12654061401444486
1789059093106638600,3.981638671875,-9.076537736117839,-3.71084919937402,-0.12824757319595664
1789059093116648700,3.991648681640625,-9.076206896728277,-3.711584235650301,-0.1303714152158238
1789059093126658600,4.001658447265625,-9.075686672246455,-3.71276087821424,-0.13304703676640056
1789059093136668700,4.011668701171875,-9.075291535449027,-3.7135502750262614,-0.13790617636851965
1789059093146678800,4.0216787109375,-9.075724081647396,-3.7123134267076847,-0.14263305875994264
1789059093156688600,4.031688720703125,-9.07653656707406,-3.7101316987544295,-0.14762805403564125
1789059093166698800,4.04169873046875,-9.077387046423555,-3.7078064706772564,-0.15363922235025093
1789059093176708600,4.05170849609375,-9.078108346435426,-3.705807698075473,-0.1591407606422901
1789059093186718700,4.06171875,-9.078332802841066,-3.704996673953533,-0.16508964084303004
1789059093196728800,4.071728759765625,-9.078110684522986,-3.705222591663897,-0.1720926149402745
1789059093206738700,4.08173876953125,-9.076343090328574,-3.70925433139801,-0.17837596952607854
1789059093216748800,4.091748779296875,-9.07287921361029,-3.717410165324807,-0.1846775173556991
1789059093226758700,4.101758544921875,-9.068954149121046,-3.726581898295879,-0.19245637119626624
1789059093236768800,4.111768798828125,-9.065676150363684,-3.734144734765589,-0.20017271772725506
1789059093246778600,4.121778564453125,-9.063565441820025,-3.7388361074522134,-0.2080289841855876
1789059093256788700,4.131788818359375,-9.063064506560563,-3.7396477160960435,-0.21513077901480718
1789059093266798800,4.141798828125,-9.063651366537808,-3.737850895807147,-0.22152820670064538
1789059093276808700,4.15180859375,-9.06484262214899,-3.734532272778451,-0.2286448155065067
1789059093286818800,4.16181884765625,-9.065863781890272,-3.731635966815054,-0.2353475462818518
1789059093296828700,4.17182861328125,-9.064961864614487,-3.7334038532704112,-0.24196789600336924
1789059093306838800,4.1818388671875,-9.063477179014683,-3.7364322611808776,-0.2506760665833019
1789059093316848600,4.1918486328125,-9.061611385142802,-3.740302965134382,-0.26022147343866525
1789059093326858800,4.201858642578125,-9.05977131023407,-3.7440953431546684,-0.2695848382580094
1789059093336868600,4.21186865234375,-9.057511548608542,-3.74895067423135,-0.27791065845685076
1789059093346878500,4.22187841796875,-9.05440013858974,-3.75606576693356,-0.28317897251490504
1789059093356888600,4.231888671875,-9.050502546629309,-3.765190153631568,-0.28659362153029067
1789059093366898400,4.2418984375,-9.04643544332087,-3.7748245356783268,-0.2882514717399143
1789059093376908500,4.251908447265625,-9.041770374119281,-3.785969030027091,-0.28846443863715976
1789059093386918700,4.261918701171875,-9.037437313351035,-3.7962481397181747,-0.2891579555929638
1789059093396928500,4.271928466796875,-9.03371624700129,-3.8051205974817273,-0.28880906909005716
1789059093406938600,4.281938720703125,-9.030490270692109,-3.812840670339763,-0.2878897257554345
1789059093416948500,4.291948486328125,-9.028199529406427,-3.8183226088821884,-0.28708160597663374
1789059093426958600,4.30195849609375,-9.026126814785599,-3.8233305001720783,-0.28559361417489126
1789059093436968400,4.311968505859375,-9.023181993505359,-3.83052654915601,-0.2821987841048278
1789059093446978600,4.321978515625,-9.019623424240946,-3.8392461544454095,-0.27743018146352844
1789059093456988700,4.33198876953125,-9.015607758858799,-3.8489199917197223,-0.2738896410461515
1789059093466998500,4.34199853515625,-9.012435558563471,-3.8565816123887893,-0.2705053323701024
1789059093477008600,4.352008544921875,-9.00990165617168,-3.8627471492812036,-0.26691340882536024
1789059093487018500,4.3620185546875,-9.007244419661165,-3.8692248208627102,-0.2627403243917972
1789059093497028600,4.372028564453125,-9.005147155120968,-3.8746228805139658,-0.25496357117677104
1789059093507038700,4.382038818359375,-9.003249212545155,-3.8795340334311126,-0.2471869458259083
1789059093517048600,4.392048583984375,-9.000718232762813,-3.885846577578783,-0.24009943525036795
1789059093527058700,4.40205859375,-8.99885886863172,-3.890459916593134,-0.23503743915306402
1789059093537068500,4.412068603515625,-8.996739392259716,-3.895526844593882,-0.2322427851995453
1789059093547078700,4.42207861328125,-8.99441942487955,-3.900939809553325,-0.23123309670034795
1789059093557088500,4.432088623046875,-8.992098288455605,-3.9062636349245903,-0.23164982427507638
1789059093567098600,4.4420986328125,-8.990074089151621,-3.9108606073260304,-0.23262904457077382
1789059093577108700,4.452108642578125,-8.9887887255162,-3.913774741207063,-0.23329218465462326
1789059093587118600,4.46211865234375,-8.988253887987137,-3.914820743128657,-0.23634759016986934
1789059093597128700,4.472128662109375,-8.98772255758941,-3.915753347803652,-0.24105474494751541
1789059093607137800,4.4821376953125,-8.987482903614639,-3.915921105585992,-0.24717271637115626
1789059093617147600,4.492147705078125,-8.987096534645557,-3.916284970462322,-0.25533755558831617
1789059093627157800,4.50215771484375,-8.986596768429875,-3.9168735840052364,-0.26373713514311237
1789059093637167600,4.512167724609375,-8.98623085772693,-3.917105639195442,-0.2726157851854339
1789059093647177700,4.522177734375,-8.985263473999499,-3.9186642668142913,-0.28194267218559976
1789059093657187600,4.5321875,-8.983781126487255,-3.9214842926710842,-0.2898544134245254
1789059093667197700,4.54219775390625,-8.982629618364571,-3.923600846433639,-0.2968178774952888
1789059093677207800,4.552207763671875,-8.981642360892891,-3.9254102339431642,-0.30271619655257087
1789059093687218200,4.56221826171875,-8.980838643294572,-3.926759018203616,-0.3090023824162781
1789059093697228300,4.572228271484375,-8.980126695632935,-3.9278807157099243,-0.31537348835077134
1789059093707238100,4.582238037109375,-8.97974149570763,-3.9283500867873427,-0.32045893838889894
1789059093717248300,4.592248291015625,-8.979149375033378,-3.9294095327123997,-0.32403876963704825
1789059093727258000,4.602258056640625,-8.979041238483786,-3.9296211296364665,-0.324461159767583
1789059093737268200,4.612268310546875,-8.980424217274784,-3.926658188177645,-0.3220600169099867
1789059093747278300,4.6222783203125,-8.981966770541668,-3.923426658910513,-0.3183993024453521
1789059093757288200,4.6322880859375,-8.982975655323266,-3.9215015360668297,-0.31362145705167205
1789059093767298300,4.64229833984375,-8.983148673802614,-3.921499490240216,-0.30864472808502613
1789059093777308200,4.65230810546875,-8.983504647633433,-3.9209368879213926,-0.30541409386703744
1789059093787318300,4.662318359375,-8.983817366844415,-3.9204841757178306,-0.30201703530726953
1789059093797328100,4.672328125,-8.985188070675731,-3.917803266070783,-0.295970558217261
1789059093807338200,4.682338134765625,-8.986690876454114,-3.9149525528147815,-0.28795986838219684
1789059093817348400,4.692348388671875,-8.988982202261687,-3.9104561181783675,-0.277342009989731
1789059093827358200,4.702358154296875,-8.990603665983677,-3.9073584444239735,-0.2682897752124816
1789059093837368300,4.712368408203125,-8.991255407890677,-3.906303382413089,-0.2617254847934469
1789059093847378200,4.722378173828125,-8.991089988195895,-3.907161752808094,-0.25450388124315065
1789059093857388300,4.73238818359375,-8.991424919238685,-3.9067987647145985,-0.2481622571314685
1789059093867398100,4.742398193359375,-8.992082506364584,-3.9056981099963184,-0.24156618333468213
1789059093877408300,4.752408203125,-8.992707944786549,-3.9047041305229064,-0.23424912005327642
1789059093887418400,4.76241845703125,-8.99363675006926,-3.9029578713774677,-0.2276021563194692
1789059093897428200,4.77242822265625,-8.994315379983187,-3.9018393887415526,-0.21983846351541578
1789059093907438300,4.782438232421875,-8.995152999851108,-3.900363763231039,-0.2115961751478724
1789059093917448200,4.7924482421875,-8.995293285104632,-3.900427476117015,-0.20432565442193298
1789059093927458300,4.802458251953125,-8.994515870991348,-3.9025451989233493,-0.19801047992575913
1789059093937468400,4.812468505859375,-8.99380333880782,-3.90441829931885,-0.19340198148330673
1789059093947478300,4.822478271484375,-8.993267332234979,-3.9058553463846444,-0.18925492654014378
1789059093957488400,4.83248828125,-8.993621552500128,-3.9052451055318116,-0.18496599717456846
1789059093967498200,4.842498291015625,-8.993591741883755,-3.905589096663892,-0.17905739418528974
1789059093977508400,4.85250830078125,-8.993635581025481,-3.9058071233287452,-0.17198237776514141
1789059093987518200,4.862518310546875,-8.993868805259465,-3.905615107887983,-0.16394216957464813
1789059093997528300,4.8725283203125,-8.9946999953866,-3.904030469045043,-0.15590119419917464
1789059094007538400,4.882538330078125,-8.995648089891672,-3.902116452117264,-0.1489372095386032
1789059094017548300,4.89254833984375,-8.99677037191987,-3.8997733961224554,-0.1423922814071644
1789059094027558400,4.902558349609375,-8.998480098447203,-3.8960321637675164,-0.13666225898833945
1789059094037568300,4.912568359375,-8.999961861437558,-3.8928631783425804,-0.12916154623571782
1789059094047578400,4.922578369140625,-9.001149025395511,-3.8903289836898445,-0.12265755290286615
1789059094057588200,4.932588134765625,-9.001129736173153,-3.8905432109624147,-0.11713794923117384
1789059094067598300,4.942598388671875,-9.000409605205059,-3.8923262949869035,-0.11317017811136319
1789059094077608400,4.9526083984375,-9.000508973926305,-3.8921661359891293,-0.11076371975783258
1789059094087618300,4.962618408203125,-9.000738106507063,-3.891685951256752,-0.10897596869138068
1789059094097628400,4.97262841796875,-9.000473318091034,-3.892337693163752,-0.10755571749676018
1789059094107638300,4.98263818359375,-8.999674861189723,-3.894260477919876,-0.10473458652826957
1789059094117648400,4.9926484375,-9.000572686812282,-3.8922164048716423,-0.10359987427676096
1789059094127658200,5.002658203125,-9.001686201012134,-3.8896255115956064,-0.10414444774854928
1789059094137668400,5.01266845703125,-9.002975656300782,-3.886553264543414,-0.10732385410279967
1789059094147678500,5.022678466796875,-9.00353796635866,-3.88510540382266,-0.11241913141519762
1789059094157688300,5.032688232421875,-9.003237522107362,-3.885663037705421,-0.11715033378871158
1789059094167698400,5.042698486328125,-9.002635464560985,-3.886849617141485,-0.12383670708429999
1789059094177708000,5.0527080078125,-9.001776801905036,-3.888640007689595,-0.12992787269940598
1789059094187718100,5.06271826171875,-9.001356530666351,-3.8893081162095067,-0.13871748361825012
1789059094197728300,5.072728271484375,-9.000077596771716,-3.8919311581894753,-0.14786478540096432
1789059094207738000,5.082738037109375,-8.99923296264112,-3.8934281187489628,-0.15940763141755013
1789059094217747200,5.092747314453125,-8.998845424628257,-3.893813903196156,-0.17140687943212687
1789059094227757300,5.10275732421875,-8.998891601857542,-3.893155439287424,-0.18349972401428966
1789059094237767200,5.11276708984375,-8.999208412721753,-3.891820099030435,-0.19588413542155175
1789059094247777300,5.12277734375,-8.998966420659423,-3.891724821962416,-0.20847572330608963
1789059094257787100,5.132787109375,-8.997942922830582,-3.893326411940157,-0.22228360991152002
1789059094267797200,5.14279736328125,-8.996269436660409,-3.8963857995107767,-0.23600590059272944
1789059094277807400,5.152807373046875,-8.99483092828989,-3.8987370388120413,-0.2515071105799638
1789059094287817200,5.162817138671875,-8.994086247402429,-3.899473828653991,-0.26627839885745197
1789059094297827300,5.172827392578125,-8.993158611163496,-3.9006551473930475,-0.27994117790376766
1789059094307837200,5.182837158203125,-8.992531419175863,-3.9011674808293577,-0.29267140707401557
1789059094317847300,5.192847412109375,-8.992004180431366,-3.901370309925079,-0.3058714639794081
1789059094327857200,5.202857177734375,-8.990697774007916,-3.9033933401852843,-0.3182112325273454
1789059094337867300,5.2128671875,-8.990416034457088,-3.9029941117346283,-0.330812428490445
1789059094347877400,5.22287744140625,-8.98958952050507,-3.9037256408795713,-0.3443694638736546
1789059094357887200,5.23288720703125,-8.989207243189215,-3.9033910020977256,-0.35787897032070903
1789059094367897300,5.2428974609375,-8.98791135815978,-3.905243936488032,-0.3700087128471583
1789059094377907200,5.2529072265625,-8.986481033095718,-3.9074157275691626,-0.38163587614633143
1789059094387917300,5.262917236328125,-8.984736819776892,-3.9104669318333265,-0.39133320389408616
1789059094397927200,5.27292724609375,-8.983374883773923,-3.912580855247378,-0.4013330947849899
1789059094407937300,5.282937255859375,-8.98317673085332,-3.9121193752154704,-0.4101750478124246
1789059094417947400,5.292947509765625,-8.983575959303975,-3.9104312759980555,-0.41746111316736784
1789059094427957200,5.302957275390625,-8.983821458497642,-3.9091684164553877,-0.4239559550793841
1789059094437967400,5.31296728515625,-8.983609861573576,-3.909102365481853,-0.42901875489428637
1789059094447977200,5.322977294921875,-8.9827640583992,-3.9105958189100023,-0.4330965622598305
1789059094457987300,5.3329873046875,-8.981746405789256,-3.91237218093276,-0.43812633658796546
1789059094467997400,5.34299755859375,-8.980363426998258,-3.915181100873649,-0.44138216004613784
1789059094485516300,5.360516357421875,-8.980500205120444,-3.914382936233282,-0.44565622063614424
1789059094495526400,5.3705263671875,-8.981068944919109,-3.9130578251093624,-0.44582898338716476
1789059094505536300,5.380536376953125,-8.980734013876319,-3.913955650731921,-0.44469424373619254
1789059094515546400,5.39054638671875,-8.979322978034615,-3.917139249204099,-0.44515809838827697
1789059094525556200,5.40055615234375,-8.9778786244452,-3.9202959596693514,-0.44649274452552196
1789059094535566300,5.41056640625,-8.976624824991822,-3.923016909065842,-0.44780225622151043
1789059094545576400,5.420576416015625,-8.975766162335873,-3.92475527716577,-0.44978447954729195
1789059094555586300,5.43058642578125,-8.974759031119943,-3.9269089480683204,-0.45107857447843996
1789059094565596400,5.440596435546875,-8.973106003215909,-3.9306364441588517,-0.4515025720441714
1789059094575606300,5.450606201171875,-8.971210398727655,-3.93486399872601,-0.4523452334133908
1789059094585616400,5.460616455078125,-8.97028860770762,-3.9369200544729828,-0.4527332828829065
1789059094595626200,5.470626220703125,-8.969961275449394,-3.937579979686439,-0.45348315140213813
1789059094605636400,5.48063623046875,-8.970112082096934,-3.936928530040383,-0.45614904614314433
1789059094615646500,5.490646484375,-8.970010959810018,-3.9370097785830493,-0.45742717632018026
1789059094625656300,5.50065625,-8.970311988583207,-3.936000017018616,-0.4602122039288282
1789059094635666400,5.51066650390625,-8.97036401103139,-3.9355493506416677,-0.46304443168006837
1789059094645676300,5.52067626953125,-8.971189940461516,-3.93335359416306,-0.46568201364204287
1789059094655686400,5.530686279296875,-8.971972615271806,-3.9313074752882122,-0.4678794871537015
1789059094665696300,5.5406962890625,-8.972902589598297,-3.928843715523183,-0.4707286295071244
1789059094675706400,5.550706298828125,-8.97328954308927,-3.927639892691374,-0.47339445118289436
1789059094685716000,5.560716064453125,-8.972607406044006,-3.9288694344863293,-0.476120442080684
1789059094695725000,5.57072509765625,-8.97330824778974,-3.9269782139122484,-0.47850657003223895
1789059094705735000,5.58073486328125,-8.97504252423644,-3.922784561614692,-0.4803717428496107
1789059094715745000,5.5907451171875,-8.977723726144433,-3.9161628053873776,-0.48428698006458576
1789059094725755000,5.6007548828125,-8.97934986604154,-3.9119182996854183,-0.4884267467504367
1789059094735765000,5.610764892578125,-8.98028334749937,-3.9092026109859344,-0.49297798031400886
1789059094745775000,5.620775146484375,-8.980626461848615,-3.9078333684593436,-0.49756424865834414
1789059094755785000,5.630784912109375,-8.98052417051792,-3.907424203136563,-0.5025939133886248
1789059094765795000,5.640795166015625,-8.980206190609932,-3.9077494895681735,-0.5057462399397045
1789059094775805000,5.650804931640625,-8.98039382213652,-3.906885273954272,-0.5090807181246578
1789059094785815000,5.66081494140625,-8.981177665990591,-3.904649477726221,-0.512391230912134
1789059094795825000,5.670824951171875,-8.98292947809398,-3.8998885469347235,-0.5179144147804007
1789059094805835000,5.6808349609375,-8.984137684839963,-3.896198752506077,-0.5246848952960222
1789059094815845000,5.69084521484375,-8.985316080969572,-3.8924329702317713,-0.5323971867064013
1789059094825855000,5.70085498046875,-8.985490268492699,-3.890915551406145,-0.5404839009197429
1789059094835864000,5.710864013671875,-8.98571004872322,-3.889033098660409,-0.5502887441625818
1789059094845874200,5.720874267578125,-8.985886574333906,-3.887395560586452,-0.5589143144929781
1789059094855884000,5.730884033203125,-8.986561697116494,-3.884430573301017,-0.5685893938763067
1789059094865894100,5.74089404296875,-8.987845891708135,-3.8801132946237917,-0.5776920801991596
1789059094875904000,5.750904052734375,-8.989475538736581,-3.875096050983667,-0.5859530550008639
1789059094885914000,5.7609140625,-8.991695552873612,-3.868438346660137,-0.5958024680377915
1789059094895924000,5.770924072265625,-8.99301891043186,-3.864119314417243,-0.6037966816620901
1789059094905934000,5.78093408203125,-8.995212036561965,-3.8578465177580714,-0.6111987380795181
1789059094915944200,5.790944091796875,-8.99604498025477,-3.854616157534718,-0.6192629482001066
1789059094925954000,5.8009541015625,-8.995630554234982,-3.8542560920506714,-0.6274781110987067
1789059094935964200,5.810964111328125,-8.993179653951525,-3.8585435601115226,-0.6361930402129888
1789059094945974000,5.82097412109375,-8.990117343771457,-3.864369197525084,-0.6440656002189964
1789059094955984100,5.830984130859375,-8.987063216897845,-3.870653684622049,-0.648938613082841
1789059094965994200,5.840994140625,-8.985127864921093,-3.8745805026769635,-0.652296545208618
1789059094976004000,5.851004150390625,-8.984914514431356,-3.8751048188120123,-0.6521179007060826
1789059094986014200,5.86101416015625,-8.985809417444466,-3.872928936077654,-0.652709656054154
1789059094996024000,5.871024169921875,-8.98673646916151,-3.8705779890373346,-0.6538987927734852
1789059095006034200,5.8810341796875,-8.987868688061832,-3.8677915731891988,-0.6548170766621828
1789059095016043800,5.891043701171875,-8.988275515297055,-3.866563492698967,-0.656483110178262
1789059095026054000,5.901053955078125,-8.988398849415779,-3.865983646984398,-0.6582137333631515
1789059095036064000,5.91106396484375,-8.988128215780854,-3.8664652930214998,-0.6590715923015028
1789059095046073900,5.921073974609375,-8.988382482802868,-3.8657887089341876,-0.6595769114751369
1789059095056084000,5.931083984375,-8.989866583880781,-3.862485575735569,-0.6587053893376141
1789059095066093800,5.94109375,-8.991443623939157,-3.8592186828941104,-0.6563182750053703
1789059095076104000,5.95110400390625,-8.992602146324515,-3.8567917480081317,-0.6547136162877082
1789059095086114000,5.961114013671875,-8.992485241946577,-3.857160581320524,-0.6541453148804605
1789059095096124000,5.9711240234375,-8.992487580034137,-3.8570577054679394,-0.6547154429186135
1789059095106134000,5.981134033203125,-8.991943390154837,-3.858338977450132,-0.654646323205158
1789059095116143900,5.991143798828125,-8.991332564780116,-3.859681916491687,-0.6551163518697023
1789059095126154000,6.001154052734375,-8.9903359549582,-3.861750247198343,-0.6565994300343095
1789059095136163800,6.011163818359375,-8.989838526830077,-3.8627415963232514,-0.657586249114573
1789059095146174000,6.021174072265625,-8.990088702198863,-3.862141584603488,-0.657687444466725
1789059095156183000,6.03118310546875,-8.991373481312394,-3.8590406959787007,-0.6583206278037279
1789059095166193000,6.04119287109375,-8.992826602730155,-3.8554888487160204,-0.659290714944899
1789059095176203000,6.051203125,-8.99455094230473,-3.8507682499349114,-0.6633387482266873
1789059095186213000,6.061213134765625,-8.995722324171663,-3.8471705177038906,-0.6683159521173685
1789059095196223000,6.071222900390625,-8.996392186257243,-3.8447894677862524,-0.6729801445361226
1789059095206233000,6.081233154296875,-8.996392770779133,-3.8441812727600335,-0.6764401487968862
1789059095216243000,6.091242919921875,-8.996125059753656,-3.844174550758302,-0.680029186264798
1789059095226253000,6.101253173828125,-8.995977760237455,-3.8439427878290413,-0.6832805892761796
1789059095236263000,6.111262939453125,-8.997194734811782,-3.840830501027405,-0.6847582606133074
1789059095246273000,6.12127294921875,-8.999815730965137,-3.8348406129628416,-0.6838841811925173
1789059095256283100,6.131283203125,-9.003415801283717,-3.8265097147300837,-0.6831626619849354
1789059095266293000,6.14129296875,-9.008868221470713,-3.8138320194646713,-0.6821767196875065
1789059095276303000,6.15130322265625,-9.013882250240444,-3.8019542424052952,-0.6822459855314343
1789059095286313000,6.16131298828125,-9.018529783785343,-3.79065280392915,-0.6837110896479338
1789059095296323000,6.171322998046875,-9.021455315843223,-3.7837843794643877,-0.6831573282226919
1789059095306333200,6.181333251953125,-9.02271145338416,-3.781019883187115,-0.6818698456954211
1789059095316343000,6.191343017578125,-9.02345964140296,-3.7796383657008406,-0.6796296655531973
1789059095326353200,6.201353271484375,-9.02375657852292,-3.7795717302054164,-0.6760435506947338
1789059095336363000,6.211363037109375,-9.024087417912483,-3.7796246294364333,-0.6713184218689799
1789059095346373000,6.221373046875,-9.024450990527868,-3.779626090741157,-0.6664066844299436
1789059095356383000,6.231383056640625,-9.024860155850648,-3.7792134182870387,-0.6631954672984779
1789059095366393000,6.24139306640625,-9.025149494186044,-3.7789062520340084,-0.6610085517134517
1789059095376403200,6.2514033203125,-9.025020314848422,-3.7797009095430374,-0.6582174596901983
1789059095386413000,6.2614130859375,-9.024889381945133,-3.780570678114891,-0.6550101880814879
1789059095396423200,6.271423095703125,-9.024612318569421,-3.7816380150854587,-0.6526674974128603
1789059095406433000,6.28143310546875,-9.02345905688107,-3.7848596074804663,-0.6499250668369233
1789059095416443100,6.291443115234375,-9.022093029224871,-3.7886560771539806,-0.6467666028060018
1789059095426453000,6.301452880859375,-9.021116293147205,-3.7914354787394404,-0.6440998678147792
1789059095436463000,6.311463134765625,-9.020873132041096,-3.7926714502751824,-0.6402193000543862
1789059095446473200,6.32147314453125,-9.02052943316996,-3.794546596497297,-0.6339171311702579
1789059095456483000,6.331483154296875,-9.020748044356703,-3.7952187966704365,-0.6267405175391584
1789059095466493200,6.3414931640625,-9.020873716562987,-3.7964535991623993,-0.61738224902004
1789059095476503000,6.3515029296875,-9.02118234412074,-3.7975843567579983,-0.605814743486233
1789059095486513000,6.361512939453125,-9.022384121125937,-3.796359198877215,-0.595502864036709
1789059095496523000,6.37152294921875,-9.0225448646456,-3.797396432970464,-0.5863838111009448
1789059095506532900,6.381532958984375,-9.022501610025763,-3.798814483074844,-0.5778030662929639
1789059095516543000,6.39154296875,-9.02187324899435,-3.801460613669455,-0.5701581775629893
1789059095526552800,6.401552734375,-9.021053164783119,-3.80487334472239,-0.5602872102813795
1789059095536563000,6.41156298828125,-9.020429479926824,-3.808202781406045,-0.5475672467768192
1789059095546572800,6.42157275390625,-9.020544630739092,-3.8096561950847505,-0.535423000800982
1789059095556583000,6.4315830078125,-9.0209011890918,-3.8105510980978607,-0.5229020304672419
1789059095566593000,6.441593017578125,-9.021458238452672,-3.810831376343965,-0.5111187632909044
1789059095576603000,6.451602783203125,-9.021022185122966,-3.8132387297466397,-0.500748175924085
1789059095586613000,6.461613037109375,-9.019872430565952,-3.8174253677815195,-0.48943552193418144
1789059095596622800,6.471622802734375,-9.0182544739753,-3.8229260110244154,-0.4761354935193434
1789059095606633000,6.481633056640625,-9.016187020051479,-3.8294866847142575,-0.46237256030049173
1789059095616643000,6.49164306640625,-9.014508857706188,-3.835122060252726,-0.4481728796321898
1789059095626653000,6.50165283203125,-9.01406111393869,-3.8379160748854275,-0.43299350374415513
1789059095636663000,6.5116630859375,-9.014701165407896,-3.8381528062507506,-0.4172911999605596
1789059095646673000,6.5216728515625,-9.01528744086325,-3.8384871527716515,-0.4012379638474434
1789059095656683000,6.53168310546875,-9.015321343132854,-3.8398669166922565,-0.3870250949040055
1789059095666692900,6.54169287109375,-9.01480521030426,-3.842337398459017,-0.37431280324924737
1789059095676703000,6.551702880859375,-9.014648558437823,-3.843990426363051,-0.360884070420824
1789059095686713300,6.56171337890625,-9.015697190707922,-3.8427617613509297,-0.347517516108416
1789059095696723200,6.57172314453125,-9.016019262269138,-3.843210381901264,-0.33393425030540674
1789059095706733300,6.5817333984375,-9.015107992643117,-3.8464135618567465,-0.32142080569099635
1789059095716743200,6.5917431640625,-9.013165041881798,-3.8519118670120833,-0.3098743794778362
1789059095726753300,6.601753173828125,-9.011575726863741,-3.8565745981261133,-0.2978672586840577
1789059095736763100,6.61176318359375,-9.011482787883281,-3.85778368165493,-0.28472746233223006
1789059095746773200,6.621773193359375,-9.011900136512518,-3.8576778831928964,-0.27268611047528685
1789059095756782300,6.6317822265625,-9.012663522100448,-3.856630712227523,-0.26206324711414053
1789059095766792200,6.641792236328125,-9.013093145689368,-3.8562531110867857,-0.25268163425205276
1789059095776802300,6.65180224609375,-9.013000791230798,-3.857058289989829,-0.24351399293420836
1789059095786812400,6.6618125,-9.011146687796712,-3.8618797187969087,-0.23559887242810798
1789059095796822300,6.671822265625,-9.0077184669137,-3.870342426715791,-0.22769250148404388
1789059095806832400,6.681832275390625,-9.00352276878953,-3.8806066310986873,-0.21875479646455495
1789059095816842200,6.69184228515625,-9.000790128955245,-3.887465118691325,-0.2092301949352026
1789059095826852400,6.701852294921875,-8.999571400815247,-3.8908240737304087,-0.19896849303664638
1789059095836862200,6.7118623046875,-8.99988470454812,-3.890581789407134,-0.18930842855935914
1789059095846872300,6.721872314453125,-9.0002938698709,-3.8899440760254858,-0.18284827436823398
1789059095856882400,6.73188232421875,-9.001244302463531,-3.887968392038345,-0.17799042254090308
1789059095866892300,6.741892333984375,-9.001586247768998,-3.8874402765110134,-0.17216810959558934
1789059095876902400,6.75190234375,-9.00186272662282,-3.8869618453443047,-0.1684816944341175
1789059095886912300,6.761912353515625,-9.0015804025501,-3.8878655161857605,-0.1625955590049736
1789059095896922400,6.77192236328125,-9.000604250994325,-3.8903830519646405,-0.15628131609056145
1789059095906932500,6.781932373046875,-8.999187369933724,-3.8938337769404052,-0.15188626860254442
1789059095916942300,6.7919423828125,-8.997897914645076,-3.897019421239197,-0.14650087663661687
1789059095926952400,6.801952392578125,-8.997096535134315,-3.8990658323749896,-0.1411587210242171
1789059095936962300,6.81196240234375,-8.996817133671044,-3.899797946041822,-0.13871825080323033
1789059095946972400,6.821972412109375,-8.996590339177846,-3.9004084791555997,-0.13625903934915548
1789059095956982300,6.831982177734375,-8.996997750934957,-3.899551570065319,-0.13382474314062856
1789059095966992400,6.841992431640625,-8.997545447945594,-3.898325535401702,-0.13275764363207854
1789059095977002500,6.85200244140625,-8.998938363608717,-3.8951957129433747,-0.1301535255482886
1789059095987012400,6.862012451171875,-9.001095249381661,-3.8902819296777245,-0.12795874631721527
1789059095997022200,6.872022216796875,-9.002790947383641,-3.886420578074455,-0.12599744704845361
1789059096007032000,6.882031982421875,-9.004272710373996,-3.8830835426062342,-0.12297113063037395
1789059096017042200,6.892042236328125,-9.00536985796094,-3.880633519105613,-0.11993811047687195
1789059096027052300,6.90205224609375,-9.007619682714342,-3.8755104770034547,-0.11657743840473703
1789059096037062100,6.912062255859375,-9.011126229530573,-3.8674808998048302,-0.11215806019306182
1789059096047072300,6.922072265625,-9.015855596140026,-3.8565310512453315,-0.10908675385578535
1789059096057082000,6.93208203125,-9.021113955059647,-3.844312205663323,-0.10558400643183849
1789059096067092200,6.94209228515625,-9.02525061647296,-3.834691267620027,-0.10190571977789513
1789059096077102000,6.95210205078125,-9.029340516135097,-3.8251594691649076,-0.09769130782010033
1789059096087112200,6.9621123046875,-9.033215311741829,-3.816119253619015,-0.09292872392763384
1789059096097122300,6.972122314453125,-9.036449471357464,-3.8085754141107198,-0.08788090248615481
1789059096107132200,6.982132080078125,-9.039537500500678,-3.8013653366014357,-0.0822481116304174
1789059096117142300,6.992142333984375,-9.042134531256556,-3.7952623435512183,-0.07855061795250512
1789059096127152000,7.002152099609375,-9.045024407479167,-3.7884342510968443,-0.07541983651295305
1789059096137162200,7.012162353515625,-9.048041709473729,-3.7813176970899103,-0.07040491269407793
1789059096147172000,7.022172119140625,-9.052012951192259,-3.771914785711467,-0.0640917200924363
1789059096157182200,7.03218212890625,-9.056177669656277,-3.7620100622907278,-0.05754600650970824
1789059096167192300,7.0421923828125,-9.059723963961005,-3.753542970457673,-0.05195760735154617
1789059096177202200,7.0522021484375,-9.06236132672727,-3.7472511768370866,-0.045872684247558936
1789059096187212300,7.06221240234375,-9.063818539798259,-3.743791099511087,-0.040135003678663635
1789059096197222100,7.07222216796875,-9.064901074337959,-3.7412268019810315,-0.034282998847984705
1789059096207232300,7.082232177734375,-9.066158380922674,-3.7382208981633185,-0.029433337176975327
1789059096217242400,7.092242431640625,-9.067288261735438,-3.7355151463359593,-0.02442176065923413
1789059096227252200,7.102252197265625,-9.068894527888297,-3.7316461959481235,-0.01877335553418961
1789059096237262300,7.112262451171875,-9.071012835216521,-3.7265202312365173,-0.012628186718013603
1789059096247272200,7.122272216796875,-9.073637338501214,-3.7201416361153123,-0.0064079188262781825
1789059096257282300,7.1322822265625,-9.07562120579481,-3.715303256173432,-0.0013154412538591714
1789059096267292200,7.142292236328125,-9.077627869442106,-3.710395902648568,0.004426508922071661
1789059096277302300,7.15230224609375,-9.078695790934562,-3.70777227614671,0.00976814166137483
1789059096287312400,7.1623125,-9.080688426056504,-3.7028733981892463,0.014398805128218372
1789059096297322200,7.172322265625,-9.083163291737437,-3.6967765426188706,0.019341523369052448
1789059096307332400,7.182332275390625,-9.085190413650869,-3.691773327504098,0.022642441777698693
1789059096317342200,7.19234228515625,-9.085874888783692,-3.690069153934717,0.02555963526549749
1789059096327352300,7.202352294921875,-9.085262309843301,-3.6915529627516865,0.028793886212678626
1789059096337361400,7.212361328125,-9.083625064030288,-3.6955475853458046,0.03273920575537486
1789059096347371300,7.222371337890625,-9.081636520561576,-3.7003961944207546,0.03654527209100779
1789059096357381400,7.23238134765625,-9.079369744673372,-3.705894791837036,0.04208634780899156
1789059096367391200,7.24239111328125,-9.077378863117099,-3.7107059915110465,0.04726914814121555
1789059096377401300,7.2524013671875,-9.07543532783389,-3.7153877195864915,0.05245819098455831
1789059096387411500,7.262411376953125,-9.073706896606087,-3.7195506844848394,0.056363212766195644
1789059096397421300,7.27242138671875,-9.07194865476191,-3.7238022044494747,0.058570403954270295
1789059096407431400,7.282431396484375,-9.068923753982782,-3.7311046364173293,0.06214598371898755
1789059096417441300,7.292441162109375,-9.06525295651555,-3.7399513752177356,0.06582979136484209
1789059096427451400,7.302451416015625,-9.061604955402016,-3.7486741953775287,0.0717225117983995
1789059096437461500,7.31246142578125,-9.059605890539288,-3.7533778430238365,0.07798839922617189
1789059096447471400,7.322471435546875,-9.05836845769882,-3.756246676458418,0.08337006486505269
1789059096457481500,7.3324814453125,-9.056744655889272,-3.76004782230705,0.08833492073081434
1789059096467491000,7.342490966796875,-9.05611454129219,-3.7614436605796215,0.09332147697173059
1789059096477501200,7.352501220703125,-9.056277038377523,-3.7609362955793735,0.09794375734436325
1789059096487511000,7.362510986328125,-9.05665639308393,-3.7599382244527337,0.10110653222422115
1789059096497521200,7.372521240234375,-9.056919427934288,-3.7592242309644814,0.10404446710594929
1789059096507531300,7.38253125,-9.057076079800725,-3.758788762156665,0.10614457205720246
1789059096517541000,7.392541015625,-9.056482790082693,-3.760152451725304,0.108420700295642
1789059096527551200,7.40255126953125,-9.056035046315193,-3.76113883241415,0.11159615199398248
1789059096537561000,7.41256103515625,-9.055674980831146,-3.7618861436501145,0.11553615832403301
1789059096547571200,7.4225712890625,-9.05605901171267,-3.7608626458212733,0.11873496349849738
1789059096557581300,7.432581298828125,-9.05665756212771,-3.759334705601632,0.1214133797943592
1789059096567591200,7.442591064453125,-9.057630206552147,-3.756944011072814,0.1228289182812441
1789059096577601300,7.452601318359375,-9.058533292871713,-3.7547488391160964,0.1233692539693322
1789059096587611100,7.462611083984375,-9.059050594744086,-3.7535435549795624,0.12203846202329732
1789059096597621200,7.472621337890625,-9.059427611362933,-3.7527009666755795,0.11996126302359625
1789059096607631000,7.482631103515625,-9.059815733897686,-3.7518537021964784,0.1171316656208597
1789059096617641200,7.49264111328125,-9.05964037733078,-3.752336225016415,0.11519569258959964
1789059096627651300,7.5026513671875,-9.059292586806416,-3.7532282054200765,0.11352314713434315
1789059096637661200,7.5126611328125,-9.059449823194742,-3.75290554933697,0.11159322938453406
1789059096647671300,7.52267138671875,-9.060365768995881,-3.750735219560563,0.1102129905398935
1789059096657681200,7.53268115234375,-9.061122140321135,-3.7489588575378057,0.10844255593442358
1789059096667691300,7.542691162109375,-9.061316201588511,-3.7485315720364447,0.10695204338203183
1789059096677701000,7.552701171875,-9.061142598587274,-3.748988375893235,0.10566689894231968
1789059096687711200,7.562711181640625,-9.061184684163331,-3.748913557091355,0.1047102010056842
1789059096697721300,7.572721435546875,-9.063898619297147,-3.742362235751748,0.10415332517474889
1789059096707731200,7.582731201171875,-9.06635594932139,-3.7363779006451368,0.10512410643566399
1789059096717741300,7.5927412109375,-9.068388331931828,-3.7313936824917793,0.10685567946862429
1789059096727751200,7.602751220703125,-9.068843089962005,-3.7302123637527225,0.10950286950916051
1789059096737761300,7.61276123046875,-9.068486531609297,-3.731026602745056,0.1112499323721975
1789059096747771100,7.622771240234375,-9.068603435987233,-3.7307325882345435,0.11157756602452136
1789059096757781000,7.632781005859375,-9.06955971379876,-3.7283772572800515,0.11255507842032238
1789059096767791000,7.642791015625,-9.071176501345635,-3.7243545776352285,0.1154242771810852
1789059096777801000,7.652801025390625,-9.072522070735692,-3.7209547060638664,0.11923827337813563
1789059096787811000,7.66281103515625,-9.072761140188573,-3.720219377526641,0.1239199192551896
1789059096797821000,7.672821044921875,-9.072546620655059,-3.720615683367848,0.12769487121663986
1789059096807831000,7.6828310546875,-9.07157748336196,-3.722870184296369,0.1307900424866937
1789059096817841200,7.692841064453125,-9.071545334658026,-3.722855571249127,0.13340869141933506
1789059096827851000,7.70285107421875,-9.071989571294187,-3.721657009114325,0.13660681160720997
1789059096837861000,7.712861083984375,-9.072876875522732,-3.71936246843636,0.14011596137247978
1789059096847871000,7.72287109375,-9.07396350171566,-3.716554133017361,0.1442253603195306
1789059096857881000,7.732881103515625,-9.075760322004555,-3.7120179508924482,0.1479457416826859
1789059096867891200,7.74289111328125,-9.076730043819547,-3.709482002674043,0.1519914094774518
1789059096877900000,7.752900146484375,-9.077630207529664,-3.707170803122222,0.1546017107068561
1789059096887910100,7.76291015625,-9.077698596590757,-3.7069799567252395,0.15515516160484402
1789059096897920300,7.772920166015625,-9.078687607628106,-3.7046053365483878,0.1539875973965041
1789059096907930000,7.78293017578125,-9.079904582202435,-3.7016269052594897,0.15386689362628383
1789059096917940200,7.792940185546875,-9.081136169824005,-3.698599374131858,0.15398051006859167
1789059096927950000,7.8029501953125,-9.081761023724079,-3.6970398697301743,0.15458549022441728
1789059096937960200,7.812960205078125,-9.081806031909585,-3.6969630051016806,0.15377547074947506
1789059096947970000,7.822969970703125,-9.082405751368404,-3.695548169867694,0.15235133796418085
1789059096957980200,7.832980224609375,-9.083204208269715,-3.6936595796421168,0.1505473572821356
1789059096967990300,7.842990234375,-9.084811058944464,-3.6898330070912837,0.14739442794285715
1789059096978000100,7.853000244140625,-9.086748164486885,-3.685193364591896,0.144015480428515
1789059096988010200,7.86301025390625,-9.08869520690143,-3.680537063218653,0.14020117370421067
1789059096998020000,7.87302001953125,-9.090403764384984,-3.6764758051291104,0.13591183334668167
1789059097008030200,7.8830302734375,-9.090942109045386,-3.6753064690887927,0.13145413241861387
1789059097018040000,7.8930400390625,-9.090890086597204,-3.675583532464504,0.12721843107761815
1789059097028050200,7.90305029296875,-9.090982441055774,-3.6755204041004177,0.12235993992947042
1789059097038060300,7.913060302734375,-9.092274234431981,-3.672420392258465,0.11941938383239321
1789059097048070100,7.923070068359375,-9.094324152699112,-3.667429159842431,0.11670145751005039
1789059097058080300,7.933080322265625,-9.096320294952392,-3.6625311586678024,0.11490306631857529
1789059097068090000,7.943090087890625,-9.096836427780985,-3.661272683039307,0.11417751025669276
1789059097078100200,7.953100341796875,-9.098695791912078,-3.6567101974293585,0.11221654891464859
1789059097088110300,7.9631103515625,-9.100590811878442,-3.652009180131554,0.11164435678357258
1789059097098120200,7.9731201171875,-9.102807318884134,-3.6465243189796803,0.11019893461507745
1789059097108130300,7.98313037109375,-9.104792355221509,-3.6415982607543467,0.10909970466890372
1789059097118140200,7.99314013671875,-9.106232617157698,-3.638017187397182,0.10836246730238198
1789059097128150300,8.003150390625,-9.107927146115898,-3.6337656674325465,0.10859607512885704
1789059097138160000,8.01316015625,-9.110057143881917,-3.628391280917823,0.10963835072340443
1789059097148170200,8.023170166015625,-9.112646575853228,-3.621809272179007,0.11203750255331396
1789059097158180400,8.033180419921875,-9.11592457461059,-3.6134924024716017,0.1139155165859498
1789059097168190200,8.043190185546875,-9.11900383592546,-3.6057156309902667,0.11389448293107561
1789059097178200300,8.053200439453125,-9.121506174135208,-3.599363047093153,0.11444489248860627
1789059097188210200,8.063210205078125,-9.122776340201497,-3.5961318100869653,0.11476953046624548
1789059097198220300,8.07322021484375,-9.12275295932591,-3.596152852874994,0.11597560005406848
1789059097208230100,8.083230224609375,-9.121877930057048,-3.5983541623115536,0.11652497756513766
1789059097218240300,8.093240234375,-9.120078771680593,-3.602904372961819,0.1167363644266501
1789059097228250000,8.10325,-9.118509330406784,-3.606830021972954,0.11812485050982795
1789059097238260000,8.113260009765625,-9.117906688338518,-3.6083135385289786,0.11931569512905553
1789059097248270000,8.12327001953125,-9.118606361040472,-3.60652080989331,0.12005463126231916
1789059097258280000,8.133280029296875,-9.119290836173295,-3.604763737092912,0.12080276448219082
1789059097268290000,8.1432900390625,-9.119967712521552,-3.603106033013761,0.11918542894604615
1789059097278300200,8.153300048828125,-9.119808722567559,-3.6035359488636254,0.1183128473625984
1789059097288310000,8.16331005859375,-9.11879633065462,-3.6061318105757234,0.1172867191852536
1789059097298320100,8.173320068359375,-9.11889102320075,-3.605964637315273,0.1150229481048882
1789059097308330000,8.183330078125,-9.118900960072875,-3.606021043677628,0.1124465400119312
1789059097318340000,8.193340087890626,-9.118367876109481,-3.6074428931742903,0.1100182168864645
1789059097328350000,8.203349853515626,-9.117343209236859,-3.6101454301312565,0.10623175715031102
1789059097338360000,8.213360107421876,-9.11575857039392,-3.6142093185693023,0.10400034483643249
1789059097348370200,8.2233701171875,-9.114435797357558,-3.617610359184444,0.1016787060889881
1789059097358380000,8.233380126953126,-9.113785224494338,-3.6193221315383908,0.09907374775498173
1789059097368390100,8.24339013671875,-9.113728525871037,-3.6195541867285965,0.09573463906068354
1789059097378400000,8.25339990234375,-9.113547908607124,-3.6201460151419043,0.09040323317116127
1789059097388410000,8.26341015625,-9.112616765236854,-3.6226258492588994,0.0847715656934306
1789059097398420000,8.273419921875,-9.111614894717931,-3.62525444419682,0.07993673854866065
1789059097408429000,8.283428955078126,-9.110228408795594,-3.6288524686887857,0.07454386652917601
1789059097418440200,8.293440185546874,-9.10906170310378,-3.631913025303185,0.06775969084834214
1789059097428449300,8.30344921875,-9.107728408673404,-3.635368426454067,0.06138423296571709
1789059097438459100,8.313459228515624,-9.107127520170808,-3.6369957353949545,0.053644405094441024
1789059097448469200,8.32346923828125,-9.106687375187873,-3.638190205876529,0.04694619979716372
1789059097458479000,8.33347900390625,-9.105851508885621,-3.6403494297370314,0.041371536903409285
1789059097468489200,8.3434892578125,-9.10434578049779,-3.644176586809754,0.035372625282173976
1789059097478499000,8.3534990234375,-9.102346715635061,-3.649211073845625,0.030392327535396904
1789059097488509200,8.36350927734375,-9.099880033260582,-3.655394730916619,0.025609949813783166
1789059097498519300,8.373519287109374,-9.097661772689223,-3.660954410870373,0.018748959736805407
1789059097508529200,8.383529052734374,-9.094954267296195,-3.667700085738301,0.012836579046485712
1789059097518539300,8.393539306640625,-9.092568833464384,-3.6736262609168886,0.006769045468716649
1789059097528549000,8.403549072265625,-9.090795978572965,-3.678017773874104,0.0014043580786892561
1789059097538559200,8.413559326171875,-9.089911596953868,-3.6802015476539727,-0.002598153563062078
1789059097548569000,8.423569091796875,-9.09045052613616,-3.6788635770484803,-0.007517667312355479
1789059097558579200,8.4335791015625,-9.091593850952385,-3.6760251387521623,-0.012119636690965854
1789059097568589300,8.44358935546875,-9.0933386487931,-3.6716847714602947,-0.017445022690010956
1789059097578599200,8.45359912109375,-9.093870563712716,-3.670343001462519,-0.022121877085871527
1789059097588609300,8.463609375,-9.094617582687736,-3.6684506118446585,-0.02813955505636986
1789059097598619100,8.473619140625,-9.094276221904158,-3.669261051444709,-0.03236040817139437
1789059097608629200,8.483629150390625,-9.093425158032774,-3.6713413648501034,-0.03542488975895103
1789059097618639000,8.49363916015625,-9.091763362300396,-3.6754374019920824,-0.037208891665469854
1789059097628649200,8.503649169921875,-9.090700116983056,-3.6780353095307943,-0.040228591113095166
1789059097638659300,8.513659423828125,-9.090548141291737,-3.678382515533268,-0.04273261438985355
1789059097648669200,8.523669189453125,-9.091243137818575,-3.6766178439483044,-0.04648284746857825
1789059097658679300,8.53367919921875,-9.091874421459435,-3.6750364199757573,-0.04803106329126749
1789059097668689200,8.543689208984375,-9.093808019870519,-3.670234572651982,-0.049190667955437674
1789059097678699300,8.55369921875,-9.095199181967974,-3.6667718649774788,-0.05021603808095678
1789059097688708600,8.56370849609375,-9.096844611087441,-3.6626857647076245,-0.05033609796378295
1789059097698718500,8.573718505859375,-9.09718071117401,-3.661860419799387,-0.04969732056963257
1789059097708728600,8.583728515625,-9.09673413645029,-3.662969257824123,-0.04965752284878399
1789059097718738400,8.593738525390625,-9.095929834330082,-3.664986735126376,-0.0481110377588775
1789059097728748500,8.60374853515625,-9.095599579462409,-3.6658275698646903,-0.04651882296425756
1789059097738758700,8.613758544921875,-9.095862029790878,-3.6651997933551668,-0.04455543676968664
1789059097748768500,8.6237685546875,-9.096896049013733,-3.6626632606148717,-0.04199593871233519
1789059097758778600,8.633778564453126,-9.097878045788407,-3.6602538613855837,-0.039288858010992404
1789059097768788500,8.64378857421875,-9.098453215327858,-3.6588530546769498,-0.03651313937009545
1789059097778798600,8.653798583984376,-9.098540309089422,-3.6586689302816984,-0.03309536453257315
1789059097788808700,8.66380859375,-9.098647276595234,-3.6584164168253537,-0.0315141940050642
1789059097798818600,8.673818603515626,-9.097726654618977,-3.660722647941112,-0.02933136778997723
1789059097808828700,8.68382861328125,-9.096129156294465,-3.66470879496783,-0.026942723654350263
1789059097818838500,8.693838623046876,-9.095077016893029,-3.667335051818192,-0.024689761662366798
1789059097828848600,8.7038486328125,-9.095419546720384,-3.666506784300506,-0.021355785800912415
1789059097838858500,8.7138583984375,-9.096161889520287,-3.6646889212235805,-0.01663499979013577
1789059097848868600,8.72386865234375,-9.09731281312108,-3.6618463912740347,-0.013097682234662351
1789059097858878700,8.733878662109374,-9.098091980800032,-3.6599236065179106,-0.008126585570248425
1789059097868888600,8.743888671875,-9.098293056330084,-3.6594293932601807,-0.0051036957975826224
1789059097878898700,8.753898681640624,-9.09919497360587,-3.6571880440741777,-0.0026836598682042677
1789059097888908500,8.763908447265624,-9.099537503433227,-3.656337272463739,0.0003735591847138494
1789059097898918700,8.773918701171874,-9.099802876371145,-3.6556755936846135,0.003250110955427226
1789059097908928500,8.783928466796874,-9.099211924740672,-3.6571395287573334,0.007794479526317445
1789059097918938600,8.793938720703125,-9.09889979005158,-3.6579002839967605,0.013203036597056779
1789059097928948700,8.80394873046875,-9.099328829118608,-3.6568057667583225,0.019407384829630607
1789059097938957600,8.81395751953125,-9.10098653319776,-3.6526357875972986,0.02603228742867941
1789059097948967700,8.8239677734375,-9.102638392058015,-3.648466392958164,0.032475949426018634
1789059097958977800,8.833977783203125,-9.10292539230585,-3.6476834258869286,0.03925864096924197
1789059097968987600,8.843987548828125,-9.102929483959079,-3.647599254734814,0.045635706287063656
1789059097978997800,8.853997802734375,-9.102593383872508,-3.648350949884951,0.05209532162207178
1789059097989007600,8.864007568359375,-9.10296513979435,-3.64730816283375,0.059569424928980874
1789059097999017700,8.874017822265625,-9.10335443137288,-3.646222121162712,0.06622016522218473
1789059098009027800,8.88402783203125,-9.10322525203526,-3.6464079991236327,0.07337645758446305
1789059098019037700,8.89403759765625,-9.10260916596353,-3.6477608750373123,0.08202532659205608
1789059098029047800,8.9040478515625,-9.101860393422841,-3.6494486819937824,0.0897225117648486
1789059098039057700,8.9140576171875,-9.101053168693184,-3.651262161156535,0.09745917043150402
1789059098049067800,8.92406787109375,-9.100732266175747,-3.6518396687835453,0.10549483031104318
1789059098059077600,8.93407763671875,-9.100191583427787,-3.6529917614281175,0.11200430353661067
1789059098069087700,8.944087646484375,-9.100177554902434,-3.6528161126002665,0.1187077649643179
1789059098079097900,8.954097900390625,-9.099988754332065,-3.653088207539916,0.1246359403037466
1789059098089107700,8.964107666015625,-9.099676035121083,-3.653720367963612,0.12885733912475406
1789059098099117800,8.974117919921875,-9.098990390944481,-3.6552708122760054,0.13325883461986668
1789059098109127700,8.984127685546875,-9.095694856530427,-3.6634807144775983,0.1327665667240508
1789059098119137500,8.994137451171875,-9.092284171304106,-3.672337097889185,0.12121264219102448
1789059098129147600,9.004147705078125,-9.091374655243754,-3.674906948377192,0.11113293666271493
1789059098139157500,9.014157470703125,-9.092540776413678,-3.6719668032720683,0.11291972874794155
1789059098149167600,9.024167724609375,-9.095848001265525,-3.6631387691721318,0.1317315702536609
1789059098159177500,9.034177490234375,-9.09990399865806,-3.6521491731241342,0.1547361872741021
1789059098169187600,9.0441875,-9.10186390055418,-3.646780047306418,0.16570976376906035
1789059098179197400,9.054197509765626,-9.100123194366693,-3.6510227994427082,0.16787061333106829
1789059098189207600,9.06420751953125,-9.096786743420362,-3.659409811776876,0.16606294285459444
1789059098199217700,9.0742177734375,-9.09430895512998,-3.665710080964863,0.16276918027251958
1789059098209227500,9.0842275390625,-9.094987585043906,-3.6640836488068103,0.16148463862100615
1789059098219237600,9.094237548828126,-9.096314449733494,-3.660739891336858,0.16258017877275124
1789059098229247500,9.10424755859375,-9.097456020984053,-3.657797115883231,0.16492893385598434
1789059098239257600,9.114257568359376,-9.098764180973172,-3.6543975365728136,0.16806556964758781
1789059098249267500,9.124267333984376,-9.099481973853706,-3.6525150838270783,0.1701231597645208
1789059098259277600,9.134277587890624,-9.10018281559944,-3.6508193858250975,0.16905209646690636
1789059098269287700,9.14428759765625,-9.099056441918014,-3.653780281457305,0.16566079179449006
1789059098279297500,9.154297607421874,-9.097491676819324,-3.657866089466214,0.16139664981029928
1789059098289307600,9.1643076171875,-9.09643369219899,-3.6605244950205087,0.16075612341705708
1789059098299317500,9.1743173828125,-9.096496820563077,-3.6602579530388115,0.1632127958541736
1789059098309327600,9.18432763671875,-9.096546504923701,-3.659930620780587,0.1677281361204572
1789059098319337700,9.194337646484374,-9.096836427780985,-3.6590754652559756,0.1706307439604774
1789059098329347600,9.20434765625,-9.097253776410222,-3.657989423584938,0.17168144032349808
1789059098339357700,9.214357666015625,-9.09843158801794,-3.655042848739028,0.17200245243879034
1789059098349367600,9.224367431640625,-9.098879916307329,-3.653995677773654,0.1705308637825772
1789059098359377700,9.234377685546875,-9.099204325956105,-3.65333224542886,0.16741757233394308
1789059098369387500,9.244387451171875,-9.098434510627389,-3.6553961922213434,0.16417278172643854
1789059098379397600,9.254397705078125,-9.097782184198499,-3.657187167291343,0.16040058797765522
1789059098389407700,9.26440771484375,-9.097240916928648,-3.6586128161802884,0.1585847524610348
1789059098399417600,9.27441748046875,-9.097701520177722,-3.6575460637316106,0.15672208212800323
1789059098409427700,9.284427734375,-9.097558312314748,-3.6580312169000506,0.15368740887353197
1789059098419437600,9.2944375,-9.097493430384993,-3.658351242634654,0.14989730500872245
1789059098429447700,9.30444775390625,-9.097240916928648,-3.659190323807299,0.14462023225547746
1789059098439456800,9.314456787109375,-9.096692635396122,-3.660811495268345,0.1379209538125433
1789059098449466600,9.324466552734375,-9.097809656727314,-3.658272916701436,0.1314761433210224
1789059098459476700,9.334476806640625,-9.098666565817593,-3.656379650300741,0.12468177047315984
1789059098469486600,9.344486572265625,-9.099604723450541,-3.6542873541966077,0.11731462097233161
1789059098487005700,9.362005615234375,-9.099387865829467,-3.6552860098451374,0.10199851262788287
1789059098497015800,9.372015869140625,-9.099559130743145,-3.655086395619809,0.09354234404764138
1789059098507025700,9.382025634765625,-9.10042831479311,-3.6531162645906208,0.08561000754525884
1789059098517035800,9.392035888671876,-9.101308020237088,-3.6511209991201756,0.07677676754724234
1789059098527045600,9.402045654296876,-9.101310358324646,-3.651288172380626,0.06802968972902744
1789059098537055700,9.4120556640625,-9.100822282546758,-3.6526629678651688,0.058940251046814954
1789059098547065900,9.42206591796875,-9.100571522656082,-3.653423723104596,0.04974391792402602
1789059098557075700,9.43207568359375,-9.100130793151259,-3.6546342679381367,0.04068070966161322
1789059098567085800,9.4420859375,-9.09943930375576,-3.656447454839945,0.03130871401124168
1789059098577095700,9.452095703125,-9.098965841025114,-3.6576954090744254,0.02161911976208212
1789059098587105800,9.462105712890626,-9.098901543617249,-3.657895607821643,0.013145248845079912
1789059098597115600,9.47211572265625,-9.09973857896328,-3.6558319532901047,0.00569915578145883
1789059098607125800,9.482125732421874,-9.10054054299593,-3.653839025907218,-0.0015403146450851635
1789059098617135600,9.492135498046874,-9.100990040329098,-3.652707391528785,-0.00972663604062982
1789059098627145500,9.5021455078125,-9.100512485945224,-3.6538606532171367,-0.01897198223718442
1789059098637155600,9.512155517578124,-9.100516577598452,-3.653792556416988,-0.027942199003498536
1789059098647165400,9.52216552734375,-9.099708183825015,-3.6557258625671265,-0.03692064930861816
1789059098657175600,9.532175537109374,-9.098920248317718,-3.6575887338295576,-0.0456305917205289
1789059098667185700,9.542185546875,-9.098219991093874,-3.6592177963361143,-0.053911084073456
1789059098677195500,9.552195556640624,-9.098286042067407,-3.65889046407789,-0.06399815549089108
1789059098687206000,9.562205810546875,-9.098536801958083,-3.6580662882134316,-0.07459656483079306
1789059098697215700,9.5722158203125,-9.098924339970946,-3.656862173120677,-0.08558221535603515
1789059098707225900,9.582225830078125,-9.099925625967979,-3.654066989444196,-0.09762343021566047
1789059098717235700,9.592235595703125,-9.10059490353167,-3.652080784063041,-0.10891358011281117
1789059098727245800,9.602245849609375,-9.100977180847526,-3.6507732085958122,-0.12022562218136153
1789059098737256000,9.612255859375,-9.10038973634839,-3.651841714610159,-0.13169306487417778
1789059098747265800,9.622265869140625,-9.098748398882151,-3.655531216777861,-0.1423305230162572
1789059098757276000,9.63227587890625,-9.096559948927164,-3.6605806091219186,-0.15207539796647615
1789059098767285800,9.64228564453125,-9.095307903039455,-3.663329031047225,-0.16054587819986044
1789059098777296000,9.6522958984375,-9.095380383753776,-3.6627684745550155,-0.16900971862990408
1789059098787305700,9.6623056640625,-9.095118517947196,-3.6629791946962476,-0.1782768747994676
1789059098797314000,9.67231396484375,-9.094687725314497,-3.6635546564966437,-0.18815120308194308
1789059098807323600,9.68232373046875,-9.095235422325134,-3.6617034756720064,-0.1974954613420181
1789059098817333800,9.692333740234375,-9.096338415130973,-3.6584503190949555,-0.20676440760986878
1789059098827343600,9.702343505859375,-9.097185971871017,-3.655939505317807,-0.21377172908866776
1789059098837353700,9.712353759765625,-9.096792588639259,-3.656590370441973,-0.219301708023902
1789059098847363600,9.722363525390625,-9.096074211236834,-3.657884501905739,-0.22737905162069946
1789059098857373700,9.732373779296875,-9.095770259854197,-3.6579248339161277,-0.2386049041099846
1789059098867383800,9.7423837890625,-9.095867290487885,-3.657004211939871,-0.24881732350671662
1789059098877393700,9.7523935546875,-9.096218003621697,-3.6557369684830308,-0.2545268967925571
1789059098887403800,9.76240380859375,-9.097320996427536,-3.652709145094454,-0.25855626190649345
1789059098897413600,9.77241357421875,-9.098508160385489,-3.6495305150583386,-0.2616456792891957
1789059098907423700,9.782423828125,-9.098986299291253,-3.6480429068490863,-0.26573926874576137
1789059098917433900,9.792433837890625,-9.098718588265776,-3.648386605720222,-0.2701414309611544
1789059098927443700,9.802443603515625,-9.097754127147793,-3.650426294854283,-0.27503389744414014
1789059098937453800,9.812453857421875,-9.095807084733247,-3.6550334963887927,-0.27822980740861963
1789059098947463700,9.822463623046875,-9.093934276598691,-3.659652680622041,-0.27873158291829747
1789059098957473800,9.832473876953125,-9.093778209254145,-3.6600843500375744,-0.2781444489464164
1789059098967483600,9.842483642578125,-9.094356301403046,-3.6587449181273577,-0.27685839119125155
1789059098977493800,9.85249365234375,-9.094847884312271,-3.6575013478070497,-0.2771507434676401
1789059098987503900,9.86250390625,-9.095077601414918,-3.6568928605198856,-0.27764462793180716
1789059098997513700,9.872513671875,-9.093799836564063,-3.66002735915333,-0.2781959051390178
1789059099007523800,9.88252392578125,-9.094058779761195,-3.6592660193920135,-0.2797397370475344
1789059099017533700,9.89253369140625,-9.09423355180621,-3.658707800987363,-0.2813410712969489
1789059099027543800,9.902543701171876,-9.09419672692716,-3.6586297673150896,-0.28355418076915667
1789059099037553700,9.9125537109375,-9.093821463873981,-3.659430854564905,-0.2852415493342094
1789059099047563800,9.922563720703126,-9.093618634778261,-3.6598178080558776,-0.28673456437094136
1789059099057574000,9.932573974609374,-9.094332920527458,-3.65801368124336,-0.2871057540372014
1789059099067583700,9.942583740234374,-9.096334323477745,-3.653060150489211,-0.2867679734501988
1789059099077593900,9.95259375,-9.09811536167562,-3.6487186141535637,-0.2855519669902511
1789059099087603700,9.962603759765624,-9.098843091428279,-3.646816579924524,-0.28664834739221257
1789059099097613800,9.97261376953125,-9.099072808530925,-3.646207800376415,-0.2871124760389328
1789059099107624000,9.9826240234375,-9.097864017263054,-3.6493297317892313,-0.2857346118144691
1789059099117633800,9.9926337890625,-9.096882020488382,-3.6516961686596274,-0.2867791158987209
1789059099127644000,10.002643798828124,-9.095638742429017,-3.654893795657158,-0.28546754010980946
1789059099137653800,10.01265380859375,-9.096072457671164,-3.6538945554867386,-0.28444048035070296
1789059099147664000,10.022663818359375,-9.096831167083979,-3.6524548780724406,-0.2786024218469858
1789059099157673700,10.032673828125,-9.095919897457957,-3.6553672583878036,-0.2700299516770057
1789059099167683800,10.042683837890625,-9.095608931812643,-3.656694707599282,-0.2624239701853134
1789059099177694000,10.05269384765625,-9.095419546720384,-3.6577941932737823,-0.2535170256302692
1789059099187703800,10.062703857421875,-9.09514891308546,-3.6589243663474917,-0.2468370729423128
1789059099197714000,10.0727138671875,-9.095174047526717,-3.65922597964257,-0.24135993843916803
1789059099207723800,10.082723876953125,-9.093211807543039,-3.6646249160766597,-0.2332526198292151
1789059099217734000,10.09273388671875,-9.091542997547984,-3.6694241330519315,-0.22262312579788265
1789059099227743700,10.10274365234375,-9.089728057080507,-3.674677815796435,-0.20969874402871355
1789059099237753900,10.11275390625,-9.090025578722358,-3.674671970577538,-0.19647316908957435
1789059099247764000,10.122763916015625,-9.092215782243013,-3.6697596486166115,-0.18671282257558777
1789059099257773800,10.13277392578125,-9.095340636265277,-3.66262994286716,-0.17407891165297476
1789059099267784000,10.142783935546875,-9.096824152821302,-3.65967372341007,-0.15800474234968423
1789059099277793800,10.152793701171875,-9.097157330298423,-3.6595211631968616,-0.14149907716079616
1789059099287804000,10.162803955078125,-9.09656696318984,-3.6615506231978534,-0.1261119494067505
1789059099297812700,10.172812744140625,-9.095550479623675,-3.664584876327216,-0.11031635958282276
1789059099307822600,10.182822509765625,-9.09444047255516,-3.667775196801126,-0.09467170427059754
1789059099317832700,10.192832763671875,-9.094061702370643,-3.6691035227954387,-0.0781279994931072
1789059099327842800,10.2028427734375,-9.094900491282344,-3.6673484958216545,-0.06103199459509924
1789059099337852700,10.212852783203125,-9.09557561406493,-3.665924600498378,-0.04340012468814384
1789059099347862800,10.22286279296875,-9.095492027434705,-3.666299863551557,-0.02552533113709651
1789059099357872600,10.23287255859375,-9.09541019437015,-3.6665827721461652,-0.008252341687388252
1789059099367882800,10.2428828125,-9.09472104306221,-3.6682942522391673,0.007440172496199374
1789059099377892600,10.252892578125,-9.094115478384495,-3.6697348064363,0.02232277908598771
1789059099387902700,10.26290283203125,-9.093349170187116,-3.6715322112470865,0.035231150435272134
1789059099397912800,10.272912841796876,-9.093224667024613,-3.6717025993779298,0.04744283790742047
1789059099407922700,10.282922607421876,-9.093294225129485,-3.6713466255471108,0.06002227412986103
1789059099417932800,10.292932861328126,-9.093459644824266,-3.6706872848555445,0.07372031628580297
1789059099427942700,10.302942626953126,-9.093865303015708,-3.669382924258709,0.0873018148234114
1789059099437952800,10.312952880859376,-9.094466191518306,-3.667563599877059,0.10022225106982513
1789059099447963000,10.322962890625,-9.095475660821794,-3.664693889659643,0.11279142619315534
1789059099457972700,10.33297265625,-9.095907037976383,-3.663243983112275,0.12451528219929896
1789059099467982800,10.34298291015625,-9.09544877281487,-3.6639527159035206,0.1365464505889453
1789059099477992700,10.35299267578125,-9.093447369864583,-3.6684658094137905,0.14818225385230033
1789059099488002800,10.3630029296875,-9.090836310583352,-3.6745129806235433,0.15820322406385093
1789059099498012700,10.3730126953125,-9.088588823917508,-3.6796842457816004,0.1669245098536834
1789059099508022800,10.383022705078124,-9.087900841653347,-3.680982176637649,0.17554695664523168
1789059099518033000,10.393032958984374,-9.092695674714445,-3.66873731983155,0.18339845559690146
1789059099528042800,10.403042724609374,-9.092752373337746,-3.668166826467216,0.19180968905687332
1789059099538052900,10.413052978515625,-9.09244433030188,-3.6685719001367687,0.1985390886434354
1789059099548062700,10.423062744140625,-9.091600280693173,-3.6702266816064713,0.20647061229506505
1789059099558072800,10.43307275390625,-9.089095019873977,-3.6761025879025455,0.2121357071183622
1789059099568082700,10.443082763671875,-9.085662122815847,-3.684353114375472,0.21602847677320242
1789059099578092800,10.4530927734375,-9.08394245941639,-3.688596158772707,0.21595360317239537
1789059099588103000,10.46310302734375,-9.08338014935851,-3.6901685226559637,0.21270216362839564
1789059099598112800,10.47311279296875,-9.085320177510381,-3.685488255885243,0.21098494791435077
1789059099608123000,10.483122802734375,-9.08932824410796,-3.6757118350192903,0.20889243261450902
1789059099618132700,10.4931328125,-9.09169848037064,-3.6697006119057534,0.21143420778550207
1789059099628142800,10.503142822265625,-9.09104440037608,-3.6709742851033806,0.21735967057803646
1789059099638153000,10.513153076171875,-9.088352092552185,-3.677629651339352,0.21743713799472897
1789059099648162800,10.523162841796875,-9.08595438376069,-3.683761870484054,0.21380853570140898
1789059099658173000,10.5331728515625,-9.085015641605853,-3.6864214450821278,0.2077928008095361
1789059099668182800,10.543182861328125,-9.085070586663484,-3.6865889106035232,0.20233521125707774
1789059099678193000,10.55319287109375,-9.086157212856412,-3.684120182402432,0.19847305593620984
1789059099688202800,10.56320263671875,-9.08748290850222,-3.681079499532282,0.19414823327334596
1789059099698212900,10.573212890625,-9.088467827886342,-3.678793142160773,0.1913665301329456
1789059099708223000,10.583222900390625,-9.088058078041673,-3.679953418111801,0.1884813483517617
1789059099718232800,10.59323291015625,-9.087264881837367,-3.6821865839913483,0.18303614335684104
1789059099728243000,10.603242919921875,-9.086189361560344,-3.685264968523383,0.17428192341178655
1789059099738252800,10.613252685546875,-9.08602803351879,-3.686121293091774,0.16429772328035905
1789059099748263000,10.623262939453125,-9.085378629699349,-3.688086747945845,0.15587171237636357
1789059099758272800,10.633272705078125,-9.084739162752031,-3.6900042720049617,0.1475426773071289
1789059099768283000,10.643282958984376,-9.083669487693905,-3.692959322418272,0.13923505948525852
1789059099778293000,10.65329296875,-9.08304755640328,-3.694647713896632,0.13492864012876524
1789059099788302800,10.663302734375,-9.083565442797541,-3.6935111110821364,0.13115608105380086
1789059099798312000,10.67331201171875,-9.084532826524972,-3.691350718177855,0.12483169120470992
1789059099808322000,10.683322021484376,-9.085147159031033,-3.690058048018813,0.11812189136776141
1789059099818332000,10.693331787109376,-9.084685386738181,-3.691374683575332,0.11237807788560167
1789059099828342000,10.703342041015626,-9.08416165512502,-3.6928427103012798,0.10634435067931189
1789059099838352000,10.713351806640626,-9.083181411916017,-3.695380119824409,0.1018329650689382
1789059099848362000,10.723362060546876,-9.08149506626427,-3.699620241612196,0.09820843616253695
1789059099858372000,10.7333720703125,-9.07940832311809,-3.7048181025162337,0.09514166900306008
1789059099868382000,10.7433818359375,-9.078575379425287,-3.706893155224621,0.09380610041720792
1789059099878392000,10.75339208984375,-9.081469347301125,-3.6998257010564206,0.09266127776363864
1789059099888402000,10.76340185546875,-9.083406452843546,-3.6951311134994027,0.09009973844625055
1789059099898412000,10.773412109375,-9.081099929466843,-3.7008442304491993,0.08809169569262303
1789059099908422000,10.783421875,-9.080890086108445,-3.70134633475244,0.08860501550962217
1789059099918432000,10.793431884765624,-9.078846597582102,-3.7062116027012464,0.09445824418300762
1789059099928442000,10.803442138671874,-9.077797380790114,-3.7086233400180935,0.10042444084472954
1789059099938452000,10.813451904296874,-9.07657514551878,-3.711451841442287,0.10626143076936714
1789059099948462000,10.823462158203125,-9.076452395921946,-3.7116096623525023,0.11114449010319076
1789059099958472000,10.833471923828125,-9.076248397782445,-3.7119770343601703,0.11542091618021949
1789059099968482000,10.84348193359375,-9.07672244503498,-3.7106823183745146,0.1197290434366092
1789059099978492000,10.853491943359375,-9.077329178756475,-3.7090278291657564,0.12486605926519259
1789059099988502000,10.863501953125,-9.078748397904635,-3.7053839197054503,0.12978464657012373
1789059099998512000,10.87351220703125,-9.080373368757963,-3.7012305994182824,0.13453429791578092
1789059100008522000,10.88352197265625,-9.080368692582844,-3.7010228018864986,0.14043342982381582
1789059100018532000,10.893531982421875,-9.078953565087915,-3.704278296551108,0.1459684137277305
1789059100028542000,10.9035419921875,-9.077064390340446,-3.708767132402956,0.14944150579893029
1789059100038552000,10.913552001953125,-9.07603504729271,-3.711170101891458,0.15226297469413838
1789059100048562200,10.923562255859375,-9.076208650293946,-3.710632926274836,0.155006473849155
1789059100058571800,10.93357177734375,-9.0765172778517,-3.709735685174167,0.15836762084532527
1789059100068582000,10.943581787109375,-9.076142014798522,-3.7104195757851004,0.16373996153343467
1789059100078591700,10.953591796875,-9.076157796889543,-3.710162093892693,0.16865664914222434
1789059100088601900,10.963601806640625,-9.07534063528776,-3.7119033846020697,0.1742263207670301
1789059100098611700,10.97361181640625,-9.075638156929612,-3.7109564591407773,0.17882006003176792
1789059100108621800,10.983621826171875,-9.075812344452737,-3.7103345278501507,0.18286361806783824
1789059100118632000,10.9936318359375,-9.076210403859616,-3.709175713203847,0.1865561889754608
1789059100128641800,11.003641845703125,-9.0759789331913,-3.709510059724748,0.19111299376329405
1789059100138652000,11.01365185546875,-9.075743370869755,-3.7098347616344687,0.19593961020214481
1789059100148661800,11.023661865234375,-9.076209234815835,-3.7084719488486644,0.200127636476513
1789059100158672000,11.033671875,-9.077649496752024,-3.70475029797703,0.2036906444540247
1789059100168682000,11.043681884765626,-9.078762426429986,-3.701822720092535,0.20728872374491764
1789059100178691800,11.05369189453125,-9.078350923019647,-3.7026124091655013,0.21118076274739578
1789059100188702000,11.063701904296876,-9.077705610853434,-3.704062607973814,0.2134570919152349
1789059100198711800,11.0737119140625,-9.076379915207625,-3.707184247125685,0.2156330294485204
1789059100208722000,11.083721923828126,-9.075501378807425,-3.709216629736125,0.21765227858275174
1789059100218731800,11.093731689453126,-9.075468061059713,-3.709197048252821,0.2193806184790097
1789059100228742000,11.103741943359376,-9.076112204182147,-3.707544312609732,0.22065805453630163
1789059100238752000,11.113751953125,-9.077030488070845,-3.7052231761857866,0.2218574569213204
1789059100248761900,11.123761962890624,-9.077674631193279,-3.7035228020086883,0.2239025711491704
1789059100258772000,11.13377197265625,-9.077978582575916,-3.7026457269132136,0.2260573197639547
1789059100268781800,11.14378173828125,-9.077841219931841,-3.702877782103419,0.22776805093828587
1789059100278791000,11.153791015625,-9.077201168462633,-3.704344055263698,0.22943768291724845
1789059100288801800,11.1638017578125,-9.076502664804458,-3.7060052664741874,0.2302345323833637
1789059100298811000,11.173810791015624,-9.075857352638245,-3.7075413900002836,0.2309327437805943
1789059100308821000,11.183821044921874,-9.075294458058476,-3.7089030337423083,0.23119574209833516
1789059100318830800,11.193830810546874,-9.075663875892758,-3.7079347732320427,0.23222214427031576
1789059100328841000,11.203841064453124,-9.076509679067135,-3.70574778458178,0.23406989102885126
1789059100338851000,11.21385107421875,-9.077389384511113,-3.7034532439038155,0.2362644967299886
1789059100348861000,11.22386083984375,-9.077199999418854,-3.7036993276193737,0.23966118996357544
1789059100358871000,11.23387109375,-9.076765699654818,-3.704615857942402,0.24193523584278298
1789059100368881000,11.243880859375,-9.076286976227165,-3.705755383366346,0.2424378698689863
1789059100378891000,11.25389111328125,-9.075915804827213,-3.706691495172679,0.2420177630270831
1789059100388901000,11.263901123046875,-9.074805213236809,-3.7093449322909113,0.2430177886487916
1789059100398911000,11.273910888671875,-9.07388751387,-3.7115626083403823,0.24341148240780455
1789059100408921000,11.283921142578125,-9.073747228616476,-3.7119279345214364,0.2430752179244533
1789059100418931000,11.293930908203125,-9.075074093306064,-3.7088656243413682,0.2402649097440764
1789059100428941000,11.303941162109375,-9.076225016906857,-3.7062411210566757,0.23727263259291648
1789059100438951000,11.313950927734375,-9.07683350419402,-3.7049002278417347,0.23494245434598995
1789059100448961000,11.3239609375,-9.07802768241465,-3.7021515136554837,0.2320986457548104
1789059100458971100,11.33397119140625,-9.078788729915022,-3.7005674593344327,0.22756387013569473
1789059100468981000,11.34398095703125,-9.079134766873716,-3.7001018876492977,0.22122924202037975
1789059100478991000,11.3539912109375,-9.077503366279602,-3.7044586215540765,0.21519465629756448
1789059100489001000,11.3640009765625,-9.076154289758206,-3.7081940086901186,0.20760677671814337
1789059100499011000,11.374010986328125,-9.075265816485881,-3.7107881168365475,0.1999607372106984
1789059100509021000,11.38402099609375,-9.075804745668172,-3.7098581425100563,0.19261691378653048
1789059100519031000,11.394031005859375,-9.077358989372849,-3.706475806595385,0.1843310602718964
1789059100529041200,11.404041259765625,-9.079211923763156,-3.7024054884165523,0.1745954463403672
1789059100539050800,11.41405078125,-9.080374537801742,-3.7000180087581276,0.1644606587571092
1789059100549060900,11.424060791015625,-9.080551647934318,-3.7001051025196907,0.15226989762526935
1789059100559070700,11.43407080078125,-9.079154640617967,-3.70403279735744,0.13956225474616513
1789059100569080800,11.444080810546875,-9.077222211250662,-3.7092329963490367,0.12653454046668483
1789059100579091000,11.454091064453126,-9.075841570547222,-3.713047586201131,0.11298524086535908
1789059100589100800,11.464100830078126,-9.075952629706263,-3.713165659622848,0.09934264609054662
1789059100599111000,11.47411083984375,-9.076613723963499,-3.7118288580611347,0.08832404314377344
1789059100609120800,11.484120849609376,-9.077055037990212,-3.710954997836053,0.07914346927911974
1789059100619131000,11.494130859375,-9.07657222290933,-3.712292383919656,0.07145802934304811
1789059100629140700,11.504140625,-9.075929248830676,-3.714011755058169,0.06334081496016587
1789059100639150800,11.51415087890625,-9.075282767620681,-3.715748661853373,0.05325285306016449
1789059100649161000,11.524160888671876,-9.076481622016429,-3.712949386523664,0.043322200613725
1789059100659170800,11.5341708984375,-9.077146223405004,-3.7114156010851262,0.034575129645376
1789059100669181000,11.544180908203124,-9.077845311585069,-3.709773094575107,0.0262654066313873
1789059100679190800,11.554190673828124,-9.077662940755486,-3.7102588322654366,0.020115763711137696
1789059100689200400,11.564200439453124,-9.078143417748809,-3.709112292578816,0.013700622272095642
1789059100699210500,11.57421044921875,-9.079386111286283,-3.706087099538743,0.006828214039493468
1789059100709220400,11.584220458984374,-9.080964904910326,-3.7022234098479148,0.0015248737630085087
1789059100719230500,11.59423046875,-9.081090577116608,-3.701913905507326,-0.002240742259343824
1789059100729240300,11.604240234375,-9.080814682784675,-3.7025869824633,-0.0061201799345697505
1789059100739250400,11.61425048828125,-9.079934977340697,-3.7047388998001813,-0.008975021376417135
1789059100749260500,11.624260498046874,-9.079625180739164,-3.70548767234087,-0.012257228805549674
1789059100759270400,11.6342705078125,-9.079882370370626,-3.70484382147938,-0.01604249095681589
1789059100769280500,11.644280517578125,-9.080539957496523,-3.703220896452665,-0.018249896774021907
1789059100779289600,11.65428955078125,-9.081400958240032,-3.701106388516724,-0.01865044268221827
1789059100789299500,11.664299560546874,-9.081834088960289,-3.7000422664165495,-0.019027462725999065
1789059100799309600,11.6743095703125,-9.081465840169788,-3.700942137865722,-0.019664446596929338
1789059100809319400,11.6843193359375,-9.081246059939264,-3.7014763908728954,-0.020779762311512604
1789059100819329500,11.69432958984375,-9.08104966058433,-3.701935825078189,-0.02426888078561751
1789059100829339400,11.70433935546875,-9.081185269662738,-3.7015567626327273,-0.030640420544950756
1789059100839349500,11.714349609375,-9.08101049761772,-3.7019331947296856,-0.0364114485443104
1789059100849359600,11.724359619140625,-9.080819943481684,-3.7023569730997083,-0.04060976331725251
1789059100859369200,11.734369140625,-9.07989172272086,-3.70459218480587,-0.04412452083940152
1789059100869379300,11.74437939453125,-9.079007341101764,-3.706692371955514,-0.049388419017242266
1789059100879389200,11.75438916015625,-9.078046387115121,-3.708952425841987,-0.055905481894221155
1789059100889399300,11.7643994140625,-9.077679891890288,-3.7097158114299176,-0.06415030471214558
1789059100899409400,11.774409423828125,-9.077891488814354,-3.7090219839468594,-0.07363945590220392
1789059100909419300,11.784419189453125,-9.07756474107802,-3.7096547288924455,-0.0816399805362802
1789059100919429400,11.794429443359375,-9.076955669268965,-3.710957043662667,-0.0897647891371511
1789059100929439200,11.804439208984375,-9.075403179129957,-3.7145351944103835,-0.0983453786815051
1789059100939449300,11.814449462890625,-9.072983843028545,-3.720199796043336,-0.10706829930599779
1789059100949459200,11.824459228515625,-9.071510263344646,-3.7234944536745544,-0.11691561171738431
1789059100959469300,11.83446923828125,-9.071708416265249,-3.722646896934509,-0.12803478896180168
1789059100969479400,11.8444794921875,-9.071839933690429,-3.7218978321328757,-0.13993604736146517
1789059100979489300,11.8544892578125,-9.071827074208855,-3.721492466202378,-0.15109005845724605
1789059100989499400,11.86449951171875,-9.072449005499482,-3.719614981892705,-0.15973428782233967
1789059100999509200,11.87450927734375,-9.072878629088402,-3.7182264501437543,-0.16747755889287216
1789059101009519400,11.884519287109375,-9.072855832734703,-3.7178181616038084,-0.17748018973013385
1789059101019529200,11.894529296875,-9.070869627353549,-3.722137778368592,-0.18815682910513132
1789059101029539300,11.904539306640626,-9.069418259501457,-3.7251249774858355,-0.1986980055321939
1789059101039549400,11.914549560546876,-9.068819124564527,-3.7261075587823984,-0.2074281322156079
1789059101049559300,11.924559326171876,-9.068691114270687,-3.72605816668272,-0.2138122620284557
1789059101059569400,11.9345693359375,-9.068414050894976,-3.726290806394815,-0.2213693811434321
1789059101069579300,11.944579345703126,-9.06872267845273,-3.725019471284747,-0.22996939690746365
1789059101079589400,11.95458935546875,-9.068451460295915,-3.725118255484104,-0.23887053277622908
1789059101089599500,11.964599609375,-9.0677722458601,-3.7260982064321637,-0.2491638171231374
1789059101099609300,11.974609375,-9.066841102489828,-3.7276796304047104,-0.25919885239265855
1789059101109619500,11.984619384765624,-9.065760906037688,-3.7295761116757986,-0.2695017996170558
1789059101119629300,11.99462939453125,-9.064773064044118,-3.7312963595971462,-0.27875963996900244
1789059101129639400,12.004639404296874,-9.063635584446788,-3.7333544611707326,-0.2880256270947866
1789059101139649300,12.014649169921874,-9.063305914101004,-3.7335002993822095,-0.2963811483121477
1789059101149659400,12.024659423828124,-9.062337361329794,-3.735297704192996,-0.30327766636023296
1789059101159669500,12.03466943359375,-9.063051647078991,-3.732962539243698,-0.310603497469984
1789059101169679400,12.044679443359374,-9.062753540915251,-3.7330040402978657,-0.31868414726871996
1789059101179689500,12.054689453125,-9.06460063008666,-3.727679045882821,-0.3283423120498657
1789059101189699300,12.06469921875,-9.064894644597173,-3.725963766397536,-0.3395069724038243
1789059101199709400,12.07470947265625,-9.06551423780024,-3.7234874394118784,-0.3499680875983089
1789059101209718500,12.084718505859374,-9.064684216716884,-3.72458458699882,-0.3596509118966758
1789059101219728400,12.094728271484374,-9.065098058214783,-3.722758832876384,-0.36802791429348286
1789059101229738500,12.104738525390625,-9.066344258883595,-3.7189962654724713,-0.37530780563596633
1789059101239748400,12.114748291015625,-9.06793708103299,-3.7143031392201777,-0.38321587534677237
1789059101249758500,12.124758544921875,-9.0679931951344,-3.71322674216032,-0.39221769511103627
1789059101259768600,12.1347685546875,-9.067262542772292,-3.7140634852454064,-0.40108419805783774
1789059101269778400,12.1447783203125,-9.066078885945677,-3.715835755614936,-0.41129627039469774
1789059101279788500,12.15478857421875,-9.065468645092844,-3.7161034666404125,-0.42217867974117396
1789059101289798400,12.16479833984375,-9.065311993226409,-3.715289812169969,-0.4325759724518284
1789059101299808500,12.17480859375,-9.065523005628584,-3.713614572434127,-0.4424276870436966
1789059101309818600,12.184818603515625,-9.06564341713786,-3.712242115037143,-0.45138698284048584
1789059101319828500,12.194828369140625,-9.065122023612261,-3.7124519583955404,-0.46005726909544314
1789059101329838300,12.20483837890625,-9.064625180006027,-3.712303782096505,-0.4709032919542864
1789059101339848200,12.21484814453125,-9.06400383323729,-3.712290045832097,-0.4828242505682632
1789059101349858300,12.2248583984375,-9.064007340368628,-3.7105490473836658,-0.4959642661157995
1789059101359868400,12.234868408203125,-9.063804511272906,-3.709336164462566,-0.5085868701931089
1789059101369878300,12.244878173828125,-9.06303294237852,-3.7095804946124553,-0.5204113826952874
1789059101379888400,12.254888427734375,-9.061797847625613,-3.7109003450393674,-0.5323730751784518
1789059101389898200,12.264898193359375,-9.061163641375304,-3.7109883155837653,-0.5424634938970208
1789059101399908400,12.274908447265625,-9.06163535054028,-3.708519295121729,-0.5513885586306453
1789059101409918200,12.284918212890625,-9.063010730546713,-3.7037536881551145,-0.5607376574626192
1789059101419928300,12.29492822265625,-9.064061700904368,-3.699907534120977,-0.5690808671876788
1789059101429938400,12.3049384765625,-9.06444923891723,-3.6975279455080625,-0.5783027959760279
1789059101439948300,12.3149482421875,-9.063860040852427,-3.697251758915186,-0.5892003298263997
1789059101449958400,12.32495849609375,-9.062869860771299,-3.6983877772077918,-0.5972447392679751
1789059101459968300,12.33496826171875,-9.06146817727983,-3.7012355678543445,-0.6008662542333826
1789059101469978400,12.344978271484376,-9.060990038374065,-3.7019285185545683,-0.6037917497586458
1789059101479988200,12.35498828125,-9.06200710646212,-3.699159346102178,-0.6054991381984204
1789059101489998300,12.364998291015626,-9.062721976733208,-3.6971073820084333,-0.607330627941899
1789059101500008400,12.375008544921876,-9.06294000339806,-3.6960546580851075,-0.61048061640542
1789059101510018300,12.385018310546876,-9.06292129869759,-3.695697515210509,-0.6129161364566534
1789059101520028400,12.3950283203125,-9.062625530621409,-3.69616221011281,-0.6144802439682185
1789059101530038300,12.405038330078124,-9.061929949572681,-3.6977541554793714,-0.6151580701645464
1789059101540048400,12.41504833984375,-9.060210286173223,-3.702342652313411,-0.6128888100583106
1789059101550058200,12.425058349609374,-9.059500092077254,-3.704687169612944,-0.6092101946108043
1789059101560068400,12.435068359375,-9.061210403126477,-3.7011104801699517,-0.6054991016658022
1789059101570078500,12.445078369140624,-9.064623426440358,-3.6936838373005387,-0.5997338892025873
1789059101580088300,12.45508837890625,-9.068137572041154,-3.685917294952273,-0.5943699510166421
1789059101590098400,12.465098388671874,-9.071047906529904,-3.679632223333418,-0.5888826056467369
1789059101600107500,12.475107421875,-9.072570001530647,-3.676676296137273,-0.5838717917473987
1789059101610117400,12.485117431640624,-9.072654172682762,-3.6771845379203554,-0.5793465328752995
1789059101620127500,12.49512744140625,-9.07196852850616,-3.6799548794165253,-0.5724553851220756
1789059101630137300,12.505137451171874,-9.071495065775514,-3.682116149103641,-0.5660204932363704
1789059101640147500,12.5151474609375,-9.072413349664211,-3.680986268290877,-0.5586055042721331
1789059101650157600,12.525157470703125,-9.074649145892263,-3.6771328077331185,-0.5475567253828049
1789059101660167400,12.53516748046875,-9.07670198676884,-3.6737063404157757,-0.5364199394164607
1789059101670177500,12.545177490234375,-9.077520901936293,-3.673573653946817,-0.5233182100526989
1789059101680187400,12.5551875,-9.077403413036466,-3.6755545986309643,-0.5113052257737144
1789059101690198000,12.565197998046875,-9.077735421469807,-3.6759012201115486,-0.5028433581050485
1789059101700207900,12.575207763671875,-9.078808019137382,-3.674432901124656,-0.49414110580924897
1789059101710218000,12.585218017578125,-9.079805213481187,-3.6731612737536428,-0.4851870707094669
1789059101720227800,12.595227783203125,-9.080551647934318,-3.6724537100061774,-0.47649771442785854
1789059101730238000,12.605238037109375,-9.080857352882623,-3.673101067999005,-0.4655538572177291
1789059101740248000,12.615248046875,-9.082227472192049,-3.671072192519903,-0.4547019526073709
1789059101750258000,12.6252578125,-9.082862847486139,-3.6708375069811936,-0.44377245271615684
1789059101760268000,12.63526806640625,-9.08317615121901,-3.671458561488986,-0.4320791653782129
1789059101770278000,12.64527783203125,-9.08267170882821,-3.673926705168187,-0.4215726401394233
1789059101780288000,12.6552880859375,-9.082886228361724,-3.6744840467900035,-0.411980489799194
1789059101790298000,12.665298095703125,-9.083230511754751,-3.6746553117036815,-0.40275607679281383
1789059101800308000,12.675307861328125,-9.084224783489107,-3.672966627964377,-0.3956753612842411
1789059101810318000,12.685318115234375,-9.085552232700586,-3.6706373082339763,-0.3867083571050316
1789059101820328000,12.695327880859375,-9.086116296324134,-3.6702477243945,-0.37702871114443987
1789059101830338000,12.705338134765626,-9.085891255396604,-3.671760467045009,-0.36761728766597807
1789059101840348000,12.715347900390626,-9.085013303518295,-3.6748423587083816,-0.35840496695619073
1789059101850358000,12.72535791015625,-9.08395999507308,-3.678146368689835,-0.3511292768647894
1789059101860368100,12.7353681640625,-9.081865068620443,-3.683888419473171,-0.3450826171116903
1789059101870378000,12.7453779296875,-9.080197427669168,-3.6883743327155707,-0.341016536716558
1789059101880388000,12.75538818359375,-9.077441406959295,-3.69566799685508,-0.3353801747974008
1789059101890398000,12.76539794921875,-9.074712274256347,-3.7026062716856596,-0.3326933468662202
1789059101900408000,12.775407958984376,-9.072509795776009,-3.7081536766797303,-0.3309806977294385
1789059101910418000,12.78541796875,-9.072999040597677,-3.707739542920887,-0.32209815696328875
1789059101920428000,12.795427978515624,-9.07422419847846,-3.7057635666728017,-0.3100995300032198
1789059101930438100,12.805438232421874,-9.072332101121544,-3.710710959947109,-0.3062688110002316
1789059101940448000,12.815447998046874,-9.067469463521242,-3.721906599961221,-0.31430834333728996
1789059101950458000,12.8254580078125,-9.064912764775752,-3.726944301867485,-0.32805973224882035
1789059101960467200,12.83546728515625,-9.063579470345378,-3.730103350420296,-0.32900128741525114
1789059101970477000,12.84547705078125,-9.065238927990197,-3.728103408774733,-0.3050864145489409
1789059101980487200,12.855487060546874,-9.06670900054276,-3.7263819918096064,-0.2815131581945345
1789059101990497000,12.8654970703125,-9.06724559163749,-3.726218325680494,-0.265974831067305
1789059102000507100,12.875507080078124,-9.065840985536575,-3.730290105164051,-0.25661228823186827
1789059102010517200,12.885517333984374,-9.064941406348348,-3.733057231789827,-0.24801051890216766
1789059102020527000,12.895527099609374,-9.06452639580667,-3.7345880946189163,-0.23998620240055024
1789059102030537200,12.905537109375,-9.065691932454705,-3.7323026140302415,-0.23135778252594172
1789059102040547000,12.915547119140625,-9.06545812369883,-3.7334631822422146,-0.22160446854094043
1789059102050557200,12.92555712890625,-9.065561584073304,-3.733981068636477,-0.208233256319724
1789059102060567000,12.935567138671875,-9.065985362443328,-3.733883745741844,-0.1908134628274478
1789059102070577200,12.9455771484375,-9.067161420485377,-3.7317788824170828,-0.17548413880839941
1789059102080587300,12.955587158203125,-9.067875121712683,-3.7306791044816374,-0.1614241406054236
1789059102090597000,12.96559716796875,-9.068104254293441,-3.73067384378463,-0.14813816811540162
1789059102100607200,12.975607177734375,-9.067753541159629,-3.7320211667403576,-0.13507741921599953
1789059102110617000,12.9856171875,-9.067404581591486,-3.7333331261217593,-0.12157242454728111
1789059102120627200,12.995627197265625,-9.065572689989208,-3.738234049905836,-0.10668069736105389
1789059102130637000,13.005636962890625,-9.06362798566222,-3.743342771221697,-0.09174600781593471
1789059102140647200,13.015647216796875,-9.062463618057965,-3.7465465356990695,-0.07437193946179468
1789059102150657300,13.0256572265625,-9.062536098772286,-3.7467119553938506,-0.054572201163577846
1789059102160667000,13.0356669921875,-9.06228826149106,-3.7475551282197235,-0.03387649583974853
1789059102170677000,13.045677001953125,-9.06260682592094,-3.74691770709902,-0.012315669578075176
1789059102180686800,13.055686767578125,-9.061274700534343,-3.7501536202803254,0.005413719586335355
1789059102190697000,13.065697021484375,-9.060390318915248,-3.752238902121782,0.02042897382917581
1789059102200707000,13.07570703125,-9.059455668413639,-3.754366561800241,0.037163410839217245
1789059102210717000,13.085717041015625,-9.0605913944453,-3.751380823987722,0.05668729818798601
1789059102220727000,13.09572705078125,-9.064333503583073,-3.741877082583308,0.08123527219290845
1789059102230737000,13.10573681640625,-9.067631376084686,-3.733264152538776,0.10575391963864676
1789059102240747000,13.1157470703125,-9.066060765767096,-3.7363741012528537,0.12818014311608858
1789059102250756900,13.1257568359375,-9.065169369885325,-3.737712656380236,0.15029312679274007
1789059102260767000,13.13576708984375,-9.060349986904859,-3.7482039475172755,0.17722959423623977
1789059102270776000,13.145776123046875,-9.059246409577131,-3.7493306134596467,0.20724886665856465
1789059102280786000,13.155785888671875,-9.059365067520737,-3.7472193203940987,0.23797581242620944
1789059102290796000,13.165796142578126,-9.06034881786108,-3.7428120253458617,0.26798931269487364
1789059102300806100,13.17580615234375,-9.060653938287496,-3.739991414967179,0.2956398101592436
1789059102310816000,13.18581591796875,-9.060207363563775,-3.7387761939585205,0.3233893658176064
1789059102320826000,13.195826171875,-9.058377810049057,-3.7403058877438307,0.35536625684741885
1789059102330836000,13.2058359375,-9.056494480520486,-3.7415737157225606,0.38848424420375377
1789059102340846000,13.21584619140625,-9.056680943003297,-3.737837451803684,0.41891668227054174
1789059102350856200,13.225856201171876,-9.056528382790088,-3.734715228129923,0.4489751724584028
1789059102360866000,13.235865966796876,-9.057050945359467,-3.7300875683292745,0.4760937002042308
1789059102370876200,13.245876220703124,-9.056576313585042,-3.727697458322346,0.5030716869682074
1789059102380886000,13.255885986328124,-9.055772595986724,-3.725758014692366,0.5311221618019044
1789059102390896000,13.265896240234374,-9.05506824710965,-3.723605512833595,0.5575715581145138
1789059102400906000,13.275906005859374,-9.055158848002552,-3.7195731885775922,0.5824615596232935
1789059102410916000,13.285916015625,-9.054833853831887,-3.7164676237776875,0.6068226418871432
1789059102420926200,13.29592626953125,-9.055428897115588,-3.7118104456216097,0.626142186319828
1789059102430936000,13.30593603515625,-9.055933339506387,-3.7076027647987004,0.6435320047989487
1789059102440946200,13.3159462890625,-9.056482205560803,-3.703025373880565,0.6619023587480187
1789059102450956000,13.3259560546875,-9.05617123991549,-3.700949444389343,0.6775849349178373
1789059102460966100,13.335966064453125,-9.055527681314945,-3.6995579900309443,0.6935957931939513
1789059102470976000,13.34597607421875,-9.055326605784893,-3.6975779221296308,0.7066567886885256
1789059102480987100,13.355987060546875,-9.057298198118806,-3.6908956678867337,0.7162550765085965
1789059102490997000,13.3659970703125,-9.058547905918955,-3.6860154946297405,0.7255270549837499
1789059102501007000,13.376007080078125,-9.059654990378021,-3.68225848018378,0.7307589642878621
1789059102511017000,13.386016845703125,-9.060857351905106,-3.6786432122960684,0.7340502609182149
1789059102521027000,13.396027099609375,-9.062423286047578,-3.674639821873605,0.7347693689730018
1789059102531037200,13.406037109375,-9.064018446284532,-3.6710692699104546,0.7329413498282432
1789059102541047000,13.416047119140625,-9.064645053750276,-3.6698420662030578,0.731339394524321
1789059102551057200,13.42605712890625,-9.064932638520002,-3.669768708705902,0.7281333650246262
1789059102561066200,13.436066162109375,-9.065278675478696,-3.670197455511987,0.7216366964817047
1789059102571076000,13.446076171875,-9.066256580600141,-3.6694919375911352,0.712885527010262
1789059102581086200,13.456086181640625,-9.06808905672431,-3.6670372379153964,0.7021270363043993
1789059102591096000,13.466095947265625,-9.070207364052534,-3.66417717230916,0.6895858269002288
1789059102601106200,13.476106201171875,-9.070790716898442,-3.6650831812381743,0.6769860191766173
1789059102611116300,13.4861162109375,-9.070576781886816,-3.6677871794998644,0.6650983052451163
1789059102621126100,13.496126220703125,-9.06883490665555,-3.6743551597133277,0.6524766510158777
1789059102631136000,13.506135986328125,-9.067104721862076,-3.6805545988753434,0.6414901967730373
1789059102641145900,13.516145751953125,-9.065251787471771,-3.6869466380000113,0.6308862390417606
1789059102651156000,13.526156005859375,-9.063838998064398,-3.692165833953023,0.6205743961248547
1789059102661166000,13.536166015625,-9.06376184117496,-3.69395242510885,0.6109963839078322
1789059102671176000,13.546176025390626,-9.064199063548445,-3.6946526823326944,0.6001824001550674
1789059102681186000,13.55618603515625,-9.064735654643178,-3.694883276218176,0.5905860850963741
1789059102691196000,13.56619580078125,-9.066868575018644,-3.691327921824157,0.5799743093848229
1789059102701206000,13.5762060546875,-9.06863149303794,-3.688722415500879,0.5688911898344755
1789059102711215900,13.5862158203125,-9.069142949691415,-3.6888910500660534,0.5595638644428923
1789059102721226000,13.59622607421875,-9.069353377571701,-3.689750589504838,0.5504143798362463
1789059102731236000,13.606236083984374,-9.070148911863566,-3.689197631797194,0.5409287586104125
1789059102741246000,13.616245849609374,-9.071178254911302,-3.687961368000507,0.5320252846540883
1789059102751256000,13.626256103515624,-9.07196794398427,-3.687363694368303,0.5226249305589125
1789059102761266000,13.636265869140624,-9.072149145770073,-3.6877500633373854,0.5167140990799293
1789059102771276000,13.646276123046874,-9.073342739468812,-3.685545246769488,0.5114652021083981
1789059102781286000,13.656285888671874,-9.07457724969983,-3.6832016062527893,0.5064173076016828
1789059102791296000,13.6662958984375,-9.075949122574924,-3.680489132423699,0.5015244575262069
1789059102801305000,13.67630517578125,-9.07618059324324,-3.6804356486707923,0.49772086399216203
1789059102811315000,13.68631494140625,-9.074984661456941,-3.6836084334880113,0.49605567072629925
1789059102821325000,13.696324951171874,-9.07360928145051,-3.687003044362366,0.4959950996454805
1789059102831335200,13.706335205078124,-9.07252674691081,-3.689645960086584,0.4961357136925682
1789059102841345000,13.716344970703124,-9.071681528258322,-3.6913401967838406,0.4989820795670151
1789059102851355100,13.726355224609375,-9.070899437969922,-3.6928529394343492,0.5019993450289592
1789059102861365000,13.736364990234375,-9.069986414778231,-3.694511520296335,0.5062770223481581
1789059102871375000,13.746375,-9.068024759316444,-3.698586514650285,0.511634969184734
1789059102881385000,13.756385009765625,-9.065693101498484,-3.703655488477647,0.5162637249639257
1789059102891395000,13.76639501953125,-9.062869860771299,-3.7095997838348147,0.5231057363457977
1789059102901405200,13.7764052734375,-9.062014705246687,-3.7106750118508933,0.5302539276000112
1789059102911414000,13.7864140625,-9.062422117003798,-3.708590314531326,0.5378146086452529
1789059102921424000,13.796423828125,-9.061182346075773,-3.710584118697047,0.5449058820804581
1789059102931434000,13.80643408203125,-9.059498923033475,-3.713788175435364,0.5510395990625023
1789059102941443800,13.81644384765625,-9.057696842047571,-3.717079910457134,0.5584185303326696
1789059102951454000,13.826453857421875,-9.056950407594442,-3.7177389588877556,0.5660792011536657
1789059102961463800,13.8364638671875,-9.055804744690656,-3.7195430857002734,0.5725212534325197
1789059102971474000,13.846473876953125,-9.055863196879624,-3.719145026293397,0.5741849488610401
1789059102981484000,13.856484130859375,-9.056142598342895,-3.7181156832456588,0.5764363810496405
1789059102991494000,13.866493896484375,-9.056662238302826,-3.71551193048805,0.5849986038202419
1789059103001504000,13.87650390625,-9.057687489697337,-3.7112995734900234,0.5957637434625997
1789059103011513900,13.886513916015625,-9.05826090567112,-3.709055009433627,0.6010023747684433
1789059103021524000,13.89652392578125,-9.056912413671613,-3.7118873102501033,0.6038365752810612
1789059103031534000,13.9065341796875,-9.053256813773512,-3.7202459732726214,0.6071994027776644
1789059103041544000,13.9165439453125,-9.050448186093568,-3.7268557468011974,0.6085333547951653
1789059103051554000,13.926553955078125,-9.048585899353027,-3.7310149123072622,0.6107459528107195
1789059103061564000,13.93656396484375,-9.048780545142293,-3.7305399882718917,0.6107605658579618
1789059103071574000,13.946573974609375,-9.049611735269426,-3.7286701027467846,0.60985817365814
1789059103081583900,13.956583984375,-9.049927377089858,-3.7279403271675107,0.6096423754829913
1789059103091594000,13.966593994140625,-9.048819708108901,-3.7306577694326637,0.60945478048902
1789059103101604000,13.97660400390625,-9.04641907670796,-3.736638597407937,0.6084517043936998
1789059103111614000,13.986614013671876,-9.044058777317405,-3.743061908453703,0.6040490855205803
1789059103121624000,13.9966240234375,-9.042179539442062,-3.748787300363183,0.5966345349477604
1789059103131634000,14.006634033203126,-9.041255994856357,-3.7518534099355336,0.591327368450351
1789059103141644000,14.01664404296875,-9.041389850369095,-3.752311675097048,0.5863546215390786
1789059103151653000,14.026653076171876,-9.042570000064373,-3.7499107514351606,0.5835058079792186
1789059103161663000,14.0366630859375,-9.044518211522698,-3.7456805665194985,0.5804695820884779
1789059103171673000,14.046673095703126,-9.04522606753111,-3.7444653455108403,0.5772812343759461
1789059103181683000,14.056682861328126,-9.047114073234797,-3.7404967341408133,0.5734038449533283
1789059103191693000,14.066693115234376,-9.048842504462598,-3.7370626680389045,0.568499377505295
1789059103201703200,14.076703125,-9.051354195022583,-3.7319428408071396,0.5621107359141111
1789059103211713000,14.086713134765626,-9.053044632327556,-3.7285502757593987,0.5573901371330022
1789059103221723100,14.09672314453125,-9.054754943376778,-3.7251550803631543,0.552285763198696
1789059103231733000,14.10673291015625,-9.055597823941707,-3.723661042413115,0.5485238533819093
1789059103241743000,14.1167431640625,-9.055027330577373,-3.7253967801645396,0.5461554072175174
1789059103251753200,14.126753173828124,-9.05479118373394,-3.726397481639683,0.5432278658656403
1789059103261763000,14.13676318359375,-9.057305796903371,-3.721067226527631,0.5378227188864723
1789059103271773200,14.146773193359374,-9.054199063059688,-3.7296810333549972,0.5304201144797727
1789059103281783000,14.156782958984374,-9.054057024240493,-3.731374685530364,0.5208455363288521
1789059103291793200,14.166793212890624,-9.051391019901633,-3.7385681041657923,0.5155739526014774
1789059103301803000,14.176802978515624,-9.05130158805251,-3.739114924393594,0.513174490244314
1789059103311813000,14.186813232421875,-9.052894410201906,-3.73553268199265,0.5111597163558006
1789059103321823200,14.1968232421875,-9.055216715669632,-3.729943191422522,0.5108412980563938
1789059103331833000,14.2068330078125,-9.056195205312967,-3.7281723823577164,0.5064036809351294
1789059103341843200,14.21684326171875,-9.054607059338688,-3.7330300515219568,0.4989681241068989
1789059103351853000,14.22685302734375,-9.051512015932797,-3.74137030210495,0.49260746650118376
1789059103361863200,14.23686328125,-9.049638038754463,-3.746895203006267,0.48498625090774145
1789059103371873000,14.246873046875,-9.050292703270912,-3.7461338632449506,0.478611601309292
1789059103381883000,14.2568828125,-9.05247764609456,-3.741684774881601,0.4720472378250211
1789059103391893000,14.26689306640625,-9.054812811043858,-3.7370012932404872,0.4642914360664785
1789059103401902000,14.276902099609375,-9.056047905796765,-3.7351118262320755,0.4553217284735292
1789059103411912000,14.286911865234375,-9.056332567957043,-3.735881057038903,0.44319268006682394
1789059103421922000,14.296922119140625,-9.055511314702034,-3.739573774076998,0.42858383407574147
1789059103431932000,14.306931884765625,-9.054248162898421,-3.744422383151948,0.4126468082208186
1789059103441942000,14.31694189453125,-9.052712039372324,-3.7498715884685514,0.3965506462814286
1789059103451951900,14.326951904296875,-9.051661653536557,-3.75390245141983,0.38212490177229047
1789059103461962000,14.3369619140625,-9.052379446417092,-3.7535683971598743,0.36814737595468755
1789059103471972000,14.34697216796875,-9.054411244505644,-3.749997260674834,0.35431492116358126
1789059103481982000,14.35698193359375,-9.05493965229392,-3.7501217638373374,0.33916944754514844
1789059103491992000,14.366991943359375,-9.055148326608538,-3.7509327879592775,0.32431433517541736
1789059103502002000,14.377001953125,-9.054415336158872,-3.7539328465580937,0.3097369072359055
1789059103512012000,14.387011962890625,-9.054115476429462,-3.7559085305452347,0.29415826636459674
1789059103522022000,14.39702197265625,-9.0538980342865,-3.7575033985212443,0.28014245436321944
1789059103532032000,14.407031982421875,-9.05350523557663,-3.7593738685682414,0.2674544021005742
1789059103542042000,14.4170419921875,-9.054431702771783,-3.757817286776006,0.2578017720110714
1789059103552052000,14.427052001953125,-9.055502546873688,-3.755769122074544,0.24991534787649286
1789059103562062000,14.43706201171875,-9.057461279726027,-3.7515073729768393,0.24283339025890452
1789059103572072000,14.447072021484376,-9.059344024732708,-3.7474054906159635,0.23584957751985638
1789059103582082000,14.45708203125,-9.060328944116831,-3.7454160703644153,0.2295217079388909
1789059103592092200,14.467092041015626,-9.059216014438867,-3.748505853073299,0.2229237527122721
1789059103602102000,14.47710205078125,-9.056421999806165,-3.755632928474247,0.21639825993366538
1789059103612112100,14.487112060546876,-9.0535578425467,-3.7627532818734646,0.212524852566421
1789059103622121200,14.497121337890626,-9.05357888533473,-3.7628289774581787,0.21027939346088095
1789059103632131000,14.507131103515626,-9.056716598838568,-3.755290106385946,0.20991731868283822
1789059103642141200,14.51714111328125,-9.061258333921431,-3.744243519453704,0.21124434776920825
1789059103652151000,14.527151123046876,-9.0632381095618,-3.739292326787114,0.21398847711188718
1789059103662161200,14.5371611328125,-9.062484660845994,-3.7409026845932005,0.21771664905585347
1789059103672171000,14.5471708984375,-9.060158263725041,-3.746407127228379,0.21988973704492673
1789059103682181000,14.55718115234375,-9.060075846138597,-3.7465722546622153,0.22046945489533246
1789059103692191000,14.56719091796875,-9.060910543397068,-3.7444460562884805,0.2222774724316783
1789059103702200800,14.577200927734374,-9.063670655760168,-3.7376632642805574,0.22390783184617757
1789059103712211000,14.5872109375,-9.065305563485621,-3.7335391700878735,0.22649282510438934
1789059103722220800,14.597220703125,-9.065741616815329,-3.7323102128148076,0.22927898522419854
1789059103732231000,14.60723095703125,-9.064766049781442,-3.7344200445756313,0.2334723817934282
1789059103742241000,14.617240966796874,-9.06398395949304,-3.735975749585032,0.2388778575661592
1789059103752251000,14.6272509765625,-9.062632544884085,-3.7388916370317338,0.24447615249725058
1789059103762261000,14.637260986328124,-9.062054452735184,-3.7399341318219896,0.24989151034317908
1789059103772270800,14.647270751953124,-9.06120864956081,-3.7416429815664887,0.2549430033127777
1789059103782281000,14.657281005859375,-9.061270024359226,-3.7411695188358425,0.2596467057580128
1789059103792290800,14.667290771484375,-9.06094503018856,-3.741503865356743,0.2660910413254984
1789059103802300700,14.67730078125,-9.060823449635505,-3.7412554435536265,0.27362026778655124
1789059103812310800,14.687310791015625,-9.060768504577874,-3.7410412162810562,0.278329048265703
1789059103822320600,14.697320556640625,-9.060196842169761,-3.742205291624367,0.28126771379979326
1789059103832330800,14.707330810546875,-9.05878405276239,-3.7454125632330775,0.28407182970140127
1789059103842339800,14.71733984375,-9.057172525912522,-3.7490477048650384,0.28749183074533935
1789059103852349700,14.727349609375,-9.055044866234063,-3.7539316775143146,0.29077147347051646
1789059103862359800,14.73735986328125,-9.053773531123996,-3.756793788947165,0.2933725593470037
1789059103872369700,14.74736962890625,-9.053663641008734,-3.7569080629765987,0.295304111931473
1789059103882379800,14.7573798828125,-9.055819942259788,-3.7515743007332083,0.2969852334188297
1789059103892390000,14.767389892578125,-9.058489453729987,-3.7450098276510833,0.2984172024507075
1789059103902399700,14.777399658203125,-9.060488518592715,-3.740165017968416,0.29850162933114915
1789059103912409900,14.787409912109375,-9.060036098650098,-3.741327047485113,0.2976613243157975
1789059103922419700,14.797419677734375,-9.057772829893231,-3.7467198464393614,0.2987166237886995
1789059103932429800,14.807429931640625,-9.054572572547197,-3.754277714473009,0.30082103045573455
1789059103942439700,14.817439697265625,-9.05329656126201,-3.7573631132677194,0.30070562391513955
1789059103952449800,14.82744970703125,-9.053167381924391,-3.757692199091613,0.30049068425651637
1789059103962460000,14.8374599609375,-9.054186788100004,-3.755351481184363,0.2990297996574081
1789059103972469800,14.8474697265625,-9.054211338019371,-3.7554534802541135,0.2970076096474193
1789059103982480000,14.85747998046875,-9.053332801619172,-3.7575530828818677,0.2972171424785629
1789059103992489700,14.86748974609375,-9.054227120110392,-3.7552591267257927,0.298977777209226
1789059104002499800,14.877499755859375,-9.056018095180391,-3.750814422276616,0.30052075060121713
1789059104012509700,14.887509765625,-9.057546035400032,-3.7468823435246943,0.30351489091590045
1789059104022519800,14.897519775390625,-9.057191230612993,-3.7474841088101267,0.30665749979056417
1789059104032530000,14.907530029296876,-9.056541242271662,-3.7487162809535857,0.31076632334887977
1789059104042539800,14.917539794921876,-9.057562402012943,-3.7459114526659247,0.3147977708220482
1789059104052550000,14.9275498046875,-9.060532357734441,-3.7384015154272316,0.318580540763773
1789059104062559000,14.93755908203125,-9.063525109809637,-3.7307793499857187,0.3227721107020974
1789059104072568800,14.94756884765625,-9.065613606521486,-3.725267308565974,0.3277392681227997
1789059104082579000,14.957578857421876,-9.065373952546715,-3.7252702311754224,0.33427327300142495
1789059104092588800,14.9675888671875,-9.064728640380501,-3.726249889862537,0.3407989119105041
1789059104102599000,14.977598876953126,-9.065038436982036,-3.725071785993874,0.3453955920509994
1789059104112609000,14.987609130859376,-9.068020083141326,-3.717518009613454,0.34850137604661285
1789059104122619000,14.997618896484376,-9.072204090827704,-3.7069656359389422,0.3520041600031778
1789059104132629000,15.00762890625,-9.075185152465105,-3.6993192128390073,0.35558358939252793
1789059104142638800,15.017638916015626,-9.074543931952118,-3.7002792900428174,0.36189785057324914
1789059104152649000,15.02764892578125,-9.073189010211825,-3.7031753037452697,0.36622254537194965
1789059104162658800,15.037658935546874,-9.071324385383724,-3.707445528410375,0.36920360700935123
1789059104172668700,15.047668701171874,-9.072581691968441,-3.7043124910816547,0.3697461529208347
1789059104182678800,15.0576787109375,-9.074214846128225,-3.7005055000141263,0.36778793152514844
1789059104192688600,15.067688720703124,-9.076157796889543,-3.6960377069503068,0.3647578431142494
1789059104202698800,15.07769873046875,-9.076959760922193,-3.6942289039626717,0.36311654218062756
1789059104212708600,15.08770849609375,-9.076795510271191,-3.694643622243404,0.3630128260778263
1789059104222718700,15.09771875,-9.075879564470052,-3.6968417168095704,0.3635307855373248
1789059104232728800,15.107728759765624,-9.07588073351383,-3.696986093716323,0.36203477482590823
1789059104242738700,15.11773876953125,-9.077681645455955,-3.692935941542685,0.35819030129220336
1789059104252748800,15.127748779296875,-9.0813460131824,-3.6843645125523206,0.35355263155419375
1789059104262758000,15.1377578125,-9.08440364718735,-3.677177815918624,0.34978929696530103
1789059104272767700,15.147767822265624,-9.08546981511414,-3.6750320360615847,0.3446221599930897
1789059104282777900,15.15777783203125,-9.084133013552426,-3.678776775547862,0.3398754769226536
1789059104292787700,15.16778759765625,-9.08207491197884,-3.6842978770568964,0.33503541648034
1789059104302797800,15.1777978515625,-9.081022188055515,-3.6873923359408973,0.32947749009225513
1789059104312807700,15.1878076171875,-9.080953214472531,-3.6881527989193796,0.3228064148304984
1789059104322817800,15.19781787109375,-9.080998807179927,-3.688770638556778,0.3143401997802779
1789059104332828000,15.207827880859375,-9.08067907370627,-3.690369598186016,0.3046580330690369
1789059104342837800,15.217837646484375,-9.079991675963997,-3.6928915178790684,0.29442367583513257
1789059104352848000,15.227847900390625,-9.07994900586605,-3.693828506468236,0.28379557004328815
1789059104362857700,15.237857666015625,-9.078973438832163,-3.6970781559139487,0.27246243952093646
1789059104372867800,15.247867919921875,-9.078072690600155,-3.7000937043428417,0.261321397504583
1789059104382878000,15.2578779296875,-9.077464203312992,-3.7024814762622116,0.2483084058701992
1789059104392887800,15.2678876953125,-9.075626466491817,-3.707828097987175,0.23536615965077654
1789059104402898000,15.27789794921875,-9.07416808437705,-3.7122298400774594,0.22182459583133457
1789059104412907800,15.28790771484375,-9.073351507297158,-3.71503642193079,0.20779811630547046
1789059104422918000,15.29791796875,-9.073251554054021,-3.7159973759174343,0.19455783698754384
1789059104432927700,15.307927734375,-9.072453681674599,-3.718694944438338,0.1796721650827676
1789059104442937900,15.317937744140625,-9.069404815497993,-3.7267829738259315,0.16542729356586933
1789059104452947000,15.327947021484375,-9.065871965196727,-3.7359868555009363,0.15083559050583278
1789059104462956800,15.337956787109375,-9.063132311099768,-3.7432211906686423,0.13531330119795165
1789059104472967000,15.347966796875,-9.061917674612998,-3.746653503204882,0.12090968632223084
1789059104482977000,15.35797705078125,-9.063404698300362,-3.743426942373812,0.1087708380407188
1789059104492987000,15.36798681640625,-9.063640845143794,-3.7432004401415586,0.0961688474931754
1789059104502997000,15.3779970703125,-9.061107527273894,-3.7496027083992955,0.08481171504072844
1789059104513006800,15.3880068359375,-9.056509678089618,-3.760910576616227,0.07464848681427538
1789059104523016700,15.3980166015625,-9.052883888807893,-3.7698040771678087,0.06523404026166535
1789059104533026800,15.40802685546875,-9.050982439100741,-3.774475868371129,0.058633249190566124
1789059104543036700,15.41803662109375,-9.05014657279849,-3.776545075860619,0.054150185492378655
1789059104553046800,15.428046875,-9.04949249280393,-3.7781899204581975,0.04847684799712151
1789059104563056600,15.438056640625,-9.048740797653794,-3.780042854848504,0.04410693951693829
1789059104573066800,15.448066650390626,-9.046610799887777,-3.785193661740422,0.03905073840618133
1789059104583076600,15.45807666015625,-9.044093264108895,-3.791255445997417,0.03383185298042372
1789059104593086700,15.468086669921876,-9.042111734902859,-3.7960122851356863,0.029851402758841867
1789059104603096800,15.478096923828126,-9.041927610507607,-3.7964562295109032,0.029162363332044333
1789059104613106700,15.488106689453126,-9.043142831516265,-3.793550863458216,0.030517371837305834
1789059104623116800,15.49811669921875,-9.04375248784721,-3.7920582868129014,0.034903932341479225
1789059104633126700,15.508126708984374,-9.043424571067094,-3.792804136744141,0.03863591966074891
1789059104643135700,15.5181357421875,-9.041987816262244,-3.796214821970463,0.039925155753688886
1789059104653145900,15.528145751953126,-9.042005351918935,-3.7961756590038536,0.039664385925652454
1789059104663155700,15.53815576171875,-9.042752955415844,-3.794399589242041,0.039201508521102366
1789059104673165800,15.548165771484374,-9.043675915479659,-3.7921827899754046,0.04068519860706292
1789059104683175700,15.55817578125,-9.045249448406695,-3.788395672652125,0.04360955248801037
1789059104693185500,15.568185546875,-9.046624828413128,-3.785078510928154,0.04631004818493966
1789059104703195600,15.578195556640624,-9.04725611205399,-3.7835456022724507,0.04817317517569754
1789059104713205500,15.58820556640625,-9.047695672515035,-3.78246482129842,0.050500860071438364
1789059104723215600,15.598215576171874,-9.04869169781506,-3.7800586369395255,0.0520929881010903
1789059104733225500,15.6082255859375,-9.050246526041626,-3.7763194504112003,0.0532457200664794
1789059104743235600,15.618235595703124,-9.051757515126466,-3.7726881081715224,0.0538366762635298
1789059104753245700,15.62824560546875,-9.053871146279572,-3.767620011126995,0.05326431973567232
1789059104763255600,15.638255615234375,-9.055884239667654,-3.7627749091833826,0.05359298086788039
1789059104773265700,15.648265625,-9.057602149501442,-3.7586335715949533,0.05381618603134993
1789059104783275500,15.658275634765625,-9.058723262485861,-3.755957630383968,0.05195237862057984
1789059104793285600,15.66828564453125,-9.059533994346857,-3.754044490239024,0.04875787516189739
1789059104803295500,15.67829541015625,-9.059151717031002,-3.7550127507492896,0.04509279048282187
1789059104813305600,15.6883056640625,-9.058644352030754,-3.7562925614267586,0.040143707574927245
1789059104823314700,15.698314697265625,-9.057909608015418,-3.758093473368883,0.03725792757212184
1789059104833324500,15.708324462890625,-9.05855901183486,-3.7565596879303453,0.03393524485623929
1789059104843334700,15.718334716796875,-9.060271076449752,-3.7524466996535657,0.031952199546550396
1789059104853344800,15.7283447265625,-9.06247355493009,-3.7471392408952116,0.03007159854789497
1789059104863354600,15.738354736328125,-9.063700466376542,-3.7441795143067833,0.028997875219024714
1789059104873364700,15.74836474609375,-9.06348068614602,-3.7447391940161583,0.025186463704705238
1789059104883374600,15.75837451171875,-9.063078535085916,-3.7457439871445297,0.019980382961593567
1789059104893384700,15.768384765625,-9.063049308991431,-3.7458354648202654,0.015527482647873693
1789059104903394800,15.778394775390625,-9.063142247971891,-3.7456232833743095,0.012118118304025847
1789059104913404700,15.78840478515625,-9.063007223415374,-3.745956460851431,0.009885304050927515
1789059104923414800,15.798414794921875,-9.063657211756706,-3.7443899421870706,0.0069293334722984575
1789059104933424600,15.808424560546875,-9.065397917944193,-3.7401784619718788,0.0031834805974023765
1789059104943434800,15.818434814453125,-9.066012834972142,-3.738687346631288,-0.003871557618041697
1789059104953444600,15.828444580078125,-9.066095252558588,-3.738473119358718,-0.01102343210222898
1789059104963454700,15.838454833984375,-9.066027448019385,-3.738611943307519,-0.017586421046743635
1789059104973464800,15.84846484375,-9.065833971273898,-3.739037182982266,-0.02527601885141339
1789059104983474700,15.858474609375,-9.064684801238775,-3.7417812209933996,-0.03080479221025016
1789059104993484800,15.86848486328125,-9.06258578313291,-3.7468335359469056,-0.034161404595198105
1789059105003493600,15.87849365234375,-9.061034462037682,-3.7505510951653123,-0.03754761753396597
1789059105013503500,15.88850341796875,-9.060246526530385,-3.7524294562578198,-0.03992097733549308
1789059105023513600,15.898513671875,-9.059443977975844,-3.754339089271426,-0.04241157487509772
1789059105033523500,15.9085234375,-9.058565441575645,-3.7564232020691035,-0.04538311976548284
1789059105043533600,15.918533447265625,-9.057267218458652,-3.759527597825229,-0.04737340310013387
1789059105053543700,15.928543701171876,-9.055781363815068,-3.763065124301612,-0.05046472931213211
1789059105063553500,15.938553466796876,-9.053929013946652,-3.7675221037104722,-0.05025749803592916
1789059105073563600,15.948563720703126,-9.05396934595704,-3.7674563449978824,-0.04792926515091676
1789059105083573500,15.958573486328126,-9.05542305189669,-3.763998313498497,-0.04490044168191962
1789059105093583600,15.96858349609375,-9.057857001045345,-3.7581896272197364,-0.04025823733268771
1789059105103593500,15.978593505859376,-9.059588354882598,-3.7540681633755564,-0.034945396863028874
1789059105113603600,15.988603515625,-9.061866821208596,-3.7485903164863585,-0.03210939940225799
1789059105123613700,15.99861376953125,-9.06499109070897,-3.741056413850188,-0.028497873824613634
1789059105133623600,16.00862353515625,-9.070721158793567,-3.727159990444779,-0.026119063813122918
1789059105143633700,16.018633544921876,-9.075054219561816,-3.7166128774672744,-0.02376383788990788
1789059105153643500,16.0286435546875,-9.076285807183384,-3.7136283086985347,-0.01953771951129893
1789059105163653600,16.038653564453124,-9.075182814377547,-3.716341367049515,-0.015604518523014848
1789059105173662700,16.048662841796876,-9.074488986894488,-3.718044079314172,-0.013377985596942017
1789059105183672600,16.058672607421876,-9.074508860638737,-3.718012222871184,-0.007616144980213721
1789059105193682700,16.0686826171875,-9.074921533092855,-3.71701269043982,-0.0007245716077184624
1789059105203692800,16.07869287109375,-9.075122608622909,-3.7165196462258696,0.0038959297263063486
1789059105213702700,16.08870263671875,-9.076364133116602,-3.713485977618396,0.005022737232572399
1789059105223712800,16.098712646484376,-9.077367172679304,-3.7110347850739953,0.0028837270409145274
1789059105233722600,16.10872265625,-9.07787862933278,-3.7097815701425074,0.005618559117696713
1789059105243732700,16.118732666015624,-9.077595720738172,-3.710455816142261,0.012616561353945871
1789059105253742600,16.12874267578125,-9.077271895611286,-3.7112285540804266,0.017447129023773596
1789059105263752700,16.138752685546876,-9.075596071353555,-3.7152941960841415,0.02307224574642023
1789059105273762800,16.1487626953125,-9.074180943858623,-3.7187358609706163,0.024945307326014153
1789059105283772700,16.158772705078125,-9.071628336766361,-3.7249607268348335,0.024818712671124375
1789059105293782800,16.16878271484375,-9.069813980820774,-3.7293615921422836,0.026847460286063142
1789059105303792600,16.178792724609377,-9.06888751362562,-3.731611709156632,0.027151713062799534
1789059105313802800,16.188802734375,-9.069141196125745,-3.731006436739862,0.025629428549099248
1789059105323812600,16.1988125,-9.070330698171258,-3.728117145039141,0.025098114134394563
1789059105333822700,16.20882275390625,-9.072250852578877,-3.723464643058181,0.02148921662196517
1789059105343831600,16.21883154296875,-9.07306626061499,-3.7214948042899367,0.018162857811385765
1789059105353841700,16.228841552734377,-9.0716487950325,-3.7249510822236536,0.01761811309295008
1789059105363851500,16.2388515625,-9.069057024973631,-3.731261872805655,0.016543257252918556
1789059105373861600,16.248861572265625,-9.067131025347113,-3.735947692534327,0.014831561389140551
1789059105383871500,16.25887158203125,-9.06564458618164,-3.7395650062486525,0.01142440498539945
1789059105393881600,16.268881591796877,-9.064397216469049,-3.7425975058123466,0.00738420852101699
1789059105403891500,16.278891357421877,-9.063158614584802,-3.7455981489330528,0.006160275624584755
1789059105413901600,16.288901611328125,-9.062733667171,-3.746627491980791,0.004924317217752105
1789059105423911700,16.29891162109375,-9.062525577378272,-3.7471287195011973,0.00631612662753323
1789059105433921500,16.308921630859373,-9.062916622522472,-3.746174195255339,0.010446826374228111
1789059105443931600,16.318931640625,-9.062968644970654,-3.7460447236567735,0.011323802146647358
1789059105453941500,16.32894140625,-9.06183993320167,-3.7487805783614516,0.00955434478871175
1789059105463951600,16.33895166015625,-9.060165862509608,-3.7528295614913105,0.006923164026415907
1789059105473961500,16.34896142578125,-9.059940821582078,-3.7533757971972226,0.005247174230258679
1789059105483971600,16.3589716796875,-9.062273648443817,-3.747740129397809,0.005242276576143922
1789059105493981700,16.368981689453125,-9.066461747783421,-3.7375957520022984,0.005669660258915974
1789059105503990500,16.378990478515625,-9.070729342100023,-3.7272251646354793,0.007058682914922247
1789059105514000600,16.389000732421874,-9.073242786225675,-3.7210982061877846,0.008427040096346173
1789059105524010800,16.3990107421875,-9.073625063541531,-3.720167939600348,0.007645017164960154
1789059105534020600,16.4090205078125,-9.07372150965333,-3.719939099280536,0.003953619011460978
1789059105544030700,16.41903076171875,-9.074358638513088,-3.7183857323586937,-0.00030333710664235693
1789059105554040600,16.42904052734375,-9.07608765426278,-3.714160808140039,-0.005692965215156436
1789059105564050700,16.43905078125,-9.076654640495777,-3.7127673079550263,-0.009036716976886964
1789059105574060800,16.449060791015626,-9.07711582826674,-3.7116385961860416,-0.009853311752266017
1789059105584070700,16.459070556640626,-9.077713209637999,-3.7101761224180456,-0.010024809561384608
1789059105594080800,16.469080810546874,-9.078523356977104,-3.7081963467776773,-0.009071071908459998
1789059105604090600,16.479090576171874,-9.08211582851112,-3.699384387029707,-0.010804195294401141
1789059105614100700,16.489100830078126,-9.08461115245819,-3.6932267411828037,-0.017270064556971193
1789059105624110600,16.499110595703126,-9.086026279953122,-3.689740944893658,-0.017889733108563812
1789059105634120700,16.50912060546875,-9.085068248575926,-3.6921029978498816,-0.01730521350216586
1789059105644130800,16.519130859375,-9.085275169324875,-3.6915623151019212,-0.023007927788957022
1789059105654140700,16.529140625,-9.0849110121876,-3.6923961355775594,-0.031381881995440924
1789059105664149800,16.539149658203126,-9.085005704733728,-3.6920693878412245,-0.04097817650453653
1789059105674159600,16.54915966796875,-9.084560883575678,-3.693075350013375,-0.04834155401254538
1789059105684169500,16.55916943359375,-9.085500210252404,-3.6907016066193576,-0.05281750298335682
1789059105694180400,16.569180419921874,-9.085577367141843,-3.690403208194673,-0.059953802870376965
1789059105704190200,16.579190185546874,-9.08472630327046,-3.6923470357388255,-0.06859776280741207
1789059105714200300,16.589200439453126,-9.083255646196006,-3.6957702881857752,-0.07834385246718302
1789059105724210200,16.599210205078126,-9.08442585901916,-3.692672322170436,-0.08808575000902637
1789059105734220300,16.60922021484375,-9.08837781151533,-3.6827684755325314,-0.09481307636951096
1789059105744230100,16.619230224609375,-9.094504185441135,-3.6676074390187856,-0.09502729450892657
1789059105754240300,16.629240234375,-9.095385644450783,-3.6655271256133912,-0.09088880646470934
1789059105764250400,16.63925048828125,-9.089066378301382,-3.6811131095409393,-0.09307919264845549
1789059105774260200,16.64926025390625,-9.07834624684453,-3.7072882920220493,-0.10014635455571115
1789059105784270300,16.659270263671875,-9.070407270538807,-3.72657108464092,-0.10374883602708578
1789059105794280200,16.6692802734375,-9.070319592255354,-3.7268142457470295,-0.10265276615237817
1789059105804290300,16.679290283203127,-9.077495767495035,-3.7094074761331077,-0.09871124371867626
1789059105814300400,16.689300537109375,-9.084511199215054,-3.692409287320077,-0.09032324500381946
1789059105824309000,16.69930908203125,-9.086348351514339,-3.6880928854256867,-0.08139616184304468
1789059105834319000,16.709319091796875,-9.085289782372117,-3.690968733122945,-0.06814403682369738
1789059105844329200,16.7193291015625,-9.083346831610799,-3.695925478747487,-0.05766712583845947
1789059105854339000,16.729339111328127,-9.081928781506418,-3.699458913570642,-0.05435021984281484
1789059105864349200,16.73934912109375,-9.08028276786506,-3.703527185922861,-0.052322221146547235
1789059105874359000,16.749359130859375,-9.080738694939017,-3.7024595566913483,-0.048549703170778225
1789059105884369200,16.759369140625,-9.083392424318195,-3.6960359533846376,-0.04100181310845073
1789059105894379300,16.769379150390623,-9.088551414516568,-3.6834497357949614,-0.028623975289158988
1789059105904389000,16.77938916015625,-9.091422586038709,-3.6764348885968325,-0.015845176003139932
1789059105914399200,16.789399169921875,-9.090984779143334,-3.67754021949023,-0.008946835319904494
1789059105924409000,16.7994091796875,-9.086352443167566,-3.688980189654231,-0.0026875634355310466
1789059105934419200,16.809419189453124,-9.083864133483171,-3.6951042254924773,-0.0013335494451741396
1789059105944429000,16.819428955078124,-9.08327201280892,-3.696559684997797,-0.0014063312681835667
1789059105954439200,16.829439208984375,-9.086521954515575,-3.688563717807829,-0.0023895694383449153
1789059105964449300,16.83944921875,-9.088575964435934,-3.6834994201555844,-0.0002964412003729194
1789059105974458000,16.8494580078125,-9.089452162748575,-3.68133581238091,0.0034362857438696662
1789059105984468200,16.85946826171875,-9.087230979567765,-3.686810736660659,0.006509911616984754
1789059105994478300,16.869478271484375,-9.083708066138625,-3.695477442719042,0.009101353453114278
1789059106004488200,16.87948828125,-9.08231631951928,-3.6988966035127637,0.008604265534997102
1789059106014498300,16.889498291015624,-9.080382721108197,-3.703635030211508,0.011004234211414585
1789059106024508200,16.899508056640624,-9.079665512749552,-3.7053964869260785,0.00989172808349249
1789059106034518300,16.909518310546876,-9.084950175154209,-3.692423900367319,0.008780098738404922
1789059106044528000,16.919528076171876,-9.090148328319192,-3.6795933526277538,0.013476806328917155
1789059106054538200,16.929538330078124,-9.090359340721369,-3.679054131184518,0.0176403272080468
1789059106064548400,16.93954833984375,-9.082996702998877,-3.6971854156807065,0.01930215033988934
1789059106074558200,16.94955810546875,-9.080181645578145,-3.7041079084202644,0.016344276640185854
1789059106084568300,16.959568359375,-9.08142083198428,-3.701092944513261,0.009555998460503179
1789059106094578200,16.969578125,-9.089132429274915,-3.6821012437954543,0.01346982060734881
1789059106104588300,16.97958837890625,-9.092673462882637,-3.6732960060492155,0.023839015168102922
1789059106114598400,16.989598388671876,-9.092181295451521,-3.6744621272191402,0.030814733648952094
1789059106124607000,16.99960693359375,-9.088958826273679,-3.6823484965547917,0.03902443035456817
1789059106134617000,17.0096171875,-9.088945966792107,-3.682312548458576,0.044962332503567445
1789059106144627200,17.019627197265624,-9.091497404840588,-3.675905604025721,0.052743401134107255
1789059106154637000,17.029636962890624,-9.092721978199481,-3.672726097206771,0.06223027360211126
1789059106164647200,17.039647216796876,-9.091089408561587,-3.676706106753647,0.06562439128612167
1789059106174657000,17.049656982421876,-9.08847542667091,-3.6830256651639934,0.072911255792086
1789059106184667100,17.059667236328124,-9.08946326866448,-3.680259123060107,0.08793813083241693
1789059106194677000,17.069677001953124,-9.093660720354318,-3.669571432568133,0.09981710433503613
1789059106204687000,17.07968701171875,-9.098179659083485,-3.658216510339081,0.10469187989770434
1789059106214697200,17.089697265625,-9.097665864342451,-3.6594209176927803,0.10726209571189246
1789059106224707000,17.09970703125,-9.092543699023127,-3.6719480985715984,0.1132663867611438
1789059106234717200,17.10971728515625,-9.086936965057253,-3.685246263822913,0.13007851495016365
1789059106244727000,17.11972705078125,-9.082936497244239,-3.6945626659616826,0.14440899152443742
1789059106254737200,17.129737060546876,-9.082807902428508,-3.6943636362582444,0.15704028123170136
1789059106264746200,17.139746337890625,-9.084878278961778,-3.6887235845446584,0.16938971265712752
1789059106274756000,17.149756103515625,-9.088687023594975,-3.6789617767259477,0.17718025693548842
1789059106284766200,17.15976611328125,-9.092294108176231,-3.6697245773032305,0.18355574678415432
1789059106294776300,17.1697763671875,-9.092190647801756,-3.6697862443625926,0.18740582807473838
1789059106304786200,17.1797861328125,-9.09065627784133,-3.6732644418671727,0.1936083177103661
1789059106314796300,17.18979638671875,-9.088699883076549,-3.677383567623794,0.20681385450847445
1789059106324806100,17.19980615234375,-9.087409843266009,-3.679706749874353,0.2216359596577473
1789059106334816300,17.209816162109377,-9.08843684822619,-3.6766245659500356,0.2304927083955146
1789059106344826000,17.219826171875,-9.090051882207392,-3.6720971516534684,0.2388449051446281
1789059106354836200,17.229836181640625,-9.090078185692429,-3.671835578107834,0.2418272819562815
1789059106364846300,17.239846435546873,-9.088699298554658,-3.675415774682164,0.23926623582923784
1789059106374856200,17.249856201171873,-9.091116881090402,-3.6696895059898496,0.2352838699284941
1789059106384866300,17.2598662109375,-9.095368693315983,-3.6595287619814276,0.2291262423478998
1789059106394876200,17.269876220703125,-9.098298901548981,-3.652351125437021,0.22732014277400447
1789059106404886300,17.27988623046875,-9.097253776410222,-3.6549735828950998,0.22699823560956864
1789059106414895400,17.289895263671873,-9.095435913333295,-3.6598683691993354,0.2209034075994976
1789059106424905200,17.2999052734375,-9.092800888654589,-3.6670351920887825,0.21025741909109055
1789059106434915000,17.3099150390625,-9.091537736850976,-3.6709792535394428,0.19555114060752093
1789059106444925200,17.31992529296875,-9.09083864867091,-3.673473992964625,0.1806227803384885
1789059106454935000,17.32993505859375,-9.091225602161884,-3.672912559689581,0.1723897347233258
1789059106464945200,17.339945068359373,-9.088256815484165,-3.6802450945347545,0.17253937232708558
1789059106474956300,17.349956298828126,-9.084767219802737,-3.689054716195166,0.16812358344513922
1789059106484966400,17.35996630859375,-9.086354781255125,-3.6856291256606575,0.15708191015003248
1789059106494976300,17.369976318359374,-9.09121274268031,-3.674153207400441,0.14433089392008258
1789059106504986400,17.379986328125,-9.092170774057507,-3.671993399018049,0.13886459133820608
1789059106514995200,17.3899951171875,-9.090535281810164,-3.676426705290377,0.1282165752694942
1789059106525005000,17.400005126953126,-9.088727355605362,-3.6811516879856585,0.12060213647671043
1789059106535015200,17.41001513671875,-9.087362496992945,-3.6847181482955813,0.11434208056810312
1789059106545025000,17.42002490234375,-9.089474374580384,-3.6797754311963913,0.1053067147272639
1789059106555035100,17.43003515625,-9.092613257127999,-3.6722798147439955,0.09556172104603611
1789059106565045000,17.440044921875,-9.091443628826736,-3.6754873786136506,0.08266946058133616
1789059106575055000,17.45005517578125,-9.089373252293466,-3.680778178498149,0.07452368682425003
1789059106585065200,17.460065185546874,-9.086955669757723,-3.6868177509233355,0.07070138858973514
1789059106595075000,17.470074951171874,-9.082662940999866,-3.6975451889038085,0.06149371208902448
1789059106605085200,17.480085205078126,-9.0844065697968,-3.693444767847657,0.04910710872467607
1789059106615095000,17.490094970703126,-9.087470049020647,-3.6860268928065896,0.03850152529189363
1789059106625105200,17.500105224609374,-9.087212274867296,-3.686794077786803,0.022378806422429624
1789059106635115300,17.510115234375,-9.081150782871246,-3.7017557923361655,0.00920131640022737
1789059106645125000,17.520125,-9.078782884696125,-3.7075709083557125,-0.0006372552255135815
1789059106655135200,17.53013525390625,-9.078378395548462,-3.708538292083144,-0.013030753336648921
1789059106665144300,17.540144287109374,-9.080610684645176,-3.7030391101449727,-0.019909486849582752
1789059106675154200,17.550154296875,-9.082460696426033,-3.6984251866087314,-0.030664260361553168
1789059106685164300,17.560164306640626,-9.080889501586556,-3.702159989222884,-0.04289050836530514
1789059106695174000,17.570173828125,-9.07704217850864,-3.711369716116786,-0.058498283999552946
1789059106705184000,17.58018408203125,-9.07397928380668,-3.7185453068345784,-0.07553164459066465
1789059106715194000,17.590194091796874,-9.0744486548841,-3.7171556060418482,-0.0867148269820027
1789059106725204000,17.600203857421874,-9.077962800484896,-3.708239893658459,-0.09967556783934123
1789059106735214000,17.610214111328126,-9.079066377812623,-3.705097211718559,-0.11487116420981473
1789059106745224000,17.620223876953126,-9.07776815469563,-3.7080715513542293,-0.12131255890154279
1789059106755234000,17.630234130859375,-9.07491276526451,-3.714743284203112,-0.13046439072890206
1789059106765244000,17.640243896484375,-9.07394538153708,-3.7165623163238166,-0.14514240209921261
1789059106775254000,17.65025390625,-9.072513302907348,-3.7193580845221876,-0.16203829044839366
1789059106785263900,17.660263916015627,-9.072034579479693,-3.719659697817266,-0.18085156585937365
1789059106795272000,17.67027197265625,-9.069128921166062,-3.726268594563007,-0.19028353893551975
1789059106805281800,17.68028173828125,-9.070360508787632,-3.7229961487635967,-0.1955640548880212
1789059106815292000,17.6902919921875,-9.074232966306806,-3.712954939481616,-0.20651240561017764
1789059106825301800,17.7003017578125,-9.079026045802236,-3.700639940048754,-0.21665166843915357
1789059106835311900,17.710311767578126,-9.075127869319916,-3.7099256547883153,-0.2211036976782605
1789059106845322000,17.720322021484375,-9.07220701343715,-3.716494219523668,-0.23046507146991788
1789059106855331800,17.730331787109375,-9.075144820454716,-3.708732061089575,-0.2396519289448857
1789059106865341000,17.7403408203125,-9.07716960428059,-3.7031291265159845,-0.24942149994494392
1789059106875351000,17.75035107421875,-9.077866354373096,-3.7008275715753434,-0.25806223131185396
1789059106885361000,17.76036083984375,-9.075953214228152,-3.705293026551604,-0.2612766267810948
1789059106895371000,17.77037109375,-9.076557609862089,-3.703726507887244,-0.2624893818380311
1789059106905380900,17.780380859375,-9.076607878744602,-3.703686760398745,-0.2612994048684835
1789059106915391000,17.790390869140627,-9.076050244861841,-3.7054189910188313,-0.25605923919267953
1789059106925401000,17.800401123046875,-9.077007691717148,-3.703540337665379,-0.2492140677393414
1789059106935411000,17.810410888671875,-9.082899672365189,-3.6895904305070637,-0.24134264024449512
1789059106945421000,17.820421142578127,-9.085921066012977,-3.6827158685624597,-0.2324340517216362
1789059106955431000,17.830430908203127,-9.080585550203919,-3.69635773268491,-0.22426647255811838
1789059106965441000,17.84044091796875,-9.076024525898694,-3.708113344669342,-0.21460849044006317
1789059106975451000,17.850450927734375,-9.072237408575415,-3.7181118838533758,-0.20134742406243458
1789059106985461000,17.8604609375,-9.077870446026324,-3.7047342236250635,-0.19391036939686163
1789059106995471000,17.87047119140625,-9.083198947572708,-3.6927290207937356,-0.17215393493976444
1789059107005480000,17.88047998046875,-9.08600874429643,-3.6867467315137383,-0.15076595020256936
1789059107015489800,17.89048974609375,-9.084590694192052,-3.691064594712853,-0.1289689462730661
1789059107025500000,17.9005,-9.084424105453492,-3.6921389459460974,-0.10833167030531912
1789059107035509800,17.910509765625,-9.08300547082722,-3.696192312990129,-0.08693651604182086
1789059107045520000,17.920519775390623,-9.084557376444339,-3.692892394661903,-0.061165863807569255
1789059107055529700,17.93052978515625,-9.085389151093363,-3.6911926050066945,-0.03446740865431493
1789059107065539800,17.940539794921875,-9.087123427540064,-3.6870711411625146,-0.008916788383157109
1789059107075550000,17.950550048828124,-9.088515758681297,-3.6835906055703758,0.020503290307556744
1789059107085559800,17.960559814453124,-9.088221159648894,-3.6840421487301587,0.0495903941630153
1789059107095570000,17.97056982421875,-9.086818307113647,-3.687101536300778,0.07350612554585095
1789059107105579800,17.980579833984375,-9.086283469584584,-3.6879903018340467,0.09255101318904198
1789059107115590000,17.99058984375,-9.087727238652109,-3.683893972431123,0.11192496382324024
1789059107125599700,18.000599853515624,-9.087693920904398,-3.6832629810512065,0.13334155360041186
1789059107135608800,18.01060888671875,-9.086006406208872,-3.68670639950335,0.15186742690475658
1789059107145619000,18.020618896484375,-9.08354907618463,-3.692057405142486,0.16802890916531904
1789059107155628800,18.03062890625,-9.082117582076787,-3.695059217306971,0.17904491829620672
1789059107165639000,18.040638916015624,-9.08265475769341,-3.6930706738382577,0.19234750399431214
1789059107175649000,18.05064892578125,-9.082693336138128,-3.6922348075360056,0.20608705633757635
1789059107185659000,18.060658935546876,-9.081193452969194,-3.695100718361139,0.22032383587956428
1789059107195669000,18.0706689453125,-9.083218821316956,-3.6893528223589063,0.23280511352373287
1789059107205678800,18.080678955078124,-9.085160018512607,-3.684214874948561,0.23835545939356087
1789059107215689000,18.09068896484375,-9.083854781132937,-3.68689286198616,0.24654249217621982
1789059107225699000,18.100698974609376,-9.081097006857394,-3.6933918686166405,0.2508490850626491
1789059107235709000,18.110708984375,-9.079665512749552,-3.6968171668902037,0.2521814113786444
1789059107245719000,18.120718994140624,-9.079299602046609,-3.69743003809154,0.2563384945254773
1789059107255729000,18.13072900390625,-9.080073509028553,-3.6954210363566875,0.25790731474477796
1789059107265738000,18.140738037109376,-9.080685503447055,-3.693642043985426,0.2618114277775399
1789059107275747800,18.150747802734376,-9.081874420970678,-3.6907509987190363,0.26134077805848793
1789059107285757700,18.1607578125,-9.08153481375277,-3.691770112633705,0.25872175466651093
1789059107295767800,18.170767822265624,-9.079059948071837,-3.6981826100245114,0.2539793093797751
1789059107305777700,18.180777587890624,-9.079684801971911,-3.6970810785233974,0.24758257581368087
1789059107315787800,18.190787841796876,-9.080467476782202,-3.695594639357924,0.24099757140018044
1789059107325798000,18.2007978515625,-9.077780429655313,-3.702752986679971,0.2321665050929412
1789059107335807700,18.210807861328124,-9.072934743189812,-3.715271399730444,0.22134989099167285
1789059107345817900,18.22081787109375,-9.067619685646891,-3.728594699423015,0.21503915520859881
1789059107355827700,18.23082763671875,-9.067167850226163,-3.730103350420296,0.207812510157004
1789059107365837800,18.240837890625,-9.072069650793075,-3.71838427105397,0.20384749724986032
1789059107375848000,18.250847900390625,-9.077923052996397,-3.7044805411249397,0.19627200222797692
1789059107385856800,18.260856689453124,-9.079404815986752,-3.7013629936262964,0.18627855934416873
1789059107395867000,18.270866943359376,-9.07812179043889,-3.70527286054641,0.1704242616029456
1789059107405877000,18.280876953125,-9.075355832856893,-3.712997317318618,0.14815869944677687
1789059107415886800,18.290886962890625,-9.073134649676083,-3.718963239985704,0.13386879234490914
1789059107425897000,18.30089697265625,-9.073167967423796,-3.719133335855603,0.12668006815090774
1789059107435906800,18.31090673828125,-9.0743919562608,-3.7165199384868144,0.11522743030157871
1789059107445917000,18.3209169921875,-9.07523191421628,-3.714819564309716,0.10329179470827803
1789059107455926800,18.3309267578125,-9.073706896606087,-3.7187551501929756,0.09535471809869632
1789059107465937000,18.34093701171875,-9.071417908886074,-3.7246266725748773,0.08314552626102231
1789059107475947000,18.350947021484377,-9.070098058459163,-3.7280958099901675,0.07075281281629577
1789059107485956900,18.360956787109377,-9.069503015175462,-3.7297742645964025,0.057253731865133155
1789059107495967000,18.370967041015625,-9.069028383401037,-3.7311502291247245,0.040346445339103226
1789059107505976800,18.380976806640625,-9.06896642408073,-3.731425538934767,0.02642259507065173
1789059107515986000,18.39098583984375,-9.069251670762895,-3.7308018540784715,0.013152360147522994
1789059107525996000,18.40099609375,-9.070428897848725,-3.727961077694595,0.0026135925899667197
1789059107536006000,18.411005859375,-9.070910543885827,-3.7267908648714423,-0.0003077672217334111
1789059107546016000,18.42101611328125,-9.068784053251147,-3.7319495628088712,-0.009541013808036222
1789059107556025900,18.43102587890625,-9.06532777531743,-3.7402810455635187,-0.02276604760776972
1789059107566036000,18.441035888671873,-9.062409257522225,-3.747321027202904,-0.026517326432687695
1789059107576046000,18.451046142578125,-9.0642469943434,-3.7428628787502642,-0.028064014735282396
1789059107586056000,18.461055908203125,-9.069891137710213,-3.7291537946105002,-0.029436540630925444
1789059107596066000,18.471066162109373,-9.075857352638245,-3.7146062138199802,-0.029968957874039186
1789059107606076000,18.481075927734373,-9.075835725328325,-3.7146558981806037,-0.030375762276374733
1789059107616086000,18.4910859375,-9.071621322503685,-3.7249221483901143,-0.032091283790254964
1789059107626096000,18.50109619140625,-9.06407748299539,-3.7432039472728964,-0.03620916287128348
1789059107636104700,18.511104736328125,-9.058853610867262,-3.755694887794554,-0.04804943006501999
1789059107646114800,18.52111474609375,-9.056419077196717,-3.7615336769506333,-0.050208969019353386
1789059107656125000,18.531125,-9.067059129154682,-3.7356764743775126,-0.05957758540255017
1789059107666134800,18.541134765625,-9.0791470418334,-3.706063718663156,-0.0675813797059469
1789059107676145000,18.551144775390625,-9.081436614075303,-3.7004692596569657,-0.06646219838371034
1789059107686154800,18.56115478515625,-9.073425741577148,-3.7200124567776918,-0.0695280385280028
1789059107696164900,18.571164794921874,-9.066542411804198,-3.7365906666129827,-0.07797288199663162
1789059107706175000,18.581175048828126,-9.066721860024332,-3.736013158985972,-0.08449469411396421
1789059107716184800,18.591184814453126,-9.074695907643436,-3.7162659637257454,-0.09822685773521661
1789059107726195000,18.60119482421875,-9.077725484597682,-3.7088197393730282,-0.09969276556931435
1789059107736204800,18.611204833984374,-9.071815383771062,-3.723182318985462,-0.1023060350739397
1789059107746214000,18.6212138671875,-9.063129388490319,-3.743997727999091,-0.1120299585676752
1789059107756224000,18.63122412109375,-9.05437851127982,-3.7649127979949113,-0.1185233209086582
1789059107766233900,18.64123388671875,-9.051365885460376,-3.772097156541049,-0.12019861544342711
1789059107776244000,18.651243896484374,-9.051720105725526,-3.771083595584333,-0.12519519075485877
1789059107786253800,18.66125390625,-9.053667732661962,-3.7661569528371093,-0.13245803049784152
1789059107796264000,18.671263916015626,-9.056689710831641,-3.758660167340934,-0.13866976288584992
1789059107806274000,18.681274169921874,-9.059058193528651,-3.752675247712433,-0.14588224241477438
1789059107816284000,18.691283935546874,-9.061651132631301,-3.746073365229368,-0.15426882549067958
1789059107826294000,18.7012939453125,-9.063950057223439,-3.7402214243307705,-0.16104664906254038
1789059107836304000,18.711303955078126,-9.061436613097786,-3.746113989500701,-0.1654653422876261
1789059107846314000,18.72131396484375,-9.055710636666417,-3.7593233074247836,-0.17881063461629673
1789059107856323800,18.73132373046875,-9.054199647581576,-3.7623520075961947,-0.19121133957123382
1789059107866333000,18.7413330078125,-9.056371146401762,-3.7568709458366034,-0.1960845716307871
1789059107876343000,18.751343017578126,-9.055656860652565,-3.7583793045729394,-0.20011676802262662
1789059107886353000,18.761352783203126,-9.052162588796019,-3.7664644113510843,-0.20610649169040843
1789059107896363000,18.771363037109374,-9.046925857186316,-3.7790360158935186,-0.2059200657402165
1789059107906373000,18.781373046875,-9.044965955290198,-3.7838907624483107,-0.20284966358523815
1789059107916383000,18.791383056640626,-9.048833152112364,-3.7747222443476316,-0.20118436072152107
1789059107926393000,18.80139306640625,-9.053250384032726,-3.7639673338383433,-0.2039398517084308
1789059107936403000,18.81140283203125,-9.051959759700297,-3.7665073737099766,-0.214079224135261
1789059107946413000,18.8214130859375,-9.04460822789371,-3.783272630549967,-0.22868266329886391
1789059107956423200,18.831423095703126,-9.03304463135004,-3.8105505135759707,-0.23279037261232732
1789059107966433000,18.84143310546875,-9.027146220961212,-3.825619487892091,-0.21365656001009045
1789059107976441900,18.85144189453125,-9.029235886716842,-3.821775964206457,-0.19316541451476513
1789059107986452000,18.861451904296874,-9.034113137364386,-3.81078519911468,-0.18192763412566854
1789059107996461800,18.8714619140625,-9.039707011848687,-3.7977456847995517,-0.17667274580476805
1789059108006472000,18.881471923828126,-9.045949705630541,-3.7827299019753933,-0.1792606434061192
1789059108016481800,18.891481689453126,-9.04973857651949,-3.773640002068877,-0.17961031536031513
1789059108026492000,18.901491943359375,-9.04958893891573,-3.7742832684084773,-0.17352655673353
1789059108036501800,18.911501708984375,-9.052615008738636,-3.7671561930075286,-0.17054668240621684
1789059108046511900,18.921511962890627,-9.060203856432437,-3.7489708402365443,-0.16826808821605518
1789059108056522000,18.93152197265625,-9.063820877885817,-3.7402906901746986,-0.1666134346105158
1789059108066531800,18.94153173828125,-9.062945848616957,-3.742453421166539,-0.16564239762127397
1789059108076542000,18.9515419921875,-9.056432521200179,-3.7584988392993806,-0.15844114273926244
1789059108086551000,18.961551025390627,-9.054898151239753,-3.7623631135120985,-0.15437195707159115
1789059108096561000,18.971560791015627,-9.05915405511856,-3.752296477527916,-0.14959032141878267
1789059108106571000,18.981571044921875,-9.066494481009244,-3.734842653901875,-0.14146333912713452
1789059108116580900,18.991580810546875,-9.067530838319659,-3.73247387894392,-0.13749618906183167
1789059108126591000,19.001591064453127,-9.067195322754978,-3.7335429694801565,-0.13041849662740715
1789059108136601000,19.01160107421875,-9.063248630955815,-3.7433176367804406,-0.12442809710619039
1789059108146611000,19.02161083984375,-9.06163301245272,-3.7472488387495275,-0.12377952440381049
1789059108156621000,19.03162109375,-9.06010507223308,-3.751130648618936,-0.11791820375551469
1789059108166631000,19.041630859375,-9.063049308991431,-3.744166070303321,-0.11289012819412164
1789059108176641000,19.05164111328125,-9.066593265208601,-3.7357197289973496,-0.10801495990580878
1789059108186651000,19.06165087890625,-9.069992259997129,-3.727640175177157,-0.10161057275622151
1789059108196660000,19.071659912109375,-9.072127518460155,-3.7226571260675785,-0.09333847377230413
1789059108206670000,19.081670166015623,-9.075859106203913,-3.713426356385648,-0.09813989183781668
1789059108216680000,19.091679931640623,-9.076955084747075,-3.7106340953186154,-0.10233215589588507
1789059108226689800,19.101689697265623,-9.07592281908989,-3.713352414366603,-0.09499377583181486
1789059108236700000,19.111699951171875,-9.072250268056989,-3.7224890760242935,-0.08797326607787981
1789059108246709800,19.121709716796875,-9.06999284451902,-3.7281048700794575,-0.0827127973995637
1789059108256720000,19.131719970703124,-9.06913184377551,-3.730292150990665,-0.07841447001798078
1789059108266729700,19.141729736328124,-9.071307434248924,-3.7250750008642672,-0.07472184431143104
1789059108276739800,19.15173974609375,-9.074275051882863,-3.71798241225481,-0.06723628346216864
1789059108286750000,19.16175,-9.074778325229882,-3.716835580307245,-0.0625560121248709
1789059108296758800,19.1717587890625,-9.0681802421391,-3.7329745219424364,-0.058242121847975066
1789059108306769000,19.181768798828124,-9.060101565101743,-3.752654497185349,-0.05024446959099732
1789059108316779000,19.191779052734375,-9.051701985546947,-3.7729309770166872,-0.04545318476043175
1789059108326788900,19.201788818359375,-9.056444211637974,-3.7614676259770987,-0.050663571785902604
1789059108336799000,19.211799072265624,-9.059503014686703,-3.754168116618693,-0.04480780409555882
1789059108346808800,19.221808837890624,-9.059444562497735,-3.7543624701470133,-0.040120404331153256
1789059108356819000,19.23181884765625,-9.054777155208587,-3.765700733502209,-0.02992193354467163
1789059108366828800,19.241828857421876,-9.052454265218973,-3.771332894170284,-0.02241100307542365
1789059108376839000,19.2518388671875,-9.053776453733443,-3.7681542641341683,-0.022997082167956977
1789059108386849000,19.26184912109375,-9.056888448274135,-3.7606557250723243,-0.02497976443475345
1789059108396859000,19.27185888671875,-9.057908438971639,-3.7581662463441488,-0.029474927279399706
1789059108406868000,19.281867919921876,-9.056922935065627,-3.7605154398187994,-0.032569023120508064
1789059108416878000,19.291878173828124,-9.054459759822487,-3.766466749438643,-0.029463456037314605
1789059108426888000,19.301887939453124,-9.051878511157632,-3.7726387160718438,-0.03276548184094717
1789059108436898000,19.31189794921875,-9.050468644359707,-3.775990072326362,-0.03609417417250806
1789059108446908000,19.321907958984376,-9.049815733408927,-3.777547530901432,-0.03682844554709736
1789059108456918000,19.33191796875,-9.047397566351293,-3.7833389737844465,-0.03645494747603079
1789059108466928000,19.34192822265625,-9.049515289157629,-3.7783091629236933,-0.03223400987932691
1789059108476938000,19.35193798828125,-9.052762892776727,-3.770525084918737,-0.03173279149207519
1789059108486948000,19.361947998046876,-9.053893942633271,-3.7677754939496513,-0.03541019451331813
1789059108496958000,19.3719580078125,-9.053070351290703,-3.769756438633799,-0.03523610060502542
1789059108506966800,19.381966796875,-9.05262669917643,-3.770758601413667,-0.04140255766275804
1789059108516977000,19.391976806640624,-9.054820409828423,-3.765444712914526,-0.04518032263580244
1789059108526986800,19.40198681640625,-9.057495766517519,-3.759033969089389,-0.04260208334536291
1789059108536996900,19.411996826171876,-9.059941990625857,-3.75313789678812,-0.04230529235587455
1789059108547006700,19.4220068359375,-9.060508392336963,-3.7518078172281384,-0.03887065543180797
1789059108557016800,19.432016845703124,-9.060622374105453,-3.7514994819313285,-0.04197458996362984
1789059108567027000,19.44202685546875,-9.059073975619674,-3.755204473929107,-0.04476394668752327
1789059108577036800,19.452036865234376,-9.05663651933968,-3.7610926551848647,-0.04365472507029772
1789059108587047000,19.462046875,-9.057688074219227,-3.758550569486618,-0.04432525387615897
1789059108597056800,19.472056884765625,-9.062126348927617,-3.7478847985655066,-0.04012864700311329
1789059108607065900,19.48206591796875,-9.068830230480431,-3.7316853589147327,-0.03508094200935447
1789059108617076000,19.492075927734376,-9.069818072474002,-3.7293358731791373,-0.02890455036278581
1789059108627085800,19.5020859375,-9.0657205740273,-3.7393116160094735,-0.025375567952462003
1789059108637096000,19.512095947265625,-9.060653353765606,-3.751583945344388,-0.023802153756434564
1789059108647106000,19.52210595703125,-9.059019615083931,-3.755518069922924,-0.025263705075823234
1789059108657116000,19.532115966796876,-9.060614190798997,-3.75169325093776,-0.02125299671329558
1789059108667126000,19.5421259765625,-9.065102734389901,-3.740874043020606,-0.012673084164020838
1789059108677136000,19.552135986328125,-9.068044633060694,-3.7337574890136715,-0.0027360262367365066
1789059108687146000,19.56214599609375,-9.066918843901156,-3.736485452672839,0.006207284541754052
1789059108697155800,19.57215576171875,-9.064090926998853,-3.743315006431937,0.015219059444451703
1789059108707164700,19.58216455078125,-9.062691581594944,-3.74668535964787,0.018831714108324377
1789059108717174800,19.5921748046875,-9.064332919061183,-3.7426819692254063,0.024325572559051215
1789059108727185000,19.602184814453125,-9.06622326285243,-3.738007839934528,0.03568763691494241
1789059108737194800,19.61219482421875,-9.06717194187939,-3.7356165608838197,0.044129891134263015
1789059108747204900,19.622204833984377,-9.067381785237789,-3.7349861540257927,0.05343940230794251
1789059108757214700,19.632214599609377,-9.068176735007762,-3.73293068280071,0.061479468934540635
1789059108767224800,19.642224853515625,-9.068732030802964,-3.731460902509093,0.06845840000249445
1789059108777234700,19.652234619140625,-9.069905166235566,-3.728421096421778,0.07798587847552262
1789059108787244800,19.662244873046873,-9.069443978464603,-3.7293355809181925,0.08736447739661671
1789059108797255000,19.6722548828125,-9.068671240526438,-3.7310146200463175,0.09545094501478597
1789059108807263700,19.682263671875,-9.067587536942959,-3.733459090588987,0.1025963597900234
1789059108817273900,19.69227392578125,-9.069677787220478,-3.728243694028258,0.10735341812400147
1789059108827284000,19.702283935546873,-9.071172994214296,-3.7244255970448252,0.11336597467809915
1789059108837293800,19.7122939453125,-9.070916973626613,-3.7248897074252363,0.11852019736981019
1789059108847304000,19.722303955078125,-9.068148677957057,-3.7315216927856203,0.12167915459107607
1789059108857313800,19.732313720703125,-9.065481504574418,-3.7378701850295064,0.1255402778654825
1789059108867324000,19.742323974609373,-9.06497530861795,-3.73891735599488,0.13078992375568485
1789059108877333800,19.752333740234373,-9.069237057715654,-3.7284535373866556,0.13400678517664782
1789059108887343900,19.76234375,-9.070497286909818,-3.7252827983960506,0.1368649236872792
1789059108897353700,19.772353759765625,-9.06905644045174,-3.7287688869461415,0.13740909530026837
1789059108907362800,19.78236279296875,-9.065693686020374,-3.737159990933537,0.1312057197486516
1789059108917372700,19.79237255859375,-9.063265582090615,-3.7432635685056446,0.12482623871145769
1789059108927382800,19.8023828125,-9.063383070990442,-3.7430791518494484,0.12178055087262764
1789059108937392600,19.812392578125,-9.06461933478713,-3.7400638956815,0.12238217002758756
1789059108947402800,19.82240283203125,-9.06739698280692,-3.7333173440307377,0.12262300217929295
1789059108957412600,19.83241259765625,-9.068701051142812,-3.7302559106335043,0.11932720290375873
1789059108967422700,19.842422607421874,-9.068916739720105,-3.72984411496222,0.11574779178071766
1789059108977432800,19.852432861328126,-9.06877820803225,-3.730248604109883,0.11352329326481558
1789059108987442700,19.862442626953126,-9.070073508539796,-3.727119366173446,0.11284463595142587
1789059108997452800,19.872452880859374,-9.070416622889041,-3.7263439978867767,0.11084149770177901
1789059109007462000,19.8824619140625,-9.071442458805441,-3.7240377667710183,0.10420547548709437
1789059109017471700,19.8924716796875,-9.072689243996143,-3.72119026838541,0.09713575629657134
1789059109027481900,19.90248193359375,-9.07301131555736,-3.7204733522877094,0.09448571671182289
1789059109037491700,19.91249169921875,-9.07176102323532,-3.723540338642895,0.0937394466554746
1789059109047501800,19.922501708984374,-9.068973438343406,-3.7305128080040215,0.08593381440583615
1789059109057511700,19.93251171875,-9.064702336895465,-3.7411531522229313,0.07300334995575249
1789059109067521800,19.942521728515626,-9.062954031923413,-3.7455887965828176,0.06178265769877471
1789059109077532000,19.952531982421874,-9.063176150241494,-3.7451536200359463,0.055212439862452445
1789059109087541800,19.962541748046874,-9.064124829268454,-3.7429444195538757,0.048951036813552486
1789059109097552000,19.9725517578125,-9.06402253793776,-3.7432606458961963,0.04330287485874723
1789059109107561000,19.98256103515625,-9.06206380508542,-3.748081490181386,0.03567110133867245
1789059109117570800,19.99257080078125,-9.061347181248664,-3.7499005223020907,0.024780328305938744
1789059109127581000,20.002580810546874,-9.061974373236298,-3.7484289884448048,0.01687174599683494
1789059109137590800,20.0125908203125,-9.063336893761157,-3.7451699866488575,0.00362397977548535
1789059109147600600,20.0226005859375,-9.065169369885325,-3.74071680663228,-0.01118613011696143
1789059109157610800,20.03261083984375,-9.066486297702788,-3.7374437763109802,-0.026966775816795414
1789059109167620600,20.04262060546875,-9.067419779160618,-3.7350428526490926,-0.041670204756152816
1789059109177630700,20.052630615234374,-9.067963969039916,-3.7335733646184206,-0.05334958686633035
1789059109187640600,20.062640625,-9.067793873170018,-3.7337726865828036,-0.06666706873946823
1789059109197649700,20.072649658203126,-9.068468995952605,-3.731744980147481,-0.08565592904621734
1789059109207659800,20.08265966796875,-9.068824969783424,-3.730373691794276,-0.10542526307301595
1789059109217669600,20.092669677734374,-9.06898454425931,-3.729463298951089,-0.12252373392274603
1789059109227679700,20.1026796875,-9.068501144656539,-3.7300560041472313,-0.13913144384715706
1789059109237689900,20.11268994140625,-9.067465371868014,-3.7319825882956383,-0.1541649267247878
1789059109247699700,20.12269970703125,-9.067194153711199,-3.731934657500684,-0.17041273556193337
1789059109257709800,20.132709716796874,-9.068487700653076,-3.727979197873175,-0.1873167250191793
1789059109267719700,20.1427197265625,-9.069400723844765,-3.724991414234042,-0.20198139285072683
1789059109277729800,20.152729736328126,-9.070091628718375,-3.722447574970126,-0.21726000959584488
1789059109287739600,20.16273974609375,-9.070459877508878,-3.720796592892706,-0.22982105621164664
1789059109297748700,20.172748779296874,-9.070834556040166,-3.7189118020594116,-0.24503670898946
1789059109307758800,20.1827587890625,-9.069758451241254,-3.7206802730366584,-0.2576928682764992
1789059109317768700,20.192768798828126,-9.068429832985997,-3.7232854870989915,-0.2666569681125693
1789059109327778800,20.20277880859375,-9.068214144408703,-3.7232334646508094,-0.2746020453655161
1789059109337789000,20.212788818359375,-9.070563922405242,-3.716952776946127,-0.2819811592987738
1789059109347798800,20.222798828125,-9.072643651288747,-3.7113545185476537,-0.28873772088689725
1789059109357809000,20.232808837890627,-9.07176102323532,-3.713254799211025,-0.29201621283460405
1789059109367818800,20.24281884765625,-9.071292821201682,-3.7145778645083305,-0.28972647619592024
1789059109377828900,20.252828857421875,-9.070657445907592,-3.716659639218449,-0.282841064063739
1789059109387838000,20.262837890625,-9.070497286909818,-3.717290630598366,-0.2796634204083122
1789059109397847600,20.27284765625,-9.071189945349097,-3.7158711191892624,-0.27604287355728446
1789059109407857700,20.282857666015627,-9.073623894497752,-3.7105274200737473,-0.2678084579689428
1789059109417867800,20.29286767578125,-9.075237174913287,-3.70697878768146,-0.26223096836386245
1789059109427877600,20.302877685546875,-9.073918493530154,-3.7107270342990755,-0.2547349865852855
1789059109437887700,20.3128876953125,-9.070283936420083,-3.720298580242693,-0.24436814381182193
1789059109447897600,20.322897705078127,-9.067760555422305,-3.727065005637705,-0.23470656323088332
1789059109457907700,20.33290771484375,-9.06840411402285,-3.7263933899864554,-0.22006195180667562
1789059109467917600,20.34291748046875,-9.072017628344893,-3.718404144798219,-0.2057931148923002
1789059109477926700,20.3529267578125,-9.075614776054024,-3.710118254750967,-0.19653187700686975
1789059109487936800,20.362936767578127,-9.077091278347373,-3.7070904313623902,-0.18512933451011776
1789059109497946600,20.372946533203127,-9.07437558964789,-3.7141611004009842,-0.17636890401998534
1789059109507956700,20.382956787109375,-9.071455318287015,-3.721731243394315,-0.16672686838973313
1789059109517966800,20.392966796875,-9.07090469866693,-3.7237338153883814,-0.15126599041288719
1789059109527976700,20.402976806640623,-9.074230628219246,-3.7161584116980433,-0.1374450433964841
1789059109537986800,20.41298681640625,-9.07552885133624,-3.7134231415152548,-0.1250971554741729
1789059109547996700,20.42299658203125,-9.07448606428504,-3.7163729312315583,-0.11252709443485363
1789059109558006800,20.4330068359375,-9.073406452354789,-3.719125737071037,-0.10854481986565515
1789059109568016000,20.443015869140623,-9.073564857786893,-3.718930506759882,-0.10179222206659615
1789059109578025700,20.453025634765623,-9.07366481103003,-3.7189120943203564,-0.09319197797370142
1789059109588035800,20.463035888671875,-9.07446619054079,-3.717100660984218,-0.08725750075764954
1789059109598046000,20.4730458984375,-9.075663875892758,-3.7143691901937124,-0.07856679276917129
1789059109608055800,20.483055908203124,-9.076671007108688,-3.712063251338899,-0.07084605775743257
1789059109618066000,20.49306591796875,-9.077633130139112,-3.7098072891056537,-0.06553482243968173
1789059109628075800,20.50307568359375,-9.07814224870503,-3.708754565182328,-0.05344547128912527
1789059109638086000,20.5130859375,-9.079113724085689,-3.7064936345130204,-0.044575315080513246
1789059109648095700,20.523095703125,-9.077175449499487,-3.7112636253938076,-0.04229663412538357
1789059109658105900,20.53310595703125,-9.075403179129957,-3.7155803195491433,-0.04361102749246638
1789059109668114700,20.54311474609375,-9.075271661704779,-3.7159038524150847,-0.043482743203989226
1789059109678124500,20.55312451171875,-9.077512134107947,-3.7104154841318726,-0.044500217717420305
1789059109688134700,20.563134765625,-9.07870163615346,-3.707499304424226,-0.04487289152129088
1789059109698145000,20.57314501953125,-9.078922000905871,-3.706909814098477,-0.048758199388883074
1789059109708155000,20.58315478515625,-9.077279494395851,-3.710897422429919,-0.05126032296949997
1789059109718165000,20.5931650390625,-9.075552232211828,-3.7150723700270056,-0.05456272094917949
1789059109728174800,20.6031748046875,-9.073117114019393,-3.7209360013633965,-0.05971297985182609
1789059109738185000,20.61318505859375,-9.07133198416829,-3.7251714469760655,-0.06644955809784588
1789059109748194800,20.62319482421875,-9.073106592625379,-3.7208126672446724,-0.06833307485608384
1789059109758203600,20.63320361328125,-9.075000443547964,-3.7161487670868634,-0.07065612467590253
1789059109768213800,20.6432138671875,-9.07564107953906,-3.71454162415117,-0.0728457162752049
1789059109778223900,20.653223876953124,-9.073470749762654,-3.719853174562752,-0.07212942579858936
1789059109788233700,20.663233642578124,-9.073579470834135,-3.7196249187648296,-0.07023192161419428
1789059109798243800,20.673243896484376,-9.073951811277865,-3.7187542734101413,-0.06822310710900928
1789059109808253700,20.683253662109376,-9.075931002396345,-3.7139012804210183,-0.06924517103258986
1789059109818263800,20.693263916015624,-9.077454266440867,-3.7102085633829236,-0.06749414438048842
1789059109828273700,20.703273681640624,-9.07784238897562,-3.709216629736125,-0.06982945546025876
1789059109838282800,20.71328271484375,-9.077402828514575,-3.71040087108463,-0.06378216551949735
1789059109848292900,20.72329296875,-9.076699064159392,-3.712214057986438,-0.05816260403809137
1789059109858302700,20.733302734375,-9.076671007108688,-3.712316057056188,-0.055987712250999175
1789059109868312800,20.743312744140624,-9.076696141549945,-3.7123195641875264,-0.051498903798614624
1789059109878323000,20.753322998046876,-9.077962800484896,-3.7092923253208396,-0.04616930627368856
1789059109888332800,20.763332763671876,-9.078753658601642,-3.7073958440497514,-0.042784422208904285
1789059109898343000,20.773343017578124,-9.079373251804709,-3.7059818855985998,-0.03270628758317325
1789059109908352800,20.783352783203124,-9.079384357720613,-3.706039168743789,-0.02101402087524766
1789059109918363000,20.79336279296875,-9.079262192645668,-3.7063726384818554,-0.013675391932716592
1789059109928372000,20.8033720703125,-9.078468411919474,-3.7083325403779743,-0.008190062706673051
1789059109938381800,20.8133818359375,-9.075645755714177,-3.715235451634228,-0.008319642190626473
1789059109948392000,20.823391845703124,-9.073782884451747,-3.7197795248046517,-0.009378545263811247
1789059109958401800,20.83340185546875,-9.075698947206138,-3.715110948471725,-0.00464970038580941
1789059109968412000,20.843411865234376,-9.078725017029047,-3.7077129471749064,0.0007701611042393779
1789059109978422000,20.853422119140625,-9.079478465744852,-3.7058614740893243,0.006532135436058161
1789059109988431600,20.863431640625,-9.078003717017173,-3.709472942584753,0.006984263117730733
1789059109998441700,20.873441650390625,-9.07556859882474,-3.715431850989163,0.003019041860499419
1789059110008451600,20.88345166015625,-9.075693686509132,-3.715123223431408,-0.00522962259054766
1789059110018460700,20.893460693359376,-9.077888566204905,-3.709742991697788,-0.011582501031894935
1789059110028470800,20.903470703125,-9.079284988999365,-3.706322954121232,-0.011881133493664674
1789059110038480600,20.913480712890625,-9.078631493526697,-3.707902332267165,-0.017287150405801366
1789059110048490800,20.92349072265625,-9.075704207903145,-3.714984107221663,-0.029453231470822353
1789059110058500900,20.9335009765625,-9.073479517590998,-3.7203356973826884,-0.03813384732354898
1789059110068510700,20.9435107421875,-9.073175566208363,-3.7210219260811805,-0.04319547352809459
1789059110078520800,20.953520751953125,-9.075908206042646,-3.7142780047789214,-0.04908727607962209
1789059110088530700,20.96353076171875,-9.07653656707406,-3.7126661856681107,-0.05455137757125776
1789059110098540800,20.973540771484377,-9.074301939889788,-3.7179178225859997,-0.06717487213113345
1789059110108550000,20.9835498046875,-9.0696368706882,-3.7290424431905147,-0.07947951456676237
1789059110118559700,20.993559814453125,-9.067177787098288,-3.7347067525625226,-0.09290113266780972
1789059110128569900,21.00356982421875,-9.068026512882113,-3.7323856161385773,-0.10284317415794357
1789059110138580000,21.013580078125,-9.070604254415631,-3.725933663520217,-0.1092744036486838
1789059110148589800,21.02358984375,-9.071174747779965,-3.724270114222169,-0.1182325121353846
1789059110158600000,21.033599853515625,-9.06836495105624,-3.730731711451709,-0.12952895477600396
1789059110168609800,21.04360986328125,-9.066118048912287,-3.7358036078885197,-0.14019628746653906
1789059110178620000,21.053619873046873,-9.064390202206372,-3.7396684666231272,-0.14864891238282435
1789059110188629800,21.063629638671873,-9.064308953663707,-3.739525258760154,-0.15697492437791077
1789059110198638800,21.073638916015625,-9.063850688502193,-3.7403447584494947,-0.16374785257894545
1789059110208649000,21.08364892578125,-9.064440471088886,-3.7385166662394997,-0.172629279100243
1789059110218658800,21.093658935546873,-9.063786391094327,-3.739877725459635,-0.1774102662990801
1789059110228669000,21.1036689453125,-9.06431889053583,-3.7383021467059847,-0.18331801077183335
1789059110238678800,21.1136787109375,-9.063786391094327,-3.7393604235872626,-0.18801692744409665
1789059110248688600,21.123688720703125,-9.064039489072561,-3.7385128668472167,-0.19260810942556708
1789059110258698800,21.13369873046875,-9.064268621653317,-3.7375142111986874,-0.20100213602241127
1789059110268708600,21.14370849609375,-9.064124244746566,-3.737358143854141,-0.21022200071783734
1789059110278717700,21.1537177734375,-9.062223379561305,-3.7416055721655486,-0.21650847884248942
1789059110288727800,21.163727783203125,-9.060117931714654,-3.7463252941638228,-0.22293122363267465
1789059110298737700,21.173737548828125,-9.060346479773521,-3.7453321914732456,-0.23020516015840692
1789059110308747800,21.183747802734374,-9.060428312838077,-3.744517952480912,-0.24000918141733854
1789059110318758000,21.1937578125,-9.060880732780694,-3.7427173327997325,-0.2507787963054143
1789059110328767700,21.203767822265625,-9.060545801737904,-3.7426197176441547,-0.2639966263295151
1789059110338777900,21.21377783203125,-9.060265815752745,-3.7419600846916437,-0.28231366092246024
1789059110348787700,21.22378759765625,-9.059829762423037,-3.741835289268195,-0.2975613710726611
1789059110358797800,21.2337978515625,-9.058702804219722,-3.7438495517000554,-0.306393003635481
1789059110368807000,21.243806884765625,-9.0566353502959,-3.7484058998301624,-0.31176746321544047
1789059110378816800,21.253816650390625,-9.05385653323233,-3.7545959866419434,-0.3179297487048432
1789059110388827000,21.263826904296874,-9.050999390235543,-3.7605335599973797,-0.328909736674279
1789059110398836700,21.273836669921874,-9.047699179646372,-3.767742760723829,-0.3371102499930188
1789059110408846800,21.283846923828126,-9.050582626128197,-3.759637195679545,-0.34995099033303556
1789059110418857000,21.29385693359375,-9.052781597477198,-3.753402392943203,-0.35985593294948337
1789059110428866800,21.30386669921875,-9.052001260754466,-3.754460085302591,-0.3683520682139322
1789059110438877000,21.313876953125,-9.049253423351049,-3.760424838925898,-0.3749784640837461
1789059110448886000,21.323885986328126,-9.050017977982758,-3.7578281004309653,-0.38247890284173186
1789059110458896000,21.333895751953126,-9.053089640513061,-3.7494568701878186,-0.391827015293017
1789059110468906000,21.343906005859374,-9.055205609753727,-3.742938282074034,-0.4050289170956239
1789059110478915600,21.35391552734375,-9.05387582245469,-3.744954005810618,-0.4159714225988835
1789059110488925700,21.36392578125,-9.051659315449,-3.748915018396079,-0.42835674732159823
1789059110498935800,21.373935791015626,-9.048742551219464,-3.7547654979899523,-0.43861240307185795
1789059110508945700,21.383945556640626,-9.04880158793032,-3.7540149718835947,-0.4437824261208996
1789059110518955800,21.393955810546874,-9.048675915724038,-3.7536233422175047,-0.4496233707014471
1789059110528965600,21.403965576171874,-9.049130089232325,-3.7513323086708783,-0.4594896252753213
1789059110538974700,21.413974609375,-9.048071520090103,-3.7528181633144615,-0.46813057583793993
1789059110548984800,21.42398486328125,-9.047883888563513,-3.752499598884582,-0.47426513307020063
1789059110558994700,21.43399462890625,-9.048098408097028,-3.751256320825219,-0.47997379304058846
1789059110569004800,21.4440048828125,-9.04880684862733,-3.7484842257633804,-0.48820115783363577
1789059110579014700,21.4540146484375,-9.047861676731705,-3.749789755403995,-0.4956374087816104
1789059110589024800,21.464024658203126,-9.04656462265849,-3.752237440817058,-0.50076446947176
1789059110599035000,21.474034912109374,-9.04677037436366,-3.751707571724057,-0.5010209284508601
1789059110609044700,21.484044677734374,-9.04986483324766,-3.744411569496989,-0.4997085306780413
1789059110619053800,21.4940537109375,-9.052518562626839,-3.7375975055679675,-0.5026450955865904
1789059110629064000,21.50406396484375,-9.052803224787116,-3.735800685279071,-0.5108134236687794
1789059110639073800,21.51407373046875,-9.050728172078728,-3.739577865730226,-0.5198647085979581
1789059110649084000,21.524083984375,-9.047754124704003,-3.7458150065541265,-0.5266833391042426
1789059110659093800,21.53409375,-9.044042995226382,-3.754050335457921,-0.5317706523058936
1789059110669103900,21.544103759765626,-9.040831047442556,-3.761793204669654,-0.5316704068018123
1789059110679114000,21.554114013671875,-9.042067311239242,-3.7592411820992826,-0.5286864225549623
1789059110689123800,21.564123779296875,-9.045621788850426,-3.750830788889527,-0.5276204007586464
1789059110699134500,21.574134521484375,-9.046915335792303,-3.7479581560626625,-0.5258532449556514
1789059110709143300,21.584143310546875,-9.047577599093318,-3.746429339060187,-0.525348802564852
1789059110719153400,21.5941533203125,-9.04775763183534,-3.746030402870476,-0.525089932432957
1789059110729163500,21.60416357421875,-9.04684694673121,-3.748573657612502,-0.522628949146904
1789059110739173400,21.61417333984375,-9.045924571189284,-3.7511718574121593,-0.5199425596071406
1789059110749183500,21.62418359375,-9.046792586195469,-3.7498636974230406,-0.5142497547930106
1789059110759193300,21.634193359375,-9.049168083155156,-3.744980017034709,-0.5080013619227335
1789059110769203500,21.644203369140627,-9.050833386018871,-3.7421465471744537,-0.4991350416390225
1789059110779213300,21.65421337890625,-9.052970982569455,-3.738551737552881,-0.48716604263223706
1789059110789222100,21.66422216796875,-9.05363383039236,-3.738568396426737,-0.4745597321026027
1789059110799232300,21.674232177734375,-9.052082509297131,-3.743620711380243,-0.4642044884353876
1789059110809242400,21.684242431640627,-9.05010682530999,-3.7493513639867304,-0.4564138710917905
1789059110819252200,21.694252197265627,-9.049006170591712,-3.7530753529459235,-0.44754367835056036
1789059110829262300,21.704262451171875,-9.04986717133522,-3.7525682802066203,-0.43418494201842694
1789059110839272200,21.714272216796875,-9.05027575213611,-3.753740246595442,-0.41512645967472345
1789059110849282300,21.7242822265625,-9.050208532118797,-3.7561253881663084,-0.39449915711171923
1789059110859292200,21.734292236328123,-9.049894643864034,-3.758835816168785,-0.37543077442850914
1789059110869301200,21.74430126953125,-9.04994374370277,-3.760487967289984,-0.3572630303794518
1789059110879311400,21.754311279296875,-9.05091054290831,-3.75955360904932,-0.3422792501287535
1789059110889321200,21.7643212890625,-9.053827307137846,-3.7540211093634364,-0.32545327607747165
1789059110899331300,21.774331298828123,-9.057090108326078,-3.7476121191039677,-0.3080755133623257
1789059110909341400,21.784341552734375,-9.060057141438126,-3.741748195506632,-0.291675162578281
1789059110919351300,21.794351318359375,-9.062146807193756,-3.7380160232409834,-0.27406481494996693
1789059110929361400,21.804361328125,-9.062291184100507,-3.7389345993906256,-0.2561812581371516
1789059110939371300,21.814371337890623,-9.061557024607062,-3.7420755277648565,-0.23545699800569564
1789059110949380400,21.82438037109375,-9.061303926628828,-3.743902158670127,-0.21530173340123146
1789059110959390500,21.834390380859375,-9.062255528265236,-3.7426445598244666,-0.1962621566873975
1789059110969400300,21.844400390625,-9.063140494406223,-3.7414337227299805,-0.17759616252630947
1789059110979410400,21.854410400390623,-9.06320011563897,-3.74208838724643,-0.15987681983187793
1789059110989420300,21.864420166015623,-9.063092563611269,-3.7430917190700765,-0.141450159985153
1789059110999430400,21.874430419921875,-9.06251096433103,-3.7450934142813086,-0.12470141588854602
1789059111009440500,21.8844404296875,-9.061230861392616,-3.7487189113020896,-0.10765607259869575
1789059111019450400,21.894450439453124,-9.061700816991925,-3.7480899657487865,-0.0882191853966564
1789059111029459200,21.904459228515623,-9.063840751630067,-3.743372289577126,-0.06588579586839768
1789059111039469300,21.91446923828125,-9.06568199558258,-3.739219553811848,-0.04506926347676199
1789059111049479200,21.924479248046875,-9.066317955398558,-3.737871061812341,-0.024196299606596583
1789059111059489300,21.9344892578125,-9.0660549205482,-3.738583009473979,-0.005556568402171251
1789059111069499100,21.9444990234375,-9.064230627730488,-3.7429838747814297,0.013546793692052597
1789059111079509200,21.95450927734375,-9.063982205927372,-3.7434649362966415,0.03287068893122486
1789059111089519400,21.964519287109376,-9.063818539798259,-3.7436329863399265,0.052835029506892894
1789059111099529200,21.974529296875,-9.065002781146765,-3.740441204561293,0.07217483584289439
1789059111109538300,21.984538330078124,-9.064176851716637,-3.742037533842027,0.09077863322165794
1789059111119548400,21.99454833984375,-9.063977529752254,-3.7420495165407655,0.10846638433458283
1789059111129558300,22.004558349609376,-9.063130557534098,-3.7435856400668617,0.12498225125707685
1789059111139568400,22.014568359375,-9.061875004515052,-3.7459590911999343,0.1435172851154115
1789059111149578200,22.024578125,-9.0634082054317,-3.7418072322174902,0.15458346266411244
1789059111159588400,22.03458837890625,-9.066569299811125,-3.733833184598386,0.1618583307716064
1789059111169598500,22.044598388671876,-9.06859291459322,-3.7285502757593987,0.17005643293755127
1789059111179608300,22.0546083984375,-9.069835023608803,-3.725088737128675,0.17942524111699312
1789059111189617400,22.064617431640624,-9.070341804087162,-3.723378426079452,0.18905615256503222
1789059111199627500,22.07462744140625,-9.069814565342664,-3.724230658994615,0.19735976093206553
1789059111209637400,22.084637451171876,-9.071402711316942,-3.720084060709178,0.2025184223368764
1789059111219647500,22.0946474609375,-9.074537502211331,-3.7122073359847065,0.20655677447486667
1789059111229657300,22.1046572265625,-9.078796328699589,-3.701753161987662,0.20703202730379996
1789059111239667500,22.11466748046875,-9.079684801971911,-3.699440501131117,0.2094017521098256
1789059111249677300,22.12467724609375,-9.079247579598427,-3.7004701364398,0.21016491850204763
1789059111259687400,22.1346875,-9.077957539787889,-3.703627723687887,0.21026134634753688
1789059111269696300,22.1446962890625,-9.078054570421576,-3.703559919148683,0.20725832860665394
1789059111279706000,22.1547060546875,-9.079043581458926,-3.7014445344299074,0.20164397758990524
1789059111289716200,22.16471630859375,-9.08058438116014,-3.6980446628585457,0.19450596066983417
1789059111299726300,22.174726318359376,-9.081510263833403,-3.6961128180131313,0.18791132991146295
1789059111309736200,22.184736083984376,-9.081462917560339,-3.696623397883773,0.17997343131797386
1789059111319746300,22.194746337890624,-9.081419078418612,-3.6971754788085818,0.17059344415739178
1789059111329756200,22.204756103515624,-9.083113607376813,-3.6935610877037046,0.1582448712484911
1789059111339766300,22.214766357421876,-9.086071288138628,-3.686882048331201,0.14351384191615507
1789059111349775400,22.224775390625,-9.089859574505686,-3.678069211800396,0.1290075155846309
1789059111359785200,22.23478515625,-9.095040192013979,-3.665721771402657,0.11450444065611809
1789059111369795300,22.24479541015625,-9.09751739578247,-3.6600010556682943,0.0997372805644758
1789059111379805400,22.254805419921876,-9.097178373086452,-3.6612148153722286,0.08509992999811657
1789059111389815300,22.264815185546876,-9.095887164232135,-3.664716393752396,0.07120270744168665
1789059111399825400,22.274825439453124,-9.095866121444105,-3.6650562932312485,0.05448972877820488
1789059111409835300,22.284835205078124,-9.097581693190335,-3.661026891584694,0.03567291883642319
1789059111419845400,22.294845458984376,-9.099071639487146,-3.6574592622309923,0.01649580594857689
1789059111429854500,22.3048544921875,-9.099176268905401,-3.657235390347242,-0.0021452193096803966
1789059111439864300,22.3148642578125,-9.100603671360016,-3.653608139760792,-0.023323393796163144
1789059111449874400,22.32487451171875,-9.100682581815123,-3.6532007280036805,-0.04563866086255293
1789059111459884300,22.33488427734375,-9.100068833830953,-3.654397244311869,-0.06716366575052961
1789059111469894400,22.344894287109376,-9.098660720598698,-3.6574680300593374,-0.08766781685790047
1789059111479904500,22.354904541015625,-9.098831400990486,-3.656511459986865,-0.10760286284042522
1789059111489914400,22.364914306640625,-9.098387164354325,-3.6569495591431855,-0.12828882765495217
1789059111499924500,22.374924560546877,-9.097320996427536,-3.6587472562149164,-0.15066640795138664
1789059111509933300,22.384933349609376,-9.096609048765897,-3.6595839993000028,-0.1718448141916655
1789059111519943200,22.394943115234376,-9.097439069849251,-3.6566213501021263,-0.19001776413880286
1789059111529953300,22.404953369140625,-9.097720224878191,-3.6551667673796415,-0.20404163158247246
1789059111539963100,22.414963134765625,-9.097962801462412,-3.6537197834417223,-0.21860296690370887
1789059111549973200,22.42497314453125,-9.097059130620956,-3.655147185896337,-0.23193541801711542
1789059111559983400,22.4349833984375,-9.097511550563574,-3.653539458438754,-0.23939954335270447
1789059111569993200,22.4449931640625,-9.10132087971866,-3.643694940772652,-0.2445979157133959
1789059111580003300,22.45500341796875,-9.104024293458462,-3.636228258153796,-0.2548996390950866
1789059111590012400,22.465012451171877,-9.101410311567783,-3.641154024118185,-0.2769671670616604
1789059111600022300,22.475022216796877,-9.093445031777025,-3.6594802466645833,-0.29639488457655533
1789059111610032400,22.485032470703125,-9.085848585298656,-3.678252167151868,-0.29698503248943015
1789059111620042200,22.495042236328125,-9.085219055223465,-3.680734923878312,-0.2852574592893943
1789059111630052400,22.50505224609375,-9.091993079403043,-3.664255205981433,-0.2815758116345852
1789059111640062200,22.515062255859377,-9.09785232682526,-3.6495150252282618,-0.2837374283815734
1789059111650072300,22.525072265625,-9.099061118093132,-3.64590034186244,-0.2913397200788371
1789059111660081400,22.535081298828125,-9.094643301650882,-3.6560648852631448,-0.3017237331828102
1789059111670091300,22.54509130859375,-9.089225952777266,-3.6689673291951417,-0.3082706340756267
1789059111680101400,22.555101318359377,-9.087032826647162,-3.6742829712599514,-0.3096092622682452
1789059111690111500,22.565111572265625,-9.089397217690944,-3.668617785105109,-0.3073870561741292
1789059111700121300,22.575121337890625,-9.091934042692184,-3.662297642172873,-0.3077262980658561
1789059111710131500,22.58513134765625,-9.090405517950654,-3.665598145022988,-0.31352723942957816
1789059111720141300,22.595141357421873,-9.084280313068628,-3.6803158216834064,-0.3186137854462489
1789059111730151400,22.6051513671875,-9.079307785353064,-3.6921439143821595,-0.3234664496418089
1789059111740160300,22.61516015625,-9.076820060190558,-3.697801209491491,-0.32861188623886556
1789059111750170000,22.625170166015625,-9.076532475420832,-3.6981212352260946,-0.3329314299384132
1789059111760180200,22.63518017578125,-9.07687032907307,-3.696955990839004,-0.3366370429906994
1789059111770190300,22.6451904296875,-9.07644538165927,-3.697980073189735,-0.3368423197718337
1789059111780200200,22.6552001953125,-9.077176618543266,-3.696147597065568,-0.3372601433251053
1789059111790210300,22.665210205078125,-9.076592096653581,-3.697508948546648,-0.33806013459637757
1789059111800220200,22.67522021484375,-9.075506639504432,-3.7003187452703714,-0.3364638418482616
1789059111810230300,22.685230224609374,-9.074059363305569,-3.7040479949265714,-0.3344572877988219
1789059111820239400,22.6952392578125,-9.07461232101321,-3.703116267034411,-0.32973139178808775
1789059111830249200,22.705249267578125,-9.076714846250415,-3.6988428274989125,-0.31967991684041913
1789059111840259300,22.71525927734375,-9.078331633797287,-3.6957539215728636,-0.30933227195776997
1789059111850269400,22.72526953125,-9.076586835956572,-3.700848322102427,-0.2994661269817501
1789059111860279300,22.735279296875,-9.072819592377543,-3.7106001930490136,-0.2928721355441958
1789059111870289400,22.745289306640625,-9.071256580844521,-3.7147941376075146,-0.28808040775563565
1789059111880299300,22.75529931640625,-9.073949473190307,-3.7085558277398345,-0.28361551903495563
1789059111890309400,22.765309326171874,-9.077996702754497,-3.699140056879818,-0.2769862553546205
1789059111900318500,22.775318359375,-9.077850572282076,-3.6999955046653747,-0.2702691124614328
1789059111910328300,22.785328369140625,-9.075013303029536,-3.707217857134342,-0.2665601384082809
1789059111920338400,22.79533837890625,-9.071270024847983,-3.7172339319750662,-0.25418876914568245
1789059111930348300,22.805348388671874,-9.069656744432448,-3.7222371470898388,-0.23802978936946018
1789059111940358400,22.8153583984375,-9.070667382779718,-3.7203763216540215,-0.22840943584805354
1789059111950368500,22.825368408203126,-9.07280556385219,-3.715315531133115,-0.2258679164053872
1789059111960378400,22.83537841796875,-9.073799251064658,-3.7125717853829263,-0.2310104121266864
1789059111970387200,22.84538720703125,-9.071813630205392,-3.717368372009694,-0.2318569094208069
1789059111980397300,22.855397216796874,-9.069212507796287,-3.7244890176698564,-0.2189814082946628
1789059111990407200,22.8654072265625,-9.071192867958546,-3.720577981705963,-0.20283163473820312
1789059112000417300,22.875417236328126,-9.073907972136139,-3.714550976501405,-0.19155971461748703
1789059112010427100,22.88542724609375,-9.075518329942225,-3.711000298282504,-0.1839292745379731
1789059112020437200,22.895437255859374,-9.0738705627352,-3.715435650381446,-0.17548748154295607
1789059112030447400,22.905447265625,-9.072753541404008,-3.7184362935021515,-0.1695828788753599
1789059112040456200,22.915456298828126,-9.072911946836113,-3.7183605979174374,-0.16262683092607183
1789059112050466300,22.92546630859375,-9.074701752862333,-3.71434610157907,-0.15427879889542237
1789059112060476400,22.935476318359374,-9.07683350419402,-3.709364221513271,-0.1486543100771494
1789059112070486300,22.945486328125,-9.077475893750787,-3.7079979015961286,-0.14341977042453363
1789059112080496400,22.955496337890626,-9.076285222661495,-3.7111166181385515,-0.13799705125605688
1789059112090506200,22.96550634765625,-9.074378512257336,-3.7159757486075162,-0.13251694847769102
1789059112100516400,22.975516357421874,-9.072128102982044,-3.721694418515265,-0.1259696091934573
1789059112110526200,22.985526123046874,-9.071801355245709,-3.7226252696245905,-0.12193512037983163
1789059112120535300,22.995535400390626,-9.072236239531636,-3.721673667988181,-0.11857567215040325
1789059112130545400,23.00554541015625,-9.072353143909574,-3.721505910205841,-0.11482482258374802
1789059112140555300,23.01555517578125,-9.071738226881623,-3.7232109605580566,-0.10792500746687873
1789059112150565400,23.0255654296875,-9.070596655631064,-3.726209265591204,-0.10009651493146084
1789059112160575500,23.035575439453126,-9.070013887307047,-3.7276658941403027,-0.09869428345072083
1789059112170585300,23.04558544921875,-9.068635000169277,-3.7310941150233146,-0.09579798662047832
1789059112180595500,23.055595458984374,-9.06812588160336,-3.7325308698281643,-0.08767447492755018
1789059112190605300,23.065605224609374,-9.068205961102247,-3.7325565887913106,-0.07777302117613144
1789059112200614100,23.0756142578125,-9.06815978387296,-3.7328836287885903,-0.06663968297562096
1789059112210624300,23.085624267578126,-9.066422584816813,-3.7372356865182517,-0.058649976563081144
1789059112220634000,23.095634033203126,-9.06564517070353,-3.7391654855370517,-0.05574608551484998
1789059112230644200,23.105644287109374,-9.064103201958536,-3.7429493879899383,-0.05237367277257144
1789059112240654300,23.115654296875,-9.060531773212551,-3.751653795710206,-0.0474138401417993
1789059112250664200,23.125664306640626,-9.058430417019128,-3.756828860260546,-0.038179908105114006
1789059112260674300,23.13567431640625,-9.059369159173965,-3.7546436251759525,-0.029489570009394082
1789059112270683400,23.145683349609374,-9.05960238340795,-3.754114925126731,-0.0246260875922977
1789059112280693200,23.155693359375,-9.05999284403026,-3.7531928418457507,-0.02144547109507257
1789059112290703400,23.165703369140626,-9.058169135734438,-3.757627317161858,-0.014089401252329116
1789059112300713200,23.175713134765626,-9.0594352101475,-3.7545959866419434,-0.0051310764240304705
1789059112310723300,23.185723388671875,-9.059130674242972,-3.7553321919620033,0.0040770570198175845
1789059112320733200,23.195733154296875,-9.058550828528404,-3.756711079099774,0.012863354030624032
1789059112330743300,23.205743408203126,-9.056315032300352,-3.762057993085682,0.02158680209479062
1789059112340753400,23.21575341796875,-9.055973086994886,-3.7627962442323564,0.03320903805709677
1789059112350762200,23.22576220703125,-9.05823986288309,-3.7572380255833266,0.04288635734657291
1789059112360772400,23.2357724609375,-9.059515289646386,-3.7540994352966544,0.04803204510537907
1789059112370782500,23.245782470703126,-9.058918492797016,-3.755414609548449,0.056928527631913306
1789059112380792300,23.255792236328126,-9.057971567335724,-3.7574990146070717,0.06879497501309961
1789059112390802400,23.265802490234375,-9.05764540412128,-3.7580814906701443,0.0791966881705448
1789059112400812300,23.275812255859375,-9.056559946972131,-3.7604537727594374,0.08994427388990298
1789059112410822400,23.285822509765627,-9.056075962847471,-3.761419110660255,0.0979964191133622
1789059112420831200,23.295831298828126,-9.056270024114847,-3.760795718064904,0.10379326882385648
1789059112430841000,23.305841064453126,-9.057797964334487,-3.756908939759433,0.1109839018471539
1789059112440851200,23.315851318359375,-9.05975202101171,-3.7519860964044924,0.11780261455182917
1789059112450861300,23.325861328125,-9.060137220937014,-3.750756262348592,0.12698214723686688
1789059112460871200,23.33587109375,-9.05743965241611,-3.757015615004301,0.13418790476405992
1789059112470881300,23.34588134765625,-9.054761373117566,-3.763395963691175,0.1361183705031406
1789059112480891100,23.35589111328125,-9.054272712817788,-3.764611184699833,0.13502186223701573
1789059112490900200,23.365900146484375,-9.053511665317416,-3.766422325775027,0.13555736648635938
1789059112500910300,23.375910400390627,-9.05430486152172,-3.764570852689445,0.13399431842071935
1789059112510920200,23.385920166015627,-9.054662004396318,-3.7639170649558302,0.12812261337572708
1789059112520930300,23.395930419921875,-9.054628686648607,-3.7642321222543713,0.12101538431956432
1789059112530940400,23.4059404296875,-9.053585899597406,-3.7669343669503923,0.1147512002251111
1789059112540950300,23.4159501953125,-9.052486413922905,-3.769678697222471,0.11135700947586447
1789059112550960400,23.42596044921875,-9.051432520955801,-3.7723745121777057,0.10555145586910657
1789059112560970200,23.43597021484375,-9.051415569821,-3.7725986763224,0.09881590053639375
1789059112570979300,23.445979248046875,-9.051310940402745,-3.772951435282826,0.09484157181163318
1789059112580989400,23.455989501953123,-9.052371847632527,-3.770484168386459,0.09161516624419018
1789059112590999300,23.465999267578123,-9.05217895540893,-3.7710003012150524,0.0894074088005349
1789059112601009400,23.476009521484375,-9.051894877770543,-3.7717598874107,0.08609607402915134
1789059112611019300,23.486019287109375,-9.051953329959511,-3.7717517041042443,0.08012458013780414
1789059112621029400,23.496029296875,-9.052083093819022,-3.771609080763161,0.07169209382724948
1789059112631039500,23.50603955078125,-9.051558193162084,-3.773007841645181,0.06394615130901803
1789059112641048300,23.51604833984375,-9.052053867724537,-3.771905433361232,0.05864551045051775
1789059112651058200,23.52605810546875,-9.051644702401756,-3.772936237713694,0.05532908394548576
1789059112661068300,23.536068359375,-9.049711103990674,-3.777623226486146,0.05172562522657681
1789059112671078100,23.546078125,-9.046777973148226,-3.7846743140414354,0.04934967617574148
1789059112681088300,23.556088134765623,-9.045275167369843,-3.7882828599274156,0.04788991038806271
1789059112691098000,23.56609814453125,-9.04628697476089,-3.7859035635754466,0.04484283887632191
1789059112701108200,23.576108154296875,-9.047382368782163,-3.783315300647914,0.04219140191893093
1789059112711117000,23.586116943359375,-9.04703107112646,-3.7841985132232305,0.03805321298552444
1789059112721127000,23.596126953125,-9.045953797283769,-3.7868513658195733,0.029436109089374076
1789059112731137000,23.606136962890623,-9.0448525580436,-3.789543381382525,0.019659560359257738
1789059112741147100,23.616147216796875,-9.043951809811592,-3.791728324206173,0.011111957485764287
1789059112751157000,23.626156982421875,-9.043553165882825,-3.7926895704537626,0.006136500881708343
1789059112761167000,23.6361669921875,-9.045601330584287,-3.787807059109211,0.0007673861950243007
1789059112771177000,23.646177001953124,-9.05107888521254,-3.774698571211099,-0.0026425666664683374
1789059112781186000,23.65618603515625,-9.054272128295898,-3.767032274366915,-0.002941663206652447
1789059112791196200,23.666196044921875,-9.048156275764107,-3.7816903297945856,-0.008539339651935733
1789059112801206000,23.6762060546875,-9.032823097553848,-3.8181174416989085,-0.021596330258250234
1789059112811216100,23.686216064453124,-9.015165275788307,-3.859520588450134,-0.035765759635472204
1789059112821226200,23.696226318359376,-8.999532237848639,-3.8957673753514883,-0.04244174168449826
1789059112831236000,23.706236083984376,-8.993115941065549,-3.910503172190487,-0.04704438577489927
1789059112841246200,23.71624609375,-8.991600860327482,-3.914028131446242,-0.043421377538726665
1789059112851256000,23.726256103515624,-8.997427959045767,-3.900629720690846,-0.041950674798502584
1789059112861265200,23.73626513671875,-9.004844957304,-3.883503813844919,-0.03935270789428614
1789059112871275300,23.746275146484376,-9.010148908931017,-3.8712200863331554,-0.035450168047391345
1789059112881285000,23.75628515625,-9.010057138994336,-3.8714325600400565,-0.03549720835977932
1789059112891295200,23.766295166015624,-9.008005467161535,-3.876170402216911,-0.039092257726658135
1789059112901305000,23.77630517578125,-9.005116759982705,-3.8828105708837506,-0.04517270558492746
1789059112911315200,23.786315185546876,-9.0036718218714,-3.8861391307845707,-0.046896045079082245
1789059112921325300,23.7963251953125,-9.002593378984928,-3.8887028437927365,-0.04100063949809409
1789059112931334100,23.806334228515624,-9.002673458483814,-3.888613411943614,-0.03065673007564619
1789059112941344300,23.81634423828125,-9.002316900131106,-3.8894931173875924,-0.022686696477956136
1789059112951354000,23.82635400390625,-9.001370559191704,-3.891714008307457,-0.016633144618122604
1789059112961364000,23.836364013671876,-9.000346476840972,-3.8940918433547016,-0.014092643522185972
1789059112971374000,23.8463740234375,-8.995358751556276,-3.905607801364362,-0.011577012006024597
1789059112981384000,23.856384033203124,-8.988430413597822,-3.9215325157269834,-0.009424823528618434
1789059112991394000,23.86639404296875,-8.983354425507784,-3.9331548567205665,-0.004256145336580812
1789059113001403100,23.876403076171876,-8.981008739164471,-3.9385108307957646,0.0007286364323048474
1789059113011413000,23.8864130859375,-8.978934855499864,-3.9432273379236458,0.00861814222165558
1789059113021423000,23.896423095703124,-8.975083440768719,-3.9519636020869013,0.015556869714206549
1789059113031433200,23.90643310546875,-8.969907499435543,-3.963677128495276,0.02012757059665164
1789059113041443000,23.916443115234376,-8.96512026515901,-3.9744717864930625,0.024158193802624007
1789059113051453200,23.926453125,-8.961168312662839,-3.983343367473781,0.0287087423796067
1789059113061463000,23.936463134765624,-8.959460339701176,-3.987165848371386,0.031027463084179908
1789059113071472000,23.94647216796875,-8.954207241478562,-3.998903047916293,0.036521281577355694
1789059113081482200,23.956482177734376,-8.950191576096415,-4.007867567877471,0.038157543292967604
1789059113091492000,23.9664921875,-8.945953207874297,-4.017281877432763,0.04180680021524895
1789059113101502200,23.976502197265624,-8.953288373067975,-4.000904158605635,0.0422273819811875
1789059113111512000,23.986511962890624,-8.964214256229996,-3.9763954480320214,0.039130671774595976
1789059113121522200,23.996522216796876,-8.971661065104604,-3.9595919050082564,0.03630321381330723
1789059113131532300,24.0065322265625,-8.978755991801618,-3.943482189467549,0.0356862555253203
1789059113141541000,24.016541015625,-8.982423282137512,-3.9350852402612566,0.03956667487195227
1789059113151551200,24.02655126953125,-8.983063333606719,-3.9335257358595728,0.04826000407577958
1789059113161561300,24.036561279296876,-8.982306377759576,-3.9351577209755777,0.05559416462245863
1789059113171571200,24.0465712890625,-8.98246653675735,-3.9347365729540584,0.05938101251767948
1789059113181581300,24.056581298828124,-8.98132555002868,-3.937357861368358,0.05819358826482202
1789059113191591000,24.0665908203125,-8.979846125125885,-3.9407714692041274,0.05537248469579499
1789059113201601000,24.07660107421875,-8.979325900644064,-3.941988443778455,0.05305025685988366
1789059113211610000,24.086610107421876,-8.978589987584948,-3.9437253505736587,0.048360934566450305
1789059113221620000,24.096619873046876,-8.978914397233725,-3.943017494565248,0.04578190525814425
1789059113231630000,24.106630126953124,-8.978476005816459,-3.9440050442978736,0.04670397483939304
1789059113241640200,24.11664013671875,-8.976080635112524,-3.949416840213537,0.04965604327775072
1789059113251650000,24.126650146484376,-8.974755523988604,-3.952420113682747,0.050272111083171325
1789059113261660200,24.13666015625,-8.974237053072452,-3.953594710420072,0.05043848062602337
1789059113271670000,24.146669921875,-8.975388561195135,-3.9509655309602616,0.05152595163574442
1789059113281679000,24.15667919921875,-8.978780541720987,-3.9432296760112044,0.053135601622355165
1789059113291689200,24.166689208984376,-8.981603197926283,-3.9367268699884415,0.05801906738155521
1789059113301699000,24.176698974609376,-8.983856529811025,-3.9315047514259813,0.06305291509660892
1789059113311709200,24.186709228515625,-8.985234247905016,-3.928287835206091,0.06712636594744399
1789059113321719300,24.19671923828125,-8.984896394252777,-3.928957405030727,0.07292383671244607
1789059113331729200,24.206729248046877,-8.987347879058122,-3.923219153639674,0.07947354148370213
1789059113341739300,24.2167392578125,-8.990949702942372,-3.914770474246144,0.08820420702323317
1789059113351748400,24.226748291015625,-8.994220687437057,-3.906984934936464,0.0992536069670692
1789059113361758200,24.23675830078125,-8.997617928659915,-3.89875749707818,0.11379414609544909
1789059113371768300,24.246768310546877,-9.00116948366165,-3.89017846930325,0.12587605829164386
1789059113381778200,24.256778076171877,-9.004290246030688,-3.8826837296336887,0.13380915284585207
1789059113391788300,24.266788330078125,-9.00501388413012,-3.8807168134748933,0.1419527574787382
1789059113401798100,24.276798095703125,-9.003184330615401,-3.884637786310911,0.15049752679103984
1789059113411808300,24.286808349609377,-9.001796091127396,-3.887456058602035,0.16041607780773193
1789059113421817000,24.296817138671877,-9.002074908068776,-3.886404211461544,0.16999390736166387
1789059113431827000,24.306826904296877,-9.005548721659183,-3.8779058477073907,0.1797875350907445
1789059113441837000,24.316837158203125,-9.00894888549149,-3.8694741194486615,0.19078745160335675
1789059113451847200,24.32684716796875,-9.013643180787563,-3.857980957792699,0.20149918055804444
1789059113461857000,24.33685693359375,-9.012590456864237,-3.8597371538102623,0.21454631192404774
1789059113471867100,24.3468671875,-9.010751550999283,-3.8633626508310437,0.22619720315868033
1789059113481877000,24.356876953125,-9.010491438758372,-3.8633603127434846,0.23637615867722778
1789059113491886000,24.366885986328125,-9.013483606311679,-3.8555768192604183,0.2490388390365988
1789059113501896200,24.376896240234377,-9.01422419554591,-3.8527357506155964,0.26565792887154965
1789059113511906000,24.386906005859377,-9.013379561415315,-3.8536587106794116,0.280506209641695
1789059113521916200,24.396916259765625,-9.010581455129385,-3.8593876097202298,0.2914253708019853
1789059113531926300,24.40692626953125,-9.008551410606502,-3.863401229275763,0.300868668989744
1789059113541936000,24.41693603515625,-9.007861090254783,-3.864184488607943,0.3112944023435935
1789059113551946200,24.4269462890625,-9.007944676885009,-3.86317297347784,0.3212579798121005
1789059113561955300,24.436955322265625,-9.008104835882783,-3.861815713649988,0.3328789325661957
1789059113571965200,24.446965087890625,-9.00758578044474,-3.862064135453105,0.3438678710270673
1789059113581975300,24.456975341796873,-9.007631957674025,-3.8611262700811024,0.3530596238728613
1789059113591985200,24.466985107421873,-9.008245121136307,-3.858687937018275,0.3639173737021163
1789059113601995300,24.476995361328125,-9.008888679736852,-3.856032454073429,0.37593908927682784
1789059113612005000,24.487005126953125,-9.008179070162772,-3.8567362184286114,0.3855931624047458
1789059113622015200,24.49701513671875,-9.00682064129114,-3.8592055311515927,0.3925567178070545
1789059113632024000,24.507024169921873,-9.006586832535266,-3.859430572079122,0.3956993997469544
1789059113642034200,24.5170341796875,-9.006592677754163,-3.859191210365295,0.39789311039894815
1789059113652044000,24.5270439453125,-9.007280075496436,-3.856908652386069,0.4044057802285999
1789059113662054100,24.53705419921875,-9.006705490478872,-3.857378900246322,0.41262876110747454
1789059113672064000,24.54706396484375,-9.006685616734623,-3.8563837517291306,0.42226175491474566
1789059113682074000,24.55707421875,-9.005296792724728,-3.8588644626289605,0.42916503149718044
1789059113692084000,24.567083984375,-9.004244068801402,-3.860922271941602,0.43273101688306775
1789059113702093000,24.577093017578125,-9.002750030851363,-3.863689690828323,0.4390694626569748
1789059113712103200,24.587103271484374,-9.001835838615893,-3.8649002356618642,0.4470728094357997
1789059113722113000,24.597113037109374,-9.00352043070197,-3.8603915260657664,0.4520855960965156
1789059113732123100,24.607123046875,-9.00551891104281,-3.8554005859106777,0.45486233080085364
1789059113742133000,24.617133056640625,-9.007916619834303,-3.8495056826531884,0.45730493817999956
1789059113752142800,24.627142822265625,-9.008212972432375,-3.84847692412734,0.46012076278571035
1789059113762153000,24.637153076171874,-9.00704743578434,-3.8507051215708255,0.46428040321581066
1789059113772162000,24.647162109375,-9.006265930017829,-3.852339737035334,0.46587629410512743
1789059113782172000,24.657171875,-9.005783699458837,-3.853538299170136,0.4652847214201465
1789059113792182000,24.66718212890625,-9.005397915011644,-3.854753520178795,0.4626727488234639
1789059113802192000,24.67719189453125,-9.005520664608477,-3.8548432442888614,0.45952922663334755
1789059113812202000,24.687201904296874,-9.004983488991856,-3.8564191153034564,0.45682742032874374
1789059113822212000,24.697212158203126,-9.004356297004222,-3.858350083366036,0.4528618046334013
1789059113832222000,24.707221923828126,-9.003898616364598,-3.8597646263390777,0.4498983517179265
1789059113842231000,24.71723095703125,-9.003709231272339,-3.8604900180041786,0.4474605666443705
1789059113852241200,24.7272412109375,-9.004709932747483,-3.8585751242935653,0.44383083183988925
1789059113862251000,24.7372509765625,-9.005811756509543,-3.8567829801797866,0.43698947804514315
1789059113872261000,24.74726123046875,-9.006227936094998,-3.8567414791256187,0.4287104195974767
1789059113882271000,24.75727099609375,-9.00564516777098,-3.859223066808283,0.4184956073142588
1789059113892281000,24.767281005859374,-9.005288024896382,-3.861190859749913,0.4078872291361913
1789059113902291000,24.777291015625,-9.004318303081392,-3.86477690154314,0.39514530952814964
1789059113912300000,24.787300048828126,-9.00409793832898,-3.8668785499975082,0.37928346780128774
1789059113922310100,24.79731005859375,-9.004028380224108,-3.868555835559964,0.363494472114928
1789059113932320000,24.807320068359374,-9.00307502502203,-3.872252936512232,0.34739363400042056
1789059113942330000,24.817330078125,-9.002170185136794,-3.87576240593791,0.3313444530079141
1789059113952340200,24.82734033203125,-9.001928193074464,-3.877612417718768,0.3159090565321967
1789059113962350000,24.83735009765625,-9.001668665355444,-3.8795714428320527,0.2987745827873237
1789059113972360200,24.847360107421874,-9.000877807238698,-3.8825563038617372,0.28344425412127744
1789059113982369000,24.857369140625,-8.999991087532043,-3.8857407791167495,0.26751840724749487
1789059113992379000,24.86737890625,-8.999873014110326,-3.887252644984424,0.24887533730426803
1789059114002389000,24.877388916015626,-9.000044279024005,-3.887890358366072,0.23215636729141695
1789059114012398800,24.88739892578125,-9.002071400937437,-3.8838942744672296,0.22014599509462712
1789059114022409000,24.897408935546874,-9.004073388409614,-3.8799177720516917,0.20804326843926682
1789059114032419000,24.907419189453126,-9.003885172361136,-3.880999429808557,0.19565598922148345
1789059114042428000,24.917427978515626,-9.001663404658435,-3.8868171761766073,0.18190591548420487
1789059114052438000,24.92743798828125,-8.998850685325264,-3.8938834613010287,0.16953220813404768
1789059114062448000,24.9374482421875,-8.997139789754153,-3.8983839875906705,0.15640477807344869
1789059114072458000,24.9474580078125,-8.995877222472428,-3.9018043174281716,0.14319541448359377
1789059114082468000,24.957468017578126,-8.995994711372255,-3.901883520144224,0.13330902130398897
1789059114092478000,24.96747802734375,-8.995365765818953,-3.9036096132844684,0.12494423906793817
1789059114102488000,24.977488037109374,-8.996707828077673,-3.9007024936661123,0.11894206691053695
1789059114112497200,24.9874970703125,-8.996939298745989,-3.9003167092189193,0.1139956417506095
1789059114122507000,24.997507080078126,-8.996969693884253,-3.9003494424447416,0.11043492619488388
1789059114132517000,25.00751708984375,-8.996400954085589,-3.901745280717313,0.10741292975889519
1789059114142527000,25.01752685546875,-8.99665755919516,-3.9011929075315592,0.10596844830531627
1789059114152537000,25.027537109375,-8.99637698868811,-3.9018364661321043,0.10609537175376899
1789059114162547200,25.037547119140626,-8.997353724765777,-3.899623173996806,0.10462923559080808
1789059114172557000,25.04755712890625,-8.99826440986991,-3.8975706253811713,0.10276684838556684
1789059114182566000,25.05756591796875,-8.999694734933971,-3.8942394351318477,0.10380556204984895
1789059114192576000,25.067575927734374,-9.000093378862738,-3.8932884180173275,0.104916683363216
1789059114202585900,25.0775859375,-9.000079350337385,-3.893388078999519,0.1024008554842323
1789059114212596000,25.087595947265626,-8.999422932255268,-3.895025909334421,0.09766620077830739
1789059114222605800,25.097605712890626,-8.998770605826378,-3.896636851662397,0.09342713843644596
1789059114232616000,25.107615966796875,-8.998415216517447,-3.8974978524059054,0.09174243675251491
1789059114242626000,25.1176259765625,-8.997624942922592,-3.899375628976524,0.08946030803155154
1789059114252635000,25.127634765625,-8.997018209201096,-3.900895093628764,0.0840804324909579
1789059114262645000,25.13764501953125,-8.996296324667334,-3.902696297831833,0.07744907731823623
1789059114272655000,25.147655029296875,-8.99677095644176,-3.9017648622006176,0.06879448182275519
1789059114282665000,25.1576650390625,-8.996106939575075,-3.903434841239452,0.06028079263530671
1789059114292675000,25.167675048828126,-8.995453444102406,-3.9050639037460084,0.05168995569157414
1789059114302685000,25.177684814453126,-8.993739625921846,-3.9091315915763376,0.041512214882578696
1789059114312694000,25.187694091796875,-8.992540771526098,-3.911984058398008,0.031195437778939957
1789059114322704100,25.1977041015625,-8.99197670790255,-3.9133635300576683,0.018036341929953778
1789059114332714000,25.2077138671875,-8.992042758876085,-3.9132521786376833,0.002833875429398904
1789059114342724000,25.21772412109375,-8.99162424120307,-3.9141877059221266,-0.014643732358084525
1789059114352734200,25.227734130859375,-8.98938727593124,-3.919203195996582,-0.03382669503140496
1789059114362744000,25.237744140625,-8.989151129087805,-3.919556831739843,-0.051152839440456586
1789059114372754200,25.247754150390627,-8.990591975545883,-3.915988617864251,-0.06835602647340856
1789059114382763000,25.257762939453126,-8.991463497683405,-3.9135643133267757,-0.08931020463691093
1789059114392772900,25.26777294921875,-8.990161182913184,-3.9159617298573255,-0.11238905593734234
1789059114402783000,25.277782958984375,-8.98824804276824,-3.919582258442044,-0.13657595981121995
1789059114412792800,25.287792724609375,-8.986870909196139,-3.92178152205199,-0.16174772827029227
1789059114422803000,25.297802978515627,-8.986817133182287,-3.920753640308976,-0.18759621781399471
1789059114432813000,25.30781298828125,-8.985832213798165,-3.9218160088434812,-0.21110422691246494
1789059114442823000,25.317822998046875,-8.984471446838974,-3.9237656816065307,-0.2317749850247055
1789059114452832000,25.32783203125,-8.982555968606471,-3.9269337902486323,-0.25152643633494154
1789059114462842000,25.337842041015627,-8.980268149930238,-3.9306931427821517,-0.27352842478463424
1789059114472852000,25.34785205078125,-8.978051642924546,-3.93415497367382,-0.2956280101235956
1789059114482862000,25.357862060546875,-8.977239157497882,-3.934250543002784,-0.31818061819337307
1789059114492872000,25.367871826171875,-8.977163169652224,-3.9327094510406253,-0.3387043507840484
1789059114502882000,25.377882080078123,-8.977774579548836,-3.9299510922431944,-0.354161301504448
1789059114512892000,25.387891845703123,-8.97705912475586,-3.9301992217853665,-0.3692221290467307
1789059114522901000,25.39790087890625,-8.975021481448412,-3.9332425350040197,-0.3859767914274707
1789059114532911000,25.4079111328125,-8.972178951498865,-3.9379230940356846,-0.4039167180700227
1789059114542921000,25.4179208984375,-8.971457651486991,-3.9376434003114698,-0.4222551425108686
1789059114552931000,25.42793115234375,-8.97131152101457,-3.9362168746396895,-0.438351779374294
1789059114562941200,25.437941162109375,-8.973165624448656,-3.930093423323333,-0.4550207727655768
1789059114572951000,25.447950927734375,-8.974934972208738,-3.924468861439824,-0.4684788047537207
1789059114582961200,25.457961181640623,-8.975704203015566,-3.921018720985949,-0.4824238530738279
1789059114592970200,25.46797021484375,-8.975894757151604,-3.91842402831763,-0.4996480691950768
1789059114602980000,25.47797998046875,-8.975717062497138,-3.9167663242384787,-0.5155838894736021
1789059114612990000,25.487989990234375,-8.976306260561943,-3.9134477012097832,-0.5303225358568132
1789059114622999800,25.497999755859375,-8.977214607578516,-3.909663798756897,-0.5427047918396071
1789059114633010000,25.508010009765623,-8.97842047623694,-3.90552801412642,-0.5524478949578479
1789059114643020000,25.51802001953125,-8.980124942067265,-3.90024978146255,-0.5619562394721433
1789059114653030000,25.52802978515625,-8.981119798323512,-3.896926774519682,-0.5690608107803389
1789059114663040000,25.5380400390625,-8.981465250760316,-3.8952521193057295,-0.5750456938762217
1789059114673049000,25.548049072265623,-8.980716478219628,-3.895872589291632,-0.5824928680770098
1789059114683059000,25.558058837890623,-8.978591741150616,-3.8998528910994525,-0.5885711285447701
1789059114693069000,25.568069091796875,-8.977423866415023,-3.901757847937941,-0.5937482023891061
1789059114703079000,25.578078857421875,-8.977090104416012,-3.902397899407148,-0.5945821324625984
1789059114713089000,25.588089111328124,-8.97867883491218,-3.8992607704252,-0.5911680497027934
1789059114723099000,25.598098876953124,-8.978989800557494,-3.8990570645466445,-0.5877772016881033
1789059114733109000,25.60810888671875,-8.978705138397217,-3.9005397043198347,-0.5822630048438906
1789059114743117800,25.618117919921875,-8.977829524606467,-3.9036359167695043,-0.5749654682468622
1789059114753128000,25.6281279296875,-8.978445610678195,-3.90324341032058,-0.5679699468037113
1789059114763137800,25.6381376953125,-8.978261486282944,-3.9051372612431643,-0.5577736565578728
1789059114773148000,25.64814794921875,-8.97856660670936,-3.9063822928681966,-0.5439639981204644
1789059114783157800,25.65815771484375,-8.978233429232239,-3.909041282944381,-0.5301923336058855
1789059114793168000,25.66816796875,-8.977842968609929,-3.9122438783779736,-0.5129064869578928
1789059114803177700,25.678177734375,-8.976467588603496,-3.9176682415142654,-0.49527526093833146
1789059114813186800,25.688186767578124,-8.975831628787518,-3.921152576498687,-0.47894868777655064
1789059114823197000,25.698197021484376,-8.975193330883979,-3.9246977017596363,-0.4615621207004413
1789059114833206800,25.708206787109376,-8.976060176846385,-3.924548940938711,-0.4456901594383642
1789059114843217000,25.718216796875,-8.976954495337605,-3.924188583193719,-0.4306013113779947
1789059114853227000,25.72822705078125,-8.976319704565405,-3.927361660271883,-0.41460349524654444
1789059114863236900,25.73823681640625,-8.974673106402157,-3.932665319637954,-0.3997182069342583
1789059114873247000,25.7482470703125,-8.973651946660876,-3.9364802017509937,-0.384812752616778
1789059114883256000,25.758256103515624,-8.973861790019273,-3.9373116841390727,-0.3711624129269272
1789059114893266000,25.768265869140624,-8.97394479212761,-3.9382776065617797,-0.3587073474362492
1789059114903276000,25.778276123046876,-8.972880962288379,-3.9415135197430846,-0.3496632959654555
1789059114913286000,25.788285888671876,-8.971481032362579,-3.945413157530129,-0.3415011418957263
1789059114923296000,25.7982958984375,-8.971171235761046,-3.946811333890259,-0.3333961613733321
1789059114933305900,25.808305908203124,-8.970875467684865,-3.9479540741845964,-0.3277767871215939
1789059114943316000,25.81831591796875,-8.970126695144176,-3.949888257117569,-0.3249512813720852
1789059114953324800,25.82832470703125,-8.968540302735567,-3.953647025129199,-0.32302615852840244
1789059114963335000,25.8383349609375,-8.967111731237173,-3.956963894592225,-0.322073278250359
1789059114973344800,25.8483447265625,-8.96670431948006,-3.9582375677898525,-0.3177404001452029
1789059114983355000,25.85835498046875,-8.966943973454832,-3.958199281606078,-0.31137488370127975
1789059114993364700,25.86836474609375,-8.966227349618077,-3.960205652992427,-0.3064767729287967
1789059115003374800,25.878374755859376,-8.964792348378896,-3.963850439235568,-0.30128340553678573
1789059115013384700,25.888384765625,-8.962430295422672,-3.9693192260354757,-0.29954951268257574
1789059115023394800,25.898394775390624,-8.960275163215398,-3.9741082138776775,-0.3005317286529578
1789059115033404000,25.90840380859375,-8.959580751210451,-3.975620372006297,-0.30122541000554337
1789059115043413800,25.918413818359376,-8.959830926579237,-3.975018022198975,-0.30173376138648017
1789059115053423900,25.928423828125,-8.960303220266104,-3.9741900469422338,-0.2985984407691285
1789059115063434000,25.93843408203125,-8.959757276821136,-3.975942443567514,-0.2915775108900852
1789059115073443800,25.94844384765625,-8.959807545703649,-3.976348686280846,-0.2844055186351761
1789059115083454000,25.958453857421876,-8.960449935260414,-3.9752392637342213,-0.279639783804398
1789059115093463800,25.9684638671875,-8.962130435693263,-3.971582202531397,-0.2777288173502311
1789059115103473000,25.978472900390624,-8.962150893959402,-3.9715310568660493,-0.27780756340855733
1789059115113483000,25.98848291015625,-8.964441050723195,-3.9664635443434118,-0.27630959820207207
1789059115123492900,25.998492919921876,-8.96719005717039,-3.9605759476095437,-0.2715195143813267
1789059115133503000,26.0085029296875,-8.970444090530275,-3.953557008758187,-0.26628490166347474
1789059115143513000,26.01851318359375,-8.971548836901784,-3.951281465041637,-0.2628245868754573
1789059115153523000,26.02852294921875,-8.970327770674228,-3.9542631112009285,-0.25963362708073107
1789059115163533000,26.038532958984376,-8.968952390667795,-3.957566244399547,-0.2568057101784274
1789059115173542000,26.0485419921875,-8.969245236134528,-3.957143635073304,-0.2530581576805562
1789059115183551700,26.0585517578125,-8.9710151684165,-3.953333429135382,-0.2498503746151924
1789059115193561900,26.068561767578124,-8.972864595675468,-3.9492701252192255,-0.24769401856521142
1789059115203571700,26.07857177734375,-8.974649141004681,-3.945492360246181,-0.24321205084556713
1789059115213581800,26.088581787109376,-8.976242547675966,-3.942238034625351,-0.2370848732021637
1789059115223591700,26.098591796875,-8.977313976299762,-3.9401571366980668,-0.2310426338958554
1789059115233601800,26.108601806640625,-8.978660130211711,-3.937515682278573,-0.22364434033809227
1789059115243612000,26.11861181640625,-8.979291413852572,-3.9364293483465906,-0.21732522031916304
1789059115253620700,26.128620849609376,-8.979484306076168,-3.936368850331008,-0.21034434845587238
1789059115263630800,26.138630859375,-8.97942760745287,-3.9370299445882435,-0.2001651737416163
1789059115273641000,26.148640869140625,-8.979635112723708,-3.9372053011551498,-0.1869583035029471
1789059115283650800,26.15865087890625,-8.979829758512974,-3.937354061976075,-0.17401205696184188
1789059115293661000,26.168660888671877,-8.981206307563186,-3.934814022104442,-0.15984576710648835
1789059115303670800,26.1786708984375,-8.982638970714808,-3.932156785593927,-0.14394720096527597
1789059115313681000,26.188680908203125,-8.98375248491466,-3.9302828084155914,-0.12432713921605609
1789059115323690000,26.19868994140625,-8.985098054304718,-3.9278769163176417,-0.10088029485344886
1789059115333699800,26.208699951171877,-8.98645765222013,-3.925328400878608,-0.0759123327376321
1789059115343710000,26.2187099609375,-8.987171353447437,-3.9240819079488514,-0.052169071844872086
1789059115353720000,26.228719970703125,-8.987694500538707,-3.92314287353307,-0.026030584095360243
1789059115363730000,26.23872998046875,-8.988803923085332,-3.9206875893354414,0.0016047910056971885
1789059115373740000,26.248739990234377,-8.990676146697998,-3.916294907334447,0.027522850213421043
1789059115383750000,26.25875,-8.991831746473908,-3.9133874954551455,0.0523960124685429
1789059115393760000,26.268760009765625,-8.99225903197527,-3.9119258984699843,0.08061956058051437
1789059115403768800,26.278768798828125,-8.991708412355184,-3.9124849936574697,0.1096773949590046
1789059115413778700,26.28877880859375,-8.99214446568489,-3.9105432119399306,0.13918783194320275
1789059115423788800,26.298788818359377,-8.993391250875591,-3.906504750204086,0.1688694333763793
1789059115433799000,26.308798828125,-8.991727701577544,-3.9089845843210815,0.19763428529081864
1789059115443808800,26.318808837890625,-8.990213205361366,-3.910920813080668,0.2261660043028183
1789059115453819000,26.32881884765625,-8.98884483961761,-3.9121284353047607,0.2574950258831493
1789059115463828700,26.338828857421873,-8.989656156000494,-3.908085005132854,0.2886806204047985
1789059115473837800,26.348837890625,-8.98973974263072,-3.905530936735868,0.31904994837380946
1789059115483848000,26.358847900390625,-8.989857816052437,-3.9028953275352714,0.3467721045685932
1789059115493857800,26.36885791015625,-8.989237638327479,-3.9018244834333657,0.373839267453365
1789059115503868000,26.378867919921873,-8.988913813200593,-3.9001138801231976,0.39866175668388604
1789059115513877800,26.388877685546873,-8.987776333603263,-3.900510770486295,0.4198579086434096
1789059115523887900,26.398887939453125,-8.986961510089039,-3.900610139207542,0.4360635953718796
1789059115533898000,26.40889794921875,-8.985866116067767,-3.901615516857803,0.44943223204351956
1789059115543907800,26.418907958984374,-8.984307196187972,-3.9035014767348764,0.4639843428786844
1789059115553917000,26.4289169921875,-8.984742664995789,-3.900908245371282,0.4771758328851312
1789059115563927000,26.438927001953125,-8.985105068567394,-3.898908595986664,0.48660786076020446
1789059115573937000,26.44893701171875,-8.987253186511992,-3.8927196782186626,0.49639272066093976
1789059115583947000,26.458947021484374,-8.989007336702942,-3.8871883475765583,0.5078366728803143
1789059115593956900,26.468956787109374,-8.991029782441258,-3.8812911062315103,0.5170590035274625
1789059115603967000,26.478967041015625,-8.992003011387586,-3.8780247979119418,0.5245821655739098
1789059115613976800,26.488976806640625,-8.992597470149397,-3.8756498854741452,0.5318931096417829
1789059115623987000,26.498987060546874,-8.992290011635422,-3.8756834954828023,0.5368249034881591
1789059115633996000,26.50899609375,-8.9929090203166,-3.873783507080376,0.5401593816731125
1789059115644006000,26.519005859375,-8.995078765571117,-3.8681554380655285,0.5443461293058469
1789059115654015700,26.529015625,-8.998238690906762,-3.8602287367194887,0.5483786362249404
1789059115664025900,26.53902587890625,-9.001774463817476,-3.85128409050256,0.5532178929496556
1789059115674035700,26.54903564453125,-9.002315731087327,-3.8490725519329305,0.5597633325377479
1789059115684045800,26.5590458984375,-9.00176861859858,-3.8497257551446555,0.5640579609917477
1789059115694055700,26.5690556640625,-8.99990165568292,-3.853637083369493,0.5671270297061651
1789059115704065000,26.57906494140625,-9.000346476840972,-3.8523303846850987,0.5689457330333069
1789059115714075100,26.5890751953125,-9.003156273564695,-3.8456229960009454,0.569866281944327
1789059115724085000,26.5990849609375,-9.006707244044541,-3.837050105705857,0.5715365897767245
1789059115734095000,26.60909521484375,-9.010360505855083,-3.8281294248864053,0.5737686231451109
1789059115744105200,26.619105224609374,-9.012127515527606,-3.8239790272086855,0.5736928179625421
1789059115754115000,26.629114990234374,-9.012132191702722,-3.823829389604926,0.5746191755598411
1789059115764125200,26.639125244140626,-9.011331981235742,-3.825640238419175,0.5751150693180039
1789059115774135000,26.649135009765626,-9.011542993637919,-3.8256463758990167,0.5717563700072467
1789059115784144000,26.659143798828126,-9.011516105630994,-3.826137374286353,0.5688883402902633
1789059115794154000,26.669154052734374,-9.011845191454887,-3.8258296235114333,0.5657334199232981
1789059115804163800,26.679163818359374,-9.013338060361146,-3.82299206199795,0.5611209211591631
1789059115814174000,26.689174072265626,-9.01368526636362,-3.822667360088229,0.557741471321322
1789059115824184000,26.69918408203125,-9.014944326514005,-3.820641991740465,0.5512376423852517
1789059115834194000,26.70919384765625,-9.013287791478634,-3.825471019332111,0.5447957362368703
1789059115844204000,26.7192041015625,-9.011104017698765,-3.831884685766697,0.5357696953468024
1789059115854214000,26.7292138671875,-9.008518092858791,-3.839501005989313,0.5246102226246148
1789059115864223000,26.739222900390626,-9.006644700202346,-3.8456358554825183,0.5116869551002979
1789059115874233000,26.749233154296874,-9.005984190467,-3.849029297313094,0.49760374041851607
1789059115884243000,26.759242919921874,-9.005543460962176,-3.851934663365781,0.48288259315937754
1789059115894253000,26.769253173828126,-9.00613324354887,-3.8524221546217796,0.4677549474585801
1789059115904263000,26.779262939453126,-9.006091157972811,-3.8547859611436723,0.4487052329432219
1789059115914273000,26.78927294921875,-9.00577726971805,-3.8582343480318784,0.42472036358062176
1789059115924283100,26.799283203125,-9.004766631370781,-3.8631802800014614,0.40050292757116257
1789059115934293000,26.80929296875,-9.003977526819705,-3.867455180841684,0.37625498682558534
1789059115944302000,26.819302001953126,-9.003735534757375,-3.8702366282537577,0.35269966798666863
1789059115954312200,26.829312255859374,-9.00417392617464,-3.8714065488159655,0.3277900119293481
1789059115964322000,26.839322021484374,-9.002804975908994,-3.876715176618099,0.3016051483044401
1789059115974332200,26.849332275390626,-9.002223376628756,-3.879999312855303,0.27561158773424105
1789059115984342000,26.859342041015626,-9.003155689042806,-3.879673149640858,0.24841184797836466
1789059115994352000,26.86935205078125,-9.006278789499401,-3.8742689525097607,0.2176369166168384
1789059116004362000,26.879362060546875,-9.008471331107616,-3.870657484014332,0.18931937007848174
1789059116014370800,26.889370849609374,-9.008678836378454,-3.871423499950766,0.1617777215497568
1789059116024381000,26.899380859375,-9.007331513422727,-3.8756399486020205,0.13334473193818702
1789059116034391000,26.90939111328125,-9.00566504151523,-3.8803494414672253,0.10616914937603286
1789059116044401000,26.91940087890625,-9.005299130812286,-3.8818317889794707,0.07966841560183092
1789059116054411000,26.929410888671875,-9.00561126550138,-3.881543619687855,0.05447115650847554
1789059116064420900,26.9394208984375,-9.006619565761088,-3.8794723663717505,0.02969345398446312
1789059116074431000,26.949430908203126,-9.007851737904549,-3.8767142998352644,0.009048536991310538
1789059116084440800,26.95944091796875,-9.009484892064332,-3.872923090858757,-0.005553299303672974
1789059116094450000,26.969449951171875,-9.011100510567426,-3.869135973535478,-0.015442926761624402
1789059116104460000,26.9794599609375,-9.012855245280265,-3.8650034037753938,-0.024048669013543984
1789059116114470000,26.989469970703126,-9.014526977884769,-3.861041222146153,-0.03237174926602747
1789059116124480000,26.99947998046875,-9.016649376866221,-3.85599270658493,-0.041770080367475745
1789059116134490000,27.009489990234375,-9.020047787132858,-3.8479017545878884,-0.052627172609604894
1789059116144500000,27.0195,-9.023989218235016,-3.838540636524558,-0.060091503441170785
1789059116154510000,27.029510009765627,-9.027476475828886,-3.8303801264226434,-0.05689976276173256
1789059116164520000,27.03952001953125,-9.030664458215236,-3.8229590365111825,-0.04966320367089938
1789059116174529000,27.049529052734375,-9.033518094080685,-3.8163065928846596,-0.04171560110072605
1789059116184539100,27.0595390625,-9.036921180522441,-3.808256557419896,-0.04025347439260222
1789059116194549000,27.069549072265627,-9.03850815745294,-3.8044711936622857,-0.041809206801466645
1789059116204559000,27.07955908203125,-9.03986950893402,-3.8012674291849136,-0.03884732022199314
1789059116214569200,27.0895693359375,-9.04080357491374,-3.7991055749759077,-0.03242279903325252
1789059116224579000,27.0995791015625,-9.041842854833602,-3.7967020209655162,-0.022781393590662627
1789059116234589200,27.109589111328123,-9.043350336787103,-3.7931633254453536,-0.010750826847570715
1789059116244599000,27.11959912109375,-9.044484309253097,-3.790471602143347,-0.003990364260820206
1789059116254608000,27.12960791015625,-9.045716481396555,-3.7875308725163337,0.002124322081301943
1789059116264618000,27.139617919921875,-9.046823565855622,-3.784874805049598,0.00966134083563229
1789059116274627800,27.1496279296875,-9.0464167386204,-3.785819976945221,0.017236616661807057
1789059116284638000,27.159637939453123,-9.045583210405708,-3.787759420575201,0.026278149665240197
1789059116294647800,27.169647705078123,-9.04496303268075,-3.789149705889821,0.03709077942784643
1789059116304658000,27.179657958984375,-9.044436962980031,-3.790257374870777,0.04998176810077857
1789059116314668000,27.18966796875,-9.044374419137835,-3.7901682352825996,0.06561747748814523
1789059116324678000,27.199677978515624,-9.045214961615205,-3.787903505221009,0.0791161428807769
1789059116334687000,27.20968701171875,-9.046852207428216,-3.7837452164977785,0.09013610666757449
1789059116344697000,27.219697021484375,-9.048238108828663,-3.7802185036763545,0.09860342682949266
1789059116354707000,27.22970703125,-9.049135349929331,-3.777817580014467,0.10785634441114962
1789059116364717000,27.239717041015624,-9.050176383414865,-3.7750963383570313,0.11548639176501892
1789059116374727000,27.249726806640624,-9.052040423721074,-3.770325762954354,0.12489380578864365
1789059116384737000,27.259737060546875,-9.052408087989688,-3.7690462445378303,0.13632787593482062
1789059116394747100,27.2697470703125,-9.052675214493274,-3.768239312069118,0.14081477555790914
1789059116404756000,27.279755859375,-9.052014120236038,-3.769757315416634,0.14266612991248256
1789059116414766000,27.28976611328125,-9.052623192045091,-3.768268538163602,0.14336179315960035
1789059116424776200,27.299776123046875,-9.052716715547442,-3.768054895412922,0.14306677400209009
1789059116434786000,27.3097861328125,-9.053272595864534,-3.766808402483165,0.1406938434588257
1789059116444796200,27.319796142578124,-9.054007924401759,-3.765115042568743,0.1386704570055939
1789059116454806000,27.329805908203124,-9.054933807075024,-3.7630104715049266,0.1353180687046144
1789059116464816000,27.339816162109376,-9.05600172856748,-3.7606393584594127,0.1296340225856751
1789059116474826000,27.349825927734376,-9.054432871815562,-3.7645702681675552,0.12506625801241025
1789059116484834800,27.359834716796875,-9.054059362328053,-3.7656419890522956,0.11974002148834988
1789059116494845000,27.369844970703124,-9.054761957639455,-3.764161687366664,0.11295787793439813
1789059116504855000,27.37985498046875,-9.05632087751925,-3.760608963321149,0.10609112483691424
1789059116514865000,27.389864990234376,-9.058422818234563,-3.7558848574087023,0.09323812780352309
1789059116524875000,27.399875,-9.060171123206615,-3.752027889719605,0.07723233842817134
1789059116534884900,27.409884765625,-9.06228943053484,-3.7471684669896956,0.06342827404791024
1789059116544895000,27.41989501953125,-9.063736706733703,-3.743900112843513,0.04767669232906773
1789059116554904800,27.42990478515625,-9.064237057471274,-3.7428570335313673,0.0318778419689741
1789059116564914000,27.439913818359376,-9.063857118242979,-3.743881992664933,0.015120395117747829
1789059116574924000,27.449924072265624,-9.063073274388909,-3.74580857681334,-0.0015734003535901138
1789059116584934000,27.459933837890624,-9.063755411434173,-3.7441125865504143,-0.01867936738260323
1789059116594944000,27.469944091796876,-9.06465557514429,-3.741802263781428,-0.03635726610508282
1789059116604954000,27.4799541015625,-9.064836192408203,-3.741183547361195,-0.05175740403775125
1789059116614964000,27.4899638671875,-9.064352208283543,-3.742140117433667,-0.06549834005392621
1789059116624974000,27.49997412109375,-9.06288447381854,-3.7454686773344874,-0.07725491558616049
1789059116634984000,27.50998388671875,-9.062411011087894,-3.7462788246735927,-0.0920974972678814
1789059116644993000,27.519992919921876,-9.06152429138124,-3.7479853363305327,-0.10849116258281283
1789059116655003100,27.530003173828124,-9.061763945356011,-3.746980250941217,-0.1222932222356554
1789059116665013000,27.540012939453124,-9.061674513506889,-3.746910985097289,-0.13076707260305992
1789059116675023000,27.550023193359376,-9.064857235196232,-3.7388811156377195,-0.13968033730103632
1789059116685033000,27.560032958984376,-9.066635935306548,-3.7342706992328165,-0.14736797832734883
1789059116695043000,27.57004296875,-9.068088472202419,-3.7304838741704818,-0.1537855720183812
1789059116705053000,27.580052978515624,-9.06640972533524,-3.7342405963554977,-0.16138044759416953
1789059116715062800,27.590062744140624,-9.064939652782678,-3.7373829860344525,-0.1709573455663398
1789059116725071600,27.600071533203124,-9.063283117747305,-3.7408877792850133,-0.1817879516603425
1789059116735081700,27.610081787109376,-9.062868691727518,-3.741424078118801,-0.19115460441531612
1789059116745091600,27.620091552734376,-9.063505820587277,-3.739603584693372,-0.19650559178814292
1789059116755101700,27.630101806640624,-9.064919779038428,-3.7360946997895836,-0.19801548489443957
1789059116765111800,27.64011181640625,-9.065822865357994,-3.7339258313179013,-0.19758005261924116
1789059116775121700,27.65012158203125,-9.065604838693142,-3.7344124457910657,-0.198381961852964
1789059116785131800,27.6601318359375,-9.064527564850449,-3.7369071852162477,-0.2006361705205403
1789059116795141600,27.6701416015625,-9.064737992730736,-3.736135031799972,-0.20542970667369662
1789059116805150700,27.680150634765624,-9.065369276371598,-3.734191788777709,-0.2127936413041316
1789059116815160800,27.690160888671876,-9.06566329088211,-3.73311714528352,-0.21900442384406923
1789059116825170700,27.700170654296876,-9.066315032789111,-3.73155062661916,-0.21874213791238142
1789059116835180800,27.710180908203125,-9.065647508791088,-3.7331872879102823,-0.2184732213105075
1789059116845190700,27.720190673828125,-9.066584497380257,-3.7309178816735744,-0.218353485654667
1789059116855200800,27.73020068359375,-9.066923520076275,-3.730260294547677,-0.2155040510402992
1789059116865211000,27.7402109375,-9.068315851217507,-3.72681366122514,-0.21655171519601715
1789059116875220700,27.750220703125,-9.068583562242985,-3.7261478907927867,-0.2167777242379263
1789059116885229800,27.760229736328125,-9.067691581839323,-3.72828607186526,-0.217330407950934
1789059116895240000,27.770239990234376,-9.068025343838334,-3.727583768814802,-0.21545020196121184
1789059116905249800,27.780249755859376,-9.070032007485628,-3.722874568210542,-0.21239306114660575
1789059116915260000,27.790260009765625,-9.071236707100272,-3.7199937520772215,-0.2114088541485369
1789059116925269800,27.800269775390625,-9.07301073103547,-3.715848615096509,-0.20816146972514687
1789059116935279900,27.81027978515625,-9.073400607135891,-3.7151074413403866,-0.2043646895243786
1789059116945289700,27.820289794921877,-9.074154640373587,-3.7133901160284877,-0.20208662505717948
1789059116955299800,27.8302998046875,-9.0765003267169,-3.707801794502139,-0.19931537024555726
1789059116965308700,27.84030859375,-9.078933106821776,-3.7018998769819733,-0.19822764807408674
1789059116975318800,27.85031884765625,-9.08010039703548,-3.6989655770957466,-0.19954327898360788
1789059116985328600,27.86032861328125,-9.079162239402532,-3.7012192012414333,-0.20041781506212428
1789059116995338800,27.8703388671875,-9.079364483976363,-3.700655137617886,-0.20167638202216476
1789059117005348600,27.8803486328125,-9.081842272266744,-3.6946032902330157,-0.20108572265263647
1789059117015358700,27.890358642578125,-9.084260439324378,-3.688753979682922,-0.1992267969129607
1789059117025368600,27.90036865234375,-9.086033878737688,-3.684216920775175,-0.20228850430482997
1789059117035378700,27.910378662109373,-9.086308019503951,-3.683338092114031,-0.20594439646387472
1789059117045387800,27.9203876953125,-9.086631260108947,-3.6824268224880097,-0.2079727056873962
1789059117055397600,27.930397705078125,-9.087693920904398,-3.67964800542444,-0.21069385601328686
1789059117065407700,27.94040771484375,-9.090286860007048,-3.673127956005931,-0.21261001009922473
1789059117075417900,27.95041796875,-9.091824737098813,-3.669153499417007,-0.21544406448137013
1789059117085427700,27.960427734375,-9.092024643585086,-3.668492405159771,-0.21826531418086959
1789059117095437800,27.970437744140625,-9.091078887167573,-3.670860011073947,-0.2178347042112611
1789059117105447700,27.98044775390625,-9.090387982293963,-3.6724963801041244,-0.21909336250284686
1789059117115457800,27.990457763671873,-9.089769558134675,-3.673867668457329,-0.22173881724402308
1789059117125467000,28.000466796875,-9.089749099868536,-3.6740073691889643,-0.2202604517871514
1789059117135476700,28.010476806640625,-9.091632429397105,-3.66956704865396,-0.21652079033479094
1789059117145486800,28.02048681640625,-9.093663642963767,-3.664816639256477,-0.21163590437006205
1789059117155497000,28.0304970703125,-9.094427028551697,-3.663227908760309,-0.2062478181235492
1789059117165506800,28.0405068359375,-9.094035398885607,-3.6643121968656778,-0.20426152141084894
1789059117175517000,28.050516845703125,-9.093992144265771,-3.6644185798496007,-0.204261539677158
1789059117185526800,28.06052685546875,-9.095285106685758,-3.661221245113015,-0.20404720280673352
1789059117195537000,28.070536865234374,-9.097491092297433,-3.655680562120676,-0.20502967450544238
1789059117205545700,28.080545654296873,-9.099609984147548,-3.6503996991083025,-0.20509769824035465
1789059117215555600,28.0905556640625,-9.1002757545799,-3.6487910948678848,-0.20418891283236443
1789059117225565700,28.100565673828125,-9.0992160163939,-3.651455930162966,-0.20376718028895555
1789059117235575600,28.110575439453125,-9.098061001139879,-3.654287646457553,-0.20458923726156353
1789059117245585700,28.120585693359374,-9.095575029543042,-3.6604651660487053,-0.20468685241714119
1789059117255595800,28.130595703125,-9.094034229841828,-3.6644042590633035,-0.20265035988716407
1789059117265605600,28.140605712890626,-9.09337898080349,-3.6661122320249673,-0.20116664240173995
1789059117275615700,28.15061572265625,-9.09443871898949,-3.663482760304212,-0.20115701605686917
1789059117285624800,28.160624755859374,-9.093992144265771,-3.6646336839050053,-0.2003848261079751
1789059117295634700,28.170634765625,-9.093810942479967,-3.665195701701939,-0.1983198564021848
1789059117305644800,28.180644775390626,-9.093640846610068,-3.6657001440927384,-0.19678261863123625
1789059117315654700,28.190654541015626,-9.093671826270223,-3.6655867468461394,-0.19744612404126674
1789059117325664800,28.200664794921874,-9.092225134593248,-3.6691762957707046,-0.19741737287081776
1789059117335675000,28.2106748046875,-9.091410311079025,-3.671148180365562,-0.19829024671521037
1789059117345684700,28.220684814453126,-9.092311643832922,-3.6689839880689976,-0.1970104360377416
1789059117355694800,28.23069482421875,-9.093313514351845,-3.6666195970252153,-0.19476026422446593
1789059117365704000,28.240703857421874,-9.09235197584331,-3.6690430247798558,-0.19401982112070545
1789059117375713800,28.2507138671875,-9.091446551436185,-3.671210139685869,-0.19544183501414952
1789059117385724000,28.260723876953126,-9.092094786211847,-3.6696184865802524,-0.19517726579383016
1789059117395733800,28.270733642578126,-9.093010732012987,-3.6673949653118845,-0.1942979987412691
1789059117405743900,28.280743896484374,-9.093252139553428,-3.6667329942718148,-0.19549747419152408
1789059117415753700,28.290753662109374,-9.093045803326367,-3.6673005650267,-0.1944519837265834
1789059117425763800,28.300763916015626,-9.091835843014717,-3.6704222041785717,-0.19211292805345728
1789059117435774000,28.31077392578125,-9.091727706465125,-3.6705507989943027,-0.1947425093720667
1789059117445782800,28.32078271484375,-9.09309665673077,-3.6668995830103754,-0.19956211154824122
1789059117455792600,28.330792724609374,-9.094964204168319,-3.6622900433883068,-0.19909809249937532
1789059117465802800,28.340802734375,-9.096441875505446,-3.6587288437753913,-0.19707467864667996
1789059117475812600,28.3508125,-9.095366355228423,-3.661642685395479,-0.19253349155308677
1789059117485822700,28.36082275390625,-9.094842623615264,-3.6630829473316666,-0.18986339556099846
1789059117495832600,28.37083251953125,-9.094580757808684,-3.663619246165454,-0.1920386024419218
1789059117505842700,28.3808427734375,-9.0955037178725,-3.661340195317566,-0.19180506768068298
1789059117515852800,28.390852783203126,-9.097172527867555,-3.65733300550282,-0.18909507806962356
1789059117525861600,28.400861572265626,-9.097783937764166,-3.6559161244422196,-0.18704136041020974
1789059117535871700,28.410871826171874,-9.099532827258109,-3.6516269028156993,-0.18575738501427694
1789059117545881900,28.4208818359375,-9.101663409546017,-3.646342240411043,-0.1852092313459143
1789059117555891700,28.4308916015625,-9.10387699394226,-3.6409137856215237,-0.18318150664428248
1789059117565901800,28.44090185546875,-9.102754711914063,-3.643828504024446,-0.18099126659100875
1789059117575911700,28.45091162109375,-9.100397919654846,-3.6496275456920264,-0.18266398557620123
1789059117585921800,28.460921875,-9.098541478133201,-3.6540687430098653,-0.18629952906696126
1789059117595931600,28.470931640625,-9.099073977574706,-3.652545478965342,-0.19012511523710562
1789059117605940700,28.480940673828126,-9.099485480985045,-3.6514497926831244,-0.19147855740636585
1789059117615950800,28.490950927734374,-9.100079355224967,-3.6499203911587594,-0.19242825934663413
1789059117625960700,28.500960693359374,-9.100952630928159,-3.6479058364659545,-0.18929664679002015
1789059117635970800,28.510970703125,-9.103267922133206,-3.6422234069153663,-0.1873748118819669
1789059117645981000,28.52098095703125,-9.102689245462416,-3.643706631210446,-0.1866393920131959
1789059117655990800,28.53099072265625,-9.101409727045894,-3.6468148263588547,-0.1883307974325493
1789059117666001000,28.5410009765625,-9.100832803940772,-3.648158642183244,-0.1901749457282014
1789059117676010800,28.5510107421875,-9.100991793894767,-3.647572951249778,-0.19375746212378142
1789059117686019600,28.56101953125,-9.102084849828481,-3.644451019836962,-0.2010248775771819
1789059117696029700,28.57102978515625,-9.10236658937931,-3.643229953609407,-0.21019144118279218
1789059117706040300,28.581040283203127,-9.103671242237091,-3.639572015623748,-0.21696184863317758
1789059117716050400,28.591050537109375,-9.104217770203947,-3.638018940962851,-0.2200455851937644
1789059117726060300,28.601060302734375,-9.103924924737214,-3.6385049709141253,-0.2240997742217034
1789059117736070400,28.6110703125,-9.103064508515596,-3.6401065608918666,-0.23286663445262237
1789059117746080500,28.62108056640625,-9.103077952519058,-3.6395135634347793,-0.24145030187005176
1789059117756090400,28.63109033203125,-9.102840636631846,-3.639650049296021,-0.24823068272517992
1789059117766099200,28.64109912109375,-9.103694623112679,-3.637166415786743,-0.25326862209346146
1789059117776109300,28.651109375,-9.105570938378571,-3.632199733290076,-0.25707835310734806
1789059117786119200,28.661119140625,-9.109332921260595,-3.6225630131557582,-0.25976298908144235
1789059117796129300,28.67112939453125,-9.10732684213519,-3.627285657763481,-0.26416244788309556
1789059117806139100,28.68113916015625,-9.104083330169319,-3.6346252068713305,-0.2748694641300477
1789059117816149200,28.691149169921875,-9.09947379054725,-3.6451936548978088,-0.2872679771278985
1789059117826159400,28.701159423828123,-9.09772314748764,-3.648813891221583,-0.2966046000707894
1789059117836169200,28.711169189453123,-9.09816855316758,-3.6471465425312517,-0.3033756651083007
1789059117846178300,28.72117822265625,-9.101182348030806,-3.6391911996126174,-0.30846020183097567
1789059117856188400,28.7311884765625,-9.103767103827,-3.6321184847474095,-0.31546840009260924
1789059117866198300,28.7411982421875,-9.105153005227447,-3.628656653855741,-0.3153144151072949
1789059117876208400,28.75120849609375,-9.105040192502736,-3.629696226036548,-0.3064804992558434
1789059117886218200,28.76121826171875,-9.103909727168082,-3.6329283398255705,-0.30173547841953113
1789059117896228400,28.771228271484375,-9.103867057070136,-3.632839200237393,-0.304081365692243
1789059117906238200,28.78123828125,-9.104974141529201,-3.62986106120944,-0.30648798844255504
1789059117916248300,28.791248291015624,-9.108761258852482,-3.620338907365501,-0.3065962711226195
1789059117926257400,28.80125732421875,-9.110614193242787,-3.616261867184937,-0.2995713409218937
1789059117936267300,28.811267333984375,-9.112634300893545,-3.611981121125817,-0.2896072154641151
1789059117946277400,28.82127734375,-9.112226889136434,-3.6135350725695488,-0.28296613348182287
1789059117956287500,28.83128759765625,-9.113140496850013,-3.6112121825799344,-0.2832055682608858
1789059117966297300,28.84129736328125,-9.114759622484446,-3.6069860893175005,-0.28493911405522376
1789059117976307500,28.851307373046875,-9.118059248551726,-3.5988211953014133,-0.28259956519175317
1789059117986317300,28.8613173828125,-9.118898037463426,-3.5971480013921853,-0.2767943677780218
1789059117996327400,28.871327392578124,-9.120969583040475,-3.592340893371403,-0.270896487112157
1789059118006336300,28.881336181640624,-9.12327259928584,-3.5869086391896006,-0.2652724549516104
1789059118016346000,28.89134619140625,-9.125834558728338,-3.580414308734238,-0.26487076054923236
1789059118026356200,28.901356201171875,-9.128899791517853,-3.5728321830421685,-0.26160911013847216
1789059118036366300,28.911366455078124,-9.129750855389236,-3.5711499290436506,-0.25479718336761
1789059118046376200,28.921376220703124,-9.12877762644291,-3.573950081156194,-0.2503717316081747
1789059118056386300,28.93138623046875,-9.126393361654877,-3.580235152775049,-0.24747790986280888
1789059118066396200,28.941396240234376,-9.123026515570283,-3.5889153028368947,-0.24589016574732958
1789059118076406300,28.95140625,-9.119500679531694,-3.597987959347665,-0.24408116183029485
1789059118086415400,28.961415283203124,-9.119322984877229,-3.5984742815598842,-0.24355392308579757
1789059118096425200,28.97142529296875,-9.12185688726902,-3.5919799511045216,-0.24453065916346384
1789059118106435300,28.981435302734376,-9.123190181699394,-3.588633563286066,-0.24390838081296531
1789059118116445200,28.991445068359376,-9.122488755431771,-3.5908889409974214,-0.23685239788684992
1789059118126455300,29.001455322265624,-9.123601100587845,-3.5884757423758504,-0.2304985170817934
1789059118136465400,29.01146533203125,-9.11987769615054,-3.59815542486906,-0.22691530656646935
1789059118146475300,29.021475341796876,-9.116510850065946,-3.6068197928398846,-0.22465275019565595
1789059118156485400,29.0314853515625,-9.113366706821322,-3.6149642285898325,-0.22127189385201781
1789059118166495200,29.0414951171875,-9.11549553554356,-3.609386428457498,-0.22463289471771566
1789059118176504300,29.05150439453125,-9.11497589558363,-3.6108214296966787,-0.22264415031960233
1789059118186514400,29.061514404296876,-9.113868811124563,-3.613848084041476,-0.21881613473035394
1789059118196524300,29.071524169921876,-9.11012436389923,-3.623484511914849,-0.21536561068398877
1789059118206534400,29.081534423828124,-9.107389385977386,-3.63083078302443,-0.20715152549762278
1789059118216544500,29.09154443359375,-9.106960346910357,-3.6322903341829775,-0.20030589738655835
1789059118226554400,29.101554443359376,-9.109745593714713,-3.625733752146363,-0.1922855629403144
1789059118236564500,29.111564453125,-9.10999693812728,-3.6253859616219994,-0.18687407755190505
1789059118246574300,29.12157421875,-9.106575731506943,-3.6341271942213176,-0.1838122422958724
1789059118256583200,29.131583251953124,-9.101047907996177,-3.6483737462386485,-0.17517372115235774
1789059118266593300,29.14159326171875,-9.097950526502729,-3.6563767276912924,-0.16907321232017128
1789059118276603100,29.15160302734375,-9.097148562470078,-3.6584801297113296,-0.16672754424316807
1789059118286613200,29.16161328125,-9.096709002009034,-3.659806117618084,-0.16152946414342148
1789059118296623000,29.171623046875,-9.093256231206656,-3.6685479347392915,-0.15757984973480924
1789059118306633200,29.18163330078125,-9.088928431135416,-3.679369773004949,-0.1549179918481037
1789059118316643300,29.191643310546876,-9.083497638258338,-3.6929733509436247,-0.14968252974688073
1789059118326653200,29.201653076171876,-9.080165278965234,-3.7012402440294623,-0.14767002088068984
1789059118336662300,29.211662353515624,-9.080095720860362,-3.7013793602392075,-0.1484322556911502
1789059118346672400,29.22167236328125,-9.080162356355785,-3.701128600348532,-0.15062273320644162
1789059118356682200,29.23168212890625,-9.082363665792345,-3.695721772868931,-0.1506520140998531
1789059118366692400,29.2416923828125,-9.083184334525466,-3.6937329371392726,-0.14995358350691385
1789059118376702200,29.2517021484375,-9.08457491210103,-3.6901165002077816,-0.1546555049870163
1789059118386712300,29.26171240234375,-9.084714612832665,-3.6894939843952654,-0.16117060423577204
1789059118396722400,29.271722412109376,-9.085061818835138,-3.688401220722496,-0.16651960058091209
1789059118406732300,29.281732177734376,-9.084529319393635,-3.6896406993895767,-0.1681262503262609
1789059118416741400,29.291741455078125,-9.083672994825243,-3.6915360116168854,-0.17272108556954188
1789059118426751500,29.30175146484375,-9.083787561115622,-3.6909886068671938,-0.1783094436285086
1789059118436761300,29.31176123046875,-9.08406988518834,-3.6900536641046404,-0.18321261416859924
1789059118446771500,29.321771484375,-9.086941641232372,-3.682724636390805,-0.18818019171440972
1789059118456781300,29.33178125,-9.087941758185625,-3.6801539091199635,-0.19016784013397992
1789059118466791400,29.34179150390625,-9.090715314552188,-3.6730870394736526,-0.19418894887622445
1789059118476801300,29.35180126953125,-9.091623661568761,-3.6706004833549257,-0.19863005486251786
1789059118486811400,29.361811279296877,-9.09186799171865,-3.6697362677410243,-0.20335870908591894
1789059118496820200,29.3718203125,-9.090381552553175,-3.673137016095221,-0.20834868112662805
1789059118506830300,29.381830322265625,-9.089090343698858,-3.6758936213269826,-0.21594425082216037
1789059118516840200,29.391840087890625,-9.090328361061214,-3.6723195622324942,-0.22445319076925516
1789059118526850300,29.401850341796877,-9.091055506291985,-3.670120883144438,-0.23088254796331747
1789059118536860200,29.411860107421877,-9.09057970547378,-3.671045596773922,-0.2348805315583013
1789059118546870300,29.421870361328125,-9.092045686373114,-3.667056819398701,-0.24038555871536954
1789059118556880100,29.431880126953125,-9.09360051459968,-3.662937401381135,-0.24433679882548748
1789059118566890200,29.44189013671875,-9.095794225251675,-3.657121408578753,-0.24974055756516753
1789059118576899300,29.4518994140625,-9.096876175269484,-3.6537881725028156,-0.25895715259127317
1789059118586909200,29.4619091796875,-9.097456605505943,-3.6519030894085764,-0.26509852315681054
1789059118596919300,29.471919189453125,-9.096201637008786,-3.654800272154808,-0.2682118328717537
1789059118606929400,29.481929443359373,-9.096198714399337,-3.654378831872344,-0.27397927382467313
1789059118616939300,29.491939208984373,-9.096348936524986,-3.6534248921483754,-0.2816054395878687
1789059118626949400,29.501949462890625,-9.097471803075075,-3.6497429887652393,-0.2928660893958993
1789059118636959200,29.511959228515625,-9.09814926394522,-3.647463061134517,-0.30012729430422186
1789059118646969300,29.52196923828125,-9.0996070615381,-3.643220308998227,-0.3073759137256071
1789059118656978400,29.531978515625,-9.098836661687493,-3.6445585718646645,-0.314239040960744
1789059118666988300,29.54198828125,-9.09781667098999,-3.6464264115631577,-0.32200949229914694
1789059118676998400,29.551998291015625,-9.097390554532408,-3.6467481908634305,-0.33029348265025765
1789059118687008300,29.56200830078125,-9.096366472181677,-3.6485736527249215,-0.33824867943841963
1789059118697018400,29.572018310546873,-9.095953799727559,-3.6488492547959086,-0.34627836623489855
1789059118707027700,29.58202783203125,-9.096441290983558,-3.646942252130806,-0.3534824158621952
1789059118717037600,29.59203759765625,-9.096690297308564,-3.645469549229741,-0.3621575974879786
1789059118727047700,29.602047607421873,-9.09444222612083,-3.6498943799346684,-0.37386319631822407
1789059118737057800,29.612057861328125,-9.094267454075812,-3.6491520371347663,-0.3851888193875551
1789059118747066600,29.622066650390625,-9.093906804069876,-3.6492397154182195,-0.39280316684879363
1789059118757076700,29.63207666015625,-9.093950643211603,-3.648762745556235,-0.3962049381162971
1789059118767086800,29.6420869140625,-9.09289265859127,-3.651078913544118,-0.39914183181840923
1789059118777096700,29.6520966796875,-9.091911830860376,-3.652649231600761,-0.40703495968841014
1789059118787106800,29.66210693359375,-9.093629740694166,-3.6472175619408485,-0.4172306654123589
1789059118797116700,29.67211669921875,-9.095520084485411,-3.6422640311867,-0.4193043664138764
1789059118807126800,29.682126708984374,-9.096199298921228,-3.6406606876432894,-0.4184887026494369
1789059118817136600,29.69213671875,-9.094202572146058,-3.645706572856009,-0.4179531710006296
1789059118827145500,29.7021455078125,-9.0922789106071,-3.6505370617523787,-0.4176490369549021
1789059118837155600,29.712155517578125,-9.090314332535863,-3.6549379270598292,-0.42189924174528565
1789059118847165700,29.722165771484374,-9.08837898055911,-3.6593773708119985,-0.4251033350162208
1789059118857175600,29.732175537109374,-9.086642950546741,-3.663852762660384,-0.42365459751263257
1789059118867185700,29.742185546875,-9.086692634907365,-3.664020228181779,-0.4211346505809575
1789059118877195500,29.752195556640626,-9.088575964435934,-3.659652388361096,-0.4184674406656995
1789059118887205600,29.76220556640625,-9.091210404592752,-3.6533050651609895,-0.416702513352409
1789059118897215500,29.772215576171874,-9.091003483843803,-3.653953299936652,-0.4155299259090796
1789059118907224600,29.782224609375,-9.08951762920022,-3.658077394129336,-0.41173542899694293
1789059118917234700,29.792234619140626,-9.087890320259332,-3.662588149552047,-0.4075338125886395
1789059118927244500,29.80224462890625,-9.087702104210853,-3.6631019442930817,-0.4071162082310766
1789059118937254700,29.812254638671874,-9.08823168104291,-3.6620632488951084,-0.40463016356900333
1789059118947264800,29.8222646484375,-9.089607645571231,-3.6589690822720526,-0.40170375472828745
1789059118957274600,29.832274658203126,-9.090727004989981,-3.6564495006665587,-0.39930579020846635
1789059118967284700,29.84228466796875,-9.093128805434704,-3.6511134003356096,-0.3933991234479472
1789059118977294600,29.852294677734374,-9.097469464987515,-3.64097632946372,-0.38693781847935166
1789059118987303700,29.8623037109375,-9.10162132396996,-3.6313314260229466,-0.3798730311922729
1789059118997313800,29.872313720703126,-9.101063690087198,-3.6346380663529034,-0.36114451145529747
1789059119007323600,29.88232373046875,-9.094787094035745,-3.651551207230985,-0.3484293702563271
1789059119017333800,29.892333740234374,-9.087897334522008,-3.6675571701362726,-0.359907443941012
1789059119027344000,29.90234375,-9.084646808293462,-3.6736283067435025,-0.37952224499322473
1789059119037353700,29.912353759765626,-9.085122609111666,-3.6715316267251965,-0.38830830311495806
1789059119047363800,29.92236376953125,-9.085878395915032,-3.6692286104798315,-0.39237431044485416
1789059119057373700,29.932373779296874,-9.083616296201944,-3.67522726637274,-0.38859742225464433
1789059119067382500,29.942382568359374,-9.083085550326109,-3.677401980063319,-0.38033878554049877
1789059119077392600,29.952392578125,-9.081219756454228,-3.6827690600544214,-0.37288335496801883
1789059119087402500,29.962402587890626,-9.08188844949603,-3.680975162374973,-0.3743152144020423
1789059119097412600,29.97241259765625,-9.080953798994422,-3.6826349122807382,-0.3806013819994405
1789059119107422500,29.98242236328125,-9.079906920289993,-3.6847494202166793,-0.38508382464312013
1789059119117432600,29.9924326171875,-9.078480686879157,-3.6882834395617246,-0.3848829317761585
1789059119127442700,30.002442626953126,-9.077503950801491,-3.6906986840099094,-0.38477545281369235
1789059119137452500,30.01245263671875,-9.07687208263874,-3.692193306481838,-0.3853461653737351
1789059119147462700,30.022462646484374,-9.077715547725557,-3.689688630184531,-0.38944278703760354
1789059119157471700,30.0324716796875,-9.076698479637503,-3.691665483215451,-0.39437775922175494
1789059119167481600,30.042481689453126,-9.074233550828694,-3.6977462644338606,-0.39413733806200324
1789059119177491700,30.05249169921875,-9.072308135724068,-3.7032317101076244,-0.3868944907942787
1789059119187501600,30.06250146484375,-9.073392423829436,-3.701361532321572,-0.37928423498626795
1789059119197511700,30.07251171875,-9.074455669146776,-3.6991917870670554,-0.37498872974943365
1789059119207521800,30.082521728515626,-9.07308730340302,-3.702930681334436,-0.37117819501794874
1789059119217531600,30.09253173828125,-9.070081107324361,-3.7108424773722883,-0.3655913713289425
1789059119227541800,30.102541748046875,-9.067198829886317,-3.718743167494237,-0.3567061271490529
1789059119237550800,30.11255078125,-9.064881785115599,-3.7254859197527166,-0.3450494089618325
1789059119247560700,30.122560791015626,-9.062315149497985,-3.732817285554111,-0.33301373792700467
1789059119257570800,30.13257080078125,-9.061960344710945,-3.734833009290695,-0.319802191513218
1789059119267580700,30.14258056640625,-9.063074443432688,-3.733620710891485,-0.3018988522876985
1789059119277590800,30.1525908203125,-9.059311876028776,-3.744541917878389,-0.278668326690048
1789059119287600600,30.1626005859375,-9.056801354512572,-3.752080204428732,-0.2581195327233523
1789059119297610800,30.17261083984375,-9.0554224673748,-3.7570679297134277,-0.2327047949544154
1789059119307620600,30.18262060546875,-9.057879212877154,-3.752472418616712,-0.2101418846863322
1789059119318882800,30.1938828125,-9.058133479899167,-3.7530475881561633,-0.18770952372904867
1789059119328892700,30.203892578125,-9.05755246514082,-3.755454357036948,-0.16640539961671455
1789059119338902800,30.21390283203125,-9.059555621656775,-3.751684775370359,-0.14036484896647744
1789059119348912600,30.22391259765625,-9.061565207913517,-3.7478254695937037,-0.11058097446891478
1789059119358922800,30.2339228515625,-9.064624010962246,-3.7410070217505096,-0.08857822796739637
1789059119368932600,30.2439326171875,-9.064682463151216,-3.7412627500772473,-0.06976805326237809
1789059119378942700,30.253942626953126,-9.065862612846493,-3.7386511062741277,-0.05481211999983061
1789059119388951600,30.26395166015625,-9.064498923277855,-3.742121120472252,-0.042123391883750444
1789059119398961700,30.273961669921874,-9.063442692223191,-3.744814597339928,-0.027439606076490597
1789059119408971500,30.283971435546874,-9.064316552448272,-3.7427705242916938,-0.014673553249257383
1789059119418981600,30.293981689453126,-9.06639160515666,-3.737766724655032,-0.005789479254791513
1789059119428991500,30.303991455078126,-9.06689604754746,-3.736540982252359,0.006360363632303779
1789059119439001600,30.314001708984375,-9.066588004511594,-3.737244746607542,0.01922844578286167
1789059119449011500,30.324011474609375,-9.06620397363007,-3.738108377699554,0.029621436777734197
1789059119459021600,30.334021484375,-9.064790015178918,-3.7414673327386376,0.03731465359488502
1789059119469031700,30.34403173828125,-9.062095369267464,-3.74802800642848,0.03308042269176803
1789059119479040500,30.35404052734375,-9.060164108943939,-3.7527678944319485,0.023327412384154738
1789059119489050600,30.364050537109375,-9.058245708101987,-3.757429164241254,0.017031831929372854
1789059119499060700,30.374060791015626,-9.055100395813584,-3.765027656546235,0.010386950554797658
1789059119509070600,30.384070556640626,-9.053639675611256,-3.7685534925848243,0.0005337488998553453
1789059119519080700,30.394080810546875,-9.052283584827185,-3.771788528983295,-0.012543724446598207
1789059119529090600,30.404090576171875,-9.054737992241979,-3.7657743832603097,-0.032355177157139405
1789059119539100700,30.4141005859375,-9.055303224909306,-3.76417893076241,-0.05313827763663139
1789059119549110500,30.424110595703127,-9.053580054378509,-3.7680148556634783,-0.07169642750907224
1789059119559119600,30.43411962890625,-9.050870210897921,-3.7741777622073887,-0.08783298082435503
1789059119569129700,30.444129638671875,-9.049236472216249,-3.7777141196399926,-0.10286566911754198
1789059119579139600,30.4541396484375,-9.04940013834536,-3.776817755322158,-0.11993270364939235
1789059119589149700,30.464149658203127,-9.049265113788843,-3.7765409842073914,-0.13758033281448295
1789059119599159800,30.474159912109375,-9.048645520585774,-3.77739292486161,-0.15397236329475417
1789059119609169700,30.484169677734375,-9.04695625232458,-3.7807179776310917,-0.17069800051040945
1789059119619179800,30.4941796875,-9.047381784260272,-3.7788983609884976,-0.18759249148694798
1789059119629189600,30.504189697265623,-9.045832216730714,-3.7818443513125177,-0.20237592685995623
1789059119639199700,30.51419970703125,-9.047698595124482,-3.7764103435650465,-0.2196680936508812
1789059119649208600,30.52420849609375,-9.047320409461856,-3.7770723146051166,-0.2238423105956055
1789059119659218400,30.534218505859375,-9.046759268447756,-3.7784617231369015,-0.22307231260379776
1789059119669227500,30.5442275390625,-9.043682929742335,-3.785883689831197,-0.22195742843076585
1789059119679237600,30.554237548828127,-9.04169613983929,-3.7904602039664983,-0.22477924438584596
1789059119689247500,30.56424755859375,-9.042430299332738,-3.7884731218025087,-0.22870759681072084
1789059119699257600,30.574257568359375,-9.042041592276096,-3.7892972976669665,-0.23041173384748398
1789059119709268000,30.58426806640625,-9.040584379205107,-3.7929467600852247,-0.22752916414849458
1789059119719277800,30.59427783203125,-9.037909022516011,-3.799826582726836,-0.21885949894804507
1789059119729286700,30.60428662109375,-9.037433806219697,-3.801470258280635,-0.20976815600311383
1789059119739296800,30.614296875,-9.040008625143766,-3.795894796235859,-0.19951735909106208
1789059119749306600,30.624306640625,-9.042491674131155,-3.7904979056283827,-0.18934307974763215
1789059119759316700,30.634316650390623,-9.041800184735655,-3.792569451205432,-0.18070773694189265
1789059119769326600,30.64432666015625,-9.039520549365877,-3.798545310744643,-0.168823932000529
1789059119779336700,30.654336669921875,-9.037060296732188,-3.8049876187518237,-0.1549197271474637
1789059119789346800,30.664346923828123,-9.037540773725508,-3.8044583341807123,-0.13905858867350035
1789059119799356700,30.674356689453123,-9.041542995104193,-3.7954189954176543,-0.12524483858286403
1789059119809366800,30.68436669921875,-9.044338178780674,-3.7890515062123535,-0.11584770849123596
1789059119819375900,30.6943759765625,-9.045695438608528,-3.7861999161735174,-0.10232484023910947
1789059119829385700,30.7043857421875,-9.043742550975084,-3.791263921564817,-0.08613259751410222
1789059119839395800,30.714395751953123,-9.040993544527888,-3.798130884724855,-0.0708564969530562
1789059119849405700,30.72440576171875,-9.040446432039142,-3.7997438728794455,-0.051589760419842784
1789059119859415800,30.734415771484375,-9.04402955122292,-3.7914068371668455,-0.03398612566010561
1789059119869425700,30.74442578125,-9.047634297716616,-3.7828865538418293,-0.021744116114929782
1789059119879435800,30.754435791015624,-9.04897343736589,-3.7797389034658666,-0.006593100954988039
1789059119889446000,30.76444580078125,-9.048677669289708,-3.780435945819318,0.010735278793633915
1789059119899454700,30.774454833984375,-9.046886694219708,-3.784638073684275,0.0272166132588638
1789059119909464800,30.78446484375,-9.046337243643402,-3.785826114425063,0.0410211753960466
1789059119919475000,30.794474853515624,-9.045627634069323,-3.78738883369714,0.05191333895155694
1789059119929484800,30.80448486328125,-9.044898150750994,-3.7890123432457443,0.0599371439965209
1789059119939495000,30.814494873046876,-9.046051996961236,-3.7861382491141558,0.06697211610064842
1789059119949504800,30.8245048828125,-9.049114891663192,-3.7786841337159274,0.07383989211143925
1789059119959515000,30.834514892578124,-9.051330229625105,-3.773260939623415,0.07944743892806581
1789059119969524700,30.844524658203124,-9.053952979344128,-3.7668390898823736,0.08510579348332248
1789059119979534800,30.854534912109376,-9.0557229116261,-3.762425657354295,0.0917919932489749
1789059119989543700,30.864543701171876,-9.057656510037184,-3.757684600307047,0.09515998097788542
1789059119999553800,30.8745537109375,-9.059877693217992,-3.7523552219778296,0.09396622288236393
1789059120009563600,30.884563720703124,-9.06129925045371,-3.74899772824347,0.09089698063801042
1789059120019573800,30.89457373046875,-9.062146807193756,-3.747081957750022,0.0852040205602534
1789059120029583600,30.90458349609375,-9.062774583703279,-3.7456604005143044,0.08083030812120996
1789059120039593700,30.91459375,-9.062925974872707,-3.7453298533856865,0.07917250357735901
1789059120049603600,30.924603515625,-9.065634649309516,-3.738829385450482,0.07622408383423462
1789059120059613700,30.93461376953125,-9.06808613411486,-3.732999948644638,0.0700435822681291
1789059120069623800,30.944623779296876,-9.068876407709718,-3.7312721019387243,0.05896100157389882
1789059120079632600,30.954632568359376,-9.070787209767103,-3.726847271233797,0.04254963163891807
1789059120089642800,30.964642822265624,-9.071505002647637,-3.72526584726125,0.023925188764347693
1789059120099652900,30.97465283203125,-9.07127703911066,-3.725894208292663,0.005136269764023018
1789059120109662700,30.984662841796876,-9.069995182606577,-3.729010002225637,-0.0076636961784330195
1789059120119672800,30.9946728515625,-9.067579938158392,-3.7348563901662826,-0.015018437147192889
1789059120129682700,31.0046826171875,-9.06907514515221,-3.731144091644883,-0.028723544939805286
1789059120139692800,31.01469287109375,-9.071723613834381,-3.7245480543807146,-0.04422911372503731
1789059120149703000,31.024702880859376,-9.075546386992931,-3.7149256550326943,-0.06457256241193972
1789059120159711700,31.034711669921876,-9.076022187811136,-3.7134365855187177,-0.08118907669731415
1789059120169721900,31.044721923828124,-9.075554570299387,-3.714138596308231,-0.09931075311494059
1789059120179732000,31.05473193359375,-9.07476488122642,-3.715297410954535,-0.12485311758522875
1789059120189741800,31.064741943359376,-9.073446784365176,-3.71750748821944,-0.15194993582274763
1789059120199752000,31.074751953125,-9.07218947778046,-3.719579326057434,-0.1746104612464085
1789059120209761800,31.08476171875,-9.072576431271433,-3.7175881522402165,-0.19566561556635423
1789059120219772000,31.09477197265625,-9.073343908512593,-3.714618196518719,-0.2154620019968599
1789059120229781800,31.10478173828125,-9.073572456571458,-3.7128821665063496,-0.23490175700942054
1789059120239791900,31.1147919921875,-9.072650665551423,-3.7137384910747406,-0.2560111074683256
1789059120249800700,31.12480078125,-9.070037852704525,-3.7188895902276036,-0.2732393421775661
1789059120259810600,31.134810546875,-9.066376407587528,-3.72665496353209,-0.2885325537036173
1789059120269820700,31.144820556640624,-9.061866236686706,-3.736540982252359,-0.3020279768263921
1789059120279830800,31.154830810546876,-9.059964202457666,-3.7398733415454624,-0.3174685974664986
1789059120289840600,31.164840576171876,-9.057983257773518,-3.7434015156716107,-0.33207057532537726
1789059120299850800,31.174850830078125,-9.05575915198326,-3.7478009196743365,-0.34293110163360835
1789059120309860600,31.184860595703125,-9.052979165875911,-3.753825002269447,-0.3503533971214667
1789059120319870700,31.19487060546875,-9.052200582718848,-3.754981186567247,-0.3579993818299845
1789059120329880800,31.204880859375,-9.049946666312216,-3.759402510140836,-0.36842611983083184
1789059120339889700,31.2148896484375,-9.047744772353768,-3.763790515966713,-0.3776020905856043
1789059120349899800,31.224899658203125,-9.044175681695341,-3.7720056788653133,-0.38110681077092884
1789059120359910000,31.234909912109377,-9.04141907646358,-3.777993228842318,-0.38715909654721614
1789059120369919700,31.244919677734377,-9.038907385903597,-3.7833246529981492,-0.3936927726322785
1789059120379929900,31.254929931640625,-9.038126464658975,-3.7851457309454677,-0.3941162587413564
1789059120389939700,31.264939697265625,-9.038198360851407,-3.785576231317222,-0.3882955532312393
1789059120399949800,31.27494970703125,-9.03862272374332,-3.785174372518062,-0.3822859375528991
1789059120409959700,31.284959716796877,-9.038339230626821,-3.7863255883798,-0.3775609913902357
1789059120419969800,31.2949697265625,-9.03751914641559,-3.7882638629660006,-0.37774241237174716
1789059120429979000,31.304978759765625,-9.03682999510765,-3.789900816518068,-0.37781661011911927
1789059120439988700,31.31498876953125,-9.034956602451205,-3.794783035601675,-0.3735871923884377
1789059120449998800,31.324998779296877,-9.03421718226075,-3.7969530731171366,-0.3694009927449748
1789059120460009000,31.335009033203125,-9.032285921937227,-3.8018797158643602,-0.36593832160308953
1789059120470018800,31.345018798828125,-9.03265358620584,-3.800861770993471,-0.3674353917604312
1789059120480029000,31.35502880859375,-9.033034694477916,-3.7997757293224335,-0.3692912487601861
1789059120490038800,31.365038818359373,-9.034523471730948,-3.7965681654527783,-0.3658334364565089
1789059120500049000,31.375048828125,-9.03457198704779,-3.7971769450008868,-0.3582464884588495
1789059120510058800,31.385058837890625,-9.03248524390161,-3.802665313284099,-0.3526151680409908
1789059120520067600,31.395067626953125,-9.029191463053225,-3.8108930434033272,-0.3481130343161523
1789059120530077700,31.40507763671875,-9.02828954577744,-3.8135932422727343,-0.34188140991758553
1789059120540087800,31.415087890625,-9.029850219222903,-3.8108494965225455,-0.33108233147300775
1789059120550097700,31.42509765625,-9.032985010117292,-3.8043633493736384,-0.3199830645054579
1789059120560107800,31.435107666015625,-9.034804042237997,-3.8009278219670053,-0.3092649058099836
1789059120570117600,31.44511767578125,-9.03507642943859,-3.8010976255759594,-0.29905836816476655
1789059120580127700,31.455127685546874,-9.03472220917344,-3.8027857247933743,-0.2880972858252004
1789059120590137600,31.4651376953125,-9.032603317323327,-3.8088355263516305,-0.2742908239918761
1789059120600147700,31.475147705078125,-9.030728755623102,-3.814405727699399,-0.25812148721842093
1789059120610156800,31.48515673828125,-9.030250032195449,-3.816719849860668,-0.2400423347682692
1789059120620166700,31.495166748046874,-9.031698477438091,-3.8143484445542093,-0.22260084090083837
1789059120630176800,31.5051767578125,-9.032005351430177,-3.814323310112953,-0.21023856826014817
1789059120640187000,31.515186767578125,-9.032757046580315,-3.8133968429177996,-0.1941359035147354
1789059120650196700,31.52519677734375,-9.034735068655014,-3.8097996952086683,-0.17137493165759368
1789059120660206800,31.535206787109374,-9.038101330217719,-3.8027740343555805,-0.14836253318949602
1789059120670216700,31.545216796875,-9.04005421785116,-3.79907254948914,-0.12186780903097241
1789059120680226800,31.555226806640626,-9.039261606168747,-3.801678055812418,-0.0968314213214442
1789059120690236000,31.56523583984375,-9.03865721053481,-3.803599087002873,-0.07548040759377181
1789059120700245800,31.575245849609374,-9.03903013550043,-3.803068048866093,-0.05472409008992835
1789059120710255400,31.58525537109375,-9.038940703651308,-3.8034891968876123,-0.03742243166816188
1789059120720265500,31.595265380859374,-9.03862097017765,-3.8043671487659214,-0.02239288746342063
1789059120730275300,31.605275390625,-9.03722045572996,-3.8077556221604345,-0.005619397655446664
1789059120740285400,31.615285400390626,-9.03733326845467,-3.8074683296516536,0.01328132485601236
1789059120750295300,31.62529541015625,-9.037504533368349,-3.806916833248734,0.03582238519353559
1789059120760305400,31.635305419921874,-9.037549541553854,-3.8065839480325576,0.05482397026782855
1789059120770315500,31.6453154296875,-9.03738879803419,-3.8067490754663944,0.0682086949911667
1789059120780324400,31.655324462890626,-9.03759454973936,-3.806046772415936,0.07919544606152921
1789059120790334500,31.66533447265625,-9.038151599100232,-3.804523216110468,0.08831674575330689
1789059120800344600,31.675344482421874,-9.038813862401247,-3.8026658978059884,0.09977348438901826
1789059120810354400,31.6853544921875,-9.039728639158605,-3.8002097368255257,0.11000101915649138
1789059120820364500,31.695364501953126,-9.042465370646118,-3.793509946925938,0.11614567765765822
1789059120830374400,31.70537451171875,-9.0452208068341,-3.786682438993454,0.12412570749297737
1789059120840384500,31.715384521484374,-9.046147858551144,-3.7842414755821228,0.13079898384497501
1789059120850394400,31.725394287109374,-9.043335139217973,-3.7907334679499267,0.13715006077159195
1789059120860404500,31.735404541015626,-9.041723027846217,-3.794536659625172,0.13825763842100278
1789059120870413300,31.745413330078126,-9.041278206688165,-3.7957562645480034,0.1338114452676382
1789059120880423400,31.75542333984375,-9.044193217352031,-3.788941908358037,0.12988652690886518
1789059120890433300,31.765433349609374,-9.047212857434152,-3.781810741303861,0.12741248321183957
1789059120900443400,31.775443359375,-9.050622958138584,-3.773714528609812,0.12522514750170521
1789059120910453200,31.785453369140626,-9.051854545760154,-3.7709830578193064,0.11829463585247285
1789059120920463400,31.79546337890625,-9.052131609135866,-3.7706490035593507,0.10725089846444316
1789059120930473200,31.80547314453125,-9.050069415909052,-3.7758787209063764,0.09678246761318296
1789059120940483300,31.8154833984375,-9.0489331053555,-3.778927002561092,0.08308982315156609
1789059120950493400,31.825493408203126,-9.048340984681248,-3.780727329981327,0.06336171618429944
1789059120960502300,31.835502197265626,-9.047733666437864,-3.782506030091643,0.03937633079846855
1789059120970512400,31.845512451171874,-9.04848653063178,-3.780870245583355,0.017035222612990765
1789059120980522500,31.8555224609375,-9.049207830643653,-3.779180392800271,0.0037435852838738353
1789059120990532400,31.865532470703126,-9.050096888437867,-3.777045134337246,-0.007601437176493345
1789059121000542500,31.87554248046875,-9.051324968928098,-3.7740474138259885,-0.021462963369279168
1789059121010552300,31.88555224609375,-9.052730159550904,-3.7704832916036244,-0.04383453861661255
1789059121020562400,31.8955625,-9.05344561434388,-3.7684354191631075,-0.06630710828669835
1789059121030572300,31.905572265625,-9.052506287667155,-3.770303551122546,-0.08560314854620955
1789059121040582400,31.91558251953125,-9.051850454106926,-3.7715135114341973,-0.10035874606422147
1789059121050591500,31.925591552734375,-9.051690879631042,-3.7715114656075834,-0.1139223755849991
1789059121060601600,31.9356015625,-9.052142715051769,-3.770102183331549,-0.12421646364950574
1789059121070611500,31.945611572265626,-9.052503365057706,-3.7688776099726558,-0.13463312778091058
1789059121080621600,31.95562158203125,-9.053119451129437,-3.7669323211237784,-0.14708920705174094
1789059121090631400,31.96563134765625,-9.053253891164063,-3.766076873338222,-0.1601273787931539
1789059121100641500,31.9756416015625,-9.05335618249476,-3.7653193329691885,-0.17173841294143347
1789059121110651400,31.9856513671875,-9.052555387505889,-3.7669197539031503,-0.17871159468861295
1789059121120661500,31.99566162109375,-9.050778440961242,-3.7708056554257867,-0.1865887943371199
1789059121130671600,32.005671630859375,-9.0494544988811,-3.7733600160837173,-0.19878632313646374
1789059121140680200,32.01568017578125,-9.04906637634635,-3.773713359566033,-0.20946144640780984
1789059121150690300,32.02569018554688,-9.049192048552632,-3.7729131490990517,-0.21825736833643167
1789059121160700400,32.03570043945312,-9.050672642499208,-3.7689059592843055,-0.2259523067532107
1789059121170710300,32.04571020507812,-9.051905983686447,-3.7655963963449,-0.2316627568218857
1789059121180720400,32.055720458984375,-9.052891487592458,-3.762647775672376,-0.2408723375853151
1789059121190730200,32.065730224609375,-9.052950524303316,-3.76206208473891,-0.24770609259549528
1789059121200740400,32.075740234375,-9.052223379072547,-3.763658121758699,-0.2500230643009767
1789059121210750500,32.08575048828125,-9.05167743562758,-3.7645699759066105,-0.2560048969232477
1789059121220760300,32.09576025390625,-9.050924571433663,-3.7661379558756947,-0.2595180926759727
1789059121230769400,32.105769287109375,-9.050739862516522,-3.766687698712945,-0.2579930750657804
1789059121240779500,32.11577954101563,-9.052134531745313,-3.7636224659234285,-0.2537482223039493
1789059121250789400,32.12578930664063,-9.054755527898669,-3.75773545371145,-0.24740667125750332
1789059121260799500,32.13579956054687,-9.056036215358972,-3.7550253179699182,-0.24161541103757916
1789059121270809300,32.14580932617187,-9.054965955778956,-3.7580975650221107,-0.2338422745517455
1789059121280819500,32.1558193359375,-9.05324336977005,-3.7627807544022795,-0.2250526362334378
1789059121290829300,32.16582934570312,-9.052190645846723,-3.7659699058324096,-0.2137685142182745
1789059121300839400,32.17583935546875,-9.05255246489644,-3.7657661999538536,-0.20170244804518297
1789059121310849500,32.185849609375,-9.053294807696341,-3.7647684210881587,-0.18643446229193358
1789059121320858400,32.1958583984375,-9.05253142210841,-3.7676153349518775,-0.16471372020272537
1789059121330868500,32.20586840820312,-9.051428429302574,-3.771310974599421,-0.13873358536968006
1789059121340878600,32.215878662109375,-9.051293989267945,-3.7724917088165877,-0.1129781809369102
1789059121350888400,32.225888427734375,-9.05411956808269,-3.7662504763394593,-0.09308970490931533
1789059121360898600,32.23589868164063,-9.055782532858847,-3.7626471911504864,-0.07532434481580276
1789059121370908400,32.24590844726563,-9.057604487589002,-3.758609606197476,-0.055117573786387215
1789059121380918500,32.25591845703125,-9.056260087242721,-3.7621360267579553,-0.029501618923502972
1789059121390928400,32.26592846679687,-9.05495952603817,-3.7653812922894954,-0.001892476525533857
1789059121400938500,32.2759384765625,-9.053872899845242,-3.767916655986011,0.02400064232046716
1789059121410947300,32.285947265625,-9.053943626993894,-3.7675121668383476,0.04837695411948952
1789059121420957400,32.29595751953125,-9.056588004022837,-3.7608261132031675,0.06919149548343848
1789059121430967300,32.30596728515625,-9.057933573412894,-3.7570851731091737,0.09238457058095373
1789059121440977400,32.31597729492187,-9.061009912118315,-3.748952427797019,0.11764880309645086
1789059121450987300,32.3259873046875,-9.061061934566498,-3.748046418868005,0.14032854467723518
1789059121460997400,32.335997314453124,-9.0616908801198,-3.7458152988150712,0.15814005916714668
1789059121471007200,32.34600732421875,-9.060378628477453,-3.7483091614574193,0.17351493936097248
1789059121481017300,32.356017333984376,-9.05893310584426,-3.751265380914509,0.18471867134999484
1789059121491026400,32.3660263671875,-9.058198361828923,-3.7525831855148075,0.19377580149807036
1789059121501036300,32.376036376953124,-9.056826488953828,-3.755448219557106,0.20220864400165153
1789059121511046400,32.38604638671875,-9.058796327722073,-3.7504806602776046,0.20611887624794617
1789059121521056500,32.396056396484376,-9.060228406351804,-3.7467321213990448,0.21129542036931961
1789059121531066400,32.40606640625,-9.06105667386949,-3.74457757371366,0.21396115071354432
1789059121541076500,32.41607641601563,-9.06128113027513,-3.744193542832136,0.21114159978078678
1789059121551086300,32.42608642578125,-9.06012494597733,-3.747205584129691,0.20729234047411008
1789059121561096400,32.43609643554687,-9.057704440832138,-3.7532416494235394,0.20384634647238997
1789059121571106600,32.4461064453125,-9.057361911004781,-3.7542619323819872,0.20025259629674255
1789059121581116400,32.456116455078124,-9.05812763468027,-3.7527000898927447,0.19480172874601556
1789059121591125500,32.46612548828125,-9.059325904554129,-3.750346512503922,0.18411310667227954
1789059121601135600,32.47613549804687,-9.059674279600381,-3.7499721262335775,0.17435217563640326
1789059121611145500,32.4861455078125,-9.059462098154425,-3.7509599682271477,0.16379949143463746
1789059121621155600,32.496155517578124,-9.05947028146088,-3.75161784761399,0.14746644286629743
1789059121631165400,32.50616552734375,-9.05928264993429,-3.75269015302062,0.13076944722323677
1789059121641175600,32.516175537109376,-9.059258684536815,-3.7532413571625947,0.11574658620432018
1789059121651185200,32.52618505859375,-9.06016001729071,-3.7515517966404555,0.09870768178841098
1789059121661195300,32.5361953125,-9.05950827538371,-3.753521635408699,0.08226432297970168
1789059121671204400,32.546204345703124,-9.05777692154646,-3.7579961504742503,0.06728656147783622
1789059121681214200,32.556214111328124,-9.057136870077251,-3.759749423882365,0.05420936376713216
1789059121691224300,32.566224365234376,-9.05740341205895,-3.759256964190304,0.04264994564165827
1789059121701234400,32.576234375,-9.05781082381606,-3.758393917620182,0.030373935645469464
1789059121711244500,32.58624462890625,-9.059607644104958,-3.754138013741374,0.018358668077853506
1789059121721254700,32.59625463867187,-9.062862846508622,-3.746315941813588,0.004650166176690254
1789059121731264500,32.60626440429687,-9.0655335270226,-3.7398391470149157,-0.009643593974743271
1789059121741274600,32.616274658203125,-9.067724315065146,-3.734480834852159,-0.020186376695358194
1789059121751284500,32.626284423828125,-9.064896982684731,-3.7412837928652762,-0.028583282519166822
1789059121761293300,32.63629321289063,-9.060899437481165,-3.7508693673342464,-0.03829530779584311
1789059121771303400,32.64630346679687,-9.058939535585045,-3.7555262532293794,-0.044954637820878995
1789059121781313500,32.6563134765625,-9.058268504455684,-3.7571076772019265,-0.047951906240987587
1789059121791323400,32.666323486328125,-9.061664576634763,-3.7488384460285302,-0.05317919416890945
1789059121801333500,32.67633349609375,-9.062579937914013,-3.746608495019376,-0.05431047235431615
1789059121811343400,32.68634326171875,-9.06278919675052,-3.746099668714404,-0.05450796768779401
1789059121821353500,32.696353515625,-9.058477763292192,-3.7565798539355395,-0.049754631114285436
1789059121831363300,32.70636328125,-9.057277739852667,-3.7595138615608215,-0.04647118899682536
1789059121841373400,32.71637353515625,-9.056501494783163,-3.7614100505709644,-0.044259764591627754
1789059121851383600,32.72638354492187,-9.058467241898178,-3.7567043570980427,-0.04161688540002797
1789059121861392400,32.73639233398438,-9.059660251075028,-3.7538942681133745,-0.03498704404766904
1789059121871402500,32.74640258789063,-9.060817604416608,-3.7511420467957852,-0.030003686694125644
1789059121881412600,32.75641259765625,-9.062970983058214,-3.7459699048548933,-0.025486343983712138
1789059121891422500,32.76642236328125,-9.065133714050054,-3.7407489553362128,-0.023014129200880414
1789059121901432600,32.7764326171875,-9.06400207967162,-3.7434915320426225,-0.022776671749772503
1789059121911442400,32.7864423828125,-9.063454967182874,-3.7448303794309497,-0.020344432784302625
1789059121921452500,32.79645263671875,-9.063847765892744,-3.7439074193671344,-0.014366614183445927
1789059121931462400,32.80646240234375,-9.06605258246064,-3.7385882701709865,-0.005481359157935367
1789059121941471500,32.81647143554687,-9.06680077047944,-3.736778298139572,-0.00036827030336262394
1789059121951481600,32.826481689453125,-9.067446667167545,-3.7352094413876533,0.001865683275086485
1789059121961491700,32.83649169921875,-9.06894596581459,-3.7315678700149055,0.0013338415634134434
1789059121971501600,32.84650146484375,-9.069832685521245,-3.729411568763852,-0.003675191656203242
1789059121981511700,32.85651171875,-9.070628804334998,-3.7274627727836367,-0.010169939953385618
1789059121991521500,32.866521484375,-9.072129272025823,-3.723794313403964,-0.014670380619703792
1789059122001531600,32.87653173828125,-9.074197894993423,-3.7187332306221124,-0.018480297721613897
1789059122011541500,32.88654150390625,-9.074225367522239,-3.7186218792021273,-0.02573528409334831
1789059122021551600,32.896551513671874,-9.071049075573683,-3.7262995742231606,-0.033719791457674
1789059122031561700,32.906561767578125,-9.067347882968187,-3.735207980082929,-0.04249883760001976
1789059122041570300,32.9165703125,-9.067318072351814,-3.735164433202147,-0.05171376125884708
1789059122051580400,32.92658032226562,-9.069509444916248,-3.7296775262236594,-0.06231664584446698
1789059122061590500,32.936590576171874,-9.071469931334256,-3.7247035372033714,-0.07349957707405555
1789059122071600400,32.946600341796874,-9.069993429040908,-3.728144909828901,-0.08085289441235363
1789059122081610500,32.956610595703125,-9.068951226511597,-3.730487673562765,-0.08929896172368898
1789059122091620400,32.966620361328125,-9.067758217334747,-3.733090841798484,-0.1009239787315484
1789059122101630500,32.97663037109375,-9.065864366412162,-3.7372783566161987,-0.11508783916779793
1789059122111640600,32.986640625,-9.065268738606571,-3.738269705741107,-0.12895920119718648
1789059122121650400,32.996650390625,-9.06523483633697,-3.7380493409886952,-0.13745487067075446
1789059122131659500,33.006659423828125,-9.067559479892253,-3.7322175660952923,-0.14248936683977953
1789059122141669600,33.01666967773438,-9.067569416764378,-3.7321021230220794,-0.1448582422624342
1789059122151679500,33.02667944335938,-9.068389500975607,-3.729851421485841,-0.1513338223515544
1789059122161689600,33.03668969726562,-9.066723029068111,-3.733437755540013,-0.16235862671025098
1789059122171699500,33.04669946289062,-9.066544165369868,-3.7333643980428572,-0.1736410316923633
1789059122181709600,33.05670947265625,-9.06422828964293,-3.738760996389389,-0.17837573206406085
1789059122191719400,33.066719482421874,-9.063624478530883,-3.7401319924816487,-0.18030050784787163
1789059122201729500,33.0767294921875,-9.063476009970904,-3.740350311407447,-0.18321036741258576
1789059122211739600,33.08673974609375,-9.06394888817966,-3.739077222731709,-0.18577378815980627
1789059122221748500,33.09674853515625,-9.063543229988216,-3.740131407959759,-0.184359683578182
1789059122231758600,33.106758544921874,-9.063118282574415,-3.741241122767329,-0.18271233649626373
1789059122241768700,33.116768798828126,-9.062255528265236,-3.743315298692882,-0.1830396322218701
1789059122251778600,33.126778564453126,-9.064142949447035,-3.7385719035580753,-0.1864861742128618
1789059122261788700,33.13678857421875,-9.06316270623803,-3.7409026845932005,-0.18737778929034246
1789059122271798500,33.14679858398438,-9.062878628599643,-3.7416821445330974,-0.18554935002047568
1789059122281808600,33.15680859375,-9.062153236934542,-3.743490362998843,-0.18450672736605628
1789059122291818500,33.16681860351562,-9.060652769243717,-3.7471710973381995,-0.18346507282601668
1789059122301828600,33.17682861328125,-9.060317838200927,-3.7479011651784178,-0.18511084900535643
1789059122311837400,33.18683740234375,-9.058492960861324,-3.75213135009408,-0.18869188582990318
1789059122321847600,33.19684765625,-9.059683631950616,-3.74893255405277,-0.19499323273012414
1789059122331857400,33.206857421875,-9.060507807815075,-3.746655549031496,-0.20037472483906893
1789059122341867500,33.21686743164062,-9.059739746052026,-3.748588855181634,-0.19895472023962063
1789059122351877400,33.22687744140625,-9.056175331568717,-3.7575650655806063,-0.19176972237266598
1789059122361887500,33.236887451171874,-9.05486307992637,-3.760975166285038,-0.18681575322709976
1789059122371897300,33.2468974609375,-9.055925740721822,-3.7583743361368773,-0.1876585241941735
1789059122381907500,33.256907470703126,-9.057731913360954,-3.7540439057171344,-0.1871683660570532
1789059122391917600,33.26691748046875,-9.056967358729242,-3.7562066367089746,-0.18066802598601206
1789059122401926400,33.276926513671874,-9.057291768378018,-3.755987733261287,-0.16855523459436372
1789059122411936500,33.2869365234375,-9.056988986039162,-3.7574092904970047,-0.15237056325445883
1789059122421946600,33.296946533203126,-9.059021368649601,-3.7530849975571035,-0.13738672820483333
1789059122431956500,33.30695654296875,-9.059456252935528,-3.752748312948644,-0.11624395953351631
1789059122441966600,33.31696655273438,-9.059588354882598,-3.753084413035214,-0.0927081217132043
1789059122451976400,33.3269765625,-9.058046970659493,-3.7571667139127847,-0.07660797771844081
1789059122461986600,33.33698657226562,-9.057474139207601,-3.758795191897452,-0.06328728554148692
1789059122471996700,33.34699658203125,-9.056326138216257,-3.7618563330337405,-0.04221041258007754
1789059122482006500,33.357006591796875,-9.057558894881605,-3.7590862837985157,-0.016652949863713
1789059122492015600,33.367015625,-9.058310590031743,-3.757286248639226,0.013892008666839683
1789059122502025700,33.37702563476562,-9.060369860649109,-3.7520775740802286,0.04462233712659217
1789059122512035600,33.38703564453125,-9.060065909266472,-3.75233593275547,0.07458527168522122
1789059122522045700,33.397045654296875,-9.059758450752495,-3.7524306253015993,0.10209058395866304
1789059122532055600,33.4070556640625,-9.059621672630309,-3.7518522408917545,0.1313161030542571
1789059122542065700,33.41706567382813,-9.059372081783414,-3.751321495015919,0.16046724173938853
1789059122552075500,33.42707543945313,-9.058096655020117,-3.7529853365749117,0.19071761950384825
1789059122562085600,33.43708569335938,-9.056997753867506,-3.7540491664141413,0.21974828274762256
1789059122572095700,33.447095703125,-9.055883070623874,-3.754934132555127,0.2486716131594032
1789059122582104300,33.457104248046875,-9.057952278113365,-3.748099902620911,0.2750165444505401
1789059122592114400,33.46711450195313,-9.061270024359226,-3.738154847189784,0.29994892379632215
1789059122602124500,33.47712451171875,-9.064436379435659,-3.7284468153849244,0.32414160895701494
1789059122612134400,33.48713452148438,-9.06448781736195,-3.7262621648222205,0.3470029907150194
1789059122622144500,33.49714453125,-9.06228709244728,-3.7296138133376835,0.36785770882572977
1789059122632154400,33.507154296875,-9.058579470100998,-3.7363071734964843,0.3905462182348594
1789059122642164500,33.51716455078125,-9.057619685158134,-3.7360651814341543,0.41439829153064633
1789059122652174600,33.527174560546875,-9.055849168354273,-3.7376419292315837,0.438186140483804
1789059122662184400,33.537184326171875,-9.055372783014178,-3.7367812207490205,0.45506150663476436
1789059122672193500,33.54719360351562,-9.055718819972872,-3.733868255911767,0.4717732797218486
1789059122682203600,33.55720361328125,-9.05742270128131,-3.727582015249133,0.4884834088411182
1789059122692213500,33.567213623046875,-9.059706428304315,-3.7201232236757873,0.5027856000358238
1789059122702223600,33.5772236328125,-9.06133490628898,-3.714145026049018,0.5174177903698757
1789059122712234800,33.58723486328125,-9.059746760314702,-3.7150782152459025,0.5381159296793863
1789059122722244900,33.597244873046876,-9.059036566218733,-3.7138954352021214,0.5578747057795524
1789059122732254700,33.607254638671876,-9.059926793056725,-3.709771341009438,0.5707057284431531
1789059122742264800,33.61726489257813,-9.061797847625613,-3.7044197508484125,0.575745147382468
1789059122752274700,33.62727465820313,-9.063056907775998,-3.699889998464286,0.5849752594772726
1789059122762283500,33.637283447265624,-9.063822631451487,-3.6954338958382604,0.6010606808269396
1789059122772293600,33.647293701171876,-9.0640032487154,-3.692821375252306,0.6142487732999027
1789059122782303500,33.657303466796876,-9.067125180128215,-3.6850700304731725,0.6147260354228318
1789059122792313600,33.66731372070313,-9.067522070491313,-3.684215167209506,0.6139899762332439
1789059122802323500,33.67732348632813,-9.070079353758691,-3.678381346489489,0.6111923083387315
1789059122812333600,33.68733349609375,-9.069324735999107,-3.6809140798375006,0.6071297716075554
1789059122822343700,33.69734375,-9.069061116626859,-3.6829102220907806,0.5989035027930513
1789059122832353500,33.707353515625,-9.068064506804943,-3.6867072762861848,0.5905774268658831
1789059122842363600,33.71736376953125,-9.068373718884587,-3.6873937972456217,0.5814751789344474
1789059122852373500,33.72737353515625,-9.070216716402768,-3.6838606546834107,0.5750886562351137
1789059122862382600,33.73738256835937,-9.070889501097797,-3.6830291722953317,0.5697804668243974
1789059122872392700,33.747392822265624,-9.071272362935543,-3.6835581646054982,0.5601765529811382
1789059122882402600,33.757402587890624,-9.071392189922928,-3.6851948258966205,0.5473228070290759
1789059122892412700,33.76741259765625,-9.072492844641209,-3.6845547744274136,0.5332106585137546
1789059122902422800,33.7774228515625,-9.07267696903646,-3.6861353216171264,0.5189598321801051
1789059122912432600,33.7874326171875,-9.071178839433193,-3.6922581884115933,0.5013299578674137
1789059122922442800,33.79744287109375,-9.071113372981548,-3.6948604798644777,0.48300267587509005
1789059122932452600,33.80745263671875,-9.072652419117093,-3.6936782843425866,0.46271519972570235
1789059122942462700,33.81746264648437,-9.074631025713682,-3.6912203697964547,0.4431081070559099
1789059122952471800,33.82747192382813,-9.075942692834138,-3.6902383730217814,0.42401798746492714
1789059122962481700,33.83748168945313,-9.07672478312254,-3.69089362206012,0.40094504531547426
1789059122972491800,33.84749169921875,-9.07610694348514,-3.695268183882534,0.3737202441835776
1789059122982501600,33.85750170898437,-9.075030254164338,-3.700542617154121,0.34669527647271753
1789059122992511700,33.86751171875,-9.073856534209847,-3.705694593089819,0.32147279160656034
1789059123002521900,33.87752197265625,-9.073767102360724,-3.707869891302287,0.29805770322224123
1789059123012531700,33.88753173828125,-9.075341219809651,-3.7059003447949883,0.27363097184365615
1789059123022541800,33.897541748046876,-9.076810123318433,-3.7039898349985476,0.24972941511664537
1789059123032551400,33.907551513671876,-9.076084731653332,-3.7070880932748316,0.22928079358879475
1789059123042560500,33.917560546875,-9.073042879739404,-3.7158050682157278,0.20753891738001257
1789059123052570600,33.927570556640624,-9.069092096287012,-3.726763392342627,0.1821855726758018
1789059123062580500,33.93758056640625,-9.068505820831655,-3.7293867265835403,0.15576070801625028
1789059123072590600,33.947590576171876,-9.069893475797771,-3.7268788354158398,0.13338819662057794
1789059123082600700,33.9576005859375,-9.070002196869254,-3.727215812285244,0.11535365963028743
1789059123092610600,33.96761059570313,-9.069836192652582,-3.7280236215367912,0.10145184766370803
1789059123102620700,33.97762060546875,-9.069825086736678,-3.728421388682723,0.086776274845656
1789059123112630500,33.98763061523437,-9.070497871431709,-3.7270916013836857,0.07241656304374337
1789059123122640600,33.997640625,-9.07164937955439,-3.724498370020091,0.06064447941512335
1789059123132649700,34.00764965820313,-9.073407036876677,-3.7203909347012636,0.048542752840183674
1789059123142659600,34.01765966796875,-9.07293649675548,-3.7216502871125936,0.039009547879267484
1789059123152669700,34.02766967773437,-9.072503950557111,-3.7227471424385903,0.03473073804890737
1789059123162679600,34.03767944335937,-9.06984145334959,-3.7292446877643464,0.033042869443644304
1789059123172689700,34.047689697265625,-9.06896350147128,-3.731380530749261,0.03293081477076048
1789059123182699800,34.05769970703125,-9.06797390591204,-3.73379840554595,0.03132407826044364
1789059123192709600,34.06770971679688,-9.066749917075038,-3.736773037442565,0.030980386239173822
1789059123202719700,34.0777197265625,-9.0661285703063,-3.7382732128724454,0.031758645169250664
1789059123212729600,34.0877294921875,-9.066194036757945,-3.7380996098712083,0.03353794350118842
1789059123222739700,34.09773974609375,-9.066568715289234,-3.7371778188511726,0.03488612040686421
1789059123232748800,34.10774877929688,-9.067013536447286,-3.7360850551784037,0.03626093187442748
1789059123242758700,34.11775854492188,-9.068030604535341,-3.7335970377549526,0.03813700511172646
1789059123252768800,34.12776879882812,-9.067842388486861,-3.733986913855374,0.04430887356351595
1789059123262779000,34.13777880859375,-9.06902253818214,-3.731033617007732,0.05095741733305621
1789059123272788500,34.14778857421875,-9.068481270912288,-3.732283617068827,0.05558415011852048
1789059123282798600,34.15779858398437,-9.068953564599155,-3.731089438848197,0.05857669669773895
1789059123292808400,34.16780834960937,-9.068805096039176,-3.73138345335871,0.06273439633250236
1789059123302818600,34.177818603515625,-9.068191932576894,-3.73277256962955,0.06843753074440173
1789059123312828400,34.187828369140625,-9.069379681056738,-3.729764327724278,0.07480995185314677
1789059123322837500,34.19783740234375,-9.07043649663329,-3.7270290575414893,0.08255498562250285
1789059123332848600,34.2078486328125,-9.072520901691913,-3.721815122285485,0.08854616146185434
1789059123342858500,34.2178583984375,-9.071438951674104,-3.724264269003272,0.09607961657345294
1789059123352868600,34.22786865234375,-9.071448888546227,-3.7240225692018862,0.10418863395014777
1789059123362878500,34.23787841796875,-9.07168795799911,-3.723222943256795,0.11165351733756251
1789059123372888600,34.247888671875,-9.069981154081225,-3.7272403622046113,0.11621136330501176
1789059123382898700,34.257898681640626,-9.069171006742119,-3.729310446476936,0.1129850399359595
1789059123392908500,34.267908447265626,-9.069042996448278,-3.729786539556086,0.10741043640770949
1789059123402918700,34.27791870117188,-9.070313747036456,-3.7267230603322385,0.10645082499478012
1789059123412927700,34.287927734375,-9.070696024352312,-3.7256951785892247,0.10976249769288114
1789059123422937600,34.2979375,-9.069360391834378,-3.728696698492765,0.11790905233467928
1789059123432947700,34.30794775390625,-9.066646456700562,-3.7350966286629435,0.12391337991654872
1789059123442957600,34.31795751953125,-9.065253541037439,-3.7384927008420226,0.12340764061780646
1789059123452967700,34.3279677734375,-9.064632778790592,-3.7400861075133083,0.12072812834340146
1789059123462977500,34.3379775390625,-9.067328009223937,-3.7336984523028134,0.1159453145136591
1789059123472987600,34.34798754882812,-9.067616763037442,-3.7331405261591075,0.11121397514282726
1789059123482997800,34.357997802734374,-9.067313396176695,-3.733935768190026,0.10925204568640329
1789059123493007600,34.368007568359374,-9.066478698918223,-3.7359362943574785,0.1101295683064498
1789059123503016700,34.3780166015625,-9.06857537893653,-3.730918173934519,0.10758567424360663
1789059123513026800,34.38802685546875,-9.069608813637494,-3.728559335848689,0.10210081309173255
1789059123523036700,34.39803662109375,-9.07187500500381,-3.723195178467035,0.09637582304105162
1789059123533046800,34.408046875,-9.07211582802236,-3.722717331822216,0.09206712039592675
1789059123543056600,34.418056640625,-9.07263663702607,-3.7215102941200136,0.08952054118565284
1789059123553066800,34.428066650390626,-9.071991324859857,-3.7231945939451454,0.08471657497002742
1789059123563076600,34.43807666015625,-9.072644235810637,-3.721785603930056,0.0762951945753768
1789059123573086700,34.44808666992188,-9.07174407210052,-3.724110832007229,0.0696131732279202
1789059123583096800,34.45809692382812,-9.072630207285284,-3.7220080145090817,0.06648530526466201
1789059123593105700,34.468105712890626,-9.07312295923829,-3.72090180683285,0.06097498087796848
1789059123603115500,34.478115478515626,-9.071579821449518,-3.7248295016705986,0.049740027200197795
1789059123613125600,34.48812573242188,-9.070024993222951,-3.7287265091091393,0.04038959036108572
1789059123623135500,34.49813549804688,-9.069051179754734,-3.7311490600809454,0.0349071974442224
1789059123633145600,34.5081455078125,-9.068622725209593,-3.7322418237537143,0.029015342377056365
1789059123643155500,34.51815551757812,-9.068491207784414,-3.732610072544217,0.02194547020619502
1789059123653165600,34.52816552734375,-9.072112320891023,-3.7238413674160835,0.01299861262422637
1789059123663175700,34.53817578125,-9.074535164123773,-3.7179555242478846,0.001740415639008279
1789059123673185500,34.548185546875,-9.076552349165082,-3.713012807148695,-0.01113801209233934
1789059123683195600,34.55819555664063,-9.074605891272425,-3.717707686966657,-0.02366748539294349
1789059123693203700,34.56820361328125,-9.073257983794807,-3.720856506386399,-0.03997060233061202
1789059123703213600,34.57821362304688,-9.072532592129706,-3.722447574970126,-0.05403075123063754
1789059123713223200,34.58822314453125,-9.073535631692408,-3.7198464525610206,-0.0638708895491436
1789059123723233300,34.5982333984375,-9.07315978411734,-3.7206142220631238,-0.07199435557629913
1789059123733243100,34.6082431640625,-9.071775636282563,-3.723732646344602,-0.0841663846082054
1789059123743253200,34.61825317382812,-9.069995767128468,-3.727689567276835,-0.09948336060233413
1789059123753263400,34.628263427734375,-9.071282884329557,-3.7241938341155647,-0.11222526194406672
1789059123763273200,34.638273193359375,-9.071831165862083,-3.7224712481066584,-0.12439166495278477
1789059123773283300,34.64828344726563,-9.071976127290725,-3.721587158748507,-0.13935050255847162
1789059123783292200,34.65829223632812,-9.070302056598663,-3.7251881058499214,-0.15157757711270822
1789059123793302000,34.66830200195312,-9.070334205302595,-3.724422674435377,-0.16763084975844247
1789059123803312000,34.67831201171875,-9.070390903925896,-3.723533324380219,-0.1835614276062697
1789059123813322000,34.688322021484375,-9.069662005129455,-3.7247102592051027,-0.19530609807157887
1789059123823332000,34.69833203125,-9.07047507507801,-3.722355805033445,-0.20231405887119472
1789059123833342000,34.70834204101563,-9.071201051265001,-3.7204657535031433,-0.20452455626120788
1789059123843352000,34.71835205078125,-9.07092106527984,-3.720757722187042,-0.21150296217277645
1789059123853362200,34.72836206054688,-9.06997063268721,-3.7224277012258766,-0.2225859173263423
1789059123863372000,34.7383720703125,-9.069472035515307,-3.7230282974675295,-0.23265037961974738
1789059123873381000,34.74838110351563,-9.06928089685738,-3.7229052556097506,-0.24187460996303706
1789059123883391200,34.75839111328125,-9.070687256523966,-3.719008540432155,-0.2489801676519215
1789059123893401000,34.76840112304688,-9.073339232337474,-3.7121798634558916,-0.25421004939572883
1789059123903411200,34.7784111328125,-9.075292704492806,-3.7071684650346635,-0.25757581776808947
1789059123913421000,34.78842114257812,-9.07523132969439,-3.7069498538479206,-0.26282871506130323
1789059123923431200,34.79843115234375,-9.07355199830532,-3.7109208033055063,-0.2647812921674922
1789059123933441300,34.808441162109375,-9.073238694572447,-3.711610246874392,-0.265843478038907
1789059123943451100,34.818451171875,-9.072933574146031,-3.7122567280843852,-0.26721999055650086
1789059123953461200,34.82846118164063,-9.073265582579374,-3.7112972354024647,-0.2692704750792123
1789059123963471000,34.83847119140625,-9.071616061806678,-3.715164139963686,-0.27152050076201556
1789059123973480200,34.848480224609375,-9.070116178637743,-3.718583593018353,-0.274789512495324
1789059123983490300,34.858490234375,-9.071842856299877,-3.7143618836700916,-0.27489887288762255
1789059123993500200,34.86850024414063,-9.07356836491823,-3.710340957590937,-0.27223816577838733
1789059124003510300,34.87851025390625,-9.073687022861838,-3.71028016731441,-0.26909488105028867
1789059124013520100,34.88852001953125,-9.072384708091617,-3.71360872721523,-0.2670873588864691
1789059124023530200,34.8985302734375,-9.071559363183379,-3.715571259459853,-0.2678277106586844
1789059124033540400,34.90854028320312,-9.070923987889289,-3.7172356855407354,-0.26622548136012625
1789059124043550200,34.91855029296875,-9.07146291707158,-3.7160757018506523,-0.26406612963546067
1789059124053560300,34.928560302734375,-9.073524525776506,-3.7111478900596495,-0.26252834387524054
1789059124063569200,34.93856909179687,-9.075110918185114,-3.707460141457617,-0.2597812005915679
1789059124073579000,34.9485791015625,-9.075331282937526,-3.7072593581885096,-0.25490791373308747
1789059124083589000,34.95858911132812,-9.075967827275395,-3.7059967909067866,-0.25055810275943946
1789059124093599000,34.96859887695312,-9.074548023605345,-3.709873924601078,-0.24454145455211398
1789059124103609000,34.978609130859375,-9.074925624746085,-3.709410691003501,-0.23744037210894747
1789059124113619200,34.988619140625,-9.075494364544749,-3.7085058511182662,-0.22972274693632497
1789059124123629000,34.99862915039063,-9.077180125674605,-3.7047289629280566,-0.2239882401386276
1789059124133639200,35.00863916015625,-9.078747228860854,-3.7012922664776444,-0.21717629510145633
1789059124143649000,35.01864892578125,-9.079358638757467,-3.7003722290232774,-0.20707495313007385
1789059124153658000,35.028658203125,-9.079009679189324,-3.7016608075290915,-0.1991792862431146
1789059124163668200,35.03866821289063,-9.07901903153956,-3.701975280305743,-0.19281605308782307
1789059124173678000,35.04867797851563,-9.07905234928727,-3.7023239476129413,-0.18436867060223594
1789059124183688200,35.05868823242187,-9.080774350774288,-3.698429862783849,-0.17758998851384966
1789059124193698000,35.06869799804687,-9.079554453590513,-3.7017283198073505,-0.171128975806199
1789059124203708200,35.078708251953124,-9.078015991976857,-3.7056244504630564,-0.1683843350068666
1789059124213718300,35.08871826171875,-9.075115009838342,-3.712827513709664,-0.1660951280911453
1789059124223728000,35.09872802734375,-9.073762426185608,-3.7163276307851074,-0.16164140008529648
1789059124233738200,35.10873828125,-9.074535748645662,-3.7147143503695723,-0.15517428643042222
1789059124243748000,35.118748046875,-9.0771520686239,-3.7085520283475515,-0.14944989916794002
1789059124253757200,35.128757080078124,-9.078515173670649,-3.7053742750942704,-0.14543479090821929
1789059124263767300,35.138767333984376,-9.079546270284055,-3.7030318036213514,-0.14063206680160947
1789059124273777200,35.148777099609376,-9.08093860142529,-3.6997561429515478,-0.13689313600161113
1789059124283787300,35.15878735351563,-9.08079130190909,-3.7001410506159065,-0.13625839089518413
1789059124293797400,35.16879736328125,-9.080438250687719,-3.701031569714844,-0.1356180288987234
1789059124303807200,35.17880712890625,-9.078117698785663,-3.7068396714717147,-0.13229195321593432
1789059124313817000,35.18881713867187,-9.07616364210844,-3.7116754210650917,-0.1307874760702718
1789059124323827000,35.19882690429687,-9.075769089832901,-3.712616501307487,-0.13145810534083283
1789059124333837000,35.208837158203124,-9.076280546486377,-3.7113486733287573,-0.13195347850918768
1789059124343846100,35.21884619140625,-9.077458358094095,-3.70841495796442,-0.13338788609332405
1789059124353856000,35.22885595703125,-9.077223380294441,-3.7089199848771095,-0.13533010620228014
1789059124363866000,35.2388662109375,-9.07556859882474,-3.7128827510282396,-0.1376242176219821
1789059124373876000,35.2488759765625,-9.075349403116107,-3.7132761342599987,-0.14142578359572217
1789059124383886000,35.258885986328124,-9.075815851584077,-3.7119799569696186,-0.14546157845044508
1789059124393896200,35.268896240234376,-9.07664821075499,-3.709886491821706,-0.14689934703544713
1789059124403906000,35.278906005859376,-9.079755529120565,-3.702375677800178,-0.144366211828636
1789059124413916200,35.28891625976563,-9.080097474426031,-3.7015529632404442,-0.14395932979448697
1789059124423926000,35.29892602539063,-9.077769908261299,-3.7071532674655314,-0.14658917597457766
1789059124433935000,35.30893505859375,-9.076232031169534,-3.7108667350307103,-0.14786624670568851
1789059124443945200,35.3189453125,-9.07750511984527,-3.7076679389894007,-0.1499368607009761
1789059124453955000,35.328955078125,-9.080776688861846,-3.6995077211484313,-0.15337770360354333
1789059124463965200,35.33896508789063,-9.083184334525466,-3.693409112012386,-0.15771885634670033
1789059124473975300,35.34897534179687,-9.082515056961775,-3.6949785532861945,-0.15948606694862247
1789059124483985200,35.35898510742187,-9.08136647144854,-3.697857908114791,-0.15815752175860107
1789059124493995300,35.368995361328125,-9.081309772825241,-3.6978693062916395,-0.1611250845936127
1789059124504005000,35.379005126953125,-9.080035515105724,-3.7007895776525137,-0.1658173157967627
1789059124514015200,35.38901513671875,-9.080665045180917,-3.699028413198888,-0.170563377812691
1789059124524024300,35.3990244140625,-9.079882370370626,-3.700857966713607,-0.17252883266676217
1789059124534034200,35.4090341796875,-9.08039499606788,-3.699619657090306,-0.17212587788905948
1789059124544044300,35.419044189453125,-9.080506055226921,-3.6994139053851365,-0.1706895980082452
1789059124554054100,35.42905419921875,-9.080283352386951,-3.69991980908066,-0.17155863592773674
1789059124564064000,35.43906396484375,-9.080529436102509,-3.6990894957363603,-0.17637853036485612
1789059124574074000,35.44907421875,-9.0786256483078,-3.70364058316946,-0.17885138675179332
1789059124584084000,35.459083984375,-9.075980102235079,-3.7099972587198016,-0.18135198966218158
1789059124594094000,35.46909399414063,-9.074281481623649,-3.7140783905535932,-0.1828018779432401
1789059124604104000,35.47910400390625,-9.074237642481922,-3.7141231064781546,-0.18407628179322927
1789059124614114000,35.48911401367187,-9.074868926122784,-3.7125215165004133,-0.18525904357070103
1789059124624123100,35.499123046875,-9.075887747776507,-3.709989075413346,-0.18608316463623195
1789059124634133000,35.50913305664063,-9.073281364670395,-3.7163422438323495,-0.1864109352858737
1789059124644143000,35.51914306640625,-9.07386822464764,-3.714761696642637,-0.1893309326521121
1789059124654153200,35.5291533203125,-9.072032241392135,-3.719056471227109,-0.19296426591947674
1789059124664163000,35.5391630859375,-9.073260321882367,-3.716005266962945,-0.1940135009777732
1789059124674173200,35.549173095703125,-9.074008509901166,-3.714217506763339,-0.19325720271775498
1789059124684183000,35.55918310546875,-9.075055388605595,-3.7116333354890343,-0.19372938680676743
1789059124694193200,35.56919311523438,-9.075091044440866,-3.7113977731674908,-0.19656081084040924
1789059124704203000,35.579203125,-9.073886929348111,-3.7139717153087255,-0.20340879530534148
1789059124714211600,35.58921166992187,-9.072622023978829,-3.7167715751603243,-0.20862959869354963
1789059124724221700,35.5992216796875,-9.073708065649866,-3.714083066728711,-0.20927492912607265
1789059124734231800,35.609231689453125,-9.075240682044624,-3.710323129673302,-0.20951829116158185
1789059124744241700,35.61924169921875,-9.075651600933075,-3.709298755061626,-0.20985192529642954
1789059124754251800,35.62925170898438,-9.074816319152712,-3.711430506393313,-0.20826889388868583
1789059124764261600,35.63926171875,-9.071770960107445,-3.718845751085877,-0.20867460687905548
1789059124774271700,35.64927172851562,-9.067741266199945,-3.7285935303792357,-0.20986312254387884
1789059124784281900,35.65928173828125,-9.06704393158555,-3.73019833522737,-0.21146529704350978
1789059124794291700,35.669291748046874,-9.069331165739893,-3.72466905041188,-0.21084157565459608
1789059124804301800,35.6793017578125,-9.071938717889786,-3.7184140816703435,-0.20907734246104953
1789059124814311000,35.68931079101562,-9.07230521311462,-3.7174896603018044,-0.20959975889995694
1789059124824320800,35.69932080078125,-9.071466424202919,-3.719532272045314,-0.20965779096381737
1789059124834331000,35.709330810546874,-9.069756697675585,-3.7239389825716613,-0.20536002070466056
1789059124844340700,35.7193408203125,-9.068215313452482,-3.7277392516374586,-0.20450112058669329
1789059124854350600,35.7293505859375,-9.067720807933807,-3.728984867784381,-0.20370052652722223
1789059124864360400,35.7393603515625,-9.066176501101255,-3.7330882114499806,-0.19720064311390742
1789059124874370600,35.74937060546875,-9.064085666301846,-3.738624510528147,-0.1882144227775745
1789059124884380700,35.75938061523438,-9.062188308247924,-3.743661335651576,-0.17924137245006858
1789059124894390500,35.769390625,-9.061775635793804,-3.7449832319051026,-0.1723549739371985
1789059124904399600,35.779399658203126,-9.063607527396082,-3.7407775969088077,-0.16728914191499353
1789059124914409700,35.78940966796875,-9.064607059827447,-3.7386870543703434,-0.15969855892183257
1789059124924419600,35.79941967773438,-9.063795743444562,-3.740881057283282,-0.15426840536557138
1789059124934429700,35.8094296875,-9.061829996329545,-3.7458278660357,-0.14966977986316196
1789059124944439600,35.819439453125,-9.059963033413887,-3.7506232836186886,-0.14241624680464154
1789059124954449700,35.82944970703125,-9.059884707480668,-3.7510298185929654,-0.13655076143788172
1789059124964459800,35.839459716796874,-9.061693802729248,-3.746858378127217,-0.1309231216812972
1789059124974469600,35.8494697265625,-9.063856533721088,-3.741791742387414,-0.12602200610097497
1789059124984479700,35.859479736328126,-9.065617698174714,-3.737695705245435,-0.12080800691288895
1789059124994488800,35.86948876953125,-9.064886461290717,-3.739742116381228,-0.1120282963335514
1789059125004498700,35.879498779296874,-9.06601926471293,-3.7371857098966834,-0.10544268913185223
1789059125014508800,35.8895087890625,-9.066588589033485,-3.735940678271651,-0.10051410102271474
1789059125024518700,35.8995185546875,-9.067754710203408,-3.7331867033883928,-0.09760122751700691
1789059125034528800,35.90952880859375,-9.067499858659506,-3.7339091724440454,-0.09357536953440866
1789059125044538600,35.91953857421875,-9.06489815172851,-3.7403280995756387,-0.08918341818577609
1789059125054548700,35.929548828125,-9.062638390102983,-3.7459582144170995,-0.08225938194310292
1789059125064558800,35.93955883789062,-9.064348116630315,-3.7420050928771493,-0.07328975654854439
1789059125074568700,35.94956860351562,-9.066460578739642,-3.7371041690930724,-0.06103557935825083
1789059125084578800,35.959578857421874,-9.067618516603112,-3.734468559892475,-0.04920180583738256
1789059125094588000,35.969587890625,-9.067351974621415,-3.7352608793139455,-0.03655852658151416
1789059125104597500,35.97959741210938,-9.065257048168778,-3.7404379896908995,-0.02501226933171274
1789059125114607600,35.98960766601562,-9.064028383156657,-3.7434742886468766,-0.013247573283460223
1789059125124617500,35.99961743164062,-9.06323694051802,-3.7454128554940223,-0.0010441695111145235
1789059125134627600,36.009627685546874,-9.063708649682997,-3.7442543331086635,0.01112747471530456
1789059125144637700,36.0196376953125,-9.064015523675083,-3.7434441857695577,0.025170071975619063
1789059125154647600,36.0296474609375,-9.063925507304072,-3.7435643050178884,0.03685847535918001
1789059125164657700,36.03965771484375,-9.064457422223686,-3.742173727442324,0.04611280401321128
1789059125174667500,36.04966748046875,-9.067139208653568,-3.735530051644146,0.05640017464256379
1789059125184676600,36.059676513671874,-9.070651016166806,-3.7267972946122288,0.06823915862808935
1789059125194686700,36.069686767578126,-9.07198547964096,-3.723329326240718,0.07925401698150672
1789059125204696600,36.079696533203126,-9.071393943488598,-3.724553022816777,0.08885741023495793
1789059125214706700,36.08970678710938,-9.06864902869463,-3.731029817615449,0.09697344187432899
1789059125224716500,36.09971655273438,-9.067393475675582,-3.733815064419806,0.10671861821864731
1789059125234726700,36.1097265625,-9.066483375093341,-3.7356212370589374,0.12000906595438718
1789059125244736800,36.11973681640625,-9.068633831125497,-3.730032915532589,0.1308567875799723
1789059125254746600,36.12974658203125,-9.07280673289597,-3.71962374972105,0.13772598836286923
1789059125264756700,36.1397568359375,-9.075537619164585,-3.7127658466503024,0.14273295720415188
1789059125274766600,36.1497666015625,-9.0759391857028,-3.711429337349534,0.15165719082071444
1789059125284775700,36.15977563476562,-9.074902828392386,-3.713500882926583,0.162601933946833
1789059125294785800,36.169785888671875,-9.073120036628842,-3.7173268709555267,0.1742258641093038
1789059125304795600,36.179795654296875,-9.072832451859115,-3.7174364688098427,0.18643948552692308
1789059125314805800,36.1898056640625,-9.0737402143538,-3.7146319327831265,0.19781842795237897
1789059125324816000,36.19981591796875,-9.074980569803714,-3.711037707683444,0.2081029079383239
1789059125334825700,36.20982568359375,-9.075686087724566,-3.7087317688286303,0.21821188522689045
1789059125344835800,36.2198359375,-9.076153705236315,-3.7069972001209854,0.22800655413558704
1789059125354845700,36.229845703125,-9.07595905944705,-3.706667237514257,0.24076540661212056
1789059125364855800,36.23985571289062,-9.075620036751031,-3.7066996784791346,0.2527473746983334
1789059125374864600,36.24986474609375,-9.075756814873218,-3.705641401597857,0.2631538553624414
1789059125384874500,36.25987451171875,-9.077232732644676,-3.7014468725174665,0.27115709254341197
1789059125394884600,36.26988452148437,-9.08071239145398,-3.6923432363465425,0.27864666284751144
1789059125404894500,36.27989453125,-9.082682230222225,-3.686898414944112,0.2864420476977713
1789059125414904600,36.28990454101562,-9.084020785349606,-3.683085870918631,0.29297011602595446
1789059125424914700,36.299914794921875,-9.082127518948912,-3.687353757496178,0.2979323780758306
1789059125434924500,36.309924560546875,-9.079079237294197,-3.694537531520426,0.3018135851570405
1789059125444934700,36.3199345703125,-9.076018096157908,-3.701702600844204,0.30606943423692134
1789059125454944500,36.32994458007813,-9.075067079043388,-3.7036437980398533,0.3107516372364014
1789059125464953600,36.33995361328125,-9.075517160898446,-3.702426531204581,0.31210283264964817
1789059125474963700,36.349963623046875,-9.077376525029539,-3.69814812323302,0.3087370825435966
1789059125484973600,36.3599736328125,-9.078930184212327,-3.6947000286057587,0.304316014698334
1789059125494983700,36.36998364257813,-9.077955786222219,-3.697380353730917,0.3008004443254322
1789059125504993800,36.37999389648437,-9.07683350419402,-3.7002737370848653,0.29908430632362143
1789059125515003600,36.39000366210937,-9.07509805870354,-3.7047123040542003,0.29678523560101167
1789059125525013800,36.400013671875,-9.075569767868519,-3.703943073247373,0.29193662652606145
1789059125535023600,36.410023681640624,-9.077122258007526,-3.700431557995081,0.28816185722770166
1789059125545033700,36.42003369140625,-9.078248631688952,-3.698069797299802,0.28295177616290745
1789059125555042800,36.43004272460937,-9.076527214723825,-3.702691904142499,0.27769663211368023
1789059125565052700,36.440052734375,-9.073665980073809,-3.7099402678355573,0.2744397857422009
1789059125575062800,36.450062744140624,-9.072500443425774,-3.713225573116541,0.268477753798943
1789059125585072600,36.46007275390625,-9.07347893306911,-3.711318278190493,0.2616892261699773
1789059125595082800,36.470082763671876,-9.07567731989622,-3.7064685000717636,0.25408607595618815
1789059125605092900,36.4800927734375,-9.077302875271439,-3.7031121753811833,0.24477230416592208
1789059125615102700,36.49010278320313,-9.077557726815343,-3.70309025581032,0.23547919157119465
1789059125625112800,36.50011279296875,-9.077577016037703,-3.703679746136069,0.2252467157671228
1789059125635122700,36.51012280273437,-9.07582695749998,-3.7084365852743386,0.2173663743134588
1789059125645132800,36.5201328125,-9.074407738351821,-3.7123107963591813,0.2103804426825605
1789059125655141600,36.5301416015625,-9.072892657613753,-3.7163410747885703,0.2044780867709778
1789059125665151500,36.5401513671875,-9.073088472446798,-3.716277654163539,0.19680806359974667
1789059125675161600,36.55016162109375,-9.073283118236064,-3.716535136055946,0.18243540098471567
1789059125685171700,36.56017163085937,-9.073415804705023,-3.716951607902348,0.16669018964115528
1789059125695181600,36.570181640625,-9.071626583200693,-3.721884095868468,0.15348019586363806
1789059125705191700,36.580191650390624,-9.07017579987049,-3.7259731187477705,0.13935768121792935
1789059125715201300,36.590201171875,-9.069083912980556,-3.7291342131271956,0.12513699429421685
1789059125725211400,36.60021142578125,-9.068886929103732,-3.7300782159790393,0.11042248683841899
1789059125735221500,36.610221435546876,-9.069107293856144,-3.729967449080944,0.0949845056799706
1789059125745230300,36.62023022460937,-9.070013302785158,-3.7280958099901675,0.08091593144489452
1789059125755240400,36.630240478515624,-9.070720574271679,-3.726638304658234,0.0677096320283832
1789059125765250600,36.64025048828125,-9.070629973378777,-3.727061206245422,0.05544295154954306
1789059125775260400,36.650260498046876,-9.071737642359732,-3.72450976819694,0.04462978064753115
1789059125785270500,36.6602705078125,-9.07226312753856,-3.7233684892073273,0.03091122085994575
1789059125795280400,36.6702802734375,-9.073213560131192,-3.7211516899406907,0.014364760153077076
1789059125805290500,36.68029052734375,-9.073040541651844,-3.7216014795348045,0.0011307438245141384
1789059125815300400,36.69030029296875,-9.072468879243731,-3.722983289282024,-0.00944461507447704
1789059125825310500,36.700310546875,-9.071148444294929,-3.7261578276649114,-0.019832174696517175
1789059125835320600,36.710320556640625,-9.06995075894296,-3.728984867784381,-0.03242883833168307
1789059125845329400,36.72032934570313,-9.069721626362204,-3.729358085010946,-0.049192471753456625
1789059125855339300,36.73033935546875,-9.070034345573186,-3.7283123753502965,-0.0674425466239918
1789059125865349400,36.74034936523437,-9.070079938280582,-3.7279055481150745,-0.08217388648358173
1789059125875359200,36.75035913085937,-9.070244773453474,-3.7272710496038197,-0.09218255433598532
1789059125885369300,36.760369384765625,-9.06948723308444,-3.728867963406443,-0.1016224184576422
1789059125895379200,36.770379150390625,-9.069239395803212,-3.72920990871191,-0.11081031711222604
1789059125905389300,36.780389404296876,-9.06965615991056,-3.727816408526897,-0.12290418460769578
1789059125915399400,36.7903994140625,-9.070105657243728,-3.7261782859310504,-0.13844759890199637
1789059125925409300,36.8004091796875,-9.069839115262031,-3.7263016200497745,-0.15190045239152386
1789059125935418400,36.81041845703125,-9.069511198481917,-3.726589497080445,-0.16396412567812949
1789059125945428500,36.820428466796876,-9.068595252680778,-3.7282916248232123,-0.17551698163207619
1789059125955438300,36.830438232421876,-9.067054452979564,-3.7316073252424595,-0.18441468343473968
1789059125965448400,36.84044848632813,-9.06488061607182,-3.7363878375172614,-0.19425299055576323
1789059125975458300,36.85045825195313,-9.062596304526924,-3.741373809236288,-0.20459197720792144
1789059125985468400,36.86046850585937,-9.061720690736173,-3.7431463718667626,-0.21085838065892457
1789059125995478300,36.87047827148437,-9.061329645591973,-3.7438378612622616,-0.2153397273240611
1789059126005488400,36.88048828125,-9.060506638771296,-3.7455256682187317,-0.22055176288392395
1789059126015498500,36.89049853515625,-9.059859573039413,-3.7466058646708724,-0.228639372146409
1789059126025507300,36.90050732421875,-9.05872501605153,-3.7487282636523243,-0.23858844616552813
1789059126035517400,36.91051733398437,-9.057146222427487,-3.7519703143134713,-0.2473962046624161
1789059126045527600,36.920527587890625,-9.056982556298374,-3.7519264751717447,-0.2539617371904664
1789059126055537400,36.930537353515625,-9.05745660355091,-3.750529175594449,-0.257677561109513
1789059126065547500,36.94054760742188,-9.057797964334487,-3.7498449927225708,-0.2556261267387308
1789059126075557400,36.95055737304688,-9.057993779167532,-3.749648885628581,-0.2515346013750881
1789059126085567500,36.9605673828125,-9.054962448647618,-3.7569364122882485,-0.25192469667121764
1789059126095577600,36.97057763671875,-9.051261840564012,-3.765579152949154,-0.2558393676306121
1789059126105587500,36.98058740234375,-9.050249448651075,-3.767845344315469,-0.25828036757456135
1789059126115596300,36.99059619140625,-9.050572689256072,-3.766853410668671,-0.26141146867452186
1789059126125606400,37.0006064453125,-9.052053867724537,-3.7632758444428442,-0.2616553239003755
1789059126135616300,37.0106162109375,-9.052125763916969,-3.763541217380762,-0.2552607457587495
1789059126145626400,37.02062646484375,-9.052081924775242,-3.7642268615573644,-0.2465519906569272
1789059126155636200,37.03063623046875,-9.051920012211799,-3.7652439296454188,-0.23679332464337347
1789059126165646300,37.04064624023437,-9.052280077695846,-3.764764329434931,-0.23056959129031745
1789059126175656200,37.05065625,-9.052490505576133,-3.76439315803498,-0.22835527624171226
1789059126185666300,37.060666259765625,-9.052331515622138,-3.7649572216585274,-0.22533565442590042
1789059126195676400,37.07067651367188,-9.052565324378014,-3.7647093843773005,-0.22000748167308046
1789059126205686300,37.08068627929688,-9.051054335293173,-3.7688928075417873,-0.210356696480792
1789059126215695400,37.0906953125,-9.051546502724289,-3.768316761219501,-0.19919554325817151
1789059126225705500,37.10070556640625,-9.052433222430944,-3.7668022650033235,-0.18718044008733703
1789059126235715300,37.11071533203125,-9.053385993111133,-3.7651571281448004,-0.17371583222793413
1789059126245725400,37.12072534179688,-9.053515172448753,-3.7653114419236777,-0.1633171878104098
1789059126255735300,37.1307353515625,-9.051573975253104,-3.7703736937493084,-0.1538767574331723
1789059126265745400,37.14074536132812,-9.049315382671356,-3.7761917323783036,-0.1437020488314796
1789059126275755500,37.150755615234374,-9.04882438428402,-3.7777217184245586,-0.13409302042168564
1789059126285765400,37.160765380859374,-9.048516341248154,-3.7788071755737063,-0.12388978897840715
1789059126295775500,37.170775390625,-9.049352207550406,-3.777170514282584,-0.11222854074654169
1789059126305784600,37.18078466796875,-9.048550828039646,-3.7794431353896853,-0.09963076971638947
1789059126315794400,37.19079443359375,-9.047339114162325,-3.782637547516823,-0.08768517898465507
1789059126325804500,37.200804443359374,-9.047379446172714,-3.782735454933345,-0.07886082554599269
1789059126335814400,37.210814453125,-9.048205960124731,-3.780884858630597,-0.07256132810956333
1789059126345824500,37.220824462890626,-9.049485478541255,-3.7779374070018528,-0.0662150963214226
1789059126355834400,37.23083447265625,-9.0509111274302,-3.7746219988435503,-0.0601611711438978
1789059126365844500,37.24084448242188,-9.052527330455183,-3.7708492023065685,-0.0531957434449112
1789059126375854600,37.2508544921875,-9.053621555432677,-3.7683407266169784,-0.04396971387017984
1789059126385864400,37.26086450195312,-9.056186437484621,-3.7622827417522666,-0.03322560559940757
1789059126395873300,37.270873291015626,-9.057466540423036,-3.7593098634213207,-0.016527173767797648
1789059126405883400,37.28088330078125,-9.057785689374803,-3.758577749754488,-0.0001222621414686273
1789059126415893200,37.29089331054688,-9.058225249835848,-3.757501644955575,0.011157006770465522
1789059126425903400,37.3009033203125,-9.05630334186256,-3.7621108923166986,0.01657783537595533
1789059126435913200,37.31091333007812,-9.056143767386674,-3.762489077979326,0.017755656116828323
1789059126445923300,37.32092333984375,-9.056918258890509,-3.7605820753142236,0.02531251037032343
1789059126455933400,37.330933349609374,-9.058736706489324,-3.7561324024289844,0.03373683164073154
1789059126465943300,37.340943359375,-9.058561934444308,-3.756405666412413,0.04744412111563142
1789059126475953400,37.350953369140626,-9.05736366457045,-3.7590640719667077,0.06314078974288423
1789059126485962500,37.36096240234375,-9.05706497388482,-3.7595226293891666,0.07713787421090527
1789059126495972400,37.370972412109374,-9.060258801490068,-3.7515292925477026,0.09011519174370915
1789059126505982500,37.380982421875,-9.063370796030759,-3.743642923212051,0.10408007727544755
1789059126515992300,37.390992431640626,-9.06340645186603,-3.743080028632283,0.11999082704479805
1789059126526002400,37.40100244140625,-9.06426453000009,-3.740448218823969,0.13615639182543382
1789059126536012300,37.41101220703125,-9.063620971399546,-3.7413182796567677,0.15394799603847786
1789059126546022400,37.4210224609375,-9.065707714545725,-3.7355943490520116,0.16929260895820333
1789059126556032500,37.43103247070312,-9.06872326297462,-3.7277433432906864,0.18048110684547572
1789059126566042400,37.44104248046875,-9.071604371368885,-3.7202863052830097,0.18932939828215165
1789059126576052500,37.451052490234375,-9.07321940535009,-3.715826403264701,0.19926026079114526
1789059126586061600,37.4610615234375,-9.07476488122642,-3.71135305724293,0.21184662451129405
1789059126596071400,37.47107153320312,-9.073772363057731,-3.712907593208551,0.22661551990229636
1789059126606081500,37.48108154296875,-9.073198947083949,-3.7134029755100606,0.24099981815619392
1789059126616091400,37.49109130859375,-9.072828360205888,-3.713510527537763,0.2529953033111058
1789059126626101500,37.5011015625,-9.074209585431218,-3.7093686054274437,0.2639917126923799
1789059126636111600,37.51111157226563,-9.076037385380268,-3.704192664094269,0.27364830657094713
1789059126646121500,37.52112158203125,-9.077906101861595,-3.6988729303762313,0.2834567300103605
1789059126656131600,37.53113159179688,-9.079064624246955,-3.6951109474942085,0.2951635344170034
1789059126666141400,37.54114135742188,-9.07840177642405,-3.695925478747487,0.3051879386946559
1789059126676150300,37.551150390625,-9.077914869689941,-3.696223877172172,0.31587654250208286
1789059126686160400,37.56116040039063,-9.077547789943218,-3.696212478995323,0.3263776609133929
1789059126696170200,37.57117016601563,-9.07776523208618,-3.6947824461922045,0.33637291216179727
1789059126706180400,37.58118041992188,-9.078926677080988,-3.6911294766426086,0.345018721562624
1789059126716191500,37.59119140625,-9.079216599938272,-3.689763448986411,0.3519375245077535
1789059126726201600,37.60120166015625,-9.07873495390117,-3.690433018811047,0.35730146269369867
1789059126736211500,37.61121142578125,-9.078366120588779,-3.6910771619334817,0.36000418231375514
1789059126746221600,37.6212216796875,-9.078750151470302,-3.690402915933728,0.3572150995844975
1789059126756231400,37.6312314453125,-9.079981739091872,-3.6878158220499753,0.35260143177658315
1789059126766240500,37.64124047851563,-9.081488636523485,-3.684662326455116,0.34671986292470247
1789059126776250600,37.65125073242187,-9.08394245941639,-3.6790780965819954,0.3417029480781406
1789059126786260500,37.66126049804687,-9.085230161139368,-3.6762595320299267,0.3377835826773196
1789059126796270600,37.6712705078125,-9.08464914638102,-3.678119772943854,0.33311770975813265
1789059126806280700,37.68128076171875,-9.082736590757966,-3.683388360996544,0.32700324546582993
1789059126816290600,37.69129052734375,-9.08063815717399,-3.6893934466302394,0.3174521577883512
1789059126826300700,37.70130078125,-9.080755646073818,-3.6901889809221027,0.30456916747549545
1789059126836310500,37.711310546875,-9.0802862749964,-3.6921553125590085,0.2945685459322296
1789059126846320600,37.72132055664063,-9.081510848355293,-3.6899133788511156,0.284754496469628
1789059126856329500,37.73132958984375,-9.082506289133429,-3.6882258641555903,0.2746906552307308
1789059126866339300,37.74133935546875,-9.081925274375081,-3.6904376949861644,0.26398710958249866
1789059126876349400,37.751349365234375,-9.082423287025094,-3.6902559086784716,0.2489720939433202
1789059126886359600,37.76135961914063,-9.08351283582747,-3.688668054965138,0.23218146520005536
1789059126896369400,37.77136938476563,-9.082642482733727,-3.6917329954937097,0.21702114107236264
1789059126906379500,37.78137963867187,-9.083489454951883,-3.690583240936696,0.2005097676618956
1789059126916389400,37.79138940429687,-9.082717301535606,-3.693311204595864,0.18460938402293248
1789059126926399500,37.8013994140625,-9.081551764887571,-3.696934071268141,0.16875179834607987
1789059126936409600,37.81140966796875,-9.079840869316458,-3.7018174593955275,0.15304731173855252
1789059126946419500,37.82141943359375,-9.079016693452001,-3.7044694352090355,0.13691635248041711
1789059126956428500,37.83142846679687,-9.078104254782199,-3.7072526361867784,0.12119093268271534
1789059126966438700,37.841438720703124,-9.078411128774285,-3.706986970987916,0.10530180109012871
1789059126976448500,37.851448486328124,-9.078172643843292,-3.7079157762706276,0.09235877855257131
1789059126986458600,37.861458740234376,-9.077777507045864,-3.7092382570460436,0.07677631088951602
1789059126996468500,37.871468505859376,-9.075971918928623,-3.7139255380794403,0.06224930252956692
1789059127006478600,37.881478515625,-9.074909258133172,-3.71675140915513,0.046575731650111266
1789059127016488400,37.89148852539063,-9.073875238910317,-3.719452777068317,0.02911550796603551
1789059127026498600,37.90149853515625,-9.073505236554146,-3.7204429571494457,0.013887893039081245
1789059127036508700,37.9115087890625,-9.074113139319419,-3.7189842827737327,0.0027020694536186054
1789059127046517500,37.921517578125,-9.074715781387686,-3.7175109953507777,-0.005546987723073107
1789059127056527600,37.93152758789063,-9.07586612046659,-3.714683662970364,-0.012671566918725147
1789059127066537700,37.94153784179687,-9.076281131008267,-3.713639414614439,-0.019519674681243486
1789059127076547600,37.95154760742187,-9.075764998179674,-3.714854635623097,-0.0269478222378646
1789059127086557700,37.9615576171875,-9.07711758183241,-3.711479021710157,-0.03526117111420026
1789059127096567600,37.971567626953124,-9.077814331924914,-3.709696814468503,-0.04264472147726919
1789059127106577700,37.98157763671875,-9.078266751867533,-3.7085222177311774,-0.04816453521151561
1789059127116587500,37.99158740234375,-9.078395931205153,-3.708159521898627,-0.05168734817595686
1789059127126597400,38.001597412109376,-9.07808262747228,-3.708959440104663,-0.049180749349622056
1789059127136607500,38.011607421875,-9.078468411919474,-3.708073597180843,-0.04464603766258806
1789059127146616600,38.021616455078124,-9.079308369874953,-3.706039753265679,-0.0426552246049745
1789059127156626400,38.03162646484375,-9.079365653020142,-3.705912327493727,-0.04149967962799128
1789059127166636500,38.041636474609376,-9.078680008843541,-3.70762322306484,-0.038521024576807394
1789059127176646400,38.051646484375,-9.078637923267483,-3.707754740490019,-0.035661550342326515
1789059127186656500,38.06165649414063,-9.080200350278615,-3.7039623624697326,-0.031740648288256484
1789059127196666400,38.07166625976563,-9.083178489306569,-3.6966751280710097,-0.0291701676125871
1789059127206676500,38.08167651367187,-9.085631727677583,-3.6906294181659813,-0.03068738322552526
1789059127216686600,38.0916865234375,-9.087034580212832,-3.6871564813584086,-0.03271239081368549
1789059127226696400,38.101696533203125,-9.087431470575929,-3.686201372590661,-0.02988340761559084
1789059127236705500,38.11170556640625,-9.087915454700589,-3.685044603770971,-0.02489173680813983
1789059127246715600,38.12171557617187,-9.089287327575683,-3.6816774654254316,-0.022102217970753554
1789059127256725500,38.1317255859375,-9.090050713163613,-3.6797897519826885,-0.02266871557998238
1789059127266735600,38.141735595703125,-9.0914003742069,-3.6764307969436048,-0.02608726216906216
1789059127276745500,38.151745361328125,-9.093289548954367,-3.671728318341076,-0.029612922394427005
1789059127286755600,38.16175561523438,-9.094270961207151,-3.669250530050695,-0.035010943229775875
1789059127296765400,38.17176538085938,-9.09522373188734,-3.6668697723940014,-0.03682166874643881
1789059127306775600,38.18177563476563,-9.093928431379794,-3.6701202986225483,-0.03272233453567605
1789059127316785700,38.19178564453125,-9.09207374342382,-3.6747681244283914,-0.02557228925109375
1789059127326795500,38.20179541015625,-9.091984311574697,-3.6750115777954457,-0.02214958479341585
1789059127336805600,38.2118056640625,-9.093231681287287,-3.6719016290813684,-0.025615886364225297
1789059127346815500,38.2218154296875,-9.095904699888825,-3.6651854725688695,-0.03634011632417095
1789059127356825600,38.23182568359375,-9.099763128882646,-3.655489715723693,-0.04568038567900658
1789059127366835700,38.24183569335938,-9.10227423492074,-3.6492341624602673,-0.04553425064000766
1789059127376845600,38.25184545898438,-9.103866472548246,-3.645282502225041,-0.043808349296008235
1789059127386855700,38.26185571289062,-9.102710872772336,-3.6481837766245007,-0.04234528643954545
1789059127396865500,38.27186547851562,-9.102901426908373,-3.647702130587399,-0.042930776443611825
1789059127406875600,38.281875732421874,-9.103015408676862,-3.647386196506023,-0.04544000561845023
1789059127416884500,38.29188452148438,-9.104866004979609,-3.642750353398919,-0.04661714137273375
1789059127426894300,38.30189428710938,-9.106663994312285,-3.6382223545804617,-0.04898104835932608
1789059127436904400,38.31190454101562,-9.107015876489877,-3.6373067010402678,-0.05148433185056783
1789059127446914600,38.32191455078125,-9.106810124784708,-3.6378237106516953,-0.0512996320665814
1789059127456924400,38.33192431640625,-9.10762611734271,-3.635804187522828,-0.04959150384129025
1789059127466934500,38.3419345703125,-9.11004896057546,-3.6297815662324426,-0.045635783918877126
1789059127476944400,38.3519443359375,-9.113224668002129,-3.621839959578216,-0.04238820769924204
1789059127486954500,38.36195458984375,-9.114100866314768,-3.6195986103922126,-0.04529187955176457
1789059127496964400,38.37196435546875,-9.114273300272226,-3.6190959215670824,-0.050503193592419844
1789059127506974500,38.38197436523438,-9.114334675070642,-3.618855683070421,-0.05631338227509986
1789059127516983600,38.391983642578126,-9.11292247018516,-3.6223134223088618,-0.0622362466851715
1789059127526993400,38.401993408203126,-9.109687726047634,-3.630340661419928,-0.06782408872090745
1789059127537003500,38.41200341796875,-9.106006407186388,-3.6393957822740077,-0.07634555022285786
1789059127547013600,38.422013671875,-9.101737643826008,-3.649852002097666,-0.085636575891776
1789059127557023500,38.4320234375,-9.101008160507678,-3.6512925562947984,-0.10046097346283495
1789059127567033600,38.44203369140625,-9.099598878231644,-3.6542213032230735,-0.11977897439240477
1789059127577043500,38.45204345703125,-9.098288964676856,-3.6568928605198856,-0.13660146871181203
1789059127587053600,38.462053466796874,-9.093668319138883,-3.667815528811514,-0.15069600850520654
1789059127597063400,38.4720634765625,-9.090097474914788,-3.6760277691006658,-0.16533358740042894
1789059127607072500,38.48207250976562,-9.087623193755745,-3.6814138460531827,-0.18077517615491523
1789059127617082600,38.49208251953125,-9.0854721532017,-3.68559668469578,-0.20239472289197147
1789059127627092500,38.502092529296874,-9.08367884004414,-3.6888033717826008,-0.22336526766838505
1789059127637102600,38.5121025390625,-9.082357236051559,-3.6909319082438943,-0.24122498694788663
1789059127647112700,38.52211279296875,-9.082050362059473,-3.6906142205968497,-0.25712701455466447
1789059127657122600,38.53212255859375,-9.083958826029301,-3.684895550689101,-0.27133087820773943
1789059127667130400,38.54213037109375,-9.086108113017678,-3.6785108180880544,-0.2856329963372089
1789059127677140500,38.55214038085938,-9.085471568679809,-3.6788732216596602,-0.3007985811619088
1789059127687150600,38.56215063476562,-9.083279027071594,-3.6832407692193985,-0.3133121353741735
1789059127697160400,38.57216040039062,-9.082570002019406,-3.6840015244588256,-0.3247042843410745
1789059127707170600,38.582170654296874,-9.083935445153713,-3.679772800847888,-0.33432310349252076
1789059127717179600,38.5921796875,-9.085064156922698,-3.6760599178045985,-0.34434827495515347
1789059127727189800,38.60218969726562,-9.08558145879507,-3.673759531907737,-0.3550801699150353
1789059127737199900,38.612199951171874,-9.08386705609262,-3.677066172237694,-0.3645878568422049
1789059127747209000,38.622208984375,-9.081890787583589,-3.681258947752416,-0.3714522627189755
1789059127757218800,38.63221875,-9.079759036251902,-3.685841307106614,-0.37806313222609456
1789059127767229000,38.64222900390625,-9.07761617900431,-3.6905788570225235,-0.3832660346314311
1789059127777238800,38.65223876953125,-9.074193218818307,-3.698360596939921,-0.38926538464408367
1789059127787249000,38.662248779296874,-9.070920480757952,-3.705640232554078,-0.3962599562391639
1789059127797258800,38.6722587890625,-9.066089991861581,-3.716983464345336,-0.4005463283214718
1789059127807268900,38.682268798828126,-9.06025587888062,-3.7307384334534404,-0.4046453976707533
1789059127817279000,38.69227905273438,-9.054984660479425,-3.743091134548187,-0.40854430480543524
1789059127827288800,38.70228881835938,-9.049814564365148,-3.755392397716641,-0.41021348012667147
1789059127837299000,38.712298828125,-9.046968527284264,-3.762412505611777,-0.40865773858465254
1789059127847308000,38.72230810546875,-9.045700114783644,-3.7656376051381226,-0.4070239633703604
1789059127857318000,38.73231787109375,-9.045023822957276,-3.7672681289494037,-0.4069632826916873
1789059127867328000,38.74232788085938,-9.044616995722055,-3.7677974135205146,-0.4110810932740569
1789059127877337900,38.752337890625,-9.042730159062147,-3.7714591508984565,-0.41893728666715324
1789059127887348000,38.76234790039062,-9.04117649987936,-3.774477914197743,-0.42523087038602675
1789059127897357800,38.77235791015625,-9.03714855953753,-3.7840003603026267,-0.42623274090494956
1789059127907368000,38.782367919921874,-9.034782414928078,-3.7900738349974152,-0.4224151919107884
1789059127917378000,38.7923779296875,-9.031729457098246,-3.7980946443676946,-0.4156011645143851
1789059127927388000,38.802387939453126,-9.028556672281026,-3.806021930235624,-0.4120082545889541
1789059127937397000,38.81239697265625,-9.023815615233778,-3.817330090713501,-0.4112507142199203
1789059127947407000,38.822406982421874,-9.018365533134341,-3.830173497934639,-0.4113814279275015
1789059127957417000,38.8324169921875,-9.014756694987415,-3.838531284174323,-0.41258031885586677
1789059127967426800,38.8424267578125,-9.0111870198071,-3.8467403095930814,-0.41410577485747635
1789059127977436700,38.852436767578126,-9.008119448930024,-3.8539126854404806,-0.41416214468721296
1789059127987446800,38.86244677734375,-9.00417451069653,-3.863109845113754,-0.41425566818956283
1789059127997457000,38.87245678710938,-8.998245705169438,-3.87703081843853,-0.41302773382980373
1789059128007466800,38.882466796875,-8.99242620523572,-3.8905733138397336,-0.4124252378920093
1789059128017476900,38.89247680664062,-8.986655220618843,-3.903879077875614,-0.412478502449207
1789059128027486000,38.90248583984375,-8.981301000109314,-3.916147315557301,-0.4128042638048529
1789059128037495800,38.91249584960938,-8.977023468920589,-3.9257971874341364,-0.41418377199713136
1789059128047506000,38.922505859375,-8.971803103923797,-3.9375767648160456,-0.4154779765261337
1789059128057515800,38.93251586914062,-8.96795753441155,-3.9463010462805626,-0.41573151289578525
1789059128067526000,38.94252587890625,-8.96540083566606,-3.9522222530230877,-0.41462420924101023
1789059128077535700,38.95253564453125,-8.963950636857748,-3.9554885613426563,-0.41483635415434833
1789059128087545900,38.9625458984375,-8.962786853775382,-3.9580245095610618,-0.4157887960409745
1789059128097556000,38.97255590820313,-8.961300999131797,-3.9611169226184484,-0.41835112080965187
1789059128107565800,38.98256591796875,-8.959182107281684,-3.965551105673611,-0.421718441818282
1789059128117576000,38.99257592773437,-8.95829480305314,-3.9672655083760615,-0.4244336190611124
1789059128127585000,39.0025849609375,-8.958681172022223,-3.9661902803599833,-0.4263206018514931
1789059128137595000,39.01259497070313,-8.960309065485,-3.9622961955308913,-0.4283173651592806
1789059128147605000,39.02260498046875,-8.962262537640333,-3.9576480774641034,-0.4304151411561295
1789059128157614800,39.03261474609375,-8.963263823637366,-3.9551714582175013,-0.43232700265944
1789059128167625000,39.042625,-8.963358516183495,-3.954721084101498,-0.43447939492035653
1789059128177635000,39.05263500976562,-8.963232843977213,-3.954759662546217,-0.43671592180076985
1789059128187645000,39.06264501953125,-8.962908434328437,-3.9551083298534153,-0.44020405617747455
1789059128197655000,39.072655029296875,-8.963055733844637,-3.954310749734938,-0.4443417405040934
1789059128207665000,39.082664794921875,-8.964640372687578,-3.950399713771045,-0.4471582226969301
1789059128217673700,39.092673828125,-8.966812456029652,-3.945385977262258,-0.4478715220654383
1789059128227683800,39.10268383789062,-8.969423515310883,-3.9394340831205246,-0.44797702826652674
1789059128237693700,39.11269360351562,-8.971641191360353,-3.934291167274117,-0.44876850743778046
1789059128247703800,39.122703857421875,-8.974737988331913,-3.926977629390359,-0.45090245072655377
1789059128257714000,39.1327138671875,-8.976444207727909,-3.9228868529453873,-0.45253213428761807
1789059128267723800,39.14272387695313,-8.978266746979951,-3.918680048905313,-0.452828779146634
1789059128277734000,39.15273388671875,-8.980286270108818,-3.9141529268696904,-0.4519438495382666
1789059128287743700,39.16274365234375,-8.982920710265637,-3.9083100460603832,-0.4501475772386416
1789059128297753900,39.17275390625,-8.986152531793714,-3.901090616200864,-0.4482583659585565
1789059128307763700,39.182763671875,-8.989137685084343,-3.894289119492471,-0.44755105793941763
1789059128317772800,39.19277270507813,-8.992045096963643,-3.887636383605003,-0.4469792494008317
1789059128327783000,39.20278295898437,-8.99494315649271,-3.88113299306035,-0.4451806755462661
1789059128337792800,39.21279272460937,-8.997318068930506,-3.8758804793596267,-0.44294794805813575
1789059128347803000,39.222802978515624,-8.99941708703637,-3.871191444760561,-0.44131541495285925
1789059128357813000,39.23281298828125,-9.001374066323041,-3.867056536912918,-0.4376317580040544
1789059128367822800,39.24282275390625,-9.003339228916168,-3.862839503739774,-0.43443730934429914
1789059128377833000,39.2528330078125,-9.004904578536749,-3.859609728038311,-0.4306914008142426
1789059128387842800,39.2628427734375,-9.005992958295344,-3.857352889022231,-0.4281425200490281
1789059128397853000,39.27285302734375,-9.006204555219412,-3.856984932492673,-0.42699864724352954
1789059128407862000,39.282862060546876,-9.006090573450923,-3.8575519187256693,-0.42427272941097616
1789059128417872000,39.292871826171876,-9.006046734309196,-3.858120658524334,-0.42001368372701103
1789059128427882000,39.30288208007813,-9.006249563404918,-3.858006676755845,-0.41669389165453613
1789059128437891800,39.31289184570313,-9.006702567869425,-3.8574338453039525,-0.4121824786446988
1789059128447902000,39.32290185546875,-9.007640725502371,-3.855634394666552,-0.40850872203540056
1789059128457912000,39.332912109375,-9.008418139615655,-3.8540918413996694,-0.4059053711365908
1789059128467922000,39.342921875,-9.008690526816249,-3.8537835061028596,-0.4027796037988737
1789059128477932000,39.35293212890625,-9.008500557202101,-3.854609435532987,-0.39911055989731103
1789059128487942000,39.36294189453125,-9.00751329973042,-3.8574648249641057,-0.39376839515175666
1789059128497950700,39.37295068359375,-9.006427842581271,-3.8606495924800632,-0.38733719306048003
1789059128507960800,39.3829609375,-9.005299130812286,-3.863966169682145,-0.3804329666299745
1789059128517970700,39.392970703125,-9.004830928778647,-3.8657539298817514,-0.37329610048737377
1789059128527980800,39.402980712890624,-9.005472733813523,-3.8651661931216714,-0.3637820203520357
1789059128537991000,39.412990966796876,-9.00648921737969,-3.8637563263237475,-0.353441791590862
1789059128548000800,39.423000732421876,-9.00764189454615,-3.8621573666945097,-0.3413400330498814
1789059128558011000,39.43301098632813,-9.008335137507318,-3.861661107610166,-0.32840478282682595
1789059128568020700,39.44302075195313,-9.008878158342839,-3.8615649537593124,-0.3143420629438013
1789059128578030800,39.45303076171875,-9.008856531032919,-3.8628304436504837,-0.2990466959932819
1789059128588040000,39.4630400390625,-9.00784530816376,-3.8664635394558307,-0.28207249084403735
1789059128598049800,39.4730498046875,-9.006652883508801,-3.870407308645546,-0.26558930234843864
1789059128608060000,39.48305981445313,-9.00531199029386,-3.8746474304333325,-0.24870010860152542
1789059128618069800,39.49306982421875,-9.004820407384633,-3.876894332577288,-0.2308270366501063
1789059128628079900,39.50307983398437,-9.004919776105881,-3.877632875984907,-0.21392407010616735
1789059128638090000,39.513090087890625,-9.00447261686027,-3.8795796261385083,-0.1967695034213364
1789059128648099800,39.523099853515625,-9.005033757874369,-3.879089796794951,-0.1800403225417249
1789059128658110000,39.53310986328125,-9.005662703427673,-3.8783459926903245,-0.16387462076377124
1789059128668119800,39.54311987304688,-9.006677433428168,-3.876593596065044,-0.1488795519340783
1789059128678130000,39.5531298828125,-9.007328590813279,-3.875555485188961,-0.1359652257680427
1789059128688139000,39.563138916015625,-9.006604368191956,-3.8776319992020722,-0.1242511422372423
1789059128698148900,39.57314892578125,-9.004718116053938,-3.8823637038990855,-0.11262681021597236
1789059128708159000,39.58315893554688,-9.002855829313397,-3.8870091916173695,-0.10066246911799534
1789059128718168600,39.59316845703125,-9.002251433679461,-3.8886782938733693,-0.08960589964785613
1789059128728178400,39.60317846679688,-9.00281199017167,-3.887610080119967,-0.07901788840438238
1789059128738188500,39.6131884765625,-9.00359583402574,-3.8859927080512047,-0.06858897671275772
1789059128748198400,39.62319848632813,-9.004028380224108,-3.8851755464494224,-0.05714512952466029
1789059128758208500,39.63320849609375,-9.003516923570633,-3.8865167319253087,-0.045296779489167965
1789059128768218600,39.64321850585937,-9.003007220482825,-3.8878076485186814,-0.03466450212899363
1789059128778227500,39.6532275390625,-9.001751082941889,-3.89079455537498,-0.024061912087607197
1789059128788237600,39.66323754882813,-9.000393823114036,-3.8939807841956613,-0.01435758263526368
1789059128798247700,39.67324755859375,-9.000235417681932,-3.8943691989913582,-0.0063835744028881885
1789059128808257500,39.68325756835937,-9.00081584791839,-3.8930315206468102,0.0017611237825469288
1789059128818267600,39.693267578125,-9.002112317469715,-3.890018018044531,0.010755533847084733
1789059128828277500,39.703277587890625,-9.002931817159055,-3.888078574414551,0.021236376655346247
1789059128838287600,39.71328759765625,-9.00441708728075,-3.8845696895107626,0.03126080148259643
1789059128848297500,39.72329736328125,-9.00488236670494,-3.8834266569554803,0.038463398938323366
1789059128858307600,39.7333076171875,-9.004347529175877,-3.884596869778633,0.04487517480992246
1789059128868317700,39.74331762695312,-9.004596535500884,-3.8839506808295843,0.05052464737240225
1789059128878326500,39.753326416015625,-9.004307781687379,-3.884534910458326,0.05665416310336441
1789059128888336600,39.76333666992188,-9.004385523098707,-3.884262815518677,0.06266570587730966
1789059128898346800,39.7733466796875,-9.003979280385375,-3.885143105484545,0.06639353076140396
1789059128908356600,39.78335668945312,-9.003965251860022,-3.885140767396986,0.06836385358683765
1789059128918366700,39.79336669921875,-9.00456497131884,-3.883727393467724,0.06971973430835642
1789059128928376600,39.80337646484375,-9.005579701319336,-3.881359203031659,0.07047653945845085
1789059128938386700,39.81338671875,-9.006329058381915,-3.8795992076218124,0.07167069027961696
1789059128948396500,39.823396484375,-9.006604952713847,-3.878990428073704,0.06985869525447487
1789059128958406400,39.833406494140625,-9.00751329973042,-3.876967105552554,0.06488860609116964
1789059128968415500,39.84341552734375,-9.008151013112068,-3.8755896797195075,0.058350546091934664
1789059128978425600,39.85342553710937,-9.008630321061611,-3.8745977460727095,0.049575466021941975
1789059128988435500,39.863435546875,-9.007778672668337,-3.8766806898266073,0.04064893085043877
1789059128998445600,39.873445556640625,-9.006309769159556,-3.8801775920316577,0.0315636934193084
1789059129008455400,39.883455322265625,-9.005271073761582,-3.882657133887708,0.021354317646322306
1789059129018465500,39.89346557617188,-9.005347646129131,-3.8825244474187492,0.010032117226650006
1789059129028475600,39.9034755859375,-9.005790713721513,-3.881509717418253,-0.0005410831440274705
1789059129038485500,39.91348559570312,-9.006834085294603,-3.8790696307897568,-0.011767920051800319
1789059129048495600,39.92349560546875,-9.006929946884512,-3.8788045501127835,-0.021720732956053687
1789059129058504700,39.93350463867188,-9.006484541204571,-3.879762873750925,-0.032494245417823545
1789059129068514600,39.9435146484375,-9.005435908934473,-3.882083133392036,-0.044042756273504347
1789059129078524700,39.95352465820312,-9.003955899509787,-3.88536726962924,-0.055485333953122606
1789059129088534500,39.96353442382812,-9.002653000217675,-3.8882173983633517,-0.06622239827846642
1789059129098544600,39.973544677734374,-9.002128684082626,-3.8892783055931326,-0.07467500949501991
1789059129108554500,39.983554443359374,-9.002452509209514,-3.88835125387609,-0.08341088093263097
1789059129118564600,39.993564697265626,-9.002388211801648,-3.888336348567903,-0.09070280977278015
1789059129128574700,40.00357470703125,-9.002691578662395,-3.8874303396388887,-0.09907660643234849
1789059129138584600,40.01358447265625,-9.002129853126407,-3.888475464777648,-0.10864310174151323
1789059129148593700,40.02359375,-9.001340748575329,-3.890085238061845,-0.11613169479807837
1789059129158603800,40.033603759765626,-8.999445728608965,-3.894131006321311,-0.1268768054325599
1789059129168613600,40.043613525390626,-8.997382366338371,-3.8985587596356868,-0.13686880527795292
1789059129178623700,40.05362377929688,-8.995438831055164,-3.902763810110092,-0.1445575514159631
1789059129188633300,40.06363330078125,-8.994974136152862,-3.9035406397014856,-0.1523017632014118
1789059129198643500,40.0736435546875,-8.99583689046204,-3.9012466835454105,-0.1599200196527876
1789059129208653600,40.08365356445312,-8.99593099848628,-3.9006519325226545,-0.16890465082023293
1789059129218663400,40.09366333007812,-8.996270605704188,-3.899387903936207,-0.17963208880070597
1789059129228673500,40.103673583984374,-8.997233313256501,-3.8967262835115193,-0.18896040057297794
1789059129238682600,40.1136826171875,-8.997449586355685,-3.895602247917652,-0.20141942985272035
1789059129248692500,40.1236923828125,-8.99744198757112,-3.8949329703539606,-0.21429569816384464
1789059129258702600,40.13370263671875,-8.996258915266393,-3.8969425566107034,-0.22704094224013388
1789059129268712400,40.14371240234375,-8.99459068979323,-3.900048121410608,-0.23946133827622978
1789059129278722600,40.15372265625,-8.993509908819197,-3.9018595547467467,-0.2503254813136533
1789059129288732400,40.163732421875,-8.993424568623304,-3.901488091085851,-0.25902977943606675
1789059129298742500,40.173742431640626,-8.993997984597087,-3.8996687667042016,-0.26639817104591057
1789059129308752600,40.18375268554688,-8.994430530795455,-3.898311214615404,-0.27161751312939447
1789059129318762500,40.19376245117188,-8.994590105271339,-3.8976618107959626,-0.27562925125509496
1789059129328772600,40.20377270507812,-8.99361921441257,-3.8996322340860963,-0.27940889765797183
1789059129338781700,40.21378173828125,-8.993327537989616,-3.900079685592651,-0.2825318154514767
1789059129348791600,40.22379150390625,-8.993333383208514,-3.8998169430032372,-0.2859433774606325
1789059129358801700,40.2338017578125,-8.993069179314375,-3.9003640554919836,-0.2867964140933938
1789059129368811500,40.2438115234375,-8.99330123450458,-3.8999619044318794,-0.28498940120404587
1789059129378821600,40.25382153320312,-8.994166911423205,-3.8982302583336828,-0.2813223483301699
1789059129388831500,40.26383154296875,-8.996020430335403,-3.8943586775973436,-0.2756345302184112
1789059129398841600,40.273841552734375,-8.99743964948356,-3.8914424978896975,-0.2704524879380129
1789059129408851700,40.28385180664063,-8.998781711742282,-3.88864029995054,-0.26606334960097444
1789059129418861600,40.29386157226563,-8.998343320325016,-3.88994553733021,-0.26177611900214104
1789059129428870700,40.30387060546875,-8.998543811333178,-3.8898382775634524,-0.2564140439797193
1789059129438880500,40.313880615234375,-8.998824381840228,-3.88958167245388,-0.2504068577204831
1789059129448890400,40.323890380859375,-8.999781828695536,-3.887714417277276,-0.2449189095623791
1789059129458900500,40.333900390625,-8.999843788015841,-3.887951440903544,-0.23880963290184734
1789059129468910300,40.34391040039063,-9.000380963632464,-3.887108560338616,-0.23218354755928738
1789059129478920400,40.35392041015625,-9.001202216887474,-3.8856460865706204,-0.2247160429565236
1789059129488930600,40.3639306640625,-9.002362492838502,-3.8833573911115526,-0.21769387096846474
1789059129498940400,40.3739404296875,-9.003549072274565,-3.88097487988919,-0.210995779835619
1789059129508950500,40.38395043945312,-9.004206074878573,-3.879702667996287,-0.2063061424483545
1789059129518960400,40.39396044921875,-9.004237054538727,-3.8798318473339077,-0.20249509626021608
1789059129528969500,40.40396948242188,-9.00436155770123,-3.8797564440101384,-0.19836765933297573
1789059129538979600,40.4139794921875,-9.004179771393536,-3.880361424165964,-0.1947566840278916
1789059129548989400,40.42398950195312,-9.00370981579423,-3.8816158081412313,-0.19143073620926587
1789059129558999600,40.43399951171875,-9.003160949739813,-3.883095233044028,-0.18719275157963855
1789059129569009700,40.444009765625,-9.003112434422968,-3.8834018147751688,-0.18312573960274456
1789059129579019500,40.45401953125,-9.003619214901327,-3.882428001306951,-0.17882638017470015
1789059129589029600,40.46402954101563,-9.004609394982456,-3.880351779554784,-0.17397468409352004
1789059129599039500,40.47403955078125,-9.005784283980727,-3.8778915269210934,-0.16791763081056996
1789059129609049600,40.48404956054687,-9.005955548894406,-3.8777515339285133,-0.16182833749214187
1789059129619058700,40.49405859375,-9.005843905213474,-3.878294262503087,-0.15488332239352165
1789059129629068500,40.50406860351563,-9.003393004930018,-3.8844016394674776,-0.1439646452904213
1789059129639078700,40.51407861328125,-9.001963848909735,-3.8881750205263494,-0.13086704411250538
1789059129649088500,40.52408862304687,-9.000601328384876,-3.891743234401941,-0.11788076695511117
1789059129659098600,40.5340986328125,-9.001232612025737,-3.8905563627049324,-0.1084820750940591
1789059129669108700,40.544108642578124,-9.003005466917157,-3.8867517097249626,-0.0971703618190717
1789059129679118600,40.55411865234375,-9.005149493208528,-3.8821170356616377,-0.08267262065280229
1789059129689128700,40.564128662109376,-9.005736937707661,-3.881090322962403,-0.06496984550068155
1789059129699138600,40.574138671875,-9.005429479193687,-3.882076995912194,-0.04582927893067244
1789059129709147400,40.5841474609375,-9.004609979504346,-3.884152633142471,-0.027216992284776642
1789059129719157800,40.59415771484375,-9.003825551128386,-3.886060512590408,-0.0069027565634489285
1789059129729167600,40.604167724609376,-9.002819588956235,-3.8883684972718355,0.014786482421687105
1789059129739177700,40.614177734375,-9.001904227676986,-3.890326645602286,0.03825996248782612
1789059129749187600,40.6241875,-9.00176978764236,-3.890297711768746,0.06411191806367132
1789059129759197700,40.63419775390625,-9.002809652084112,-3.8873672112748023,0.09044860668284818
1789059129769207800,40.64420776367187,-9.003416970327496,-3.8851904517576097,0.11903359938520006
1789059129779217700,40.6542177734375,-9.004427608674764,-3.8818446484610436,0.14816109233326277
1789059129789227800,40.664227783203124,-9.005774347108602,-3.8775186019554733,0.17680738676879554
1789059129799236600,40.67423657226563,-9.00657981827259,-3.8741812742263075,0.20647245719227938
1789059129809246500,40.68424658203125,-9.00648629477024,-3.872813493004441,0.23432284287661312
1789059129819256600,40.69425659179687,-9.00463979012072,-3.875280759900808,0.26275356746586037
1789059129829266400,40.70426635742187,-9.002713790494203,-3.8777319524452087,0.2910671684814617
1789059129839276500,40.714276611328124,-9.001792583996057,-3.8777883588075635,0.3175967904234305
1789059129849286700,40.72428662109375,-9.00210354964137,-3.87473657002151,0.3448645539142191
1789059129859296500,40.734296630859376,-9.00318725322485,-3.869626387400925,0.3728226012241095
1789059129869306600,40.744306640625,-9.004072803887725,-3.8649882062062617,0.39865306192077693
1789059129879316500,40.75431640625,-9.004340514913201,-3.861787948860228,0.42288072706330565
1789059129889326600,40.76432666015625,-9.003661884999275,-3.860965234300494,0.44430411190744484
1789059129899335700,40.774335693359376,-9.002750615373253,-3.861323253957927,0.4594012163395062
1789059129909345500,40.784345458984376,-9.000781361126899,-3.863672739693522,0.4778635228883475
1789059129919355600,40.79435571289063,-8.999802286961675,-3.863532746700942,0.4970444991005584
1789059129929365800,40.80436572265625,-8.999634529179334,-3.861809868431091,0.5132160278310999
1789059129939375600,40.81437573242187,-9.00121040019393,-3.8560610956460235,0.5285772630920633
1789059129949385700,40.8243857421875,-9.003366701444984,-3.8496930219188332,0.5381737973464653
1789059129959395600,40.8343955078125,-9.004813393121957,-3.8456855398431418,0.5426118163265288
1789059129969405700,40.84440576171875,-9.0045106107831,-3.845657190531492,0.5478081063279882
1789059129979415600,40.85441552734375,-9.002730741629003,-3.849432325156033,0.550542463195324
1789059129989424600,40.86442456054687,-9.002094197291136,-3.8507416541889308,0.5517876409508288
1789059129999434800,40.874434814453124,-9.00126651429534,-3.8525063257738945,0.5529689962225035
1789059130009444600,40.884444580078124,-9.001459406518936,-3.852680513297021,0.5486005353473127
1789059130019454700,40.894454833984376,-9.001514936098456,-3.8533676187783477,0.5428320349484682
1789059130029464800,40.90446484375,-9.001470512434839,-3.8546047593578696,0.5347240222187712
1789059130039474700,40.914474609375,-9.001302170130609,-3.856220377860963,0.525845500040613
1789059130049484800,40.92448486328125,-9.000606589081883,-3.8589536022171376,0.517631725381501
1789059130059494700,40.93449462890625,-8.997659429714084,-3.866777135449648,0.510432753788121
1789059130069504800,40.9445048828125,-8.994473785415291,-3.8753751601859925,0.5012931695209816
1789059130079513600,40.954513671875,-8.99304170678556,-3.8800057425960897,0.4910602370591834
1789059130089523500,40.9645234375,-8.994016689297556,-3.879140065677464,0.4799193594396114
1789059130099533600,40.97453344726563,-8.997176030111312,-3.8738197474375364,0.4633903225082904
1789059130109543700,40.98454370117187,-8.998786387917399,-3.8717566774278875,0.44914154200125483
1789059130119553500,40.99455346679687,-8.998484774622321,-3.873928468509018,0.43627588641569015
1789059130129563600,41.004563720703125,-8.997575843083858,-3.877577054144442,0.4223813627064228
1789059130139573500,41.014573486328125,-8.997690993896127,-3.8789708465903994,0.40684729162920263
1789059130149583600,41.02458349609375,-8.999118396350742,-3.8774972669064995,0.3889287365682423
1789059130159593500,41.03459350585938,-9.000137218004465,-3.877193023262918,0.3678199706312269
1789059130169603600,41.044603515625,-9.000846827578544,-3.8776808067798614,0.34457371774148193
1789059130179612700,41.05461279296875,-9.00046104313135,-3.880609261447191,0.320867555722408
1789059130189622500,41.06462255859375,-9.000029665976763,-3.8834430235683914,0.2978532118923962
1789059130199632600,41.07463256835938,-8.999330577796696,-3.886543619932234,0.2778624901998788
1789059130209642800,41.08464282226562,-8.999376755025983,-3.887613002729416,0.2608929246931337
1789059130219652600,41.09465258789062,-9.000263474732638,-3.886778597731888,0.24205981207052243
1789059130229662700,41.10466284179687,-9.001219752544165,-3.8858264115735888,0.2208721904773265
1789059130239672600,41.11467260742187,-9.002769320073723,-3.883531578634679,0.19674095318028703
1789059130249682700,41.1246826171875,-9.003962329250573,-3.8819393410071728,0.17202331256372852
1789059130259692500,41.134692626953125,-9.004930297499895,-3.8806171524927016,0.14972855171253904
1789059130269701600,41.14470166015625,-9.004511195304989,-3.8823853312090035,0.12747756607099436
1789059130279711700,41.15471166992187,-9.003233430454134,-3.8860347936272617,0.10441932830032892
1789059130289721600,41.1647216796875,-9.002070816415548,-3.8892464491501446,0.08287027124990709
1789059130299731700,41.174731689453125,-9.002295857343077,-3.889128667989373,0.061123974594334135
1789059130309741800,41.18474194335938,-9.003213556709886,-3.8872760258600114,0.04013695817373227
1789059130319751700,41.19475170898438,-9.004608810460567,-3.8841909193262456,0.02164599178598728
1789059130329761800,41.20476171875,-9.00676803432107,-3.8792394343987104,0.003648297370233922
1789059130339771600,41.21477172851562,-9.008393589696288,-3.87544501055181,-0.012275667502894065
1789059130349781800,41.22478173828125,-9.01014189466834,-3.871298704527318,-0.02773846344219055
1789059130359790600,41.23479052734375,-9.012297026875615,-3.866140298850834,-0.042950161564094015
1789059130369800400,41.24480053710938,-9.017029316094517,-3.854898189346492,-0.0576649019153323
1789059130379810600,41.254810546875,-9.023183162549138,-3.8402427642673254,-0.07129718992526177
1789059130389820700,41.26482055664062,-9.021241380831599,-3.844562965553999,-0.08324219156852923
1789059130399830500,41.27483056640625,-9.019928544667362,-3.8473347683548926,-0.09637469966304488
1789059130409840600,41.284840576171874,-9.017514469262958,-3.852632582502067,-0.10971283159856683
1789059130419850500,41.2948505859375,-9.017372430443762,-3.852526199518144,-0.12416885251495986
1789059130429860600,41.304860595703126,-9.01948547707498,-3.847198282493651,-0.13539627590682357
1789059130439870700,41.31487060546875,-9.02217310872376,-3.8406072136655447,-0.1432231884065084
1789059130449880600,41.32488061523438,-9.023111850878596,-3.838062497618794,-0.15203379644760862
1789059130459889700,41.3348896484375,-9.022230391868948,-3.8397126029133792,-0.16234028733596204
1789059130469899800,41.344899658203126,-9.020333618336915,-3.8437066409856078,-0.17288100710529833
1789059130479909600,41.35490966796875,-9.019381432178616,-3.845430980560183,-0.18386360715692862
1789059130489919700,41.36491967773438,-9.019437546280026,-3.8448371063202615,-0.1932836523332633
1789059130499929600,41.3749296875,-9.019656741988658,-3.8438729374632237,-0.20204388189399614
1789059130509939700,41.38493969726562,-9.0196713550359,-3.8433673260286447,-0.21080137150837108
1789059130519949600,41.39494946289062,-9.018286038157344,-3.846216870240867,-0.21798359289634972
1789059130529959700,41.404959716796874,-9.017610915374755,-3.8473569801867007,-0.22565763465557245
1789059130539969800,41.4149697265625,-9.016907735541462,-3.8486052266821265,-0.23237928932709617
1789059130549978600,41.424978515625,-9.017036914879084,-3.8479350723356007,-0.23838516041208058
1789059130559988700,41.43498876953125,-9.017064971929788,-3.8475168469235297,-0.24401288236705584
1789059130569998800,41.444998779296874,-9.016786739510298,-3.847934195552766,-0.2476727017825469
1789059130580008700,41.4550087890625,-9.016161885610222,-3.8492280347555874,-0.2503102654782124
1789059130590018800,41.465018798828126,-9.015711803755163,-3.850067700450122,-0.25358346019629385
1789059130600028700,41.475028564453126,-9.016258331722021,-3.8486739080041645,-0.2552887297442183
1789059130610038800,41.48503881835938,-9.01693286998272,-3.846944307732582,-0.2575325996808708
1789059130620048600,41.49504858398438,-9.01754661796689,-3.845322844010591,-0.2602433564769104
1789059130630058500,41.50505859375,-9.017254357022047,-3.845978385309875,-0.2606809624428861
1789059130640067600,41.515067626953126,-9.016717765927314,-3.8473476278364656,-0.25904101321613415
1789059130650077700,41.52507763671875,-9.019328825208545,-3.8415450790375467,-0.2542025054100901
1789059130660087600,41.53508764648438,-9.017010611394047,-3.847356687925756,-0.24849581820107994
1789059130670097700,41.54509765625,-9.016322044607996,-3.848832021175325,-0.2506146369859576
1789059130680107500,41.555107421875,-9.016279374510049,-3.8488662157058715,-0.2516256406594068
1789059130690117600,41.56511767578125,-9.018293636941909,-3.8440766433417797,-0.25266846424322575
1789059130700127500,41.57512744140625,-9.02252440637946,-3.834394622761011,-0.24871388139855116
1789059130710137600,41.5851376953125,-9.02606836259663,-3.8266792260780926,-0.23874931754935533
1789059130720148500,41.5951484375,-9.027637219348549,-3.823470785425603,-0.23068607554314657
1789059130730157600,41.605157470703126,-9.027136284089089,-3.8250942949742077,-0.2232688032902777
1789059130740167700,41.61516772460938,-9.026365299716591,-3.827350257207453,-0.21565935119986532
1789059130750177500,41.62517749023438,-9.026206894284487,-3.8281051672279833,-0.2087665594788268
1789059130760187600,41.63518774414062,-9.027358986929059,-3.826007902687788,-0.19705880522411315
1789059130770197500,41.64519750976562,-9.029790597990155,-3.8209520806029436,-0.18326892919940874
1789059130780207600,41.65520751953125,-9.031158379212021,-3.8183445284530517,-0.16971552881170063
1789059130790217500,41.665217529296875,-9.031631841942668,-3.8178091064020987,-0.15601439051637425
1789059130800227300,41.675227294921875,-9.03162950385511,-3.818299520267546,-0.143668913746858
1789059130810237400,41.68523754882813,-9.031187605306506,-3.8197491345539687,-0.13248881836174986
1789059130820246500,41.69524658203125,-9.0300770137161,-3.822755330632627,-0.12100915550817735
1789059130830256400,41.70525634765625,-9.029346945875883,-3.824830675601959,-0.1093144707975909
1789059130840266500,41.7152666015625,-9.030039019793271,-3.82355203396827,-0.0960462257605046
1789059130850276400,41.7252763671875,-9.032385875180363,-3.8183456974968313,-0.081424173227977
1789059130860286500,41.73528637695313,-9.03509454961717,-3.8122146473959084,-0.06689636115042959
1789059130870296600,41.74529663085937,-9.038081456473469,-3.8053327789276836,-0.05395245269688312
1789059130880306400,41.75530639648437,-9.04145414777696,-3.7974507935062047,-0.04311879612926859
1789059130890316500,41.76531665039062,-9.04378580559492,-3.791969439485669,-0.035904716015013396
1789059130900326400,41.77532641601562,-9.045461629852651,-3.788025378035009,-0.029551004173315593
1789059130910335500,41.78533544921875,-9.045216130658984,-3.7886481861084698,-0.024265611116297076
1789059130920345600,41.795345703125,-9.04459069223702,-3.7901650204122066,-0.02025121295934077
1789059130930355500,41.80535546875,-9.043709233227371,-3.792286542610824,-0.016372206968371755
1789059130940365600,41.81536547851562,-9.043518679091333,-3.7927573749929664,-0.012117005200817947
1789059130950375700,41.825375732421875,-9.043518679091333,-3.7927696499526498,-0.007138252098800148
1789059130960385500,41.835385498046875,-9.043417556804418,-3.793016902711987,-0.002545072525188152
1789059130970395600,41.84539575195313,-9.042853493180871,-3.794361595319211,0.0020274910926636946
1789059130980405500,41.85540551757813,-9.041357117143273,-3.797923963975906,0.004813375077254023
1789059130990415600,41.86541552734375,-9.038875821721554,-3.80381974401623,0.007786365860165096
1789059131000424700,41.8754248046875,-9.035732262998819,-3.8112747361972925,0.010793879396363627
1789059131010434600,41.8854345703125,-9.03222396261692,-3.8195743625089524,0.013022580304992152
1789059131020444700,41.89544458007813,-9.029149961999059,-3.8268212648972866,0.016705403853446477
1789059131030454500,41.90545458984375,-9.026679187971354,-3.8326176762163637,0.022198125226434783
1789059131040464400,41.91546435546875,-9.02631327726841,-3.8334462359949946,0.02714180130684981
1789059131050474500,41.925474609375,-9.02636646876037,-3.83327701690793,0.03289059464151505
1789059131060484400,41.935484375,-9.027277153864503,-3.8310888592138883,0.03752838767711073
1789059131070494500,41.945494384765624,-9.026670420143008,-3.832451379738748,0.0438695414313348
1789059131080504300,41.95550439453125,-9.02683408627212,-3.8319931145772337,0.04981394638635683
1789059131090513400,41.96551342773437,-9.026838177925347,-3.8318852702885864,0.056823391323583196
1789059131100523500,41.9755234375,-9.027344958403706,-3.8305800329089164,0.0639436853572959
1789059131110533400,41.985533447265624,-9.027712622672318,-3.8296047581359742,0.07010977023898157
1789059131120543500,41.99554345703125,-9.027875704279541,-3.829085118176043,0.07713621197678149
1789059131130553600,42.0055537109375,-9.027852323403954,-3.8289810732796785,0.08469660989423282
1789059131140563500,42.0155634765625,-9.029010845789312,-3.8261034720167517,0.09096916909138672
1789059131150573600,42.02557348632813,-9.031279375243187,-3.8205750639840956,0.09789597267988137
1789059131160583400,42.03558349609375,-9.03472104012966,-3.8122722228020427,0.1038538216383662
1789059131170593500,42.04559350585937,-9.039369742718339,-3.8010491102591155,0.11047074642693623
1789059131180603400,42.05560327148437,-9.04468421573937,-3.7881612793743606,0.11792551941229029
1789059131190612500,42.06561254882813,-9.050751552954315,-3.7734818888977166,0.12296063663582317
1789059131200622600,42.07562255859375,-9.056996584823727,-3.75826649184823,0.1289341489543207
1789059131210632400,42.08563256835937,-9.06236132672727,-3.7451045201972124,0.13485780338225886
1789059131220642600,42.095642578125,-9.066795509782432,-3.7341868203416464,0.1394838192150928
1789059131230652700,42.105652587890624,-9.07043766567707,-3.7251208858326077,0.14498396926764398
1789059131240662500,42.11566259765625,-9.072462449502945,-3.7200446054816245,0.14860042446544394
1789059131250672600,42.125672607421876,-9.073535631692408,-3.717328039999306,0.15101928564282133
1789059131260682500,42.1356826171875,-9.073201285171509,-3.7180113460883497,0.15427494470421224
1789059131270692600,42.14569262695313,-9.071672175908088,-3.7216263217151164,0.15700583097282797
1789059131280701700,42.15570166015625,-9.067411011332274,-3.731879420182109,0.15973246119143442
1789059131290711300,42.165711181640624,-9.060512483990191,-3.7486367859765886,0.15882183088622986
1789059131300721400,42.175721435546876,-9.05255129585266,-3.7679675093904135,0.1553109732210636
1789059131310731500,42.1857314453125,-9.046571636921167,-3.7824350106820464,0.15201773122879675
1789059131320741400,42.19574145507813,-9.044349869218468,-3.787795076410472,0.15076158455470576
1789059131332004600,42.207004638671876,-9.04721928717494,-3.781049109281599,0.1478856181264389
1789059131342013700,42.217013671875,-9.053499390357732,-3.76615519927144,0.1435592519604601
1789059131352023600,42.2270234375,-9.060953213495015,-3.7483015626728533,0.14052809497048147
1789059131362033700,42.23703369140625,-9.06894713485837,-3.728993635612726,0.13854223664919846
1789059131372043500,42.24704345703125,-9.076086485219001,-3.711688280546665,0.1356972772805486
1789059131382053600,42.2570537109375,-9.081524876880644,-3.6985564117729663,0.13027641214244068
1789059131392063700,42.26706372070313,-9.08502265586853,-3.690249478937685,0.12167136401026508
1789059131402073600,42.27707348632813,-9.087777507534623,-3.6838878349512814,0.10795333851221948
1789059131412083700,42.28708374023437,-9.091220341464876,-3.6758395530521866,0.09111784771392122
1789059131422093600,42.29709350585937,-9.093850689968466,-3.669690382772684,0.07511045090337283
1789059131432103700,42.307103759765624,-9.095832803696393,-3.6650489867076277,0.06020568613905925
1789059131442112500,42.31711254882813,-9.096505588391423,-3.663529814316332,0.050176427589775995
1789059131452122400,42.32712231445313,-9.0956340662539,-3.665837506736815,0.038184910790505816
1789059131462132500,42.33713256835937,-9.092627870175242,-3.673386314681172,0.027179578317259437
1789059131472142300,42.34714233398437,-9.08694222575426,-3.6874981344029307,0.015102674514678073
1789059131482152400,42.35715234375,-9.081289314559102,-3.701427291034162,-0.0017182073748386755
1789059131492162600,42.36716259765625,-9.076530137333274,-3.7130493397668003,-0.01596240803299588
1789059131502172400,42.37717236328125,-9.071979049900174,-3.7241011873960495,-0.025643842950230464
1789059131512182500,42.3871826171875,-9.068215313452482,-3.733206869393587,-0.03197189747757511
1789059131522192400,42.3971923828125,-9.064209584942459,-3.74290847145766,-0.03351317210282432
1789059131532201500,42.407201416015624,-9.06104030725658,-3.7505578171670435,-0.03537874677899526
1789059131542211600,42.417211669921876,-9.058992142555118,-3.7554827063485976,-0.03733523059203289
1789059131552221400,42.427221435546876,-9.058564857053756,-3.756459442426264,-0.04239225825327448
1789059131562231600,42.4372314453125,-9.059703505694866,-3.7536262648269534,-0.04948305219786707
1789059131572241700,42.44724169921875,-9.06079597710669,-3.750887195251882,-0.05660337819762062
1789059131582251500,42.45725146484375,-9.06169263368547,-3.7486110670134423,-0.06341568399439565
1789059131592261600,42.46726171875,-9.063279026094078,-3.7446713894769545,-0.0692234021587763
1789059131602271500,42.477271484375,-9.067439068382978,-3.7344665140658613,-0.07542394186591263
1789059131612280600,42.48728051757813,-9.073939536318182,-3.718516080740094,-0.08149362173499539
1789059131622290700,42.49729077148437,-9.08283888208866,-3.696537473165989,-0.08964041383881122
1789059131632300500,42.50730053710937,-9.089104372224211,-3.680848905646801,-0.09955539379208347
1789059131642310700,42.517310546875,-9.093756581944227,-3.668977558328211,-0.11214934716364368
1789059131652319500,42.52731958007813,-9.09716142195165,-3.6601442635312673,-0.1240119357870426
1789059131662329300,42.53732934570313,-9.09802242269516,-3.65763111166656,-0.1345659442962147
1789059131672339500,42.54733935546875,-9.09790902544856,-3.657588149307668,-0.1431122205790132
1789059131682349600,42.557349609375,-9.09649214438796,-3.66088543728739,-0.14875986194401047
1789059131692359400,42.567359375,-9.093774702122808,-3.6674978411644696,-0.15198747308785096
1789059131702369500,42.57736962890625,-9.089138859015703,-3.678916184018552,-0.1533304851946421
1789059131712378600,42.58737866210937,-9.084190296697615,-3.6911037576794623,-0.1537146256740205
1789059131722387700,42.5973876953125,-9.080214378803968,-3.700926648035645,-0.15244293437092565
1789059131732397800,42.60739770507813,-9.078989805445074,-3.704021106919646,-0.15019786799103022
1789059131742407700,42.61740771484375,-9.079169253665208,-3.7037063418820497,-0.14709479654231108
1789059131752417800,42.62741772460937,-9.080568599069117,-3.700328974403441,-0.14569043703656642
1789059131762428000,42.637427978515625,-9.081467593735455,-3.698127664966881,-0.14554779542917384
1789059131772437800,42.647437744140625,-9.082934159156679,-3.694507720904052,-0.14595439433553256
1789059131782447900,42.65744775390625,-9.084420013800262,-3.6908380924805995,-0.1463116194085218
1789059131792457700,42.66745776367188,-9.086630091065167,-3.6853625836789607,-0.1471146611534059
1789059131802466800,42.677466796875,-9.089436380657553,-3.6784567498132583,-0.14660069288243538
1789059131812477000,42.687476806640625,-9.092530255019664,-3.670857672986388,-0.14520123788067138
1789059131822486800,42.69748681640625,-9.09563172816634,-3.6632773008599875,-0.14236922932513987
1789059131832497000,42.70749682617188,-9.098027683392166,-3.657468322320282,-0.13858219420025125
1789059131842507000,42.71750708007813,-9.099333505293727,-3.654343176037073,-0.13525255658719687
1789059131852516600,42.7275166015625,-9.098476011681557,-3.6566181352317333,-0.13137066451939752
1789059131862526700,42.73752661132813,-9.095568599802256,-3.6639977240890262,-0.12701565678082405
1789059131872536600,42.74753662109375,-9.091710755330324,-3.673687051193416,-0.12329305606111883
1789059131882546700,42.75754663085937,-9.088218821561336,-3.6824493265807625,-0.11929066115249878
1789059131892555800,42.7675556640625,-9.08602978708446,-3.68804904628396,-0.1128833239939995
1789059131902565600,42.77756567382813,-9.085052466484903,-3.6906288336440918,-0.10705853596380911
1789059131912575700,42.78757568359375,-9.083685854306816,-3.6941321655899286,-0.10210845754207111
1789059131922585600,42.79758569335937,-9.081840518701076,-3.6987253385990857,-0.09993868488809093
1789059131932595700,42.807595703125,-9.079531072714925,-3.704343178480863,-0.10166462276470847
1789059131942605800,42.817605712890625,-9.0762735322237,-3.712295891050994,-0.1024869445987977
1789059131952615700,42.82761572265625,-9.071667499732971,-3.723527186900377,-0.10284108266555704
1789059131962625800,42.83762573242188,-9.065460461786389,-3.738613989134133,-0.10283499998464249
1789059131972635000,42.847634765625,-9.059088588666915,-3.7540675788536664,-0.1013908747240901
1789059131982644700,42.857644775390625,-9.053627985173463,-3.7672365647673605,-0.10068295478359796
1789059131992654800,42.86765478515625,-9.05003551363945,-3.7758062401920554,-0.10261719251549802
1789059132002664700,42.87766479492188,-9.048238108828663,-3.780093123731017,-0.1033052661112044
1789059132012674800,42.8876748046875,-9.049407152608037,-3.777301154924929,-0.10299305835687554
1789059132022685000,42.89768481445312,-9.052079586687684,-3.770965814423561,-0.10026204422409646
1789059132032694800,42.90769482421875,-9.056136753123997,-3.7613507215991615,-0.0949568870206829
1789059132042705000,42.917704833984374,-9.059297847503423,-3.7538384462729093,-0.09056636957731097
1789059132052714800,42.92771484375,-9.05924699409902,-3.7541011888623235,-0.08455914678545669
1789059132062723800,42.93772387695312,-9.054509444183111,-3.765721191768348,-0.07476968377484008
1789059132072734000,42.94773388671875,-9.045672642254829,-3.787049811001122,-0.066651222716365
1789059132082743800,42.957743896484374,-9.035700698816775,-3.810886613662541,-0.06034120388592128
1789059132092754000,42.96775390625,-9.027404579636453,-3.830595814999938,-0.05374350438762922
1789059132102763800,42.977763671875,-9.023015989288687,-3.841022808729112,-0.04588684063707478
1789059132112773600,42.987773681640626,-9.024454497659207,-3.837755623626709,-0.03523283321899362
1789059132122783700,42.99778369140625,-9.031481619817018,-3.8213007479101417,-0.01975160200728569
1789059132132793600,43.00779370117188,-9.042827189695835,-3.7944200475081797,-0.005634187657557777
1789059132142802700,43.017802734375,-9.054076897984743,-3.76748937048465,0.009894036488299025
1789059132152812800,43.027812744140626,-9.061659315937757,-3.7491532110661265,0.02381112251417944
1789059132162822700,43.03782275390625,-9.064522304153442,-3.7421538536980745,0.033189472556812684
1789059132172832800,43.04783276367188,-9.065594317299126,-3.7395074308425187,0.03825755133503116
1789059132182842600,43.05784252929688,-9.067430885076522,-3.735015964642167,0.041632658357894974
1789059132192852700,43.06785278320312,-9.069296678948401,-3.7304175309360024,0.047184132172307
1789059132202862800,43.07786279296875,-9.07028802807331,-3.7278535256668923,0.057986932377354236
1789059132212872700,43.087872802734374,-9.068764764028787,-3.7312826233327385,0.07359691823499742
1789059132222882800,43.0978828125,-9.067968060693143,-3.7329111013174057,0.08784086273671127
1789059132232892000,43.10789184570312,-9.068450875774026,-3.7313898830994963,0.10154985554493032
1789059132242901800,43.11790185546875,-9.069031306010483,-3.7296322257772085,0.11355469305007718
1789059132252911900,43.127911865234374,-9.069763127416373,-3.7275235630601644,0.12389700417048297
1789059132262921700,43.137921630859374,-9.070583211627602,-3.7250557116419074,0.13733661458594723
1789059132272931800,43.147931884765626,-9.072997287032008,-3.7185482294440266,0.1532889658741653
1789059132282941700,43.157941650390626,-9.076967359706758,-3.7081586451157924,0.16914547383878378
1789059132292951800,43.16795190429688,-9.082229225757718,-3.6945173655152317,0.1844832734252326
1789059132302962000,43.1779619140625,-9.087666448375582,-3.680561320877075,0.19538378468398004
1789059132312970800,43.187970703125,-9.092297615307569,-3.6687674227088687,0.20162879828708244
1789059132322980900,43.19798095703125,-9.096836427780985,-3.657327452544868,0.20470988623285666
1789059132332991000,43.20799096679688,-9.100544634649157,-3.6481089578226205,0.20439024409074336
1789059132343000600,43.21800048828125,-9.102644821798801,-3.643015141814947,0.20170926137845963
1789059132353010700,43.2280107421875,-9.10285115802586,-3.642677872684598,0.19843782022604717
1789059132363020500,43.2380205078125,-9.100945032143592,-3.647736909639835,0.19288321830620989
1789059132373030700,43.24803076171875,-9.097935328933596,-3.6556387688055634,0.18511442920193075
1789059132383040800,43.258040771484374,-9.095144236910343,-3.66293710912019,0.17783371587553992
1789059132393050600,43.268050537109374,-9.09552476066053,-3.662466861259937,0.16777504400210455
1789059132403059700,43.27805981445312,-9.100658616417645,-3.6501644290477033,0.15714460012270137
1789059132413069800,43.28806982421875,-9.107389970499277,-3.6337913863956928,0.14625189771107397
1789059132423079700,43.29807958984375,-9.112477649027108,-3.6214810631379484,0.13419633466568776
1789059132433089800,43.30808984375,-9.11392667879164,-3.618291034924984,0.12122374810692854
1789059132443099600,43.318099609375,-9.11202639812827,-3.6235581616729498,0.10573275811960921
1789059132453109800,43.32810986328125,-9.107741852676869,-3.634756432035565,0.08924598942743614
1789059132463120000,43.33811987304688,-9.101673346418142,-3.650301499430835,0.07230828493025619
1789059132473129700,43.34812963867188,-9.094576081633567,-3.6682509976193307,0.054797150759561916
1789059132483138800,43.358138916015626,-9.087253775921463,-3.686583649906516,0.036058207809983284
1789059132493149000,43.36814892578125,-9.07963277952373,-3.705460784333944,0.014439878065767697
1789059132503158800,43.37815869140625,-9.07209829236567,-3.7238863756015896,-0.00924129906745511
1789059132513169000,43.3881689453125,-9.065026746544241,-3.740936879123747,-0.03256674668174237
1789059132523178800,43.3981787109375,-9.05993731445074,-3.752994688925147,-0.05429365365025587
1789059132533188900,43.40818896484375,-9.056199881488084,-3.761659641417861,-0.07450188141781837
1789059132543198700,43.41819873046875,-9.053965838825702,-3.7666415214836597,-0.09216821528337896
1789059132553208800,43.428208740234375,-9.052620853957533,-3.7694057254999875,-0.1096434652899392
1789059132563218000,43.43821801757812,-9.05268573588729,-3.768699915318191,-0.12714124678871594
1789059132573227800,43.44822778320312,-9.053446198865771,-3.7663001607000828,-0.1431090513743926
1789059132583238000,43.45823779296875,-9.0534841927886,-3.765659232448041,-0.15691974185826255
1789059132593247700,43.468247802734375,-9.054445731297134,-3.7628880141690373,-0.16754837737306952
1789059132603257600,43.478257568359375,-9.055562752628326,-3.7597447477072476,-0.17745755777321756
1789059132613267700,43.48826782226563,-9.05603913796842,-3.7580627859696745,-0.18842695128340273
1789059132623277600,43.49827758789063,-9.056330814391375,-3.756823015041649,-0.19885054747909306
1789059132633286700,43.50828662109375,-9.055607176291941,-3.757945589330792,-0.21025818627607076
1789059132643296800,43.518296875,-9.054797028952837,-3.759288528372347,-0.22086298425756393
1789059132653306600,43.528306640625,-9.05437909580171,-3.759725166223943,-0.230369118548464
1789059132663316700,43.53831665039063,-9.054318890047073,-3.7594314439743757,-0.23742910179626195
1789059132673326800,43.54832690429687,-9.054059362328053,-3.759676650907099,-0.243351678511966
1789059132683336700,43.55833666992187,-9.053136402264236,-3.761489545547962,-0.24960556954126803
1789059132693346800,43.56834692382812,-9.05272022267878,-3.762021460467577,-0.2565760113420896
1789059132703356700,43.57835668945312,-9.052225717160105,-3.7626810934200883,-0.26424714875817296
1789059132713365800,43.58836572265625,-9.05182590418756,-3.762950265750289,-0.2739262649958022
1789059132723376400,43.59837646484375,-9.051026278242468,-3.763952720791101,-0.28629465685002503
1789059132733386200,43.60838623046875,-9.049722209906578,-3.7659494475662707,-0.30090043410118666
1789059132743396400,43.618396240234375,-9.048132310366631,-3.7685985007703304,-0.31519933736026284
1789059132753406200,43.62840625,-9.047785104364156,-3.7684120382875204,-0.3271721722919494
1789059132763416300,43.63841625976563,-9.048456720015405,-3.7657805207401513,-0.33868619407285006
1789059132773426200,43.64842626953125,-9.050505469238757,-3.760079678750038,-0.34717608225960284
1789059132783436300,43.65843627929687,-9.051293989267945,-3.757330380041897,-0.35628384661637247
1789059132793445400,43.6684453125,-9.05167568206191,-3.755340667529404,-0.36737540520150214
1789059132803455200,43.67845532226563,-9.050353493547439,-3.7573233657792207,-0.3794843241356313
1789059132813465300,43.68846533203125,-9.050001611369847,-3.756763393808901,-0.3931684199646115
1789059132823475500,43.69847534179687,-9.050138974013924,-3.755307349781692,-0.4037793554259464
1789059132833485300,43.7084853515625,-9.051701401025056,-3.7505896736100315,-0.4125062672389671
1789059132843495400,43.718495361328124,-9.053342738491295,-3.7461224650681015,-0.41705881597679106
1789059132853505300,43.72850537109375,-9.054598291510343,-3.7427173327997325,-0.4203550810432061
1789059132863515400,43.738515380859376,-9.055005118745564,-3.7413051279142495,-0.42415067393388595
1789059132873524200,43.74852416992187,-9.055055387628078,-3.740789871868491,-0.42761045899894085
1789059132883534000,43.7585341796875,-9.054750267201662,-3.7411487683087583,-0.4309181222422048
1789059132893544200,43.768544189453124,-9.054564389240742,-3.7413410760104653,-0.4331469042075798
1789059132903554300,43.77855419921875,-9.054385525542497,-3.7418332434415813,-0.4326320500206202
1789059132913564200,43.788564208984376,-9.05469824475348,-3.7411464302211996,-0.4320315999094397
1789059132923574300,43.79857421875,-9.055029668664933,-3.740452602738142,-0.43107970601208506
1789059132933584100,43.80858422851563,-9.054664342483878,-3.7416482422634956,-0.42837307740189134
1789059132943593200,43.81859326171875,-9.054201401147246,-3.7429175315469503,-0.42706491741277275
1789059132953603300,43.828603271484376,-9.054124244257807,-3.7432600613743063,-0.42570710959564895
1789059132963613200,43.83861328125,-9.054366820842027,-3.742996149741113,-0.4228514644362032
1789059132973623300,43.84862329101563,-9.05568784031272,-3.739898183725774,-0.4219798692334443
1789059132983633200,43.85863305664063,-9.056769790330529,-3.737570617561042,-0.41936621613632885
1789059132993643300,43.86864331054687,-9.05820303800404,-3.734335288901627,-0.4172284734552726
1789059133003653400,43.8786533203125,-9.058553751137852,-3.733547937916219,-0.4166697801265865
1789059133013662500,43.88866235351563,-9.058327541166543,-3.7342762521907686,-0.4150504718290642
1789059133023672300,43.89867236328125,-9.057242668539285,-3.7369548237502572,-0.4146247206976637
1789059133033682400,43.90868237304687,-9.05596431916654,-3.740206226761639,-0.4132219412276521
1789059133043692300,43.9186923828125,-9.05518164435625,-3.742222242759168,-0.4121149298338219
1789059133053702400,43.928702392578124,-9.055303809431194,-3.741824475613236,-0.41304965340066696
1789059133063712300,43.938712158203124,-9.056481036517024,-3.7388738091140983,-0.41395003630649296
1789059133073722400,43.948722412109376,-9.057779844155908,-3.7355695068717,-0.4153638120945543
1789059133083732500,43.958732421875,-9.05883724425435,-3.732637545073032,-0.4186572641493752
1789059133093741000,43.96874096679687,-9.059013769865036,-3.7317785901561376,-0.42247422862164674
1789059133103751200,43.978751220703124,-9.058699297088385,-3.7319668062046167,-0.4275195658450946
1789059133113761300,43.98876123046875,-9.057555387750268,-3.7337495979681607,-0.4361020276861265
1789059133123771100,43.998771240234376,-9.055874302795528,-3.736592420178652,-0.4465421366252005
1789059133133781200,44.00878125,-9.05452931792736,-3.7384424319595095,-0.4581758392630145
1789059133143791000,44.018791015625,-9.053847180882096,-3.738568396426737,-0.4704768467031419
1789059133153801200,44.02880126953125,-9.054328826919198,-3.736004683418572,-0.48143539002574975
1789059133163810300,44.038810302734376,-9.055692516487836,-3.731188515308499,-0.49300435686428096
1789059133173820200,44.048820068359376,-9.056445380681753,-3.727668232227862,-0.5056344135956838
1789059133183830300,44.05883032226563,-9.05809256336689,-3.7219647598892447,-0.5179938366921618
1789059133193840400,44.06884033203125,-9.059747929358481,-3.7161429218679665,-0.5306898347992449
1789059133203850200,44.07885034179687,-9.061234368523955,-3.7104397417902946,-0.5450261839918792
1789059133213860400,44.0888603515625,-9.061935794791578,-3.7064261222347614,-0.5604551141941919
1789059133223870200,44.0988701171875,-9.060817019894719,-3.706591541929543,-0.5771964787019417
1789059133233879300,44.10887939453125,-9.059476126679778,-3.707077864141762,-0.5948574788052589
1789059133243889400,44.11888940429687,-9.058488869208096,-3.7067332884877917,-0.6117926123194396
1789059133253899300,44.12889916992187,-9.058924338015913,-3.7033980065852403,-0.6253919524744153
1789059133263909400,44.138909423828125,-9.060165862509608,-3.6986841298058626,-0.635226167942211
1789059133273919200,44.148919189453125,-9.06148629745841,-3.694269528234005,-0.6420476845253259
1789059133283929300,44.158929443359376,-9.062318072107434,-3.691367377051711,-0.6469776152081788
1789059133293939500,44.168939453125,-9.061939301922918,-3.691404201930761,-0.652053603298217
1789059133303948300,44.1789482421875,-9.060649846634268,-3.6935128646478055,-0.6580047667875886
1789059133313958100,44.188958251953125,-9.058680007866025,-3.6974621867954727,-0.6629308980781584
1789059133323968300,44.19896826171875,-9.056999507433176,-3.700824648965895,-0.6671170246563851
1789059133333978000,44.20897802734375,-9.056628920555115,-3.7018753270626066,-0.6663157912760973
1789059133343988200,44.21898828125,-9.058101915717124,-3.6994247190400955,-0.6598713643770665
1789059133353998000,44.228998046875,-9.061329061070085,-3.6930148519977926,-0.6514141363508998
1789059133364008200,44.23900830078125,-9.064260438346862,-3.687753278207779,-0.6403410267379135
1789059133374018300,44.24901831054687,-9.066060765767096,-3.684940266613662,-0.630984146458283
1789059133384027100,44.259027099609376,-9.066300419741868,-3.685781101351976,-0.6225733879223465
1789059133394037200,44.26903735351563,-9.065847999799251,-3.688570147548616,-0.6125656425185502
1789059133404047400,44.27904736328125,-9.066839348924159,-3.6877857191726564,-0.6025359775438904
1789059133414057200,44.28905712890625,-9.067498105093836,-3.6878187446594235,-0.592330334947817
1789059133424067300,44.2990673828125,-9.068411712807416,-3.687534082499146,-0.579991698911041
1789059133434077200,44.3090771484375,-9.068826723349094,-3.688884620325267,-0.5647109084751457
1789059133444086300,44.31908618164063,-9.06939254053831,-3.6907971759483216,-0.5426971199898049
1789059133454096400,44.32909643554687,-9.070396749144791,-3.6920728949725627,-0.5166137074453756
1789059133464106200,44.33910620117187,-9.071272947457432,-3.693476624290645,-0.4905290162593126
1789059133474116400,44.349116455078125,-9.071822982555627,-3.6949978425085543,-0.4684015382664278
1789059133484126200,44.359126220703125,-9.072039255654811,-3.696743517132103,-0.45008401048313823
1789059133494136300,44.36913623046875,-9.072253775188326,-3.6986405829250812,-0.42971287463828917
1789059133504146400,44.379146484375,-9.07245426619649,-3.7005794420331712,-0.4082513132082298
1789059133514156300,44.38915625,-9.071552348920703,-3.7053587852641936,-0.38423944624084977
1789059133524165000,44.3991650390625,-9.069811058211327,-3.712212304420769,-0.3583115895843133
1789059133534175200,44.40917529296875,-9.067921883463859,-3.7188112642943856,-0.3370679086886346
1789059133544185000,44.41918505859375,-9.06762260825634,-3.721089730620384,-0.31953159441091117
1789059133554195200,44.4291953125,-9.068555505192279,-3.720078215490281,-0.304467807726562
1789059133564205000,44.439205078125,-9.069428780895471,-3.718931968064606,-0.29221937072388826
1789059133574215200,44.44921508789062,-9.070366938528418,-3.7175998426780104,-0.27979754991568623
1789059133584225300,44.45922534179687,-9.070309655383229,-3.718622463724017,-0.26779402758479115
1789059133594234000,44.46923413085938,-9.069341102612018,-3.7215789754420516,-0.25940202854825184
1789059133604244200,44.479244140625,-9.067969814258813,-3.725416653908789,-0.25214781963629646
1789059133614254300,44.48925439453125,-9.066348350536822,-3.7296842482253907,-0.24732427193736656
1789059133624264200,44.49926416015625,-9.065621789827942,-3.7314766846001146,-0.24692400230709463
1789059133634274300,44.5092744140625,-9.065585549470782,-3.731567285493016,-0.24687473807157947
1789059133644284200,44.5192841796875,-9.066402126550674,-3.729423843723535,-0.24926101215360685
1789059133654293200,44.52929321289062,-9.06710179925263,-3.727418056859076,-0.2537709090597927
1789059133664303400,44.53930346679687,-9.06721402745545,-3.7268373343616723,-0.2582640922931954
1789059133674313200,44.54931323242187,-9.066872666671872,-3.727178987406194,-0.2652248712165281
1789059133684323300,44.5593232421875,-9.065632895743846,-3.7297239957138895,-0.27173533082278445
1789059133694333400,44.56933349609375,-9.064213092073798,-3.732598966628313,-0.2795093988903798
1789059133704343300,44.57934326171875,-9.061719521692394,-3.7380002411499618,-0.28805132779162373
1789059133714353400,44.589353515625,-9.05947028146088,-3.7427100262761113,-0.29748711852636184
1789059133724362500,44.599362548828125,-9.057429715543984,-3.7468262294232844,-0.30764428233820945
1789059133734372400,44.609372314453125,-9.056490973389149,-3.7482717520564792,-0.31751009852066636
1789059133744382500,44.61938256835938,-9.056467007991671,-3.7473482074707745,-0.32888434650469567
1789059133754392300,44.62939233398438,-9.056873250705003,-3.745166771778464,-0.34227574299741537
1789059133764402400,44.63940234375,-9.058377225527167,-3.740282506868243,-0.3556292916977778
1789059133774412300,44.64941235351562,-9.059399554312229,-3.736482237802446,-0.3692832115842029
1789059133784422400,44.65942236328125,-9.059165745556355,-3.7355429111257195,-0.3842097817549482
1789059133794431500,44.66943139648438,-9.058359105348586,-3.735907360523939,-0.3993899978931993
1789059133804441300,44.67944140625,-9.0566183991611,-3.738492408581078,-0.41438948716968294
1789059133814451500,44.68945141601562,-9.055770842421055,-3.7388045432701706,-0.4298069826625287
1789059133824461600,44.699461669921874,-9.05559139420092,-3.7375676949515935,-0.44410683576967563
1789059133834471400,44.709471435546874,-9.056153119736909,-3.7346588217675682,-0.45694837982729075
1789059133844481500,44.7194814453125,-9.05685922217965,-3.7314179401502012,-0.46926056624855844
1789059133854491400,44.729491455078126,-9.057169603303075,-3.729310738737881,-0.47989952222798016
1789059133864500200,44.73950024414062,-9.057275986286998,-3.727639590655267,-0.490752340153791
1789059133874510300,44.74951025390625,-9.056666914477944,-3.7278435887947676,-0.5003504453107714
1789059133884520200,44.759520263671874,-9.05579714590609,-3.728849550966918,-0.5085321808638051
1789059133894530300,44.7695302734375,-9.05516469322145,-3.72942413598448,-0.5155289444159716
1789059133904540400,44.77954052734375,-9.054878277495503,-3.7294948631331324,-0.5200261462373659
1789059133914550300,44.78955029296875,-9.054878862017393,-3.7294530698180197,-0.5203178591929376
1789059133924560400,44.79956030273438,-9.056074793803692,-3.726763392342627,-0.5187829412432388
1789059133934569500,44.809569580078126,-9.057551880618929,-3.7236809161573645,-0.515107321470417
1789059133944579300,44.819579345703126,-9.057687489697337,-3.7239717157974837,-0.5106098639206961
1789059133954589400,44.82958935546875,-9.05753317591846,-3.725155664885044,-0.5046707927279174
1789059133964599300,44.83959936523438,-9.056053751015662,-3.7298601893141865,-0.496402840196155
1789059133974609400,44.849609375,-9.05632263108492,-3.7302740308120845,-0.4883296430515125
1789059133984619300,44.85961938476562,-9.057039839443563,-3.7298359316557645,-0.4782628244042396
1789059133994628400,44.86962841796875,-9.0591914645195,-3.7259246034309266,-0.4678897528193891
1789059134004638500,44.87963842773438,-9.060638156196475,-3.723938398049772,-0.4555222560143098
1789059134014648300,44.8896484375,-9.061679774203895,-3.722835405243933,-0.4436708555052057
1789059134024658400,44.89965844726562,-9.061556440085171,-3.724530810984969,-0.4318000196432695
1789059134034668500,44.90966845703125,-9.061660484981536,-3.7256706286698575,-0.41961186146046964
1789059134044678400,44.919678466796874,-9.062307550713419,-3.725345342238247,-0.40838107706774024
1789059134054688500,44.9296884765625,-9.0634818551898,-3.7236274324044585,-0.3978452526692301
1789059134064697600,44.93969750976562,-9.064574326601624,-3.7220921856611966,-0.3871824774228036
1789059134074707500,44.94970751953125,-9.064865418502688,-3.722275433273613,-0.3785056883618235
1789059134084717600,44.959717529296874,-9.064230043208598,-3.7246602825835344,-0.3701666068226099
1789059134094727200,44.96972705078125,-9.063359105592966,-3.72758727594614,-0.36192974354885515
1789059134104737300,44.9797373046875,-9.062684567332267,-3.7301509889543056,-0.3522792871501296
1789059134114747400,44.989747314453126,-9.06312646588087,-3.7299019826292987,-0.34344902456048876
1789059134124757200,44.99975732421875,-9.064416505691408,-3.7274078277260063,-0.3364055357897654
1789059134134766300,45.009766357421874,-9.066066610985994,-3.7238933898642657,-0.33082097712308167
1789059134144776400,45.0197763671875,-9.068038203319906,-3.719553314833343,-0.32556396991033104
1789059134154786300,45.029786376953126,-9.068660134610534,-3.718533031874895,-0.31985468888543545
1789059134164796400,45.03979638671875,-9.068924923026561,-3.7183491997405884,-0.3144208272684365
1789059134174806300,45.04980615234375,-9.068374303406477,-3.7201504039436575,-0.3089632194496691
1789059134184816400,45.05981640625,-9.067795626735686,-3.7218382109001276,-0.30558904857514424
1789059134194826200,45.069826171875,-9.067028734016418,-3.7239813604086636,-0.30222432138239963
1789059134204835300,45.07983544921875,-9.066609631821512,-3.725304717966914,-0.29846215583728625
1789059134214845400,45.08984545898438,-9.06713687056601,-3.7242522863045333,-0.2955714210981503
1789059134224855300,45.09985522460938,-9.068317020261286,-3.7216777596414086,-0.2917660191995092
1789059134234865400,45.10986547851562,-9.069438133245706,-3.7192701139777897,-0.28759509019041435
1789059134244875500,45.11987548828125,-9.070591394934057,-3.7167820965543386,-0.28334914145004003
1789059134254885400,45.129885498046875,-9.071099344456195,-3.71590356015414,-0.2785701452788897
1789059134264894500,45.13989453125,-9.07093860093653,-3.71649918795973,-0.27583929554289205
1789059134274904600,45.14990454101562,-9.070295626857876,-3.7182130061402914,-0.2738772199559957
1789059134284914400,45.15991455078125,-9.069631025469302,-3.720011579994857,-0.2714578838545829
1789059134294924500,45.169924560546875,-9.070129622641206,-3.7189497959822413,-0.2693401245156303
1789059134304934400,45.179934326171875,-9.071270609369874,-3.716374977058172,-0.266439233708661
1789059134314944500,45.18994458007813,-9.072650081029535,-3.7131907940641042,-0.2638583686362952
1789059134324953300,45.19995336914062,-9.07353387812674,-3.7112908056616782,-0.2601665831799619
1789059134334963200,45.20996313476562,-9.074813981065153,-3.7085236790359017,-0.25491989643182605
1789059134344973300,45.219973388671875,-9.075001612591743,-3.708508773727715,-0.24838963614655657
1789059134354983400,45.2299833984375,-9.075302056843041,-3.7081270809337497,-0.24303936115978284
1789059134364993300,45.2399931640625,-9.074309538674354,-3.7108535832881926,-0.23843793177893383
1789059134375003400,45.25000341796875,-9.074006171813606,-3.7117809272661804,-0.23553431929191573
1789059134385013200,45.26001318359375,-9.074320060068368,-3.7112469665199517,-0.2318348619857803
1789059134395022300,45.270022216796875,-9.075255879613756,-3.709338502550125,-0.2256532142087817
1789059134405032400,45.28003247070313,-9.076545919424294,-3.7066663607314227,-0.21754616959346457
1789059134415042300,45.29004223632813,-9.077888566204905,-3.703858902095258,-0.20916429009214044
1789059134425052400,45.30005249023438,-9.078626817351578,-3.702618546645343,-0.19882660034792496
1789059134435062500,45.3100625,-9.07836319797933,-3.703799573123455,-0.18859743074579163
1789059134445072400,45.320072265625,-9.077746527385711,-3.705766197021305,-0.17944120587110518
1789059134455082500,45.33008251953125,-9.076969697794318,-3.7080762275293466,-0.17080907793575897
1789059134465091600,45.34009155273438,-9.076046153208614,-3.7107425241291523,-0.16174387407908214
1789059134475101400,45.35010131835938,-9.075860275247692,-3.7116874037638303,-0.15006151912710627
1789059134485111600,45.36011157226562,-9.076793172183633,-3.709959264796972,-0.13570557018485851
1789059134495121400,45.37012133789062,-9.078366120588779,-3.706678635691106,-0.11910628102892078
1789059134505131500,45.380131591796875,-9.079666097271442,-3.704015553961694,-0.10156421286384575
1789059134515141400,45.390141357421875,-9.080555155065655,-3.702271340642869,-0.08420799526022747
1789059134525150200,45.40015014648438,-9.07983502409756,-3.704412736585736,-0.06560997003512456
1789059134535160300,45.41016040039062,-9.080486766004562,-3.70307155110985,-0.04905945192435756
1789059134545170400,45.42017041015625,-9.081178255400062,-3.701546533499658,-0.03370788867403753
1789059134555180300,45.43018017578125,-9.082468879732488,-3.6984792548835275,-0.019944222519535103
1789059134565190400,45.4401904296875,-9.083766518327593,-3.695341249118745,-0.004234082203944853
1789059134575200300,45.4502001953125,-9.08485606712997,-3.692642511554062,0.012731704174703918
1789059134585210400,45.46021044921875,-9.085631143155693,-3.6906256187736988,0.031172002104425334
1789059134595219500,45.470219482421875,-9.086111035627127,-3.6892534536376593,0.04881989841428585
1789059134605229300,45.480229248046875,-9.086427261969446,-3.6882112511083482,0.06572125752302818
1789059134615239400,45.49023950195313,-9.086573976963757,-3.6875410967618225,0.08119601789475418
1789059134625249300,45.50024926757813,-9.086983726808429,-3.68619406606704,0.09531203886759466
1789059134635259400,45.51025927734375,-9.087235655742884,-3.6851860580682754,0.1092591878132429
1789059134645269500,45.52026953125,-9.087198246341943,-3.6848686626821756,0.12231300464835948
1789059134655278300,45.5302783203125,-9.086873252171278,-3.685181089632213,0.13622559373728
1789059134665288400,45.54028833007813,-9.08642258579433,-3.685766780565679,0.14979340624283066
1789059134675298600,45.55029858398437,-9.086172994947432,-3.68587667068094,0.1617451709870249
1789059134685308400,45.56030834960937,-9.086872083127497,-3.6836572410658,0.17264599277302622
1789059134695318500,45.570318603515624,-9.087769908750056,-3.680981299854815,0.1822102139267139
1789059134705328400,45.580328369140624,-9.089004418981075,-3.67748352086693,0.19103092323672025
1789059134715337200,45.59033715820313,-9.088781716141105,-3.677536420097947,0.20040449892282486
1789059134725346800,45.60034692382813,-9.088331634286046,-3.6782735022008417,0.2071778107163496
1789059134735357000,45.61035693359375,-9.087366588646173,-3.6803707667410372,0.21218738250667227
1789059134745366800,45.62036669921875,-9.086133247458934,-3.683263565573096,0.21479517211858182
1789059134755377000,45.630376953125,-9.085722328570485,-3.6841543769329785,0.21688927658731116
1789059134765386800,45.64038671875,-9.085869043564795,-3.683696404032409,0.21851306013055144
1789059134775396900,45.65039697265625,-9.086633013674616,-3.6817651437088843,0.21930168975759295
1789059134785406000,45.66040600585937,-9.087383539780975,-3.679893504618108,0.2196060247327201
1789059134795415800,45.67041577148437,-9.087710872039198,-3.679093001890182,0.21946661626202985
1789059134805426000,45.680426025390624,-9.086777975103258,-3.681459731021523,0.21842105273185297
1789059134815435800,45.690435791015624,-9.08591638983786,-3.6838112625837325,0.21456949187023563
1789059134825445600,45.700445556640624,-9.084348117607831,-3.6879403252124785,0.21001447718068955
1789059134835455700,45.710455810546875,-9.08302651361525,-3.6914661612510677,0.20515176651515066
1789059134845464800,45.72046484375,-9.082427378678322,-3.693089963060617,0.20244248929014427
1789059134855474700,45.730474609375,-9.082997287520765,-3.691790278638899,0.20057680501611902
1789059134865484800,45.74048486328125,-9.083885176271199,-3.6897622799426313,0.1976616482217796
1789059134875494700,45.75049462890625,-9.083555505925416,-3.690805359254777,0.19328717773091048
1789059134885504800,45.7605048828125,-9.08349237756133,-3.6913007415562866,0.18666558590037746
1789059134895514600,45.7705146484375,-9.083654290124773,-3.6911814990907907,0.18107596746608615
1789059134905523700,45.780523681640624,-9.083428080153464,-3.6920392849639057,0.17484311922481283
1789059134915533800,45.790533935546875,-9.082222211495042,-3.695254447618127,0.16947514418456702
1789059134925543700,45.800543701171875,-9.08045403277874,-3.6998110880091786,0.16472190350918098
1789059134935553800,45.8105537109375,-9.079330581706762,-3.702781043730676,0.1598555578481406
1789059134945564000,45.82056396484375,-9.07802826693654,-3.7061256779834624,0.15628464055880903
1789059134955573800,45.83057373046875,-9.077579938647151,-3.7073859071776267,0.15236943987645207
1789059134965584000,45.840583984375,-9.077679307368397,-3.7072903378486632,0.14873450830704532
1789059134975593000,45.85059301757813,-9.078321696925162,-3.705866734786331,0.1449701142722275
1789059134985602800,45.86060278320313,-9.078712157547473,-3.705027653613686,0.14193336779167876
1789059134995613000,45.87061303710937,-9.078080873906611,-3.7067654371917245,0.13681585124800913
1789059135005622800,45.88062280273437,-9.077209351769088,-3.7091289514526724,0.13045485571557655
1789059135015633000,45.8906328125,-9.075639325973391,-3.7131659518837927,0.12470588200110941
1789059135025642800,45.900642822265624,-9.07441007643938,-3.716343705137074,0.11941182158044539
1789059135035651600,45.91065161132813,-9.074292003017664,-3.7167639763757583,0.11521548413545823
1789059135045661700,45.92066162109375,-9.07581059088707,-3.7131507543146607,0.11208691291930153
1789059135055671800,45.930671875,-9.077025227373838,-3.7102120705142614,0.11101535643134265
1789059135065681700,45.940681640625,-9.076876174291968,-3.7105870413064954,0.11067138356557116
1789059135075691800,45.95069189453125,-9.07608823878467,-3.712501350495219,0.11108579131904989
1789059135085701600,45.96070166015625,-9.074881785604358,-3.715447925341129,0.11113463542945683
1789059135095710700,45.97071069335937,-9.075538203686476,-3.7138548109307883,0.1107994943241123
1789059135105720800,45.980720947265624,-9.076086485219001,-3.712465986920893,0.11242275727754458
1789059135115730700,45.990730712890624,-9.077218119597434,-3.7096529753267764,0.11387664588028565
1789059135125740800,46.00074072265625,-9.077605073088407,-3.7086177870601413,0.11674264803696423
1789059135135750700,46.010750732421876,-9.07784005088806,-3.7078637538224455,0.12228312096674926
1789059135145760800,46.0207607421875,-9.077689244240522,-3.707931850622594,0.1310662930116523
1789059135155771000,46.03077099609375,-9.07750511984527,-3.708037064562738,0.14052552855405956
1789059135165779700,46.04077978515625,-9.077587537431716,-3.707443482583761,0.15051576570062897
1789059135175789800,46.050789794921876,-9.077867523416876,-3.706356856390834,0.160084781760443
1789059135185800000,46.06080004882813,-9.078636754223703,-3.7040515020579097,0.16954592613214625
1789059135195809800,46.07080981445313,-9.078720340853929,-3.7033433537885543,0.18019366820622235
1789059135205820000,46.08081982421875,-9.078841336885095,-3.7025469427138566,0.1901941070863977
1789059135215829800,46.09082983398437,-9.078314682662487,-3.7032293720200657,0.20170131553402168
1789059135225838600,46.100838623046876,-9.077872784113884,-3.7036774080485104,0.21302648194562643
1789059135235848700,46.1108486328125,-9.077961631441116,-3.7028134846955534,0.22397914351671933
1789059135245858600,46.12085864257813,-9.079124245479703,-3.699366266851127,0.23361268531326204
1789059135255868700,46.13086865234375,-9.080598994207381,-3.6951533253312108,0.242796474048309
1789059135265878800,46.14087866210937,-9.081322632306813,-3.6926919036537407,0.25296244222111997
1789059135275888600,46.150888671875,-9.081119803211092,-3.692527068480849,0.2624723211053759
1789059135285897700,46.16089770507813,-9.080244773942232,-3.6939267061457035,0.272842470080778
1789059135295907800,46.17090795898437,-9.078730277726054,-3.696876788122952,0.2830950205584988
1789059135305917700,46.18091772460937,-9.077361327460407,-3.6995176580205555,0.2923466138327494
1789059135315927800,46.190927734375,-9.076905400386453,-3.699962771439552,0.3007564042543061
1789059135325937700,46.200937744140624,-9.07800956223607,-3.6966587614580986,0.30795550371184943
1789059135335947800,46.21094775390625,-9.07957549637854,-3.692262572325766,0.31446609118226915
1789059135345956900,46.22095678710937,-9.080363431885837,-3.6898119643032548,0.3204314658600837
1789059135355966700,46.230966796875,-9.080129038608074,-3.689819270826876,0.32692163159698245
1789059135365976800,46.240976806640624,-9.07931596865952,-3.691447456550598,0.3310839023755863
1789059135375986700,46.250986572265624,-9.078213560375572,-3.6939997713819146,0.3328455782858655
1789059135385996800,46.260996826171876,-9.076420247218012,-3.698399467645585,0.3328938013417646
1789059135396007000,46.2710068359375,-9.074662589895725,-3.702892979672551,0.3308569982845336
1789059135406016000,46.28101611328125,-9.07368234668672,-3.7056279575943947,0.32710374669823794
1789059135416025900,46.29102587890625,-9.074638624498247,-3.7037308918014165,0.32202655303180217
1789059135426036000,46.301035888671876,-9.075615360575913,-3.7018960775896903,0.3155337569463998
1789059135436045800,46.3110458984375,-9.076345428416133,-3.7006335103079673,0.3092744773559272
1789059135446055700,46.3210556640625,-9.076994832235574,-3.699586339342594,0.3026771431838162
1789059135456065500,46.3310654296875,-9.07655410273075,-3.7013945578083396,0.2936396310516633
1789059135466074600,46.34107470703125,-9.07566036876142,-3.7045129820898173,0.2817137222679332
1789059135476084700,46.351084716796876,-9.074309538674354,-3.708870300516486,0.26752399673806504
1789059135486094600,46.361094482421876,-9.07357128752768,-3.711893447729945,0.25008279513157905
1789059135496104700,46.37110473632813,-9.073059830874204,-3.714190618756413,0.23399547408577054
1789059135506114800,46.38111474609375,-9.072895580223202,-3.7154876728296276,0.21933133597718552
1789059135516124700,46.39112475585937,-9.07280731741786,-3.716531336663663,0.2048129082159139
1789059135526133800,46.4011337890625,-9.073039372608065,-3.7167040628820653,0.19092779165580867
1789059135536144000,46.41114379882813,-9.073266751623153,-3.7168887717992067,0.17592567203082143
1789059135546153700,46.42115380859375,-9.073252138575912,-3.7176761227846145,0.15927187620867042
1789059135556163800,46.43116381835937,-9.072170773079991,-3.7210482295662164,0.14106627523410134
1789059135566173700,46.44117358398437,-9.070722912359237,-3.7252374979496,0.1223787907604128
1789059135576183800,46.451183837890625,-9.069536917445063,-3.728710142496228,0.103001707454212
1789059135586194000,46.46119384765625,-9.069369744184613,-3.72955506888777,0.08564484139662236
1789059135596202800,46.47120263671875,-9.070456954899429,-3.727238900899887,0.06993261444063391
1789059135606212900,46.481212890625,-9.071997170078754,-3.7237297237351537,0.05553738380076829
1789059135616223000,46.491222900390625,-9.07237535574138,-3.722994102936983,0.04125194737804122
1789059135626232800,46.50123291015625,-9.071602617803215,-3.725012457022071,0.02630380241301609
1789059135636243000,46.51124291992188,-9.070029084876179,-3.728919401332736,0.010706300435966112
1789059135646252800,46.52125268554688,-9.068065091326833,-3.7337051743045446,-0.0051590404307236895
1789059135656261600,46.53126171875,-9.0683105905205,-3.733054016919434,-0.020891931148828004
1789059135666271700,46.541271728515625,-9.069293171817064,-3.7305627846255898,-0.03469385608764132
1789059135676281600,46.551281494140625,-9.07077201219797,-3.72684084149301,-0.04616546121563297
1789059135686291700,46.56129174804688,-9.071395112532377,-3.72518138384819,-0.056549488019337874
1789059135696301800,46.5713017578125,-9.0709403545022,-3.726161042535305,-0.06442467380727175
1789059135706311700,46.58131176757813,-9.070213209271431,-3.7277991651311515,-0.07164194367574528
1789059135716320800,46.59132080078125,-9.070244188931584,-3.727615917518735,-0.07703842329126782
1789059135726331400,46.60133129882813,-9.070514822566508,-3.7268662681952116,-0.08130659299660474
1789059135736341500,46.61134155273437,-9.070372199225424,-3.72712988756746,-0.08509580181227065
1789059135746351400,46.62135131835937,-9.069993429040908,-3.7279993638783693,-0.08729801543112843
1789059135756361500,46.631361572265625,-9.06927914329171,-3.729721657626331,-0.0879685807696078
1789059135766371600,46.64137158203125,-9.068940705117583,-3.7305963946342464,-0.08575341633763164
1789059135776380400,46.65138037109375,-9.068736706978083,-3.73116805704236,-0.08235349910049698
1789059135786390500,46.661390625,-9.068910894501208,-3.7308372176527973,-0.07807857086081058
1789059135796400600,46.671400634765625,-9.069045919057727,-3.730584411935508,-0.074346663456643
1789059135806410500,46.681410400390625,-9.069376758447289,-3.72990928915292,-0.06756725984904914
1789059135816420400,46.69142041015625,-9.07002966939807,-3.728466104607284,-0.05900815605071839
1789059135826430200,46.70143017578125,-9.07008402993381,-3.728466104607284,-0.050026301362249066
1789059135836439300,46.71143920898437,-9.069791184467077,-3.729282973948121,-0.041469855311885476
1789059135846449400,46.721449462890625,-9.06903715122938,-3.7311855926990507,-0.0346163452884648
1789059135856459300,46.731459228515625,-9.067685736620426,-3.7345135680779813,-0.029430231904436367
1789059135866469400,46.74146948242188,-9.066769206297398,-3.7367701148331163,-0.025028092521929647
1789059135876479500,46.7514794921875,-9.066193452236055,-3.7381940101563926,-0.02057865709870821
1789059135886489300,46.7614892578125,-9.066360625496506,-3.737818454842269,-0.014152051267446949
1789059135896498400,46.77149853515625,-9.066657562616466,-3.737119658923149,-0.006351745359363849
1789059135906508500,46.78150854492188,-9.067273064166306,-3.7356323429748413,0.00004274075502735286
1789059135916518400,46.79151831054688,-9.067605657121538,-3.734820149809122,0.005405831965757534
1789059135926528500,46.80152856445312,-9.067651249828934,-3.7347011996045705,0.009439296724431915
1789059135936538400,46.81153833007812,-9.067202337017655,-3.735786072231829,0.011378175240475684
1789059135946548500,46.821548583984374,-9.066165395185351,-3.7382983473137017,0.012551711390231502
1789059135956557600,46.8315576171875,-9.06497355505228,-3.7411820860564706,0.013856159893679432
1789059135966567400,46.8415673828125,-9.064685385760665,-3.741871529625356,0.016048293934873073
1789059135976577500,46.85157763671875,-9.065840401014684,-3.7390579335093497,0.019100871597148943
1789059135986587600,46.861587646484374,-9.066580405727029,-3.7372465001732107,0.02220706201813882
1789059135996597500,46.871597412109374,-9.066828243008256,-3.736633044449985,0.024142809003824366
1789059136006607600,46.881607666015626,-9.067606826165317,-3.7347377322226762,0.024997827531117945
1789059136016616400,46.89161645507812,-9.068356767749785,-3.732919869145751,0.024489667946426198
1789059136026626300,46.90162622070312,-9.068972853821515,-3.731436937111616,0.02219919380551437
1789059136036636400,46.911636474609374,-9.068457305514812,-3.732710902570188,0.018451744055631568
1789059136046646300,46.921646240234374,-9.067778675600886,-3.734381758391857,0.012837604243081295
1789059136056656400,46.931656494140626,-9.067859339621663,-3.7341993875622745,0.007951941960217663
1789059136066666200,46.941666259765626,-9.06844152342379,-3.732792735634744,0.0032896221235525444
1789059136076675300,46.95167529296875,-9.068988051390647,-3.7314658709451556,-0.0010371145773595343
1789059136086685400,46.961685546875,-9.06942819637358,-3.7303921042338013,-0.0049700326519116055
1789059136096695300,46.9716953125,-9.069472035515307,-3.7302795837700367,-0.008387254933585064
1789059136106705400,46.981705322265626,-9.069194972139597,-3.7309395089834925,-0.01309677348578698
1789059136116715500,46.99171557617188,-9.068394761672616,-3.732856740781665,-0.01962753038633382
1789059136126725400,47.00172534179688,-9.067350805577636,-3.735352941511571,-0.02591540816691704
1789059136136734500,47.011734375,-9.066341920796036,-3.7377579568266865,-0.03152965643567732
1789059136146744600,47.02174462890625,-9.065559830507636,-3.739614398348331,-0.0360127863492351
1789059136156754400,47.03175439453125,-9.06542071429789,-3.7399256562545893,-0.038546588276326656
1789059136166764500,47.0417646484375,-9.066236706855893,-3.7379353592202067,-0.03972232209139038
1789059136176774400,47.0517744140625,-9.066566961723565,-3.7371184898793697,-0.041196536529529836
1789059136186784500,47.06178442382812,-9.066198128411173,-3.7380002411499618,-0.04234602622506208
1789059136196793300,47.07179345703125,-9.065745123946666,-3.7390687471643087,-0.04485399502457585
1789059136206803200,47.08180322265625,-9.06469415358901,-3.7415611485019324,-0.049240703942510296
1789059136216813300,47.09181323242188,-9.065297380179166,-3.740054543331265,-0.052511473808065055
1789059136226823400,47.10182348632812,-9.066078301423788,-3.7381136383965607,-0.055831631206721063
1789059136236833300,47.11183325195312,-9.067734251937269,-3.7340424434348938,-0.059213967121392486
1789059136246843400,47.121843505859374,-9.068615126425028,-3.7319358265444635,-0.05706261147351469
1789059136256852500,47.1318525390625,-9.06920549353361,-3.730562492364645,-0.05285401733515318
1789059136266862300,47.1418623046875,-9.069287911120057,-3.7303970726698634,-0.050415423977421596
1789059136276872400,47.15187255859375,-9.06909443437457,-3.7308524152219293,-0.05145411480881739
1789059136286882300,47.16188232421875,-9.06924231841266,-3.7303932732775804,-0.05827480940802488
1789059136296892400,47.171892333984374,-9.069507691350578,-3.7296129365548487,-0.06636788943007123
1789059136306902500,47.181902587890626,-9.070150080907345,-3.7279935186594724,-0.06949936042279005
1789059136316911400,47.19191137695312,-9.069918610239029,-3.7285675191551446,-0.06887060666573233
1789059136326921500,47.20192138671875,-9.06905936306119,-3.730703654401004,-0.06633747602549847
1789059136336931600,47.211931640625,-9.067598642858862,-3.7343016788929697,-0.063462244816171
1789059136346941400,47.22194140625,-9.066790833607316,-3.736236738608777,-0.06496731561687774
1789059136356951600,47.23195166015625,-9.066402126550674,-3.7371354410141704,-0.06750571152069605
1789059136366961400,47.24196142578125,-9.067242669028044,-3.7350691561341285,-0.06896550470783841
1789059136376970500,47.251970458984374,-9.068305914345384,-3.732471248595416,-0.06980764548724983
1789059136386980600,47.261980712890626,-9.069248748153447,-3.7301878138333557,-0.06931860159498174
1789059136396990500,47.271990478515626,-9.068750150981545,-3.731425246673822,-0.0679774115525186
1789059136407000600,47.28200048828125,-9.068470164996386,-3.7321015385001894,-0.06821411095180083
1789059136417010400,47.29201049804688,-9.067645404610037,-3.734097973014414,-0.0686071471236879
1789059136427020500,47.3020205078125,-9.066731796896457,-3.736291683666408,-0.06984241997310892
1789059136437029400,47.312029296875,-9.066194621279836,-3.7375846460863946,-0.07042533442759887
1789059136447039500,47.32203955078125,-9.06624372111857,-3.7374730024054643,-0.07004626284898258
1789059136457049300,47.33204931640625,-9.066701986280084,-3.73636241081506,-0.06998181474406738
1789059136467059500,47.3420595703125,-9.06734086870551,-3.734817811721563,-0.06963634860753082
1789059136477069300,47.3520693359375,-9.068548490929603,-3.7318852654010057,-0.06960339618599973
1789059136487078400,47.362078369140626,-9.068544983798265,-3.7319019242748617,-0.06919258689540438
1789059136497088500,47.37208862304688,-9.068974607387185,-3.730838386696577,-0.07022598506375216
1789059136507098400,47.38209838867188,-9.068243955025077,-3.732602473759651,-0.07083915765918791
1789059136517108500,47.3921083984375,-9.067387630456686,-3.7346786955118176,-0.07098599138450809
1789059136527118300,47.40211840820312,-9.067036917322874,-3.7355388194724917,-0.07052959851967171
1789059136537128400,47.41212841796875,-9.067646573653816,-3.7340745921388265,-0.06970905308413784
1789059136547137500,47.42213745117188,-9.069013185831905,-3.7307679518088697,-0.06892796287615784
1789059136557147400,47.4321474609375,-9.069350454962253,-3.729957512208819,-0.06843162616000045
1789059136567157500,47.44215747070312,-9.069213676840066,-3.7302947813391683,-0.068153001014865
1789059136577167600,47.452167724609374,-9.06963511712253,-3.729280928121507,-0.06756764344153926
1789059136587177500,47.462177490234374,-9.069408322629332,-3.729820149564743,-0.06827338969125411
1789059136597187600,47.4721875,-9.068817955520748,-3.7312089735746383,-0.07072905748137273
1789059136607196400,47.48219653320312,-9.06741919463873,-3.7345579917415974,-0.07324658412709832
1789059136617206300,47.49220629882812,-9.067064389851689,-3.7353506034240125,-0.0766979118910618
1789059136627216400,47.50221630859375,-9.067216365543008,-3.734930332185328,-0.07918501599906012
1789059136637226200,47.512226318359374,-9.067814331436157,-3.7334526608482,-0.08038931375490502
1789059136647236400,47.522236328125,-9.068232849109172,-3.732434423716366,-0.08044811300374567
1789059136657246500,47.53224658203125,-9.068785222294926,-3.731065765711665,-0.08167198310974054
1789059136667255300,47.54225537109375,-9.069388448885082,-3.729562083150446,-0.08329896325706504
1789059136677265400,47.552265380859374,-9.069090342721342,-3.7302199625372885,-0.08627275490346364
1789059136687275500,47.562275634765626,-9.068711572536825,-3.7310438461408015,-0.09040770841687917
1789059136697285400,47.572285400390626,-9.067657095047831,-3.7335216344311832,-0.09376680045328102
1789059136707295500,47.58229541015625,-9.066387513503432,-3.7365307531192897,-0.09664627401288599
1789059136717305300,47.59230541992188,-9.0661683177948,-3.737046885947883,-0.0972547247674316
1789059136727314400,47.602314453125,-9.067279493907094,-3.7343320740312334,-0.09791949968594126
1789059136737324500,47.612324462890626,-9.068803926995397,-3.730586750023067,-0.09952766553494147
1789059136747334400,47.62233447265625,-9.068936028942465,-3.730213532796502,-0.10145684349923394
1789059136757344500,47.63234448242188,-9.06827435016334,-3.731768361023068,-0.10341007819254883
1789059136767354400,47.64235424804688,-9.066934625992179,-3.734973002283275,-0.10514058264642953
1789059136777364500,47.65236450195312,-9.0660946680367,-3.736960668969154,-0.10696006229170597
1789059136787373600,47.66237353515625,-9.066791418129204,-3.735226684783399,-0.10845099496920592
1789059136797383400,47.67238354492188,-9.06780848621726,-3.7327261001393195,-0.10949452180592342
1789059136807393500,47.6823935546875,-9.06907865228355,-3.7296468388244506,-0.10920956738470121
1789059136817403400,47.6924033203125,-9.069608229115605,-3.728400345894694,-0.10781648732479661
1789059136827413200,47.70241333007812,-9.069148210388422,-3.729568805152178,-0.10605218106601387
1789059136837422300,47.71242236328125,-9.068353260618448,-3.7316014800235626,-0.10246698865615762
1789059136847432400,47.72243237304688,-9.067441406470536,-3.733889298699796,-0.09981645588106475
1789059136857442300,47.7324423828125,-9.06754720493257,-3.7336604583799837,-0.09876293737329542
1789059136867452400,47.74245239257812,-9.067626699909567,-3.7335195886045693,-0.09678723511984572
1789059136877462300,47.75246215820312,-9.068427494898438,-3.7315821908012032,-0.09643929846500977
1789059136887472400,47.762472412109375,-9.06842632585466,-3.731607909764349,-0.09553384665842167
1789059136897481500,47.7724814453125,-9.068692867836356,-3.730992700475454,-0.09430292575713246
1789059136907491300,47.7824912109375,-9.068319942870735,-3.731889941576123,-0.0946378294004593
1789059136917501400,47.79250146484375,-9.067961046430469,-3.732747727449238,-0.09521076131705195
1789059136927511600,47.802511474609375,-9.068056908020377,-3.732513041910529,-0.09523658987805246
1789059136937521400,47.812521484375,-9.068189594489336,-3.732145377641916,-0.09702335456381551
1789059136947531500,47.82253149414063,-9.068253307375311,-3.7319188754096624,-0.09970371622159145
1789059136957540600,47.83254052734375,-9.067916622766852,-3.732612118370831,-0.10429134540595114
1789059136967550500,47.842550537109375,-9.067375355497003,-3.7337300164848566,-0.11109978331178426
1789059136977560600,47.852560546875,-9.06700593766272,-3.734420336836576,-0.11786808100347407
1789059136987570400,47.8625703125,-9.066209234327077,-3.7361163270995017,-0.1251818928818684
1789059136997580500,47.87258056640625,-9.065273999303578,-3.7380785670831798,-0.13402236633826978
1789059137007589400,47.88258935546875,-9.064404230731725,-3.7398376857101914,-0.14345131634026764
1789059137017599200,47.89259912109375,-9.064109047177434,-3.7401562501400707,-0.15343593659680335
1789059137027609300,47.902609375,-9.064231796774267,-3.7394130305573343,-0.1639342967954464
1789059137037619500,47.91261938476563,-9.064688308370112,-3.737781337702274,-0.17550538252582773
1789059137047629300,47.92262939453125,-9.064893475553394,-3.736657302108407,-0.18835900061372665
1789059137057639400,47.93263940429687,-9.064812227010727,-3.736095284311473,-0.20287523641791194
1789059137067648500,47.9426484375,-9.064168083888292,-3.7368522401586173,-0.2171989818572998
1789059137077658400,47.95265844726563,-9.06292129869759,-3.7390398133307694,-0.2311285220810212
1789059137087668500,47.96266845703125,-9.061899554434419,-3.740587919555604,-0.24567968306811525
1789059137097678300,47.97267822265625,-9.061095836836099,-3.7415406902357935,-0.2603918067705817
1789059137107688400,47.9826884765625,-9.061784988144039,-3.738859780588746,-0.2745215822741389
1789059137117698300,47.9926982421875,-9.062913699913024,-3.7350405145615335,-0.2888832303048111
1789059137127707400,48.00270727539063,-9.062755294480919,-3.734405431528389,-0.3017802856756374
1789059137137717500,48.01271752929687,-9.0630510625571,-3.732777538065612,-0.31283377727270123
1789059137147727600,48.0227275390625,-9.063308252188563,-3.7311084358096123,-0.3250426129173487
1789059137157737500,48.03273754882812,-9.06336962698698,-3.72978800086081,-0.3382357834242284
1789059137167747600,48.04274755859375,-9.063173812153934,-3.728947166122496,-0.3524423687573522
1789059137177757400,48.05275732421875,-9.062263711571694,-3.7296810333549972,-0.3677465766014531
1789059137187766500,48.0627666015625,-9.061832334417105,-3.729403677718341,-0.3809533007096499
1789059137197776400,48.0727763671875,-9.061409725090861,-3.729187696880102,-0.3929356341220438
1789059137207786200,48.0827861328125,-9.061095252314209,-3.728788468429446,-0.4038264459706843
1789059137217796400,48.09279638671875,-9.061006989508867,-3.7279593241289257,-0.4133437409764156
1789059137227806200,48.10280615234375,-9.061108111795782,-3.7267543322533365,-0.42191195509638635
1789059137237815300,48.11281518554687,-9.061128570061921,-3.7256314657032488,-0.43128911097906525
1789059137247825400,48.12282543945312,-9.060558661219478,-3.7259295718669887,-0.4405748622512445
1789059137257835300,48.13283520507812,-9.059773648321627,-3.7266400582239028,-0.45059871853962535
1789059137267845400,48.142845458984375,-9.059366821086407,-3.72624521368742,-0.4619053446475416
1789059137277855500,48.15285546875,-9.059013769865036,-3.725933663520217,-0.4712477945430204
1789059137287865300,48.162865234375,-9.059403061443566,-3.7240444887727495,-0.4786382335878908
1789059137297874400,48.17287451171875,-9.060557492175699,-3.720675596861541,-0.4829618324080482
1789059137307884500,48.182884521484375,-9.062032240903378,-3.716736796107888,-0.4856224299194291
1789059137317894400,48.192894287109375,-9.061890786606073,-3.716757546634972,-0.4880953228389844
1789059137327904500,48.20290454101563,-9.061938132879137,-3.7162598262459037,-0.490999117989093
1789059137337914400,48.21291430664063,-9.060786040234564,-3.7188100952506065,-0.49293921920619904
1789059137347924500,48.22292456054687,-9.061322046807408,-3.7171538524761796,-0.49557365936301645
1789059137357933600,48.23293359375,-9.062439068138598,-3.7142365037247536,-0.4970212643554434
1789059137367943400,48.242943359375,-9.064008509412407,-3.7104362346589563,-0.49679275282919405
1789059137377953500,48.25295361328125,-9.06525471008122,-3.7076720306426285,-0.4946874511130154
1789059137387963600,48.26296362304687,-9.065952044695615,-3.7063816985711453,-0.4915605877967551
1789059137397973500,48.27297338867187,-9.066127401262522,-3.7066020633235572,-0.486638876952976
1789059137407982300,48.282982421875,-9.066400957506895,-3.706613461500406,-0.4814259280776605
1789059137417992400,48.29299243164063,-9.066741733768582,-3.7064562251120803,-0.47619580887183544
1789059137428002300,48.30300219726563,-9.066990155571698,-3.7065251986950636,-0.47089653341993687
1789059137438012400,48.31301245117187,-9.067072573158145,-3.706878542177379,-0.46651316723655906
1789059137448022300,48.32302221679687,-9.067044516107439,-3.707527653735876,-0.4618761916182935
1789059137458032400,48.333032470703124,-9.066572222420573,-3.7092195523455738,-0.45753787015303965
1789059137468041500,48.34304150390625,-9.065986531487107,-3.711074532562494,-0.454087875829637
1789059137478051300,48.35305126953125,-9.065082860645651,-3.7137867141306398,-0.4499452595995739
1789059137488061400,48.3630615234375,-9.064553283813595,-3.7155242054477333,-0.4462517388438806
1789059137498071600,48.373071533203124,-9.06480696631372,-3.7152287296324964,-0.44354810590837146
1789059137508081400,48.383081298828124,-9.065397333422302,-3.714166361097991,-0.4403637402512133
1789059137518091500,48.393091552734376,-9.066363548105954,-3.7123414837583897,-0.435838810172677
1789059137528100600,48.4031005859375,-9.06667042209804,-3.712145668925345,-0.4311003469413146
1789059137538110500,48.4131103515625,-9.066399788463116,-3.7132010231971737,-0.42768462021369485
1789059137548120600,48.42312060546875,-9.065439418998361,-3.7159415540769696,-0.4242286345409229
1789059137558130400,48.43313037109375,-9.064549192160367,-3.7184485684618354,-0.42127391292117533
1789059137568140500,48.443140625,-9.06370455802977,-3.7209427233651278,-0.41741102694794535
1789059137578149400,48.4531494140625,-9.06376184117496,-3.7214506728872654,-0.4115903214378282
1789059137588159200,48.4631591796875,-9.064307784619928,-3.720834002293646,-0.4050979637438431
1789059137598169300,48.47316943359375,-9.064744422471522,-3.72042629827559,-0.3990220048310235
1789059137608179500,48.483179443359376,-9.065061233335733,-3.7203240069448946,-0.3927377734623849
1789059137618189300,48.493189208984376,-9.06512085456848,-3.720907652051747,-0.38576497530769555
1789059137628199400,48.50319946289063,-9.064773064044118,-3.7225326229050753,-0.3781801096692681
1789059137638208500,48.51320849609375,-9.063961163139343,-3.7254584472239016,-0.36872302041817456
1789059137648218400,48.52321826171875,-9.06260682592094,-3.7296193662956356,-0.35983087157346305
1789059137658228500,48.533228515625,-9.061329645591973,-3.7335318635642527,-0.3513256762197241
1789059137668238300,48.54323828125,-9.061031539428233,-3.7351416368484496,-0.3417736752267927
1789059137678248400,48.55324853515625,-9.062188892769813,-3.733258891841769,-0.3315009952764958
1789059137688258300,48.56325830078125,-9.064056440207361,-3.729743284936249,-0.3198050410574302
1789059137698267400,48.573267333984376,-9.065032591763138,-3.7285473531499504,-0.30579069036077705
1789059137708277500,48.58327758789063,-9.066663407835364,-3.725750123646855,-0.2911738802589476
1789059137718287400,48.59328735351563,-9.067559479892253,-3.7247897541821002,-0.27511523731835186
1789059137728296700,48.603296630859376,-9.067699765145779,-3.725541449332237,-0.2598832727265544
1789059137738306800,48.61330688476563,-9.066901892766356,-3.728469903999567,-0.245333719174657
1789059137748316000,48.62331591796875,-9.065822865357994,-3.7320237970888614,-0.2307434500198811
1789059137758325800,48.63332568359375,-9.065876056849955,-3.732768477976322,-0.21613568174103273
1789059137768336000,48.6433359375,-9.066531890410184,-3.732106506936252,-0.19940047297943383
1789059137778345700,48.653345703125,-9.067841219443082,-3.7297947228625414,-0.1823993067580275
1789059137788355800,48.66335595703125,-9.068837244743108,-3.7281808579251168,-0.16505035001225768
1789059137798366000,48.67336596679687,-9.069829762911796,-3.726470254614949,-0.14832137006204574
1789059137808374800,48.683374755859376,-9.070708299311995,-3.7248940913394093,-0.13340507469014265
1789059137818385000,48.69338500976563,-9.070745124191046,-3.7252363289058206,-0.12074101522443816
1789059137828395000,48.70339501953125,-9.070693686264752,-3.72572206659615,-0.10907818695683963
1789059137838404900,48.71340478515625,-9.070447602549194,-3.726634505265951,-0.09777228236813097
1789059137848415000,48.7234150390625,-9.070463969162105,-3.7269098150759934,-0.08491909353849478
1789059137858423800,48.733423828125,-9.071433106455206,-3.7248356391504407,-0.07125637385768349
1789059137868433700,48.74343359375,-9.07275120331645,-3.7218662679508325,-0.05729227834381163
1789059137878443800,48.75344384765625,-9.073891605523228,-3.7192549164086577,-0.044927051127632144
1789059137888453600,48.76345361328125,-9.073330464509128,-3.7207431091398,-0.03367075098444475
1789059137898463700,48.77346362304687,-9.073546737608313,-3.720301210591197,-0.022046912153519223
1789059137908473900,48.783473876953124,-9.073350338253379,-3.7208328332498666,-0.01004021605142625
1789059137918482700,48.79348266601563,-9.075182814377547,-3.7163738080143927,0.0011259396425277372
1789059137928492800,48.80349291992187,-9.077344960847496,-3.711067226038873,0.013148550480441189
1789059137938503000,48.8135029296875,-9.079529319149255,-3.705661859863996,0.0244893140366883
1789059137948512800,48.8235126953125,-9.080466307738423,-3.7032758415102958,0.03547727525002556
1789059137958523000,48.83352294921875,-9.080354664057493,-3.7034330778986213,0.046190481492457906
1789059137968532000,48.84353198242187,-9.079912180987,-3.7043779575333,0.05622439795054961
1789059137978541800,48.85354174804687,-9.079729810157417,-3.704687169612944,0.0646595100430306
1789059137988552000,48.863552001953124,-9.079785339736938,-3.704401338408887,0.07276711634735111
1789059137998561800,48.873561767578124,-9.079702922150492,-3.7044448852896688,0.08044125400469639
1789059138008572000,48.883572021484376,-9.079661421096324,-3.704416828238964,0.08617501188372262
1789059138018581800,48.893581787109376,-9.07957374281287,-3.7045331480950114,0.09031377392257563
1789059138028590800,48.9035908203125,-9.079026630324124,-3.7057925005063415,0.09357803641553036
1789059138038601000,48.91360107421875,-9.078411128774285,-3.707245914185047,0.09573346088374965
1789059138048610800,48.92361083984375,-9.078238694816827,-3.707633744458854,0.09707329465276561
1789059138058620700,48.93362060546875,-9.078376641982793,-3.7072763093233108,0.0977833426182624
1789059138068630800,48.943630859375,-9.07890563429296,-3.705964642202854,0.09839304461497812
1789059138078640600,48.953640625,-9.079541009587048,-3.7043650980517264,0.10000220597782172
1789059138088649700,48.963649658203124,-9.08037921397686,-3.702266079945862,0.10160811593765393
1789059138098659800,48.973659912109376,-9.080383890151976,-3.7022093813225623,0.10326643193815835
1789059138108669700,48.983669677734376,-9.08009981251359,-3.702873690450191,0.10438631194671616
1789059138118679800,48.9936796875,-9.079331166228652,-3.7046971064850687,0.10655070517268031
1789059138128689700,49.00368969726563,-9.078132896354793,-3.7075937047094105,0.10789337021959945
1789059138138698800,49.01369873046875,-9.076990740582346,-3.7103085166260596,0.11059913118011318
1789059138148708900,49.023708984375,-9.076060181733965,-3.712484983882308,0.11389803572818637
1789059138158718700,49.03371875,-9.075550478646159,-3.7136268473938103,0.11722020242083817
1789059138168728800,49.04372875976563,-9.075708299556373,-3.713122112742066,0.12092510308707133
1789059138178739000,49.05373901367187,-9.075652185454963,-3.7131054538682102,0.12558760587223805
1789059138188748800,49.06374877929687,-9.075788963577152,-3.7126509880989786,0.12905896264407782
1789059138198758000,49.0737578125,-9.075555154821275,-3.713111299087107,0.13226090962369927
1789059138208768000,49.08376806640625,-9.075407270783185,-3.7133918695941563,0.13451214088289998
1789059138218777900,49.09377783203125,-9.074418844267726,-3.7156565996557473,0.13856791907972654
1789059138228788000,49.1037880859375,-9.073325203812121,-3.7181440325573085,0.1433964352147188
1789059138238797800,49.1137978515625,-9.071674513995648,-3.721970312847197,0.1484517001771368
1789059138248806700,49.123806640625,-9.070881317791342,-3.7237253398209806,0.1528792799615767
1789059138258816800,49.13381665039063,-9.071118049156665,-3.7230192373782396,0.15597062443988396
1789059138268826600,49.14382666015625,-9.071340751996637,-3.7224107500910755,0.15754706171005964
1789059138278836700,49.15383666992187,-9.071392774444819,-3.7221684657678007,0.16025613800566643
1789059138288846800,49.163846923828125,-9.071751670885085,-3.7211873457759617,0.1626887902463786
1789059138298856700,49.173856689453125,-9.071377576875687,-3.7219860949382184,0.16526209306679665
1789059138308865800,49.18386572265625,-9.07098068651259,-3.7228608319461345,0.16734554827734827
1789059138318876000,49.1938759765625,-9.070321930342912,-3.7244182905212044,0.1683915136663243
1789059138328885800,49.2038857421875,-9.070188659352064,-3.7246898009389637,0.16953916759779675
1789059138338896000,49.213895751953125,-9.07075389201939,-3.723197224293649,0.17206528854193165
1789059138348905700,49.22390576171875,-9.071736473315953,-3.7207302496582266,0.17364017317583783
1789059138358914800,49.23391479492187,-9.07250862673223,-3.718743752016127,0.1758363497795537
1789059138368925000,49.243925048828125,-9.07305106304586,-3.7172915073812005,0.17853930686162783
1789059138378934800,49.253934814453125,-9.073526863864064,-3.7160254329681393,0.18068928796974942
1789059138388945000,49.26394482421875,-9.073110684278607,-3.716945762683451,0.1826564598568715
1789059138398954800,49.27395483398438,-9.072100630453228,-3.7193899409651756,0.18308206485779954
1789059138408963800,49.2839638671875,-9.071123894375562,-3.7218513626426457,0.18141858862498775
1789059138418974000,49.293973876953125,-9.070117932203411,-3.7244051387786863,0.17931781695345417
1789059138428983800,49.30398388671875,-9.069536332923173,-3.725897130902111,0.1777399549111724
1789059138438993700,49.31399365234375,-9.07028978163898,-3.724071961301565,0.17751164431432262
1789059138449003800,49.32400366210938,-9.071662823557853,-3.7207059919998047,0.17794462890410795
1789059138459013600,49.334013671875,-9.072346714168786,-3.718972300074994,0.17931005377210676
1789059138469022700,49.344022705078125,-9.07181830638051,-3.7202103174373504,0.18037826752550898
1789059138479032800,49.35403271484375,-9.071282884329557,-3.7215029875963923,0.1806187252178788
1789059138489042700,49.36404272460938,-9.069631025469302,-3.72556453794688,0.1798496770741418
1789059138499052800,49.374052734375,-9.069694153833389,-3.7255534320309756,0.17686315381033346
1789059138509062700,49.38406274414063,-9.070561584317684,-3.723535370206833,0.17487384315663948
1789059138519071700,49.39407177734375,-9.072160251685977,-3.719663497209549,0.174354513723962
1789059138529081900,49.40408178710938,-9.073300653892755,-3.716869190315902,0.17458992991503328
1789059138539091700,49.414091796875,-9.073336894249916,-3.716746148458123,0.17534372569071127
1789059138549101800,49.42410180664063,-9.072480569681524,-3.7187627489775417,0.1768919415134005
1789059138559112000,49.43411181640625,-9.07174173401296,-3.7204824123769997,0.17859302807655184
1789059138569121800,49.44412182617187,-9.071102851587533,-3.721964175367355,0.18016900868900118
1789059138579131000,49.454130859375,-9.070824034646153,-3.7225612644776698,0.1818733101225458
1789059138589141000,49.46414111328125,-9.070147158297896,-3.724114339138567,0.18381374013321472
1789059138599150800,49.47415087890625,-9.069344025221467,-3.7259772104009983,0.18568541575660927
1789059138609161000,49.48416088867187,-9.06814224821627,-3.7288770234957336,0.18616950947912408
1789059138619170800,49.4941708984375,-9.067095954033732,-3.73117770165354,0.19096125553399323
1789059138629179600,49.5041796875,-9.066424922904371,-3.7324598504185675,0.19765938319945706
1789059138639189800,49.51418969726563,-9.066531305888295,-3.7317706991106268,0.20562886424129828
1789059138649199600,49.52419970703125,-9.0671544062227,-3.7298598970532417,0.21269597134962676
1789059138659209700,49.53420971679687,-9.068144586303829,-3.7272394854217765,0.21638364688642323
1789059138669219800,49.5442197265625,-9.0687980817765,-3.725571552209556,0.2177104933097027
1789059138679228700,49.55422875976563,-9.068969931212067,-3.7250484051182866,0.2195033680758439
1789059138689238800,49.56423876953125,-9.067903763285278,-3.727413965205848,0.2233734327085316
1789059138699249000,49.57424877929687,-9.066656393572687,-3.7300983819842335,0.22909500695941967
1789059138709258800,49.5842587890625,-9.065450524914263,-3.7326986276105045,0.23441766328690572
1789059138719268900,49.594268798828125,-9.065190412673354,-3.7331200678929686,0.23773469714671372
1789059138729278200,49.6042783203125,-9.06564341713786,-3.731894033229351,0.2397146189175546
1789059138739287300,49.61428735351563,-9.06646467039287,-3.7298274560883637,0.24080159217035396
1789059138749297400,49.62429736328125,-9.067898502588271,-3.7262981129184363,0.2414487492337823
1789059138759307300,49.63430737304687,-9.068934275376796,-3.7237837920099492,0.24134883252326397
1789059138769317400,49.6443173828125,-9.069796445164084,-3.7217826813206076,0.23980680897934362
1789059138779327500,49.654327392578125,-9.069880031794309,-3.7216952952980993,0.23800401560738682
1789059138789336300,49.66433642578125,-9.069903412669897,-3.7219688515424725,0.23277607009233905
1789059138799346400,49.67434643554687,-9.069618750509619,-3.722982997021079,0.2275964024321176
1789059138809356500,49.6843564453125,-9.068934275376796,-3.7249905374512076,0.2219480212816037
1789059138819366400,49.694366455078125,-9.067965138083697,-3.7276539114415645,0.216769997589197
1789059138829376500,49.70437646484375,-9.067305797392128,-3.7295389945358037,0.21186710104374215
1789059138839386400,49.71438647460938,-9.067000676965712,-3.730642279602587,0.20539724744250998
1789059138849395200,49.72439526367187,-9.066554102241993,-3.732164374603331,0.19729436754565685
1789059138859405300,49.7344052734375,-9.065676150363684,-3.7347125977814195,0.1892841526346281
1789059138869415200,49.744415283203125,-9.065174046060442,-3.7363127264544365,0.18157162376223132
1789059138879425300,49.75442529296875,-9.064659082275629,-3.7379017492115496,0.17444540687780827
1789059138889435400,49.76443530273438,-9.063375472205877,-3.741395728807151,0.1660428316483274
1789059138899444200,49.7744443359375,-9.061863314077257,-3.745506086735427,0.1555589748990722
1789059138909454300,49.784454345703125,-9.060270491927861,-3.749852591507137,0.14313885285761208
1789059138919464400,49.79446435546875,-9.059643299940229,-3.751789697049558,0.13161138707324863
1789059138929474300,49.80447436523438,-9.059794106587766,-3.7517265686854717,0.12271912863068282
1789059138939484400,49.814484375,-9.061011081162095,-3.749064655999839,0.11392851306484081
1789059138949493500,49.824493408203125,-9.062373601686954,-3.7459827643364667,0.10671385071198455
1789059138959503400,49.83450341796875,-9.064044749769568,-3.7421722661375996,0.09808328454606234
1789059138969513500,49.84451342773438,-9.064986999055742,-3.740104812213778,0.08949697764697484
1789059138979523300,49.8545234375,-9.063983374971151,-3.7427339916735884,0.08084422704870813
1789059138989533400,49.86453344726562,-9.06059256348908,-3.7511484765365717,0.07024635656492319
1789059138999543600,49.87454345703125,-9.05473506963253,-3.765455234308541,0.05918490542368963
1789059139009552400,49.88455249023438,-9.04719824438691,-3.7836709822177883,0.04919452671322506
1789059139019562500,49.8945625,-9.040109162908792,-3.800697520342469,0.038834812366869295
1789059139029572600,49.90457250976562,-9.03537512012422,-3.812031107522547,0.02818277999345446
1789059139039582500,49.91458251953125,-9.033860623908042,-3.815680569940805,0.01816165109334397
1789059139049592600,49.92459252929687,-9.03392258322835,-3.815561911997199,0.01065980354627245
1789059139059601400,49.93460131835938,-9.03524710983038,-3.812435304409265,0.005050420394763932
1789059139069611300,49.944611328125,-9.037416855084896,-3.8072926808238026,-0.00039988824971769644
1789059139079621400,49.95462133789062,-9.038758917343616,-3.8041020680889486,-0.00539685921225755
1789059139089631200,49.96463134765625,-9.0409701636523,-3.798829096122086,-0.011962372903176583
1789059139099641300,49.97464135742187,-9.042149144303798,-3.795993872696161,-0.01879464035081328
1789059139109650400,49.984650390625,-9.041838178658486,-3.796683900786936,-0.027115125645766965
1789059139119660300,49.99466040039062,-9.039208414676786,-3.8028731108158826,-0.03538014643492642
1789059139129670400,50.00467041015625,-9.035600745573639,-3.8113682596996425,-0.04219053426925093
1789059139139680500,50.01468041992187,-9.032277738630771,-3.8191710424050687,-0.04771519770855084
1789059139149690400,50.0246904296875,-9.031173576781153,-3.8217265721067784,-0.05194775267781224
1789059139159699500,50.03469946289062,-9.032711453872919,-3.8180563591614365,-0.05434163467756006
1789059139169709600,50.04470947265625,-9.037106473961472,-3.807592540553212,-0.05775368531048298
1789059139179719400,50.05471948242187,-9.04328428581357,-3.7928561591923233,-0.06031635713903233
1789059139189729500,50.0647294921875,-9.050223729687929,-3.776240247695148,-0.06196454903774429
1789059139199739400,50.074739501953125,-9.05518281340003,-3.7643139553189275,-0.06317679720460437
1789059139209749500,50.08474951171875,-9.059256930971145,-3.7544451799944043,-0.06624247295211534
1789059139219758600,50.09475854492187,-9.062162589284776,-3.747350837819278,-0.07041996413273736
1789059139229768200,50.10476831054687,-9.0650857832551,-3.74017612388432,-0.0753969990600599
1789059139239778300,50.1147783203125,-9.068156861263512,-3.7326407599434255,-0.07939743490703403
1789059139249788200,50.1247880859375,-9.07071882070601,-3.7263288003176447,-0.08314795568012633
1789059139259798300,50.13479833984375,-9.071734135228395,-3.7237890527069566,-0.0861333829653915
1789059139269807400,50.14480737304687,-9.07140738749206,-3.7245205818518996,-0.08888783277268521
1789059139279817200,50.15481713867187,-9.06957900302112,-3.7289147251576185,-0.09117259184215218
1789059139289827300,50.164827392578125,-9.06760273451209,-3.7336686416864393,-0.09318826991296372
1789059139299837400,50.17483740234375,-9.066069533595442,-3.7373680807262657,-0.09407087970008142
1789059139309847300,50.18484741210938,-9.065694270542263,-3.7382635682612655,-0.09467587812221609
1789059139319856400,50.1948564453125,-9.067181294229625,-3.734693016298115,-0.0931590803510975
1789059139329866500,50.204866455078125,-9.07067907321751,-3.726279700478911,-0.08948045577043667
1789059139339876400,50.21487646484375,-9.076371731901169,-3.712471539878845,-0.08609722480662167
1789059139349886500,50.22488647460938,-9.08190890776217,-3.698981943708658,-0.08278781713084317
1789059139359896300,50.23489624023438,-9.086265933927892,-3.688333123922348,-0.07968434382332489
1789059139369905400,50.244905517578125,-9.089268038353323,-3.68096171837151,-0.07815938101205974
1789059139379915500,50.25491552734375,-9.091365887415408,-3.675788699647784,-0.07760752841611393
1789059139389925400,50.26492529296875,-9.091780897957086,-3.6747915053039786,-0.07626533829323015
1789059139399935500,50.274935546875,-9.091385176637768,-3.6758231864392754,-0.07363847865466959
1789059139409945600,50.28494555664062,-9.090446434482931,-3.6782103738367558,-0.07024078990723938
1789059139419955500,50.29495556640625,-9.089025461769104,-3.6817607597947117,-0.06809065353549085
1789059139429964300,50.30496435546875,-9.088315267673135,-3.6835020505040883,-0.06868440904440358
1789059139439974400,50.31497436523438,-9.088888683646918,-3.6820518516957756,-0.07060032566832378
1789059139449984300,50.324984375,-9.089967126533388,-3.679345515346527,-0.07283534557824023
1789059139459994400,50.33499438476562,-9.09279855056703,-3.6723303758874533,-0.07338817998829764
1789059139470004200,50.34500415039062,-9.096010498350859,-3.664360127660632,-0.07380611313942353
1789059139480013300,50.35501342773438,-9.098628571894764,-3.6578050069287418,-0.07618611274429131
1789059139490023400,50.3650234375,-9.099629273369908,-3.65525298435837,-0.07910302767087705
1789059139500033300,50.375033203125,-9.098798667764664,-3.6571880440741777,-0.08495205509318038
1789059139510043400,50.38504345703125,-9.096484545603394,-3.6627675977721807,-0.0921345139431767
1789059139520053500,50.395053466796874,-9.093360276103018,-3.670335110417008,-0.09912580673578195
1789059139530062300,50.40506225585938,-9.089676619154215,-3.679214874704182,-0.10741027201092801
1789059139540072400,50.41507250976562,-9.085624128893016,-3.6889506712988016,-0.11603459109915419
1789059139550082600,50.42508251953125,-9.08118000896573,-3.699547176375985,-0.12612461709207853
1789059139560092400,50.435092529296874,-9.077258451607824,-3.7086996201246976,-0.1389561694786418
1789059139570102500,50.4451025390625,-9.073229926744103,-3.7179651688590645,-0.15367747200140727
1789059139580111600,50.45511157226562,-9.070227237796782,-3.7246152743980288,-0.1691209787183441
1789059139590121500,50.46512158203125,-9.06834741539955,-3.7284663968682286,-0.18439190534735098
1789059139600131600,50.475131591796874,-9.067783351776002,-3.7291079096421598,-0.19859774176180361
1789059139610141200,50.48514111328125,-9.068380733147263,-3.7268756205454467,-0.21273692441452294
1789059139620151300,50.4951513671875,-9.069102033159137,-3.724295833185315,-0.22669601952629162
1789059139630160400,50.50516040039062,-9.069783001160621,-3.7217175071299073,-0.24133838419448583
1789059139640170200,50.51517016601562,-9.069052933320403,-3.7224879069805143,-0.2564141170449555
1789059139650180400,50.525180419921874,-9.067680475923419,-3.7247915077477693,-0.2710891053411178
1789059139660190500,50.5351904296875,-9.06655760937333,-3.7263732239812613,-0.2864588709684089
1789059139670200300,50.545200439453126,-9.065690763410926,-3.7272190271556376,-0.30245056788632646
1789059139680209400,50.55520947265625,-9.067145638394356,-3.7224896605461835,-0.31674389992114155
1789059139690219500,50.565219482421874,-9.068837244743108,-3.717227209973335,-0.3298465060677379
1789059139700229400,50.5752294921875,-9.070709468355775,-3.711518476937711,-0.34241880472991615
1789059139710239500,50.585239501953126,-9.071568715533614,-3.708344230815768,-0.35384127576984464
1789059139720249300,50.595249267578126,-9.071198713177441,-3.708117144061625,-0.3655230918657034
1789059139730259000,50.605259033203126,-9.06997355529666,-3.7099601415798067,-0.377040182386525
1789059139740269000,50.61526904296875,-9.068692867836356,-3.7119928164511915,-0.38768885604236275
1789059139750279000,50.62527880859375,-9.067748864984512,-3.713103700302541,-0.39896709630601107
1789059139760289000,50.6352890625,-9.066890202328562,-3.713981944441795,-0.4101501325668767
1789059139770299000,50.645298828125,-9.065207948330045,-3.7169752810388803,-0.42009778181388974
1789059139780309000,50.65530908203125,-9.063370796030759,-3.720250357186794,-0.43061340367458756
1789059139790318000,50.66531811523438,-9.061461747539044,-3.7236364924937484,-0.4413911836028099
1789059139800327700,50.67532763671875,-9.059629855936764,-3.7267581316456195,-0.45250707291159775
1789059139810337800,50.685337890625,-9.05808964075744,-3.729047996148467,-0.4643234021073207
1789059139820348000,50.69534790039062,-9.057374185964465,-3.729332950569689,-0.4758472511624917
1789059139830357800,50.70535766601562,-9.057391721621155,-3.72770008867085,-0.48815293477773664
1789059139840366800,50.71536694335938,-9.057751202583313,-3.7250679866015908,-0.5013935976881534
1789059139850377000,50.725376953125,-9.05814692390263,-3.7223233640685676,-0.514461643978022
1789059139860386800,50.73538671875,-9.058367288655042,-3.7197906307205555,-0.5286939848069101
1789059139870397000,50.74539697265625,-9.057819007122516,-3.718986036339402,-0.5435407677397132
1789059139880406800,50.75540673828125,-9.057801471465826,-3.71705974445194,-0.5568487967979162
1789059139890415900,50.76541577148438,-9.058084380060434,-3.7146617433995006,-0.5681379968469962
1789059139900426000,50.77542602539062,-9.058718001788854,-3.711531628680229,-0.5784002650011331
1789059139910435800,50.78543579101562,-9.059065792313218,-3.7093127835869786,-0.5871191761707887
1789059139920446000,50.795446044921874,-9.059178605037927,-3.707297936633229,-0.5980072846056893
1789059139930455800,50.805455810546874,-9.059149963465332,-3.705253863584995,-0.6109708110751584
1789059139940465000,50.81546484375,-9.05896642359197,-3.703776776769757,-0.6225379512827843
1789059139950475000,50.82547509765625,-9.059071053010225,-3.701844055141508,-0.632427623264864
1789059139960484900,50.83548486328125,-9.058869977480173,-3.7012186167195438,-0.6389326212447136
1789059139970495000,50.845494873046874,-9.059385525786876,-3.6990786820814012,-0.6439980148755013
1789059139980505000,50.855505126953126,-9.059579002532363,-3.697671445631981,-0.6493370378158986
1789059139990514000,50.86551391601562,-9.059568481138347,-3.6964749293237924,-0.6562606995992362
1789059140000523800,50.87552368164062,-9.059524057474732,-3.6953780739977953,-0.6630157268173992
1789059140010534000,50.885533935546874,-9.059947835844754,-3.6933898227900266,-0.6682846071310341
1789059140020543700,50.895543701171874,-9.061419661962985,-3.6891026469901202,-0.6719957366086542
1789059140030553900,50.905553955078126,-9.0626261151433,-3.6858407225847243,-0.6736264796156436
1789059140040563000,50.91556298828125,-9.062909608259796,-3.685126436835527,-0.673716715182364
1789059140050572800,50.92557275390625,-9.063658380800485,-3.68343336918205,-0.6729028415162116
1789059140060583000,50.9355830078125,-9.064176267194748,-3.6824008112639186,-0.671581164458394
1789059140070592800,50.9455927734375,-9.064541593375802,-3.6815301659092303,-0.6714253163095564
1789059140080603000,50.955602783203126,-9.06465615966618,-3.6810017581209538,-0.6727655519373714
1789059140090612000,50.965612060546874,-9.064331750017404,-3.6821661257252094,-0.6707631260737776
1789059140100621800,50.975621826171874,-9.065060648813843,-3.681274145321548,-0.6657887717273085
1789059140110632000,50.9856318359375,-9.065947368520497,-3.6804064225763082,-0.6584742839954794
1789059140120642000,50.99564208984375,-9.067095954033732,-3.6793180428177115,-0.648673167079687
1789059140130652000,51.00565185546875,-9.06810717690289,-3.678669808042049,-0.638129049776867
1789059140140661000,51.015660888671874,-9.06872092488706,-3.6784488587677475,-0.630632702672109
1789059140150671000,51.025671142578126,-9.06890680284798,-3.6793072291627524,-0.6229102186612785
1789059140160681000,51.035680908203126,-9.06847717925906,-3.6817683585792778,-0.6145666801426559
1789059140170690800,51.04569091796875,-9.06745309690833,-3.6857600585639476,-0.6056806687777861
1789059140180700700,51.05570068359375,-9.066285806694626,-3.6902152844071385,-0.5959463700205088
1789059140190709800,51.065709716796874,-9.06501037993133,-3.694668464423716,-0.5877012869076803
1789059140200720000,51.075719970703126,-9.065136636659503,-3.695953535798192,-0.5775869758568704
1789059140210729700,51.085729736328126,-9.065600162518024,-3.696697047641873,-0.5654262902028858
1789059140220739800,51.09573974609375,-9.065861443802714,-3.697947047702968,-0.5529269471790641
1789059140230750000,51.10575,-9.065555154332518,-3.7007036529347297,-0.5393417816799134
1789059140240758800,51.1157587890625,-9.063994480887056,-3.7062417055785652,-0.5274063196165487
1789059140250769000,51.125768798828126,-9.063291885575651,-3.709336456723511,-0.5176405662750825
1789059140260779000,51.13577905273438,-9.062267218703031,-3.7130320963710544,-0.5090103563021868
1789059140270788900,51.14578881835938,-9.063101915961504,-3.7117943712696433,-0.503140222159773
1789059140280799000,51.15579907226562,-9.064725717771053,-3.7086177870601413,-0.4972770292147994
1789059140290808000,51.16580810546875,-9.066520199972391,-3.704880938619375,-0.4923902800865471
1789059140300818000,51.17581787109375,-9.067771076816319,-3.7023037816077466,-0.4887348993841558
1789059140310828000,51.185828125,-9.068203623014687,-3.7018247659191488,-0.48431492751743643
1789059140320838000,51.195837890625,-9.068354429662227,-3.701889647848904,-0.48098563696425406
1789059140330848000,51.20584790039062,-9.068485947087407,-3.7018665592342614,-0.478676410173811
1789059140340856800,51.21585693359375,-9.069026629835367,-3.700776718170941,-0.47685865669474004
1789059140350866700,51.22586669921875,-9.069626349294186,-3.699274496914446,-0.4771095992485061
1789059140360876800,51.23587670898438,-9.069759035763145,-3.69881915436238,-0.47811128710433837
1789059140370887000,51.24588696289062,-9.06970876688063,-3.6987943121820686,-0.4792578998561948
1789059140380896800,51.25589672851562,-9.068959994339943,-3.7004979012295602,-0.48027332397643474
1789059140390905900,51.26590576171875,-9.068807434126734,-3.7006948851063846,-0.48164095906782894
1789059140400916000,51.275916015625,-9.068454382905363,-3.7012355678543445,-0.48412594428397715
1789059140410925800,51.28592578125,-9.068454967427254,-3.700875210109353,-0.4868577073354274
1789059140420936000,51.29593603515625,-9.069104955768585,-3.698918815344572,-0.4896171255787834
1789059140430945800,51.30594580078125,-9.070321930342912,-3.6956861170336603,-0.49147334790471936
1789059140440955000,51.31595483398438,-9.071364717394113,-3.692930388584733,-0.4929363331293687
1789059140450965000,51.32596508789062,-9.072122842285037,-3.690809450908005,-0.49487369440011675
1789059140460974800,51.33597485351562,-9.071976127290725,-3.690893329799175,-0.49693468205053354
1789059140470985000,51.34598486328125,-9.071988986772299,-3.6905288804009553,-0.4993936195099726
1789059140480994800,51.355994873046875,-9.0716487950325,-3.6910455977514385,-0.5017463201159611
1789059140491005000,51.3660048828125,-9.071593849974871,-3.690850951962173,-0.5041741683173925
1789059140501014000,51.37601391601562,-9.071545334658026,-3.690615097379684,-0.5067676188766956
1789059140511023900,51.38602392578125,-9.071757516103983,-3.689714933669567,-0.5095118030183017
1789059140521034000,51.396033935546875,-9.072064390096068,-3.6885455976292487,-0.5125042993651703
1789059140531044000,51.40604418945313,-9.072585783621669,-3.6867186744630334,-0.5164108783496544
1789059140541054000,51.41605395507813,-9.073337478771805,-3.6842888169676065,-0.5205290177255869
1789059140551062800,51.42606274414062,-9.074217768737673,-3.6815257819950578,-0.524715290434286
1789059140561073000,51.436072998046875,-9.074517043945193,-3.680093411104381,-0.5295629131285473
1789059140571082800,51.446082763671875,-9.07424231865704,-3.680307638376951,-0.5327737284012138
1789059140581092900,51.4560927734375,-9.074089173921942,-3.6804523075446482,-0.5343784967167302
1789059140591102700,51.46610278320313,-9.073500560379028,-3.681579850269854,-0.5366054155185819
1789059140601111800,51.47611181640625,-9.073128804457188,-3.68203402377814,-0.5397572671456262
1789059140611122000,51.486121826171875,-9.072980335897206,-3.6816026466235514,-0.5451705974312498
1789059140621131800,51.4961318359375,-9.073919662573934,-3.678218264882266,-0.5523335113305599
1789059140631142000,51.50614184570313,-9.075099227747321,-3.674439915387332,-0.5580737720156088
1789059140641152000,51.51615209960938,-9.075774350529908,-3.672144205665588,-0.5621986333932727
1789059140651160800,51.526160888671875,-9.075690179377794,-3.6718583744615314,-0.5654145997650921
1789059140661171000,51.5361708984375,-9.075542879861592,-3.6720603267744183,-0.566459834501706
1789059140671181000,51.54618115234375,-9.074720457562803,-3.673985449618101,-0.5671513969624414
1789059140681191000,51.55619091796875,-9.074322982677817,-3.6748943811565637,-0.567626394063048
1789059140691201000,51.56620092773438,-9.073992727810143,-3.6757089124098417,-0.5676273073785006
1789059140701209900,51.5762099609375,-9.073718587043881,-3.676387834584713,-0.5676206219093873
1789059140711219700,51.5862197265625,-9.07392433874905,-3.676210432191193,-0.5654723578343167
1789059140721229800,51.59622973632813,-9.07399798850715,-3.6767712809443474,-0.5606208626825362
1789059140731240400,51.60624047851562,-9.07413009045422,-3.6775457724481817,-0.5533616122692823
1789059140741250300,51.61625024414062,-9.074306616064906,-3.6780852861523625,-0.5468415263181552
1789059140751259400,51.62625927734375,-9.07470759808123,-3.6777798734650013,-0.5422239129874855
1789059140761269200,51.63626928710938,-9.075050127908588,-3.677693071964383,-0.5370488849697634
1789059140771279400,51.646279296875,-9.07478358592689,-3.6792116598337885,-0.5311256324006244
1789059140781289200,51.65628930664062,-9.074641547107696,-3.6803719357848164,-0.5254739998470992
1789059140791299300,51.66629931640625,-9.07467369581163,-3.6810789150103926,-0.5199432902595028
1789059140801308400,51.67630834960938,-9.074411245483159,-3.6825092400744555,-0.5143664399752393
1789059140811318300,51.686318359375,-9.074178605771063,-3.6838720528602598,-0.5086772518903017
1789059140821328400,51.69632836914062,-9.074624595972896,-3.6836151554897425,-0.5025442290280014
1789059140831338500,51.70633837890625,-9.075669136589765,-3.681829148855805,-0.49674160716384647
1789059140841348400,51.716348388671875,-9.076963852575421,-3.6793265183851123,-0.49159606096893543
1789059140851357400,51.726357421875,-9.077080172431469,-3.6795004136472937,-0.48813927157856524
1789059140861367600,51.73636743164062,-9.076763946089148,-3.680456983719766,-0.48680162976663555
1789059140871377400,51.74637744140625,-9.076276454833149,-3.6817727424934503,-0.4859408116862178
1789059140881387500,51.756387451171875,-9.07530731754005,-3.6843653893351553,-0.48439358224421736
1789059140891397400,51.7663974609375,-9.07588599421084,-3.6831522141531106,-0.48277270304411646
1789059140901406200,51.77640625,-9.077042763030528,-3.6804204511016607,-0.4818520080026239
1789059140911416300,51.78641625976562,-9.078253892385959,-3.677478260169923,-0.481503413760662
1789059140921426200,51.79642626953125,-9.079142950180172,-3.675217329500615,-0.48200383756347
1789059140931436300,51.806436279296875,-9.079498339489103,-3.6742639742985364,-0.48257265042737124
1789059140941446400,51.8164462890625,-9.079356885191798,-3.6744416689530013,-0.48388512126542627
1789059140951455200,51.82645532226562,-9.079246410554648,-3.6743764947623014,-0.48644174694567915
1789059140961465300,51.83646533203125,-9.079786508780717,-3.6726971633732317,-0.489039946745336
1789059140971475500,51.846475341796875,-9.080531189668179,-3.6704941003710028,-0.49174160691946744
1789059140981485300,51.8564853515625,-9.080998222658037,-3.668942194753885,-0.49468986226581035
1789059140991495400,51.86649536132813,-9.080644002392887,-3.669436408011615,-0.49752081137541676
1789059141001504500,51.87650439453125,-9.080161187312006,-3.670356445465982,-0.49954062676522876
1789059141011514400,51.886514404296875,-9.079355716148019,-3.6721100111350413,-0.5012869589759037
1789059141021524500,51.8965244140625,-9.078767102605104,-3.673310619096458,-0.5031557119898498
1789059141031534300,51.90653442382813,-9.078236941251157,-3.674438746343553,-0.504477279449813
1789059141041544400,51.91654443359375,-9.078041710940003,-3.6747193168506023,-0.5059399724135175
1789059141051553500,51.926553466796875,-9.078181996193528,-3.674328856228292,-0.5062678891936316
1789059141061563400,51.9365634765625,-9.078822632184623,-3.6729084680363533,-0.5050826249318197
1789059141071573500,51.94657348632813,-9.079566728550196,-3.6712609930902715,-0.503684302441217
1789059141081583600,51.95658349609375,-9.079769557645916,-3.671070438954234,-0.5014065667675808
1789059141091592200,51.96659228515625,-9.07953984054327,-3.6721374836638567,-0.49774362381324166
1789059141101602300,51.976602294921875,-9.078616295957564,-3.6750554169371723,-0.4930316832626238
1789059141111612400,51.9866123046875,-9.0779908575356,-3.6773113791704177,-0.48769320831149815
1789059141121622300,51.99662231445313,-9.07746712592244,-3.6794676804214714,-0.4811439327985048
1789059141131632400,52.00663232421875,-9.07722630290389,-3.6809728242874145,-0.4741195140544325
1789059141141641500,52.016641357421875,-9.076840518456697,-3.682954353493452,-0.46604200606085355
1789059141151651300,52.0266513671875,-9.076640027448535,-3.684539576858282,-0.4573351506551727
1789059141161661400,52.03666137695313,-9.076642950057982,-3.6856294179216027,-0.44840778436660766
1789059141171671300,52.04667138671875,-9.077367172679304,-3.6848271616280077,-0.4402726644342765
1789059141181681400,52.05668139648437,-9.078746059817075,-3.682377722649276,-0.43226102475114164
1789059141191690500,52.0666904296875,-9.080063572156428,-3.68002093039006,-0.4245824164146557
1789059141201700400,52.07670043945313,-9.081164811396599,-3.6781747180014848,-0.4169681054860353
1789059141211710500,52.08671044921875,-9.080923403856158,-3.679648882207274,-0.4091491022981703
1789059141221720600,52.09672045898437,-9.07916574653387,-3.684797935533523,-0.4017426984991878
1789059141231730400,52.10673046875,-9.077124596095084,-3.690648707388341,-0.3940832332545891
1789059141241739500,52.11673950195313,-9.074906335523725,-3.6968712351649997,-0.3867898979086429
1789059141251749400,52.12674926757813,-9.073696375212073,-3.7004093461632728,-0.38129813209194685
1789059141261759200,52.13675927734375,-9.073881668651103,-3.700513683320582,-0.37583372920621183
1789059141271769300,52.14676928710937,-9.075090459918975,-3.6980984388723965,-0.370384633487463
1789059141281779200,52.156779296875,-9.077315150231122,-3.693018359129131,-0.36654479959625746
1789059141291788300,52.16678833007813,-9.079339349535108,-3.6884964977905152,-0.36190183262862263
1789059141301798400,52.17679833984375,-9.081027448752522,-3.68484119015336,-0.3567485780512914
1789059141311808300,52.18680834960937,-9.081708416754006,-3.6835406289488075,-0.35282928571570665
1789059141321818400,52.196818359375,-9.082533177140355,-3.681913027746975,-0.34856607531327755
1789059141331828500,52.206828369140624,-9.083187257134913,-3.6806983912602065,-0.34431568785980343
1789059141341837300,52.21683740234375,-9.083658381778001,-3.679738606317341,-0.34213889180999246
1789059141351847400,52.22684741210937,-9.084175099128483,-3.678568978016078,-0.34099436141736805
1789059141361857500,52.236857421875,-9.084463852941989,-3.6779362330704926,-0.34012696746569127
1789059141371867400,52.246867431640624,-9.084149964687228,-3.678744919104874,-0.339773039461486
1789059141381876500,52.25687646484375,-9.08341931232512,-3.680671210992336,-0.33842955243065953
1789059141391886600,52.26688647460937,-9.083068014669418,-3.6817002617791292,-0.33666049693152306
1789059141401896400,52.276896484375,-9.08313874181807,-3.681667528553307,-0.33510694734659047
1789059141411906600,52.286906494140624,-9.083909141668677,-3.679903149229288,-0.3336066257862374
1789059141421916400,52.29691650390625,-9.085146574509142,-3.6770582811921835,-0.3312715704347938
1789059141431925200,52.30692529296875,-9.086185269907116,-3.6746053350821137,-0.3299919424204156
1789059141441935400,52.31693530273437,-9.087326256635784,-3.6718063520133493,-0.3297316109837964
1789059141451945200,52.3269453125,-9.08832403550148,-3.6693721106037493,-0.3293389218717813
1789059141461955300,52.336955322265624,-9.089048258122801,-3.6675446029156444,-0.329702348356694
1789059141471965400,52.34696533203125,-9.089866004246472,-3.6654765644699334,-0.3301540741795674
1789059141481974300,52.35697436523437,-9.090445265439152,-3.663919690416753,-0.33147629922665656
1789059141491984400,52.366984375,-9.09030205757618,-3.6641558372601866,-0.3327964419145137
1789059141501994500,52.376994384765624,-9.090150081884861,-3.664248191718757,-0.3359139894131571
1789059141512004400,52.38700439453125,-9.090500210496783,-3.6627959470838305,-0.34222653356082733
1789059141522014500,52.397014404296876,-9.091050245594978,-3.6610543641135096,-0.34623007011376317
1789059141532023600,52.4070234375,-9.091976128268241,-3.6588723438993096,-0.34497733010631054
1789059141542033400,52.417033447265624,-9.093073275855183,-3.6564267043128607,-0.3419782213555649
1789059141552043500,52.42704345703125,-9.093436848470569,-3.6558994655683636,-0.33792441592011596
1789059141562053400,52.437053466796876,-9.092822515964507,-3.6576109456613657,-0.3359328402440995
1789059141572062500,52.4470625,-9.092496352750063,-3.6582305388644336,-0.3379972984932363
1789059141582072600,52.457072509765624,-9.092050362548232,-3.6592169195532795,-0.33932387092188
1789059141592082400,52.46708251953125,-9.09052125328481,-3.663064242631197,-0.3387730686387047
1789059141602092500,52.477092529296876,-9.090404348906874,-3.6636233378186818,-0.3358443947756663
1789059141612102400,52.487102294921876,-9.090630558878182,-3.663641457997262,-0.3294662380458787
1789059141622111200,52.497111328125,-9.090622375571726,-3.664338208089769,-0.3218562744988128
1789059141632121300,52.507121337890624,-9.091036801591516,-3.663959437905252,-0.31438871509712185
1789059141642131500,52.51713134765625,-9.091577484339474,-3.6632290778040884,-0.307169687096402
1789059141652141300,52.527141357421876,-9.092329179489612,-3.6619419606029986,-0.30019928182819855
1789059141662151400,52.5371513671875,-9.092526163366436,-3.66205126619637,-0.2928083130603656
1789059141672160500,52.547160400390624,-9.092651835572719,-3.662397887676954,-0.28445648163743315
1789059141682170400,52.55717041015625,-9.093183165970444,-3.6617926152601834,-0.27510688961511476
1789059141692180500,52.567180419921876,-9.093747814115881,-3.661161623880267,-0.2646406963867135
1789059141702190300,52.5771904296875,-9.094379682278632,-3.6604067138597367,-0.25311049065599217
1789059141712199400,52.587199462890624,-9.09414411995709,-3.661726856547594,-0.24223690393678843
1789059141722209500,52.59720947265625,-9.093280781126023,-3.6645068426549434,-0.2324176303097978
1789059141732219000,52.607218994140624,-9.092758218556641,-3.666362699654698,-0.22341212075110523
1789059141742229000,52.61722900390625,-9.092167266926168,-3.6683728704333305,-0.2142783269039355
1789059141752239000,52.627239013671876,-9.091620738959312,-3.670281918925047,-0.20455486006792634
1789059141762248000,52.637248046875,-9.091013420715928,-3.67234586571753,-0.19427503799078985
1789059141772258000,52.647258056640624,-9.090384475162624,-3.6744209184259176,-0.18418860132759435
1789059141782268200,52.65726806640625,-9.089673112022876,-3.676628657603264,-0.17499465652471408
1789059141792278000,52.667278076171876,-9.089128337621688,-3.678392160144448,-0.16600830832421778
1789059141802288000,52.6772880859375,-9.089615828877687,-3.67754021949023,-0.15799776461962609
1789059141812297200,52.687297119140624,-9.090611854177713,-3.6753982390254736,-0.15037677735504693
1789059141822307000,52.69730712890625,-9.09123495451212,-3.6741128753900525,-0.1439741803037468
1789059141832317200,52.707317138671876,-9.091908908250927,-3.67260714700222,-0.13975766772041096
1789059141842327000,52.7173271484375,-9.092152653878927,-3.6720726017341017,-0.1379347814084962
1789059141852336000,52.727336181640624,-9.091888449984788,-3.672717329378426,-0.13818311188006774
1789059141862346200,52.73734619140625,-9.09138400759399,-3.67391296890378,-0.13958031099266371
1789059141872356000,52.747356201171876,-9.09052476041615,-3.6759763311743736,-0.14120235010338947
1789059141882366000,52.757365966796876,-9.08940423195362,-3.6786841288283467,-0.14282187759662046
1789059141892376000,52.7673759765625,-9.088148678934573,-3.6816923707336184,-0.1451837022239808
1789059141902385000,52.777385009765624,-9.086348351514339,-3.685992113754153,-0.1487352024267893
1789059141912395000,52.78739501953125,-9.084619920286535,-3.6900489879295226,-0.1536356056210585
1789059141922405000,52.797405029296876,-9.083336310216785,-3.6929976086020466,-0.158610471424181
1789059141932415000,52.8074150390625,-9.08276464780867,-3.6941938326492902,-0.16340713111618532
1789059141942425000,52.81742504882813,-9.082385293102265,-3.694908410659432,-0.16826637118300422
1789059141952434200,52.82743408203125,-9.08245075955391,-3.6944995375975966,-0.17362735022688283
1789059141962444000,52.837444091796876,-9.082360158661007,-3.6944659275889395,-0.17897627350678666
1789059141972454100,52.8474541015625,-9.082044516840577,-3.694960725368559,-0.18471120042959227
1789059141982464000,52.85746411132813,-9.081611970642209,-3.695774087578058,-0.18964472957532852
1789059141992473000,52.86747314453125,-9.08090353011191,-3.6973169331058857,-0.19345955688944086
1789059142002483200,52.877483154296876,-9.080137806436419,-3.6989857431009407,-0.19745754048442468
1789059142012493000,52.8874931640625,-9.07950360018611,-3.7002638002127406,-0.20260012753726914
1789059142022503200,52.89750317382813,-9.07866188866496,-3.7020056754440067,-0.20841310639865696
1789059142032513000,52.90751293945313,-9.077893826901912,-3.703609311248362,-0.21331278807371853
1789059142042521900,52.91752197265625,-9.077092447391152,-3.705326344299316,-0.21756012505358083
1789059142052532000,52.927531982421876,-9.076306265449523,-3.7069723579406735,-0.22227601112695408
1789059142062542000,52.9375419921875,-9.075227238041162,-3.709302846714854,-0.22739642288060857
1789059142072552000,52.94755200195313,-9.073866471081972,-3.7123195641875264,-0.23241372131966054
1789059142082561000,52.95756103515625,-9.073611035016178,-3.7127278527274727,-0.235834544347506
1789059142092571100,52.967571044921876,-9.074817488196492,-3.70971171977669,-0.23687123045148326
1789059142102581000,52.9775810546875,-9.07672419860065,-3.7050606791004537,-0.23662686376897618
1789059142112591000,52.98759106445313,-9.07961582838893,-3.698036771813035,-0.2355428313919343
1789059142122601000,52.99760107421875,-9.082595136460661,-3.6908582584857936,-0.23327609203634783
1789059142132610000,53.007610107421876,-9.084784170937537,-3.6857244027286766,-0.22915866504646837
1789059142142620200,53.0176201171875,-9.08632672420442,-3.6822894598439335,-0.22314470198657363
1789059142152630000,53.02763012695313,-9.087217535564303,-3.68055196852684,-0.21540822598300874
1789059142162640100,53.03764013671875,-9.087749450483917,-3.6797400676220655,-0.2066538599074818
1789059142172650000,53.04764990234375,-9.087827191895245,-3.680060970139503,-0.19731678030686453
1789059142182659000,53.0576591796875,-9.087360158905387,-3.6818040144145487,-0.1859801791857928
1789059142192669200,53.06766918945313,-9.086513186687231,-3.6845927683502433,-0.17157871060138566
1789059142202679000,53.07767895507813,-9.085286859762668,-3.688352705405652,-0.15491150730838998
1789059142212689200,53.08768920898437,-9.0843159689039,-3.691512923002243,-0.13533799724779091
1789059142222698000,53.097697998046876,-9.08334390900135,-3.6946874613851306,-0.11193782330481335
1789059142232708000,53.1077080078125,-9.082666448131203,-3.697045714949071,-0.08604425251036882
1789059142242718000,53.11771801757813,-9.082470048776269,-3.698062783037126,-0.058779530360037455
1789059142252728000,53.12772802734375,-9.082414519196748,-3.6985412142038343,-0.030328479935391804
1789059142262738000,53.13773803710937,-9.082221626973151,-3.6991403491407633,-0.0001859531132250595
1789059142272747000,53.1477470703125,-9.08196151473224,-3.699644207009673,0.03156712976869894
1789059142282757000,53.15775708007813,-9.082237409064174,-3.6985412142038343,0.06435522530025337
1789059142292767000,53.16776708984375,-9.082622024467588,-3.6968896476045248,0.09677825722894631
1789059142302777000,53.17777709960937,-9.083032943356036,-3.6948616489082573,0.12996143704229035
1789059142312786200,53.1877861328125,-9.082959878119826,-3.693690267041325,0.16393661661669612
1789059142322796000,53.19779614257813,-9.082638975602388,-3.692802962812781,0.19814351345458997
1789059142332806100,53.20780615234375,-9.083124128770828,-3.6897152259305117,0.23073594256686045
1789059142342816000,53.21781591796875,-9.083833153823017,-3.6859275240853426,0.2613443034561351
1789059142352826000,53.227826171875,-9.084318306991458,-3.6825489875629542,0.2904769109707325
1789059142362835200,53.23783520507813,-9.086435445275903,-3.6751270208686586,0.3170371837792918
1789059142372845000,53.24784497070313,-9.08744666814506,-3.6702331113472577,0.34364151492528616
1789059142382855200,53.25785522460937,-9.0887139116019,-3.6647321758434175,0.36797304230108857
1789059142392865000,53.26786499023437,-9.090887748509646,-3.6572377284348008,0.388274656573683
1789059142402874000,53.2778740234375,-9.092459527871013,-3.6511832507014272,0.40794973644576965
1789059142412884000,53.28788403320313,-9.093406453332305,-3.6468808773323893,0.42497214638460423
1789059142422894000,53.29789404296875,-9.094620505297183,-3.642264907969534,0.43837673115245995
1789059142432904000,53.30790405273437,-9.096099345678091,-3.637238896501064,0.449275032187812
1789059142442914000,53.3179140625,-9.097616764503718,-3.6323332965418693,0.4581606416938826
1789059142452923100,53.32792309570313,-9.0989155721426,-3.6283693613469596,0.4637483786983415
1789059142462933000,53.33793310546875,-9.100093968272208,-3.625167058174312,0.4656608612561598
1789059142472943000,53.34794311523437,-9.101400959217548,-3.621997780488431,0.46477812360487875
1789059142482953000,53.35795288085937,-9.103312345796823,-3.617395255129039,0.46318763954304154
1789059142492962000,53.36796215820313,-9.105345312929153,-3.6125267723098395,0.46121769117694345
1789059142502972200,53.37797216796875,-9.106483961570262,-3.6100180043593046,0.4583713253024965
1789059142512982000,53.38798193359375,-9.10697437543571,-3.6093916891545055,0.4535380233945325
1789059142522992000,53.3979921875,-9.106610802820324,-3.611186755877733,0.4464874472958967
1789059142533002200,53.408002197265624,-9.105160019490123,-3.6157451498344537,0.43912824363950637
1789059142543011000,53.41801098632813,-9.103062754949926,-3.621975860917568,0.4311838605063036
1789059142553021000,53.42802099609375,-9.10046163254082,-3.6294442971020935,0.42321697328034785
1789059142563031000,53.43803100585937,-9.098119453328847,-3.6363548071429133,0.41416338679622855
1789059142573041000,53.448041015625,-9.096187023961544,-3.642403147396445,0.4033137472081929
1789059142583050000,53.45805004882813,-9.094613491034508,-3.6474829348787665,0.39275695308689024
1789059142593060000,53.46806005859375,-9.09352686484158,-3.651127428860962,0.38395321317799386
1789059142603070000,53.47807006835937,-9.092671124795078,-3.6540249038681387,0.37659181756451726
1789059142613080000,53.488080078125,-9.092588707208632,-3.654903732529282,0.3699884737767279
1789059142623090000,53.49808984375,-9.093253308597207,-3.6539395636722443,0.3631259310634807
1789059142633099000,53.50809912109375,-9.09354381597638,-3.6537495940580964,0.35771249118000265
1789059142643109000,53.51810913085937,-9.09378756160438,-3.653473699726164,0.354320364523679
1789059142653119000,53.52811889648437,-9.093791068735719,-3.6536540247291325,0.35236561372671277
1789059142663129000,53.538129150390624,-9.093426911598444,-3.6546903820395467,0.3510009743100032
1789059142673139200,53.54813916015625,-9.09332228218019,-3.6552123600870368,0.348280317174457
1789059142683148000,53.55814794921875,-9.093636170434952,-3.654784782324731,0.34455409972555934
1789059142693158100,53.568158203125,-9.09377061046958,-3.6546535571604966,0.34238446406889705
1789059142703168300,53.578168212890624,-9.093918494507669,-3.654294368459284,0.3422875430330634
1789059142713178000,53.58817822265625,-9.093466074565052,-3.6553736881285905,0.34279158356506373
1789059142723187000,53.59818701171875,-9.092377110284566,-3.6579207422629,0.34450083516836166
1789059142733197000,53.60819702148437,-9.091444797870516,-3.659887658421695,0.34819713240303096
1789059142743207000,53.61820703125,-9.090621206527947,-3.6613650374978777,0.35411552613396197
1789059142753217000,53.628217041015624,-9.089940823048353,-3.662280106516182,0.36202118469197303
1789059142763227000,53.638226806640624,-9.08975786769688,-3.6617891081288456,0.3714615785365924
1789059142773235700,53.64823559570313,-9.089563806429505,-3.6611937725841996,0.3819295253306627
1789059142783245800,53.65824584960937,-9.089951928964256,-3.659183309544623,0.39183750015441327
1789059142793255700,53.66825561523437,-9.091073041948675,-3.6553693042144175,0.4013155225956812
1789059142803265800,53.678265869140624,-9.092422118470072,-3.650985390041768,0.41054892262611536
1789059142813275000,53.68827490234375,-9.093035281932353,-3.648341305273771,0.42035128165092317
1789059142823285000,53.69828491210937,-9.09365721322298,-3.6455224484607576,0.4312130500681698
1789059142833294800,53.708294921875,-9.094082160636782,-3.6430052049428223,0.44336434683930126
1789059142843305000,53.718304931640624,-9.09373027845919,-3.642522097600996,0.4544100204560905
1789059142853314800,53.728314697265624,-9.092807902917265,-3.643694940772652,0.46337519800439475
1789059142863324000,53.73832397460937,-9.091649965053795,-3.645815001666546,0.4693840464977547
1789059142873334000,53.748333984375,-9.089985831233859,-3.64942500885725,0.4735405085900798
1789059142883344000,53.75834375,-9.088352092552185,-3.6527918549418446,0.478909305614233
1789059142893354000,53.76835400390625,-9.08733443994224,-3.65466583212018,0.4839026203894987
1789059142903363000,53.77836303710937,-9.086529553300142,-3.6562858345374463,0.48676370890904214
1789059142913373000,53.788373046875,-9.085810591375827,-3.6579525987058874,0.48765850232429797
1789059142923383000,53.798383056640624,-9.085278676456213,-3.659408350472152,0.4866438819216564
1789059142933393000,53.808392822265624,-9.085031423696876,-3.6604873778805134,0.483137481235899
1789059142943403000,53.818403076171876,-9.085145405465363,-3.660872577805817,0.4780520677303895
1789059142953411800,53.82841186523437,-9.08597425750494,-3.6596085492193695,0.47193058917541053
1789059142963421700,53.83842163085937,-9.086955085235834,-3.6580855774357914,0.464803513774462
1789059142973431800,53.848431884765624,-9.08791253209114,-3.6567107819512485,0.4568291008291766
1789059142983442000,53.85844189453125,-9.088477764758467,-3.656351593250036,0.4483880202202126
1789059142993451000,53.86845092773437,-9.08849120876193,-3.6574487408369776,0.43906464035138487
1789059143003460900,53.8784609375,-9.08888108486235,-3.657667644284665,0.42906186338365077
1789059143013471000,53.888470947265624,-9.089830932933092,-3.6563241207212207,0.4202953136799857
1789059143023480800,53.898480712890624,-9.091003483843803,-3.6544711863309143,0.410957393829152
1789059143033490000,53.90848999023437,-9.091242553296684,-3.6549475716710087,0.4013159975197166
1789059143043500000,53.9185,-9.090548725813626,-3.657730188126862,0.39155853708256033
1789059143053510000,53.928510009765624,-9.089078068739175,-3.662455755344033,0.38139023082219065
1789059143063520000,53.93852001953125,-9.088033528122306,-3.665999419300258,0.3721227823916822
1789059143073529900,53.94852978515625,-9.087358405339717,-3.668519585427642,0.36367961942348626
1789059143083539000,53.9585390625,-9.08599471577108,-3.6727193752050398,0.3552683128982782
1789059143093548800,53.968548828125,-9.085527682781219,-3.6746263778701422,0.34740251142662015
1789059143103558700,53.97855859375,-9.085168201819062,-3.6761814983576535,0.34027952767889946
1789059143113568800,53.98856884765625,-9.084222445401549,-3.6791505772963164,0.3333711365299299
1789059143123579000,53.998578857421876,-9.083238695061207,-3.682091014662385,0.3276644858535379
1789059143133587700,54.00858764648437,-9.082229225757718,-3.6850010568901896,0.3229057835517451
1789059143143597800,54.018597900390624,-9.081175332790613,-3.688008422012627,0.3181787915624678
1789059143153608000,54.02860791015625,-9.080356417623161,-3.690505791786313,0.31254502345919605
1789059143163617800,54.03861767578125,-9.08032309987545,-3.691118955248594,0.30619707920458167
1789059143173627000,54.048626953125,-9.080998222658037,-3.6899426049455997,0.3002887867425568
1789059143183637000,54.058636962890624,-9.08304229570627,-3.685341540890932,0.29492926900340244
1789059143193646800,54.068646728515624,-9.08554229582846,-3.6795208719134327,0.29057775926301255
1789059143203657000,54.078656982421876,-9.08770736490786,-3.6745083044484255,0.2862568273239769
1789059143213666000,54.088666015625,-9.088628571406007,-3.6725533709883686,0.28206960476720705
1789059143223676000,54.098676025390624,-9.088272597575187,-3.673825290620327,0.2769303239163011
1789059143233686000,54.10868603515625,-9.086821229723096,-3.677882749317586,0.27063752564871685
1789059143243695900,54.11869580078125,-9.085242436099051,-3.682215517824888,0.2646658856268972
1789059143253706000,54.1287060546875,-9.084299602290988,-3.6849706617519256,0.25859414623146876
1789059143263714800,54.13871484375,-9.084877109917997,-3.6839495020106434,0.2528073612572625
1789059143273724700,54.148724609375,-9.086462333282828,-3.6802956556782123,0.2490257786256261
1789059143283734800,54.15873486328125,-9.088668903416394,-3.674991119529307,0.24682616795580833
1789059143293745000,54.168744873046876,-9.090085784476996,-3.6715053232401607,0.24651620695749296
1789059143303753700,54.17875366210937,-9.090604255393147,-3.670218206039071,0.2465697272430174
1789059143313763800,54.188763916015624,-9.090594903042913,-3.6703605371192096,0.24478826892003416
1789059143323774000,54.19877392578125,-9.089406570041179,-3.6735184166282413,0.24153450955478473
1789059143333783800,54.20878369140625,-9.088326958110928,-3.6764386879891156,0.23768451959574594
1789059143343794000,54.2187939453125,-9.087197077298164,-3.6794483911991116,0.2342990601422265
1789059143353803000,54.228802978515624,-9.086055506047606,-3.6824388051867483,0.23156579925343393
1789059143363812900,54.238812744140624,-9.084809305378794,-3.685607790611684,0.23005133956987409
1789059143373823000,54.248822998046876,-9.083246878367662,-3.6894688499540087,0.22984767022393643
1789059143383832800,54.258832763671876,-9.081692050141095,-3.6933369235590097,0.22917504992568863
1789059143393842000,54.268842041015624,-9.079622842651606,-3.698476624535024,0.22825711309686303
1789059143403852000,54.27885205078125,-9.077604488566518,-3.703569856020808,0.22595952194528654
1789059143413862000,54.28886181640625,-9.076147860017418,-3.707326285944879,0.22284144472368062
1789059143423872000,54.2988720703125,-9.07457783422172,-3.711385790468752,0.2191639069884084
1789059143433882000,54.30888208007813,-9.072978582331539,-3.7155586922392247,0.2146342824684456
1789059143443890700,54.318890625,-9.071181177520751,-3.720214993612468,0.20990210284739733
1789059143453900800,54.32890087890625,-9.069886461535095,-3.723640584146976,0.20504850707007571
1789059143463911000,54.338910888671876,-9.069895229363441,-3.7239232004806397,0.19944422078961505
1789059143473920800,54.348920654296876,-9.070746877756715,-3.722235101263225,0.1921152296083979
1789059143483929900,54.358929931640624,-9.07247121733129,-3.718450906549394,0.1837821576848626
1789059143493940000,54.36893994140625,-9.075109749141335,-3.7124496203079818,0.1745925054646097
1789059143503949800,54.37894970703125,-9.07821531394124,-3.7052789980262517,0.16522081120833754
1789059143513960000,54.3889599609375,-9.081464671126007,-3.697669107544422,0.156926829186175
1789059143523969000,54.398968994140624,-9.083951811766624,-3.6919179966717954,0.1481315739778336
1789059143533979000,54.408978759765624,-9.085093967539072,-3.6895053825721145,0.13783195122168398
1789059143543989000,54.418989013671876,-9.086331984901427,-3.6868937387689944,0.1255562608859036
1789059143553998800,54.428998779296876,-9.087676385247708,-3.6839994786322117,0.11255677718706428
1789059143564009000,54.43900903320313,-9.088157446762919,-3.683205990166962,0.09883235848085023
1789059143574018000,54.44901806640625,-9.088561935910581,-3.6825527869552372,0.08504861080283299
1789059143584028000,54.45902783203125,-9.08849179328382,-3.682997023591399,0.07237994366066995
1789059143594038000,54.4690380859375,-9.087064975351094,-3.6866903251513836,0.06279694930785336
1789059143604048000,54.4790478515625,-9.085351157170534,-3.691023678180575,0.05585466045585926
1789059143614056700,54.489056640625,-9.083483609732985,-3.6956852402508256,0.05113268713499419
1789059143624066800,54.49906689453125,-9.082640729168057,-3.697816114799678,0.046702467868896196
1789059143634077000,54.509076904296876,-9.082742435976863,-3.6976033488318323,0.04355951193436049
1789059143644086800,54.519086669921876,-9.08231807308495,-3.6986791613698005,0.040731316470843736
1789059143654097000,54.52909692382813,-9.08107011885047,-3.7017803422555327,0.037086639825557356
1789059143664106000,54.53910595703125,-9.078984544748067,-3.7069165361002083,0.03452363463686779
1789059143674115800,54.54911572265625,-9.076675683283804,-3.7125948739975687,0.03140752561006229
1789059143684126000,54.5591259765625,-9.07525120343864,-3.7160955755949017,0.02884757546156179
1789059143694135800,54.5691357421875,-9.072346714168786,-3.7231679981991648,0.030531701756757682
1789059143704145000,54.579144775390624,-9.069745007237792,-3.729485803043842,0.032264745227596724
1789059143714155000,54.589155029296876,-9.067710871061681,-3.7343992940485475,0.03556503573186928
1789059143724164900,54.599164794921876,-9.066058427679538,-3.7383696589842437,0.03952152512255124
1789059143734175200,54.60917529296875,-9.065113255783915,-3.740614515301585,0.0437001031485619
1789059143744185000,54.61918505859375,-9.065286274263261,-3.7400975056901573,0.051356878679152576
1789059143754194200,54.629194091796876,-9.065673227754235,-3.7390234467178582,0.06049234389360062
1789059143764204000,54.6392041015625,-9.06568199558258,-3.738843998497724,0.0695887420395622
1789059143774214100,54.64921411132813,-9.066288144782185,-3.7371874634623525,0.0789324294774793
1789059143784224000,54.65922412109375,-9.066180008232593,-3.737221657992899,0.0891248837984167
1789059143794233000,54.669233154296876,-9.064774817609786,-3.7403491423636672,0.10015809979243204
1789059143804243200,54.6792431640625,-9.063390085253118,-3.743379888361692,0.11156344616762362
1789059143814253000,54.68925317382813,-9.061292820712923,-3.7481148079290985,0.12244375488855876
1789059143824263200,54.69926318359375,-9.059813980332017,-3.7513080510124563,0.1335833721328061
1789059170431701500,81.30670141601563,-9.12446736202836,-3.5182083201900123,-0.7325904905639589
1789059170441710600,81.31671069335937,-9.124441058543324,-3.517185114622116,-0.7378158970620483
1789059170451719400,81.32671948242188,-9.12444748828411,-3.516176522101462,-0.7425286047976464
1789059170461729500,81.3367294921875,-9.124448072806,-3.515314352314174,-0.7465942468013614
1789059170471738600,81.34673852539062,-9.124488404816388,-3.514412142777443,-0.7503313144378364
1789059170481747700,81.35674780273438,-9.124525814217328,-3.5136382357954976,-0.7534984732318669
1789059170491757600,81.36675756835938,-9.124569068837165,-3.5129984765872355,-0.7559566800389439
1789059170501766400,81.37676635742187,-9.124620506763458,-3.512559500648081,-0.7573729765776545
1789059170511775500,81.386775390625,-9.124685973215103,-3.5122456123933192,-0.7580398429885506
1789059170521784600,81.39678466796875,-9.124729227834939,-3.5120497975602745,-0.7584225586958229
1789059170531794400,81.40679443359375,-9.124754946798086,-3.511985500152409,-0.7584094800185411
1789059170541803500,81.41680346679688,-9.124790018111467,-3.5119600734502074,-0.758108597375825
1789059170551812400,81.42681225585937,-9.124794694286585,-3.5120886682659385,-0.75745809757784
1789059170561822500,81.43682250976562,-9.124837948906421,-3.5122625635281204,-0.7561258991260081
1789059170571831600,81.44683154296875,-9.124888217788934,-3.5125197531595824,-0.7543241104010492
1789059170581840600,81.45684057617187,-9.12498875555396,-3.5127634987875815,-0.7519695100989192
1789059170591850500,81.4668505859375,-9.125054806527494,-3.5131384695798156,-0.7494135420057922
1789059170601859600,81.47685961914063,-9.125096892103553,-3.5135841675207016,-0.7468057706601917
1789059170611868700,81.48686865234374,-9.125091631406544,-3.514182133413851,-0.7440555951692164
1789059170621877500,81.49687744140626,-9.12508111001253,-3.5147616868674754,-0.7414358411248773
1789059170631887400,81.50688745117188,-9.125068835052847,-3.5153321802318094,-0.7388763659004122
1789059170641896400,81.516896484375,-9.125105659931897,-3.515813826268911,-0.7361307204540819
1789059170651905500,81.52690551757813,-9.125172879949211,-3.516252509947121,-0.7331934248931705
1789059170661915600,81.53691552734375,-9.125208535784482,-3.516781794518232,-0.7302043260797858
1789059170671924500,81.54692456054687,-9.125258804666995,-3.517276300036907,-0.7271889968466013
1789059170681933300,81.55693334960938,-9.125282185542583,-3.5178085072174667,-0.7243156333673745
1789059170691943400,81.566943359375,-9.125307904505728,-3.518326685872674,-0.7214682080470025
1789059170701952500,81.57695239257812,-9.12536343408525,-3.5187969337329266,-0.7184648615125566
1789059170711961600,81.58696166992188,-9.125376293566822,-3.5193884698852895,-0.7153996287230402
1789059170721971500,81.59697143554688,-9.125366941216587,-3.5199957881286736,-0.7125246578086167
1789059170731980500,81.60698046875,-9.125369863826036,-3.520597553414106,-0.7095047985307872
1789059170741989600,81.61698974609375,-9.125378631654382,-3.5212329287081956,-0.7062340332318097
1789059170751998500,81.62699853515625,-9.12539850539863,-3.5219174038410186,-0.7025550524581223
1789059170762008300,81.63700830078125,-9.125453450456261,-3.522541088697314,-0.6987069987278431
1789059170772017400,81.64701733398438,-9.125490859857202,-3.523184355036914,-0.6949655471771955
1789059170782026500,81.65702661132812,-9.125481507506967,-3.5238995175689456,-0.6914522783592343
1789059170792036000,81.6670361328125,-9.12549495151043,-3.524607665838301,-0.6876570507947355
1789059170802045200,81.67704516601563,-9.12551073360145,-3.525394724562764,-0.683395082501322
1789059170812054000,81.68705395507813,-9.12549144437909,-3.526356847593188,-0.678674775981158
1789059170822063900,81.69706396484375,-9.125424224361776,-3.5274504880487916,-0.6738738785054534
1789059170832073000,81.70707299804687,-9.125321933031081,-3.5286367752239105,-0.6690308954536914
1789059170842082000,81.71708203125,-9.125506641948222,-3.529329433663189,-0.6628323330745101
1789059170852092000,81.727091796875,-9.125652772420644,-3.530168514835834,-0.6563184211358427
1789059170862101000,81.73710107421876,-9.125797733849286,-3.531051435150206,-0.6495190433192998
1789059170872110000,81.74711010742188,-9.125942695277928,-3.5319817017376423,-0.6423872917432337
1789059170882119000,81.75711889648437,-9.126053754436969,-3.5330528381004926,-0.6348701210461557
1789059170892129000,81.76712890625,-9.126151954114437,-3.534184472478926,-0.6271208220936357
1789059170902138000,81.77713818359375,-9.126285225105285,-3.5352763593688605,-0.6189670339934528
1789059170912147000,81.78714697265625,-9.126395115220546,-3.5364304978400467,-0.610705584267713
1789059170922157000,81.79715698242188,-9.126502667248248,-3.53757119230777,-0.6024308732016012
1789059170932166100,81.80716625976562,-9.126569887265562,-3.538833759589493,-0.5939352128611877
1789059170942175000,81.81717504882812,-9.126646459633111,-3.540101003046334,-0.5851475838368758
1789059170952184800,81.82718481445312,-9.126739398613571,-3.5413410662353035,-0.5761179992828518
1789059170962194000,81.83719384765625,-9.126827076897024,-3.5426121090844274,-0.5668410889042541
1789059170972203000,81.847203125,-9.126905987352131,-3.543895426893234,-0.5574776692859829
1789059170982213000,81.85721313476563,-9.126958009800314,-3.545252978982031,-0.5479074385166168
1789059170992222000,81.86722192382813,-9.126980221632122,-3.5466923641353842,-0.5381400046747178
1789059171002231000,81.87723095703124,-9.126985482329129,-3.5481826026931405,-0.5281236375730485
1789059171012241200,81.8872412109375,-9.126975545457006,-3.549720479784906,-0.5178675068987533
1789059171022250000,81.89725,-9.126958009800314,-3.551305703149736,-0.5071943198561668
1789059171032259000,81.90725903320312,-9.126969115716218,-3.552825460062921,-0.496242388937436
1789059171042269000,81.91726904296875,-9.126950995537639,-3.5544112679496407,-0.48508594842255115
1789059171052278000,81.92727807617187,-9.126939889621735,-3.555964634871483,-0.4737846926094964
1789059171062287000,81.937287109375,-9.126911832571029,-3.557547227887809,-0.4623031848587095
1789059171072296000,81.9472958984375,-9.126870331516862,-3.559115500117838,-0.4509146891536191
1789059171082305800,81.95730590820312,-9.12681947811246,-3.5606723741710185,-0.43950752528067677
1789059171092315000,81.96731494140624,-9.12674056765735,-3.5622637350156903,-0.4280980963854119
1789059171102324000,81.97732397460938,-9.126662826246022,-3.5638191477641463,-0.4166506735673174
1789059171112334000,81.987333984375,-9.12659151457548,-3.5653140624970194,-0.4052733203107491
1789059171122343200,81.99734326171875,-9.126485131591558,-3.5668753204643724,-0.39376748183630406
1789059171132352000,82.00735205078125,-9.126401544961332,-3.568364389978349,-0.38203645630385724
1789059171142362000,82.01736206054687,-9.126282302495836,-3.5699212640315294,-0.37016346501745284
1789059171152371000,82.02737084960937,-9.126172996902465,-3.5713866604089737,-0.35853776302300394
1789059171162380000,82.03738012695312,-9.126081226965784,-3.572726384580135,-0.34735220601148903
1789059171172390000,82.04738989257812,-9.12601400694847,-3.573905365231633,-0.3368272683331743
1789059171182399000,82.05739892578126,-9.12597776659131,-3.574940553498268,-0.32667996832821516
1789059171192408000,82.06740795898438,-9.125928666752577,-3.575956452542543,-0.31677550063580273
1789059171202418200,82.07741821289062,-9.1258649538666,-3.577033434124291,-0.30628430083030833
1789059171212427000,82.08742700195313,-9.125782536280155,-3.5782203058212994,-0.294653593867179
1789059171222435800,82.09743579101563,-9.125710055565834,-3.57939402577579,-0.2823892651756294
1789059171232446000,82.10744604492187,-9.125673230686782,-3.5804128474295136,-0.27040998223684726
1789059171242455000,82.117455078125,-9.125599580928682,-3.581422608993947,-0.2592952071729116
1789059171252464000,82.12746411132812,-9.125501381251215,-3.5823859010681507,-0.24923823406621812
1789059171262473200,82.13747314453126,-9.125406104183197,-3.583284311212599,-0.23962230099160223
1789059171272483000,82.14748315429688,-9.125337130600213,-3.584090074637532,-0.23000603912342338
1789059171282492000,82.15749194335937,-9.125262311798334,-3.584873041708767,-0.2205721298185177
1789059171292501000,82.1675009765625,-9.125184570387006,-3.5856264904245734,-0.21136868653493002
1789059171302511000,82.17751098632813,-9.125060651746391,-3.5864570960298177,-0.20243573075579477
