time,seconds_elapsed,z,y,x
1789059089157702100,0.0327021484375,0.3511439263820648,0.10911156982183456,0.008775648660957813
1789059089167712300,0.042712158203125,0.3153928518295288,0.11773569136857986,0.007282680366188288
1789059089177722000,0.05272216796875,0.2971792221069336,0.12248677015304565,0.016024239361286163
1789059089187732200,0.062732177734375,0.2630859613418579,0.13650910556316376,0.0212408397346735
1789059089197742300,0.072742431640625,0.21581192314624786,0.1424434334039688,0.007109042257070541
1789059089207752200,0.082752197265625,0.15894544124603271,0.16281528770923615,-0.023998277261853218
1789059089217762300,0.09276220703125,0.15457838773727417,0.16283924877643585,-0.02334100939333439
1789059089227771400,0.102771484375,0.1500483602285385,0.15622343122959137,-0.0194258950650692
1789059089237781200,0.11278125,0.15031519532203674,0.1496558040380478,-0.007500793319195509
1789059089247791400,0.122791259765625,0.13177959620952606,0.15113411843776703,-0.025179654359817505
1789059089257801200,0.13280126953125,0.10810303688049316,0.1678268164396286,-0.014299843460321426
1789059089267811300,0.142811279296875,0.09328360855579376,0.16689497232437134,0.004828044679015875
1789059089277821200,0.1528212890625,0.08783158659934998,0.16082057356834412,-0.008489358238875866
1789059089287831300,0.162831298828125,0.06982728093862534,0.16964629292488098,-0.016950488090515137
1789059089297841400,0.17284130859375,0.02419375255703926,0.18068481981754303,-0.021079186350107193
1789059089307851300,0.182851318359375,-0.012558136135339737,0.18270243704319,-0.003454386256635189
1789059089317861400,0.192861328125,-0.027750138193368912,0.17140717804431915,0.01182230468839407
1789059089327871200,0.202871337890625,-0.02406805194914341,0.15080974996089935,0.02923485077917576
1789059089337881300,0.21288134765625,-0.05922337621450424,0.1492621898651123,0.028023378923535347
1789059089347891500,0.222891357421875,-0.10625586658716202,0.1643521934747696,0.03448447212576866
1789059089357901300,0.2329013671875,-0.15935157239437103,0.16059499979019165,0.03612764552235603
1789059089367911400,0.242911376953125,-0.19708643853664398,0.1594168245792389,0.02569817192852497
1789059089377921300,0.25292138671875,-0.16838182508945465,0.12539653480052948,0.0355132520198822
1789059089387931400,0.262931396484375,-0.16931472718715668,0.11598359048366547,0.006877347361296415
1789059089397941200,0.272941162109375,-0.18407529592514038,0.12114586681127548,0.04466547071933746
1789059089407951400,0.282951416015625,-0.21228882670402527,0.1451428085565567,0.041139181703329086
1789059089417961500,0.29296142578125,-0.27426430583000183,0.15849004685878754,0.00691942498087883
1789059089427971300,0.302971435546875,-0.2703433334827423,0.16016383469104767,0.035717517137527466
1789059089437981400,0.3129814453125,-0.2553500235080719,0.14104926586151123,0.08376093953847885
1789059089447991300,0.3229912109375,-0.2696434557437897,0.13337484002113342,0.09299705177545547
1789059089458001400,0.33300146484375,-0.2627714276313782,0.13933205604553223,0.09209131449460983
1789059089468011300,0.34301123046875,-0.27683985233306885,0.13535648584365845,0.06940091401338577
1789059089478021400,0.353021484375,-0.297080397605896,0.12781281769275665,0.05072682723402977
1789059089488031500,0.363031494140625,-0.3042818605899811,0.1107398271560669,0.05524594336748123
1789059089498041000,0.373041015625,-0.3723389506340027,0.11755326390266418,0.033597640693187714
1789059089508051200,0.38305126953125,-0.40601646900177,0.11213000118732452,0.024236897006630898
1789059089518061000,0.39306103515625,-0.42963340878486633,0.09558804333209991,0.02064109593629837
1789059089528071200,0.4030712890625,-0.4535467028617859,0.0826120525598526,0.026876887306571007
1789059089538081300,0.413081298828125,-0.47834765911102295,0.06503093242645264,0.026683809235692024
1789059089548091100,0.423091064453125,-0.4894282817840576,0.05366243049502373,0.0273826215416193
1789059089558101200,0.433101318359375,-0.48222097754478455,0.027461186051368713,-0.006287456955760717
1789059089568111000,0.443111083984375,-0.4785948097705841,0.02231942117214203,-0.03724697232246399
1789059089578121200,0.453121337890625,-0.4462515115737915,0.015118765644729137,-0.022970562800765038
1789059089588131000,0.463131103515625,-0.4197663962841034,0.014139520935714245,0.008685899898409843
1789059089598141200,0.47314111328125,-0.3817726671695709,0.010996191762387753,0.0034208304714411497
1789059089608151300,0.4831513671875,-0.3456506133079529,0.018091652542352676,-0.018912971019744873
1789059089618161200,0.4931611328125,-0.3039931654930115,0.020359333604574203,0.0043896883726119995
1789059089628171300,0.503171142578125,-0.265991747379303,0.010716293938457966,0.0163028072565794
1789059089638180400,0.513180419921875,-0.21841302514076233,-0.007068828213959932,0.007890946231782436
1789059089648190200,0.523190185546875,-0.17997854948043823,-0.017002684995532036,0.015169098973274231
1789059089658200300,0.533200439453125,-0.18080386519432068,-0.02358788438141346,0.016017582267522812
1789059089668210200,0.543210205078125,-0.19412286579608917,-0.01660507544875145,0.02202247828245163
1789059089678220300,0.55322021484375,-0.2020052969455719,0.0007233145297504961,0.03105219267308712
1789059089688230400,0.56323046875,-0.23223137855529785,-0.013587714172899723,0.022072546184062958
1789059089698240300,0.573240234375,-0.24015933275222778,-0.013794641941785812,0.031263913959264755
1789059089708250400,0.58325048828125,-0.2454528957605362,-0.02255537547171116,0.03834152966737747
1789059089718260200,0.59326025390625,-0.2499757558107376,-0.029140841215848923,0.04255598410964012
1789059089728270300,0.603270263671875,-0.24694214761257172,-0.03229881823062897,0.03993836045265198
1789059089738280200,0.6132802734375,-0.24690352380275726,-0.03225913643836975,0.043362654745578766
1789059089748290300,0.623290283203125,-0.2600709795951843,-0.0365886390209198,0.04165530204772949
1789059089758300400,0.633300537109375,-0.27835360169410706,-0.03382028266787529,0.03038400411605835
1789059089768310300,0.643310302734375,-0.2961602807044983,-0.03834019973874092,0.030976291745901108
1789059089778320400,0.6533203125,-0.30950698256492615,-0.045642051845788956,0.018149176612496376
1789059089788330200,0.663330322265625,-0.3241572976112366,-0.038121551275253296,0.010465956293046474
1789059089798340400,0.67334033203125,-0.3214925527572632,-0.04319300875067711,0.03245168179273605
1789059089808350200,0.68335009765625,-0.3192807734012604,-0.03885578736662865,0.05787342041730881
1789059089818360300,0.6933603515625,-0.3210432827472687,-0.040352217853069305,0.03826216608285904
1789059089828370400,0.703370361328125,-0.3215697705745697,-0.04671211168169975,0.05103655159473419
1789059089838380300,0.71338037109375,-0.3420654535293579,-0.036989975720644,0.06315899640321732
1789059089848390400,0.723390380859375,-0.3529926836490631,-0.04393097385764122,0.06373290717601776
1789059089858400300,0.733400146484375,-0.35846707224845886,-0.059840962290763855,0.05685795471072197
1789059089868410400,0.743410400390625,-0.35584786534309387,-0.07247606664896011,0.058333612978458405
1789059089878420500,0.75342041015625,-0.3500107228755951,-0.0835268497467041,0.06284128129482269
1789059089888430300,0.763430419921875,-0.36551034450531006,-0.07226540893316269,0.06455369293689728
1789059089898440400,0.7734404296875,-0.38626861572265625,-0.07065606117248535,0.05254336819052696
1789059089908450300,0.7834501953125,-0.39362186193466187,-0.06889331340789795,0.060628458857536316
1789059089918460400,0.79346044921875,-0.39056721329689026,-0.06751406192779541,0.05426270514726639
1789059089928470300,0.80347021484375,-0.37587350606918335,-0.07717068493366241,0.044798363000154495
1789059089938480400,0.81348046875,-0.37755608558654785,-0.08559133112430573,0.06359788775444031
1789059089948490500,0.823490478515625,-0.39094406366348267,-0.08700813353061676,0.07460925728082657
1789059089958500400,0.833500244140625,-0.3962717056274414,-0.10416555404663086,0.057242251932621
1789059089968510500,0.843510498046875,-0.3987199664115906,-0.1251067817211151,0.051475707441568375
1789059089978520300,0.853520263671875,-0.3946381211280823,-0.13163472712039948,0.04980430752038956
1789059089988530400,0.863530517578125,-0.4006616771221161,-0.13204644620418549,0.031256724148988724
1789059089998540300,0.873540283203125,-0.4126458764076233,-0.13608592748641968,0.029937658458948135
1789059090008550400,0.88355029296875,-0.40605801343917847,-0.1279422491788864,0.005944442003965378
1789059090018560500,0.893560546875,-0.3782796561717987,-0.12259489297866821,0.02268693596124649
1789059090028570400,0.9035703125,-0.33487945795059204,-0.11578865349292755,0.08364083617925644
1789059090038580500,0.91358056640625,-0.2917937636375427,-0.1371421366930008,-0.03304343670606613
1789059090048590300,0.92359033203125,-0.23916731774806976,-0.14927683770656586,-0.04981336370110512
1789059090058600400,0.933600341796875,-0.1908344030380249,-0.14833034574985504,-0.006010488141328096
1789059090068610300,0.9436103515625,-0.1363128274679184,-0.14208896458148956,0.005724198184907436
1789059090078620200,0.9536201171875,-0.09140607714653015,-0.13978639245033264,-0.04625937342643738
1789059090088629200,0.963629150390625,-0.04694593697786331,-0.13490748405456543,-0.02654026448726654
1789059090098639400,0.973639404296875,-0.004593686666339636,-0.1289779543876648,-0.012308064848184586
1789059090108649200,0.983649169921875,0.042272090911865234,-0.11092332005500793,0.005782255437225103
1789059090118659300,0.993659423828125,0.08373351395130157,-0.11143384873867035,-0.011799934320151806
1789059090128669200,1.003669189453125,0.12514300644397736,-0.11465467512607574,-0.006112487055361271
1789059090138679300,1.01367919921875,0.16841430962085724,-0.11566720902919769,0.0021145499777048826
1789059090148689200,1.023689208984375,0.2155304253101349,-0.12336374819278717,0.021044032648205757
1789059090158699300,1.03369921875,0.24907906353473663,-0.12727779150009155,0.053337790071964264
1789059090168709400,1.04370947265625,0.2738645672798157,-0.12092801928520203,0.04952361062169075
1789059090178719200,1.05371923828125,0.30644169449806213,-0.1187564805150032,0.0656229555606842
1789059090188729300,1.063729248046875,0.3347446918487549,-0.10019584000110626,0.06764349341392517
1789059090198739200,1.0737392578125,0.36271533370018005,-0.08877328038215637,0.04289234057068825
1789059090208749300,1.083749267578125,0.38870352506637573,-0.08891309797763824,0.02028210274875164
1789059090218759400,1.093759521484375,0.4196513295173645,-0.07713685929775238,0.022158831357955933
1789059090228769300,1.103769287109375,0.46023043990135193,-0.10389577597379684,0.011392470449209213
1789059090238779400,1.113779296875,0.4864540696144104,-0.08747179061174393,0.03966405615210533
1789059090248789200,1.123789306640625,0.4898799657821655,-0.07320470362901688,0.03422428295016289
1789059090258799400,1.13379931640625,0.4911454916000366,-0.0654919221997261,0.021267205476760864
1789059090268809200,1.143809326171875,0.500758945941925,-0.05390770733356476,0.023569241166114807
1789059090278819300,1.1538193359375,0.5065377354621887,-0.05606992542743683,0.01817341148853302
1789059090288829400,1.163829345703125,0.5137985944747925,-0.04328382387757301,0.012322979047894478
1789059090298839300,1.17383935546875,0.5062171220779419,-0.041973017156124115,-0.004162254277616739
1789059090308849400,1.183849365234375,0.5147602558135986,-0.04181695356965065,-0.011228686198592186
1789059090318859300,1.193859375,0.5203691720962524,-0.0377843976020813,0.014819959178566933
1789059090328869400,1.203869384765625,0.5200961828231812,-0.02858477272093296,0.021977471187710762
1789059090338879200,1.213879150390625,0.5190471410751343,-0.00845526996999979,-0.003397394670173526
1789059090348889300,1.223889404296875,0.5283639430999756,-0.00035739620216190815,-0.013346964493393898
1789059090358899500,1.2338994140625,0.540499210357666,0.003367567202076316,-0.0022005699574947357
1789059090368909300,1.243909423828125,0.552454948425293,0.0005893575726076961,0.010520551353693008
1789059090378919400,1.25391943359375,0.5517933964729309,0.001097755040973425,0.010871822014451027
1789059090388929300,1.26392919921875,0.5317797064781189,0.01967383548617363,0.0028477180749177933
1789059090398939400,1.273939453125,0.5107815265655518,0.02303980477154255,0.010182064026594162
1789059090408949200,1.28394921875,0.49515995383262634,0.02881806530058384,0.0022501046769320965
1789059090418959400,1.29395947265625,0.45871856808662415,0.04231789708137512,-0.007860053330659866
1789059090428969500,1.303969482421875,0.4211352467536926,0.04622049257159233,-0.022176409140229225
1789059090438979300,1.313979248046875,0.38294658064842224,0.05107064172625542,-0.015274826437234879
1789059090448989400,1.323989501953125,0.34052935242652893,0.04463351517915726,-0.01227584108710289
1789059090458999300,1.333999267578125,0.2989331781864166,0.04195384308695793,-0.02474129945039749
1789059090469009400,1.344009521484375,0.2491016983985901,0.03211266174912453,-0.0217905156314373
1789059090479019500,1.35401953125,0.18971000611782074,0.0298516396433115,-0.0187209565192461
1789059090489029400,1.364029296875,0.1302802413702011,0.03381868451833725,-0.014808773063123226
1789059090499039500,1.37403955078125,0.09312594681978226,0.03400856629014015,-0.029097698628902435
1789059090509049300,1.38404931640625,0.05260808393359184,0.03897776082158089,-0.028772525489330292
1789059090519059500,1.3940595703125,0.022415826097130775,0.044379983097314835,-0.01937423087656498
1789059090529069300,1.4040693359375,0.00956527516245842,0.043410059064626694,-0.01842401549220085
1789059090539079400,1.414079345703125,-0.005815012380480766,0.05043414607644081,-0.01062175165861845
1789059090549089300,1.42408935546875,-0.013027384877204895,0.04860908165574074,-0.0150388702750206
1789059090559099100,1.43409912109375,-0.009023056365549564,0.0459725521504879,-0.012687299400568008
1789059090569109200,1.444109130859375,-0.010042513720691204,0.045352302491664886,-0.00908643938601017
1789059090579118300,1.454118408203125,-0.012055863626301289,0.0454082265496254,-0.025667279958724976
1789059090589128200,1.464128173828125,-0.01392726693302393,0.04845275357365608,-0.03663976863026619
1789059090599138300,1.47413818359375,-0.03422108665108681,0.06380295008420944,-0.011550662107765675
1789059090609148200,1.484148193359375,-0.036615535616874695,0.0568624846637249,0.004614725708961487
1789059090619158300,1.494158203125,-0.03574734553694725,0.05931658670306206,-0.01764051243662834
1789059090629168400,1.50416845703125,-0.05168076977133751,0.057733602821826935,-0.03350283205509186
1789059090639178200,1.51417822265625,-0.07124514877796173,0.0531308613717556,-0.007795871235430241
1789059090649188400,1.524188232421875,-0.08279634267091751,0.04621037095785141,-0.0021909826900810003
1789059090659198200,1.5341982421875,-0.0974477231502533,0.03975540027022362,-0.004858404863625765
1789059090669208300,1.544208251953125,-0.11589384824037552,0.028388231992721558,-0.011535748839378357
1789059090679218200,1.55421826171875,-0.15418477356433868,0.032596293836832047,0.010353305377066135
1789059090689228000,1.56422802734375,-0.16155587136745453,0.028906749561429024,0.010471283458173275
1789059090699238100,1.574238037109375,-0.17060929536819458,0.011011372320353985,0.011730159632861614
1789059090709248000,1.584248046875,-0.18984104692935944,0.010408165864646435,0.006512494292110205
1789059090719258000,1.594258056640625,-0.2141314595937729,0.010819357819855213,0.0012423646403476596
1789059090729268000,1.60426806640625,-0.23404152691364288,0.010584999807178974,0.0003126551164314151
1789059090739278000,1.614278076171875,-0.241151362657547,0.013423130847513676,0.0037673076149076223
1789059090749288200,1.6242880859375,-0.23813852667808533,0.009038235992193222,0.0020743361674249172
1789059090759298000,1.634298095703125,-0.23897770047187805,0.0013840447645634413,-0.01739390380680561
1789059090769308200,1.64430810546875,-0.2318795770406723,0.004406732507050037,-0.004175836686044931
1789059090779318000,1.654318115234375,-0.208609938621521,0.002674079965800047,-0.010456635616719723
1789059090789328100,1.664328125,-0.1926557421684265,0.003777960315346718,0.000609863898716867
1789059090799338000,1.674337890625,-0.1802118420600891,0.0073655047453939915,0.017726000398397446
1789059090809348000,1.68434814453125,-0.16052283346652985,0.013306750915944576,0.04555390402674675
1789059090819358200,1.694358154296875,-0.12995906174182892,0.010432667098939419,0.03515878692269325
1789059090829368000,1.7043681640625,-0.10064911097288132,0.009091232903301716,0.03417874127626419
1789059090839378200,1.714378173828125,-0.06962408870458603,0.011405520141124725,0.020003801211714745
1789059090849388000,1.724387939453125,-0.04704980179667473,0.020172912627458572,0.02708168514072895
1789059090859398100,1.734398193359375,-0.022106101736426353,0.02316204458475113,0.03828560188412666
1789059090869408300,1.744408203125,0.003453587181866169,0.021319668740034103,0.03567091375589371
1789059090879418000,1.754418212890625,0.018617093563079834,0.024534104391932487,0.04355600103735924
1789059090889428000,1.764427978515625,0.02629498764872551,0.018010959029197693,0.04322576895356178
1789059090899437800,1.774437744140625,0.03618490323424339,0.014116884209215641,0.028003405779600143
1789059090909448000,1.784447998046875,0.028241490945219994,0.025172198191285133,0.03714843466877937
1789059090919457800,1.794457763671875,0.014134727418422699,0.027480360120534897,0.03564321622252464
1789059090929468000,1.804468017578125,0.015401859767735004,0.0220954492688179,0.03265781328082085
1789059090939478000,1.81447802734375,0.019641345366835594,0.014375743456184864,0.036439500749111176
1789059090949487900,1.82448779296875,0.013705159537494183,0.004518585279583931,0.02918504923582077
1789059090959498000,1.834498046875,0.0073687005788087845,0.0003174488083459437,0.016743293032050133
1789059090969507800,1.8445078125,-0.00558198569342494,0.0021576930303126574,0.034691400825977325
1789059090979518000,1.85451806640625,-0.0129363052546978,0.0004649879119824618,0.042219359427690506
1789059090989528000,1.864528076171875,-0.016025304794311523,-0.004459995776414871,0.021142570301890373
1789059090999538000,1.874537841796875,-0.016884174197912216,-0.007453122641891241,0.014578942209482193
1789059091009548000,1.884548095703125,-0.01552063599228859,-0.0083071980625391,0.032348886132240295
1789059091019558000,1.894557861328125,-0.010702178813517094,-0.00990136619657278,0.0406172014772892
1789059091029568000,1.904568115234375,0.0010346380295231938,-0.013461746275424957,0.0308066476136446
1789059091039577900,1.914577880859375,0.022252574563026428,-0.011511513963341713,0.021499432623386383
1789059091049588000,1.924587890625,0.035952143371105194,-0.012811136431992054,0.0111621068790555
1789059091059598000,1.93459814453125,0.04423031210899353,-0.012294217012822628,0.019297530874609947
1789059091069608000,1.94460791015625,0.05381130054593086,-0.0076115806587040424,0.014994662255048752
1789059091079618000,1.9546181640625,0.07058814913034439,-0.004811266902834177,0.00549276964738965
1789059091089628000,1.9646279296875,0.08500677347183228,-0.0079761678352952,-0.007559116464108229
1789059091099638000,1.974637939453125,0.08905371278524399,-0.003323092358186841,-0.013833523727953434
1789059091109647000,1.984647216796875,0.09243912249803543,-0.004536961205303669,-0.024384701624512672
1789059091119657000,1.994656982421875,0.08832000941038132,0.0001691107318038121,-0.032105207443237305
1789059091129667000,2.0046669921875,0.07682926952838898,0.007151386234909296,-0.027300596237182617
1789059091139677000,2.014677001953125,0.08103279769420624,-0.0027593011036515236,-0.022763103246688843
1789059091149687000,2.02468701171875,0.07603751122951508,-0.009206281043589115,-0.030363498255610466
1789059091159697200,2.034697265625,0.06392411887645721,-0.014672686345875263,-0.047144874930381775
1789059091169707000,2.04470703125,0.058459579944610596,-0.012388759292662144,-0.039747945964336395
1789059091179717000,2.054717041015625,0.04665139317512512,-0.007502391003072262,-0.06288255751132965
1789059091189727000,2.06472705078125,0.03332892805337906,-0.0010988202411681414,-0.06286391615867615
1789059091199737000,2.074737060546875,0.03405597060918808,-0.0039039277471601963,-0.06804536283016205
1789059091209747200,2.084747314453125,0.026923226192593575,0.0005320995696820319,-0.07006963342428207
1789059091219757000,2.094757080078125,0.023850204423069954,0.007469367701560259,-0.05349118635058403
1789059091229767200,2.10476708984375,0.020595023408532143,0.0011358382180333138,-0.06347324699163437
1789059091239777000,2.114777099609375,0.017076455056667328,-0.003328418591991067,-0.10813073068857193
1789059091249787100,2.124787109375,0.010087255388498306,-0.009369000792503357,-0.11376651376485825
1789059091259797000,2.134796875,0.0029079054947942495,-0.006245112512260675,-0.08720627427101135
1789059091269807000,2.14480712890625,-0.00743208359926939,-0.006937001831829548,-0.07175914198160172
1789059091279817200,2.154817138671875,-0.018687667325139046,-0.012380769476294518,-0.09477311372756958
1789059091289827000,2.1648271484375,-0.024167919531464577,-0.014664962887763977,-0.09709539264440536
1789059091299837200,2.174837158203125,-0.026370087638497353,-0.014111291617155075,-0.09103403240442276
1789059091309847000,2.184846923828125,-0.026268355548381805,-0.005113801918923855,-0.06199066713452339
1789059091319857200,2.194857177734375,-0.024937573820352554,-0.0068113007582724094,-0.0698496550321579
1789059091329867000,2.204866943359375,-0.021621406078338623,-0.00854155607521534,-0.07884368300437927
1789059091339877000,2.214877197265625,-0.007792941760271788,-0.005688245873898268,-0.0716310441493988
1789059091349887200,2.22488720703125,-0.004984105937182903,-0.01327212993055582,-0.06797905266284943
1789059091359897000,2.23489697265625,-0.018689798191189766,-0.001023186487145722,-0.0721261277794838
1789059091369907000,2.244906982421875,-0.03402188420295715,-0.0017369136912748218,-0.07428621500730515
1789059091379916800,2.254916748046875,-0.023557256907224655,-0.008756473660469055,-0.0744558572769165
1789059091389927000,2.264927001953125,-0.011120561510324478,-0.0027076357509940863,-0.07170268148183823
1789059091399937000,2.27493701171875,-0.014373346231877804,-0.007427290081977844,-0.08709202706813812
1789059091409947000,2.28494677734375,-0.017433319240808487,-0.004294081125408411,-0.07010585069656372
1789059091419957000,2.29495703125,-0.022768162190914154,0.00011291803093627095,-0.05434047058224678
1789059091429966800,2.304966796875,-0.011686749756336212,-0.0084249097853899,-0.05928196385502815
1789059091439977000,2.31497705078125,-0.005487443413585424,-0.01013652328401804,-0.05897623300552368
1789059091449986800,2.32498681640625,-0.011592473834753036,-0.009817477315664291,-0.05622012913227081
1789059091459997000,2.334996826171875,-0.005283977836370468,-0.01010802760720253,-0.0532672144472599
1789059091470007000,2.345007080078125,0.001791242160834372,-0.010507768020033836,-0.03383013606071472
1789059091480017000,2.355016845703125,0.007056045345962048,-0.009672334417700768,-0.02719859778881073
1789059091490027000,2.365027099609375,0.004430168308317661,-0.01356614287942648,-0.037523671984672546
1789059091500036900,2.375036865234375,-0.0068238177336752415,-0.005228850524872541,-0.02460441179573536
1789059091510047000,2.385046875,-0.01477335300296545,0.0033193640410900116,-0.028615932911634445
1789059091520057000,2.39505712890625,-0.010418818332254887,-0.0057407100684940815,-0.03641366586089134
1789059091530067000,2.40506689453125,-0.006244580261409283,-0.012222844175994396,-0.014312893152236938
1789059091540077000,2.4150771484375,-0.004477306269109249,-0.013033510185778141,-0.019044531509280205
1789059091550087000,2.4250869140625,-0.014117150567471981,-0.022578546777367592,-0.051352936774492264
1789059091560097000,2.435096923828125,-0.026273149996995926,-0.017717212438583374,-0.0346732921898365
1789059091570107000,2.44510693359375,-0.03127270191907883,-0.005537777207791805,-0.021352427080273628
1789059091580117000,2.455116943359375,-0.023310115560889244,-0.004526042379438877,-0.03930133208632469
1789059091590127000,2.465127197265625,-0.0249658040702343,-0.018278073519468307,-0.08757725358009338
1789059091600137000,2.475136962890625,-0.023812655359506607,-0.011068097315728664,-0.05041204020380974
1789059091610147000,2.48514697265625,-0.008958874270319939,-0.01055969949811697,-0.045874547213315964
1789059091620157000,2.495156982421875,0.0008314388687722385,-0.026129338890314102,-0.050929758697748184
1789059091630167000,2.5051669921875,-0.0005030711181461811,-0.008348743431270123,-0.046899065375328064
1789059091640177000,2.515177001953125,-0.0025856629945337772,-0.0018394453218206763,-0.018917232751846313
1789059091650187000,2.52518701171875,0.006735933478921652,-0.0013166668359190226,-0.031013043597340584
1789059091660197000,2.535197021484375,0.017172861844301224,-0.004689826630055904,-0.009496565908193588
1789059091670207000,2.54520703125,0.03142290562391281,-0.014475611969828606,-0.018554775044322014
1789059091680217000,2.555217041015625,0.030483607202768326,-0.0026048377621918917,0.023078953847289085
1789059091690227000,2.56522705078125,0.03623070940375328,-0.0051742554642260075,0.027951207011938095
1789059091700236000,2.575236083984375,0.049437325447797775,-0.007693073246628046,0.018307633697986603
1789059091710246100,2.58524609375,0.05185973644256592,-0.0013582120882347226,0.015018897131085396
1789059091720256000,2.595256103515625,0.05227305740118027,-0.002758502261713147,0.019479691982269287
1789059091730266000,2.60526611328125,0.049671150743961334,0.0057473680935800076,0.03502456098794937
1789059091740276200,2.615276123046875,0.05583237111568451,0.0005888249143026769,0.037877608090639114
1789059091750286000,2.6252861328125,0.0823550596833229,-0.0029995182994753122,0.06806880235671997
1789059091760296200,2.635296142578125,0.09703893214464188,-0.011992214247584343,0.07540580630302429
1789059091770306000,2.64530615234375,0.10013005882501602,-0.008146077394485474,0.08005595207214355
1789059091780316200,2.655316162109375,0.11069295555353165,-0.001085770782083273,0.07082117348909378
1789059091790326000,2.665325927734375,0.10001767426729202,0.00839774589985609,0.07529981434345245
1789059091800336100,2.675336181640625,0.10267604142427444,0.014158962294459343,0.061589326709508896
1789059091810346200,2.68534619140625,0.11208818852901459,0.017605891451239586,0.05789152905344963
1789059091820356000,2.695356201171875,0.13754214346408844,0.010540259070694447,0.02857198938727379
1789059091830366200,2.7053662109375,0.1447337567806244,0.005440838169306517,0.03519740328192711
1789059091840375800,2.715375732421875,0.15369422733783722,0.02160622552037239,0.021700235083699226
1789059091850386000,2.725385986328125,0.1585204005241394,0.018606973811984062,0.016462862491607666
1789059091860396000,2.73539599609375,0.18404440581798553,0.014399179257452488,0.03314943239092827
1789059091870406000,2.745406005859375,0.19660547375679016,0.011056113056838512,0.025615880265831947
1789059091880416000,2.755416015625,0.2049046754837036,-0.0006239786162041128,0.007981227710843086
1789059091890425900,2.76542578125,0.20278027653694153,0.013741645030677319,0.011510448530316353
1789059091900436000,2.77543603515625,0.20413368940353394,0.008815329521894455,0.009796171449124813
1789059091910445800,2.78544580078125,0.2104368656873703,0.008696818724274635,-0.0060919807292521
1789059091920456000,2.7954560546875,0.21750596165657043,0.018556639552116394,-0.006268016062676907
1789059091930466000,2.805466064453125,0.22068950533866882,0.009316270239651203,-0.004677309654653072
1789059091940476000,2.815475830078125,0.21932250261306763,0.01763545349240303,-0.021320467814803123
1789059091950486000,2.825486083984375,0.218772292137146,0.013961088843643665,-0.03111797198653221
1789059091960495900,2.835495849609375,0.2271367460489273,0.010577010922133923,-0.04044249653816223
1789059091970506000,2.845506103515625,0.21597570180892944,0.015383217483758926,-0.05061763897538185
1789059091980515800,2.855515869140625,0.19506749510765076,0.008945558220148087,-0.05614715814590454
1789059091990526000,2.86552587890625,0.18142065405845642,0.0023646207991987467,-0.05549867823719978
1789059092000536000,2.8755361328125,0.1455630511045456,0.009150887839496136,-0.057904843240976334
1789059092010546000,2.8855458984375,0.1254282295703888,-0.005184908397495747,-0.05164534971117973
1789059092020556000,2.89555615234375,0.10175511986017227,-0.0076057217083871365,-0.03725123032927513
1789059092030566000,2.90556591796875,0.06962808221578598,-0.005027781706303358,-0.029271602630615234
1789059092040576000,2.915575927734375,0.052628591656684875,-0.012407667003571987,-0.02245390973985195
1789059092050586000,2.925586181640625,0.0289341788738966,-0.014692925848066807,-0.007003581151366234
1789059092060596000,2.935595947265625,0.004319380968809128,-0.01884213089942932,-0.0027715517207980156
1789059092070606000,2.945606201171875,-0.0013619405217468739,-0.027230022475123405,-0.006560963578522205
1789059092080616000,2.955615966796875,-0.014767494052648544,-0.02455967105925083,0.012737100012600422
1789059092090626000,2.9656259765625,-0.012495285831391811,-0.026990339159965515,0.03501763939857483
1789059092100636000,2.975635986328125,-0.006792126223444939,-0.03260747715830803,0.036673590540885925
1789059092110646000,2.98564599609375,0.0012490225490182638,-0.03316035121679306,0.006838465109467506
1789059092120656100,2.99565625,0.01260980125516653,-0.024150343611836433,0.00030306773260235786
1789059092130666000,3.005666015625,0.037344709038734436,-0.036733780056238174,0.010060090571641922
1789059092140676000,3.015676025390625,0.05836956575512886,-0.04909377545118332,-0.0051984903402626514
1789059092150686000,3.02568603515625,0.07734671980142593,-0.05663079023361206,-0.004635232035070658
1789059092160696000,3.035696044921875,0.08575724810361862,-0.03224768489599228,0.013832191936671734
1789059092170706000,3.045705810546875,0.07077936083078384,0.0012974920682609081,0.021648837253451347
1789059092180716000,3.055716064453125,0.09190701693296432,0.006056561134755611,-0.0013483584625646472
1789059092190726100,3.06572607421875,0.15854915976524353,-0.004142014309763908,0.017372332513332367
1789059092200736000,3.075736083984375,0.23789457976818085,-0.037513818591833115,0.021566543728113174
1789059092210746000,3.08574609375,0.27311277389526367,-0.03014485351741314,0.015995744615793228
1789059092220756000,3.095755859375,0.27293166518211365,-0.026768231764435768,0.012525645084679127
1789059092230766000,3.10576611328125,0.23913376033306122,0.01570838876068592,-0.0010713896481320262
1789059092240776000,3.11577587890625,0.20854255557060242,0.04770280793309212,-0.00355798308737576
1789059092250786000,3.1257861328125,0.23009338974952698,0.04436133801937103,0.0007209177128970623
1789059092260796200,3.135796142578125,0.26469796895980835,0.028310200199484825,0.005182511638849974
1789059092270806000,3.145805908203125,0.28945764899253845,0.004594485275447369,-0.007257380057126284
1789059092280816000,3.155816162109375,0.2924345135688782,0.013175190426409245,-0.00233825552277267
1789059092290826000,3.165825927734375,0.28248149156570435,0.027773041278123856,0.024646224454045296
1789059092300836000,3.175836181640625,0.2624020576477051,0.05014332756400108,0.029254823923110962
1789059092310846200,3.18584619140625,0.24100995063781738,0.06574039906263351,0.03843154385685921
1789059092320856000,3.19585595703125,0.22665418684482574,0.06851301342248917,0.04496321454644203
1789059092330866200,3.2058662109375,0.221856489777565,0.053041912615299225,0.021378524601459503
1789059092340876000,3.2158759765625,0.21696853637695312,0.03885019198060036,0.028134698048233986
1789059092350884900,3.225884765625,0.1994159072637558,0.03934048116207123,0.04865781590342522
1789059092360895000,3.23589501953125,0.1547248661518097,0.04688228666782379,0.012208995409309864
1789059092370904800,3.24590478515625,0.1081072986125946,0.05251700431108475,0.0442044772207737
1789059092380915000,3.2559150390625,0.08913546800613403,0.05188929662108421,0.0344993881881237
1789059092390925000,3.265925048828125,0.0618620365858078,0.048470329493284225,-0.04246197268366814
1789059092400935000,3.275934814453125,0.04081347584724426,0.06595957279205322,-0.03098374791443348
1789059092410945000,3.285945068359375,0.048054344952106476,0.04784022644162178,-0.08797433227300644
1789059092420955000,3.295954833984375,0.03362001106142998,0.054305050522089005,-0.09683253616094589
1789059092430965000,3.305965087890625,0.037273336201906204,0.04845355078577995,-0.10740475356578827
1789059092440974800,3.315974853515625,0.044203680008649826,0.03632791340351105,-0.10677038878202438
1789059092450985000,3.32598486328125,0.03977857157588005,0.04139271378517151,-0.11187539994716644
1789059092460995000,3.3359951171875,0.025009745731949806,0.027461452409625053,-0.11673300713300705
1789059092471005000,3.3460048828125,0.007487743627279997,0.0407375767827034,-0.005306614562869072
1789059092481015000,3.35601513671875,-0.04577308148145676,0.0412592887878418,0.17118000984191895
1789059092491025000,3.36602490234375,-0.07494108378887177,0.05817462131381035,0.26218900084495544
1789059092501035000,3.376034912109375,-0.04747297614812851,0.04692409932613373,0.27316388487815857
1789059092511044900,3.386044921875,-0.02274046652019024,0.03972291201353073,0.22533884644508362
1789059092521055000,3.396054931640625,0.005392634775489569,0.05619429796934128,0.22031453251838684
1789059092531065000,3.406065185546875,0.018273545429110527,0.05122563615441322,0.16354285180568695
1789059092541075000,3.416074951171875,-0.010044644586741924,0.06234726309776306,0.13557593524456024
1789059092551085000,3.4260849609375,-0.03244103118777275,0.04463564604520798,0.1281057745218277
1789059092561095000,3.436094970703125,-0.01810630038380623,-0.004344148561358452,0.12811535596847534
1789059092571105000,3.44610498046875,-0.025791384279727936,-0.004406732507050037,0.12742267549037933
1789059092581115000,3.456114990234375,-0.035345207899808884,-0.01992097683250904,0.12336613982915878
1789059092591125000,3.466125,-0.040888842195272446,-0.01089552417397499,0.10701379925012589
1789059092601135000,3.476135009765625,-0.04418397322297096,0.0015896408585831523,0.07615388929843903
1789059092611145000,3.48614501953125,-0.01575312949717045,0.004473045468330383,0.10312851518392563
1789059092621155000,3.496155029296875,0.014429273083806038,-0.013580523431301117,0.10969347506761551
1789059092631165000,3.5061650390625,0.023670975118875504,-0.013319799676537514,0.11065220832824707
1789059092641175000,3.516175048828125,0.03357527032494545,-0.020714865997433662,0.12245640903711319
1789059092651185200,3.52618505859375,0.021992383524775505,-0.008288822136819363,0.12130219489336014
1789059092661195000,3.536195068359375,0.018520154058933258,-0.022850453853607178,0.1037714034318924
1789059092671205000,3.546205078125,0.015392538160085678,-0.007405718322843313,0.11896553635597229
1789059092681214500,3.55621435546875,-0.0008101335843093693,-0.010016415268182755,0.1057426780462265
1789059092691224600,3.566224609375,-0.014210094697773457,0.007616640534251928,0.0937507301568985
1789059092701234700,3.576234619140625,-0.03338219225406647,0.012029765173792839,0.08399077504873276
1789059092711244500,3.58624462890625,-0.033294305205345154,0.006405435036867857,0.0754055380821228
1789059092721254700,3.596254638671875,-0.023179087787866592,0.007896538823843002,0.07471524924039841
1789059092731264500,3.606264404296875,-0.0429069884121418,0.019466908648610115,0.10389284044504166
1789059092741274600,3.616274658203125,-0.051780108362436295,0.024523718282580376,0.11755166202783585
1789059092751284500,3.626284423828125,-0.05604169890284538,0.024144217371940613,0.127787783741951
1789059092761294600,3.636294677734375,-0.05393513664603233,0.023555925115942955,0.12855051457881927
1789059092771304700,3.6463046875,-0.060258544981479645,0.018320683389902115,0.12212856858968735
1789059092781314600,3.656314453125,-0.07401483505964279,0.028550950810313225,0.12105691432952881
1789059092791324700,3.66632470703125,-0.09937053173780441,0.03519287332892418,0.10854591429233551
1789059092801334500,3.67633447265625,-0.11222800612449646,0.03208683058619499,0.12230513989925385
1789059092811344600,3.6863447265625,-0.1295878142118454,0.0435088612139225,0.15590117871761322
1789059092821354800,3.696354736328125,-0.1401621699333191,0.046293195337057114,0.18127791583538055
1789059092831364600,3.706364501953125,-0.12880884110927582,0.0395980104804039,0.2114802896976471
1789059092841374700,3.716374755859375,-0.12542103230953217,0.03166711702942848,0.18925541639328003
1789059092851384600,3.726384521484375,-0.13862764835357666,0.040941040962934494,0.25849413871765137
1789059092861394700,3.736394775390625,-0.13618287444114685,0.031242340803146362,0.2481032758951187
1789059092871404500,3.746404541015625,-0.14907629787921906,0.01377972774207592,0.09708207100629807
1789059092881414700,3.75641455078125,-0.1873222291469574,0.029473204165697098,-0.04447532072663307
1789059092891424800,3.7664248046875,-0.21447022259235382,0.03670235350728035,-0.08336546272039413
1789059092901434600,3.7764345703125,-0.1923167109489441,0.011514709331095219,-0.037935931235551834
1789059092911444700,3.78644482421875,-0.1729225069284439,0.017943579703569412,-0.010030529461801052
1789059092921454600,3.79645458984375,-0.12323298305273056,-0.01895691268146038,-0.03646586462855339
1789059092931464700,3.806464599609375,-0.11884596198797226,-0.006850183010101318,-0.06829676777124405
1789059092941474600,3.816474609375,-0.1648813635110855,0.01864825189113617,-0.09601015597581863
1789059092951484700,3.826484619140625,-0.17257842421531677,0.0036546560004353523,-0.12064439058303833
1789059092961494800,3.836494873046875,-0.1435808688402176,-0.012326174415647984,-0.12331687659025192
1789059092971504600,3.846504638671875,-0.09947652369737625,-0.012647618539631367,-0.0776151642203331
1789059092981514800,3.8565146484375,-0.046902794390916824,-0.030674289911985397,-0.05166558921337128
1789059092991523800,3.86652392578125,-0.034319356083869934,-0.027902737259864807,-0.044437773525714874
1789059093001533700,3.87653369140625,-0.027641480788588524,-0.023437947034835815,-0.08136409521102905
1789059093011543800,3.886543701171875,-0.013574131764471531,-0.007903729565441608,-0.07010451704263687
1789059093021553700,3.8965537109375,0.007871504873037338,0.00003728425508597866,-0.03869573026895523
1789059093031563800,3.906563720703125,0.0444532185792923,0.0108886007219553,-0.008289887569844723
1789059093041573600,3.91657373046875,0.08714289218187332,0.003856523660942912,0.02515355683863163
1789059093051583500,3.92658349609375,0.11256062984466553,-0.00024394555657636374,0.020595023408532143
1789059093061593600,3.936593505859375,0.1277582347393036,-0.003984089009463787,0.02400227263569832
1789059093071603500,3.946603515625,0.12314856052398682,-0.004433896858245134,0.04085768386721611
1789059093081613600,3.956613525390625,0.0776042491197586,-0.008451275527477264,-0.028424451127648354
1789059093091623400,3.96662353515625,0.03518035635352135,0.001255946815945208,-0.011501659639179707
1789059093101633500,3.976633544921875,0.029200496152043343,-0.009936786256730556,-0.01703730598092079
1789059093111643600,3.9866435546875,0.022294120863080025,-0.016027968376874924,0.02069835364818573
1789059093121653500,3.996653564453125,0.034032002091407776,-0.02137080207467079,0.012923521921038628
1789059093131663600,4.00666357421875,0.06302450597286224,-0.040950361639261246,0.009023589082062244
1789059093141673500,4.016673583984375,0.06922008097171783,-0.025655828416347504,-0.012282765470445156
1789059093151683600,4.02668359375,0.07015299052000046,-0.030890271067619324,-0.021451761946082115
1789059093161693700,4.036693603515625,0.07354239374399185,-0.044378917664289474,-0.024719728156924248
1789059093171703600,4.04670361328125,0.06703176349401474,-0.03722566366195679,-0.018069015815854073
1789059093181713700,4.056713623046875,0.061115019023418427,-0.049669019877910614,-0.005775863770395517
1789059093191723500,4.0667236328125,0.0687742680311203,-0.05602438747882843,0.007919441908597946
1789059093201733600,4.076733642578125,0.06948613375425339,-0.045107558369636536,0.050995271652936935
1789059093211743500,4.086743408203125,0.07653019577264786,-0.04640345275402069,0.09095440804958344
1789059093221753600,4.096753662109375,0.10391654819250107,-0.04899390786886215,0.10907828062772751
1789059093231763700,4.106763671875,0.11721983551979065,-0.044014062732458115,0.08787152916193008
1789059093241773600,4.116773681640625,0.1154850497841835,-0.047743022441864014,0.05588723346590996
1789059093251783700,4.12678369140625,0.11875434964895248,-0.02959624119102955,0.019043466076254845
1789059093261793500,4.13679345703125,0.12428466975688934,-0.021648038178682327,-0.014732606709003448
1789059093271803600,4.1468037109375,0.1581110805273056,-0.022757243365049362,-0.03292306140065193
1789059093281813500,4.1568134765625,0.1836361438035965,-0.005218996666371822,-0.026813771575689316
1789059093291823600,4.16682373046875,0.20834574103355408,0.010879012756049633,0.03226819261908531
1789059093301833700,4.176833740234375,0.2556022107601166,0.0015387744642794132,0.03723045811057091
1789059093311843600,4.186843505859375,0.2783842086791992,-0.00030067088664509356,0.05349598079919815
1789059093321853700,4.196853759765625,0.3012876808643341,0.015284148044884205,0.052570000290870667
1789059093331863600,4.206863525390625,0.2985747158527374,0.022833943367004395,0.06873272359371185
1789059093341873700,4.216873779296875,0.2778875529766083,0.05320223420858383,0.09160315245389938
1789059093351883800,4.2268837890625,0.24830009043216705,0.05904334783554077,0.11143065243959427
1789059093361893600,4.2368935546875,0.22060374915599823,0.06831540912389755,0.11204317957162857
1789059093371903700,4.24690380859375,0.19221657514572144,0.07423800975084305,0.13331997394561768
1789059093381913600,4.25691357421875,0.18574775755405426,0.057192184031009674,0.11887818574905396
1789059093391923700,4.266923828125,0.15760160982608795,0.0695314034819603,0.10797040909528732
1789059093401933600,4.27693359375,0.14292946457862854,0.06913406401872635,0.09583038836717606
1789059093411943700,4.286943603515625,0.139349102973938,0.05736049637198448,0.06451587378978729
1789059093421953800,4.296953857421875,0.11855434626340866,0.05584835261106491,0.057380203157663345
1789059093431963600,4.306963623046875,0.10305608063936234,0.078733429312706,0.09136693179607391
1789059093441973800,4.316973876953125,0.08120910078287125,0.09028728306293488,0.10364357382059097
1789059093451983600,4.326983642578125,0.07689344882965088,0.06580111384391785,0.11805021017789841
1789059093461993700,4.33699365234375,0.07570301741361618,0.060613278299570084,0.08928700536489487
1789059093472003600,4.347003662109375,0.06324554979801178,0.06007558852434158,0.07175381481647491
1789059093482013700,4.357013671875,0.03748159483075142,0.055086422711610794,0.07890040427446365
1789059093492023800,4.36702392578125,-0.009340505115687847,0.084757499396801,0.06414463371038437
1789059093502033700,4.37703369140625,-0.05152364447712898,0.05384192615747452,0.05451410636305809
1789059093512043800,4.387043701171875,-0.045939795672893524,0.05153163522481918,0.07474853843450546
1789059093522053600,4.3970537109375,-0.06214885786175728,0.023549268022179604,0.045340850949287415
1789059093532063700,4.407063720703125,-0.027346668764948845,0.01420290395617485,0.059836968779563904
1789059093542073600,4.417073486328125,-0.004265052266418934,0.0016879114555194974,0.06127427518367767
1789059093552083700,4.427083740234375,0.008039817214012146,-0.008824383839964867,0.06143326684832573
1789059093562093800,4.43709375,0.031500935554504395,-0.007078149355947971,0.056950367987155914
1789059093572103700,4.447103759765625,0.044811148196458817,0.008926383219659328,0.03605467453598976
1789059093582113800,4.45711376953125,0.0832618698477745,-0.00657534459605813,0.014011689461767673
1789059093592123600,4.46712353515625,0.11740439385175705,-0.007032875902950764,0.02214791253209114
1789059093602132500,4.477132568359375,0.1380833089351654,-0.010979680344462395,0.008249407634139061
1789059093612143900,4.487143798828125,0.16618284583091736,-0.02799115516245365,0.01028566062450409
1789059093622152400,4.49715234375,0.18857070803642273,-0.01810603402554989,0.01501197274774313
1789059093632162600,4.50716259765625,0.19450317323207855,-0.014724884182214737,0.013041766360402107
1789059093642172700,4.517172607421875,0.2252030223608017,-0.011198592372238636,0.030902255326509476
1789059093652182500,4.5271826171875,0.22511593997478485,-0.0008434231276623905,0.038840338587760925
1789059093662192600,4.537192626953125,0.222059428691864,0.005736182443797588,0.02954537607729435
1789059093672202500,4.547202392578125,0.22887179255485535,0.029018867760896683,0.033421073108911514
1789059093682213400,4.55721337890625,0.24288775026798248,0.028834311291575432,0.02340412512421608
1789059093692223200,4.56722314453125,0.2422773540019989,0.024443557485938072,0.020897824317216873
1789059093702233300,4.5772333984375,0.23062309622764587,0.04043983295559883,0.02087518759071827
1789059093712243200,4.5872431640625,0.20875081419944763,0.046717703342437744,0.0199207104742527
1789059093722253300,4.59725341796875,0.1623593419790268,0.05781190097332001,0.008590558543801308
1789059093732263400,4.607263427734375,0.10779410600662231,0.06593134254217148,-0.025665681809186935
1789059093742273300,4.617273193359375,0.08445123583078384,0.07297327369451523,-0.029571473598480225
1789059093752283400,4.627283447265625,0.04445481672883034,0.0694565698504448,-0.017559019848704338
1789059093762293200,4.637293212890625,0.042628418654203415,0.07130134105682373,0.010697918012738228
1789059093772303400,4.647303466796875,0.029876671731472015,0.04302443191409111,-0.008868326433002949
1789059093782313500,4.6573134765625,0.03013952635228634,0.040704820305109024,0.003861583536490798
1789059093792323300,4.6673232421875,-0.02568911761045456,0.046480949968099594,-0.03735882416367531
1789059093802333400,4.67733349609375,-0.058040931820869446,0.053820088505744934,-0.026569824665784836
1789059093812343300,4.68734326171875,-0.1094021275639534,0.07115700095891953,-0.050156645476818085
1789059093822353400,4.697353515625,-0.1139577254652977,0.04723382368683815,-0.03683178499341011
1789059093832363300,4.70736328125,-0.09255416691303253,0.026672091335058212,-0.012681706808507442
1789059093842373400,4.717373291015625,-0.09630283713340759,0.038838475942611694,0.01515871286392212
1789059093852383500,4.727383544921875,-0.10910625010728836,0.011807390488684177,-0.01170299481600523
1789059093862393300,4.737393310546875,-0.0877719298005104,0.022294919937849045,-0.01666766032576561
1789059093872403500,4.747403564453125,-0.09250250458717346,0.03473294526338577,-0.007793208118528128
1789059093882413300,4.757413330078125,-0.08569173514842987,0.028734441846609116,-0.023316774517297745
1789059093892423200,4.767423095703125,-0.06297071278095245,0.05275588855147362,-0.013981062918901443
1789059093902433300,4.777433349609375,-0.07911772280931473,0.05053215101361275,-0.02016199380159378
1789059093912443100,4.787443115234375,-0.05187651515007019,0.048472195863723755,0.004306064918637276
1789059093922453200,4.797453369140625,-0.027218304574489594,0.04884690046310425,0.029323799535632133
1789059093932463000,4.807463134765625,-0.022607307881116867,0.02805107645690441,0.021409951150417328
1789059093942473200,4.81747314453125,-0.0016269250772893429,0.03796469420194626,0.027897944673895836
1789059093952483000,4.827483154296875,-0.024113325402140617,0.027511252090334892,-0.01022653840482235
1789059093962493200,4.8374931640625,-0.041315216571092606,0.04057459160685539,-0.0005201153689995408
1789059093972503300,4.84750341796875,-0.05397694930434227,0.05357427895069122,0.006846188101917505
1789059093982513200,4.85751318359375,-0.09100740402936935,0.04743169620633125,0.0036072516813874245
1789059093992523300,4.867523193359375,-0.09488629549741745,0.04325532913208008,-0.02076440118253231
1789059094002533000,4.877533203125,-0.10797519981861115,0.02088823728263378,-0.021515412256121635
1789059094012543200,4.887543212890625,-0.12296880036592484,0.009281649254262447,-0.029088642448186874
1789059094022553000,4.897552978515625,-0.1315135508775711,-0.0056919739581644535,-0.04382657632231712
1789059094032563200,4.907563232421875,-0.18315064907073975,0.0021909826900810003,-0.029990123584866524
1789059094042573300,4.9175732421875,-0.2088506817817688,-0.0305778831243515,-0.035113245248794556
1789059094052583200,4.927583251953125,-0.21018172800540924,-0.03627491742372513,-0.0008796420879662037
1789059094062593300,4.93759326171875,-0.20465460419654846,-0.04933559149503708,0.02407737262547016
1789059094072603100,4.94760302734375,-0.19570133090019226,-0.06441840529441833,-0.004268248099833727
1789059094082613200,4.95761328125,-0.19047647714614868,-0.06593427807092667,-0.005041630007326603
1789059094092623400,4.967623291015625,-0.20707249641418457,-0.08182722330093384,0.0054123420268297195
1789059094102633200,4.97763330078125,-0.2050711214542389,-0.058032941073179245,0.028357073664665222
1789059094112643300,4.987643310546875,-0.1977679431438446,-0.07901758700609207,-0.024750087410211563
1789059094122653200,4.997653076171875,-0.18070799112319946,-0.08974853157997131,-0.02960130199790001
1789059094132663300,5.007663330078125,-0.17016667127609253,-0.11254572123289108,-0.039374303072690964
1789059094142673200,5.017673095703125,-0.1475399285554886,-0.13164138793945312,-0.01455737091600895
1789059094152683300,5.027683349609375,-0.14195473492145538,-0.12039139121770859,0.009649431332945824
1789059094162693400,5.037693359375,-0.10019451379776001,-0.13130396604537964,0.019150258973240852
1789059094172703200,5.047703125,-0.08264108747243881,-0.10544812679290771,0.020300744101405144
1789059094182713300,5.05771337890625,-0.04488837718963623,-0.13272155821323395,-0.0019358517602086067
1789059094192723200,5.06772314453125,-0.0014969628537073731,-0.10531923174858093,0.03891117870807648
1789059094202733300,5.0777333984375,0.046293195337057114,-0.11759986728429794,0.021509286016225815
1789059094212743200,5.0877431640625,0.08022533357143402,-0.1000288650393486,0.011787417344748974
1789059094222752300,5.097752197265625,0.10654322057962418,-0.09176134318113327,0.0022426480427384377
1789059094232762400,5.107762451171875,0.11190416663885117,-0.09632307291030884,-0.0140758715569973
1789059094242772200,5.117772216796875,0.13774827122688293,-0.08212709426879883,0.00404587434604764
1789059094252782300,5.1277822265625,0.16005384922027588,-0.0927986428141594,0.024089889600872993
1789059094262792400,5.13779248046875,0.17392092943191528,-0.07842236757278442,0.04410301148891449
1789059094272802300,5.14780224609375,0.1962110549211502,-0.09980835020542145,0.03232438489794731
1789059094282812400,5.1578125,0.18694432079792023,-0.09172512590885162,0.009410812519490719
1789059094292822300,5.167822265625,0.1841259002685547,-0.08133453875780106,0.01889592595398426
1789059094302832400,5.177832275390625,0.17329508066177368,-0.07258152216672897,0.013282516039907932
1789059094312842500,5.187842529296875,0.17580698430538177,-0.07858908176422119,0.007567372173070908
1789059094322852400,5.197852294921875,0.1808672547340393,-0.06149531900882721,0.041074998676776886
1789059094332862500,5.207862548828125,0.1891651302576065,-0.06233847513794899,-0.000589091214351356
1789059094342872300,5.217872314453125,0.21745295822620392,-0.062256984412670135,0.02708221785724163
1789059094352882400,5.22788232421875,0.2356274425983429,-0.05529654398560524,0.00035366779775358737
1789059094362892000,5.23789208984375,0.23432941734790802,-0.0349649079144001,0.03851862996816635
1789059094372902100,5.247902099609375,0.25552311539649963,-0.026501648128032684,0.03519740328192711
1789059094382912300,5.257912353515625,0.2527584731578827,0.0002069276088150218,0.050690341740846634
1789059094392922000,5.267922119140625,0.2601010799407959,-0.008320780470967293,0.03964488208293915
1789059094402932200,5.27793212890625,0.2554655969142914,0.007225422188639641,0.007947404868900776
1789059094412942000,5.287942138671875,0.233867347240448,0.015507054515182972,-0.011273160576820374
1789059094422952200,5.2979521484375,0.23357893526554108,0.026668095961213112,0.00038935415796004236
1789059094432962300,5.30796240234375,0.19887448847293854,0.02250956930220127,0.012005263939499855
1789059094442972200,5.31797216796875,0.18779200315475464,0.03165806084871292,0.025974076241254807
1789059094452982300,5.327982177734375,0.17684482038021088,0.007208378054201603,0.024719994515180588
1789059094462992100,5.3379921875,0.1560223549604416,0.026316292583942413,0.04331525042653084
1789059094475506400,5.35050634765625,0.12958648800849915,0.02177773416042328,0.017255952581763268
1789059094485516300,5.360516357421875,0.09272035211324692,0.02515408955514431,-0.013975470326840878
1789059094495526400,5.3705263671875,0.06766719371080399,0.027880100533366203,-0.0021174794528633356
1789059094505536300,5.380536376953125,0.07371203601360321,0.034506577998399734,0.025187911465764046
1789059094515546400,5.39054638671875,0.08022799342870712,0.011086206883192062,0.05299291014671326
1789059094525556200,5.40055615234375,0.07643378525972366,0.010485397651791573,0.032763540744781494
1789059094535566300,5.41056640625,0.07452057301998138,0.0123645244166255,0.034455180168151855
1789059094545576400,5.420576416015625,0.07593870908021927,-0.0034461303148418665,0.011955995112657547
1789059094555586300,5.43058642578125,0.06426047533750534,0.0234115831553936,0.04054715856909752
1789059094565596400,5.440596435546875,0.060087040066719055,0.00923317950218916,0.06149318814277649
1789059094575606300,5.450606201171875,0.07028667628765106,0.026065954938530922,0.04219299182295799
1789059094585616400,5.460616455078125,0.05974775180220604,0.013034042902290821,0.01702931709587574
1789059094595626200,5.470626220703125,0.07767641544342041,0.0073047843761742115,0.0025100293569266796
1789059094605636400,5.48063623046875,0.08510557562112808,0.012341887690126896,0.011539743281900883
1789059094615646500,5.490646484375,0.0851239487528801,0.006704241503030062,-0.011053450405597687
1789059094625656300,5.50065625,0.09947998821735382,0.014747254550457,0.015473231673240662
1789059094635666400,5.51066650390625,0.10038785636425018,-0.004325772635638714,-0.01623755879700184
1789059094645676300,5.52067626953125,0.09808262437582016,0.0277370885014534,-0.0038067223504185677
1789059094655686400,5.530686279296875,0.10448087006807327,0.0017936390358954668,-0.020786505192518234
1789059094665696300,5.5406962890625,0.09321489930152893,0.007729292381554842,-0.011332016438245773
1789059094675706400,5.550706298828125,0.09807117283344269,-0.0016591493040323257,0.004251203965395689
1789059094685716000,5.560716064453125,0.10939093679189682,0.010407899506390095,0.022050973027944565
1789059094695725000,5.57072509765625,0.08070443570613861,0.006087986286729574,-0.03895432502031326
1789059094705735000,5.58073486328125,0.08622969686985016,0.005506617948412895,-0.04722876474261284
1789059094715745000,5.5907451171875,0.08694581687450409,-0.021286912262439728,-0.07115407288074493
1789059094725755000,5.6007548828125,0.08949445933103561,-0.01239195466041565,-0.021739650517702103
1789059094735765000,5.610764892578125,0.09466605633497238,-0.021819278597831726,-0.025670476257801056
1789059094745775000,5.620775146484375,0.10339376330375671,-0.013428723439574242,0.0032285500783473253
1789059094755785000,5.630784912109375,0.09388335049152374,-0.014735270291566849,0.005880525801330805
1789059094765795000,5.640795166015625,0.094676174223423,0.003364904085174203,0.011129883117973804
1789059094775805000,5.650804931640625,0.10754164308309555,-0.0004093278548680246,-0.01092481892555952
1789059094785815000,5.66081494140625,0.1319737434387207,0.005274123977869749,-0.037206489592790604
1789059094795825000,5.670824951171875,0.16399133205413818,-0.0032921996898949146,-0.031039142981171608
1789059094805835000,5.6808349609375,0.18956513702869415,-0.007345264777541161,-0.027535753324627876
1789059094815845000,5.69084521484375,0.21449019014835358,0.003951065707951784,-0.018185662105679512
1789059094825855000,5.70085498046875,0.25714683532714844,-0.0037476003635674715,0.004780374001711607
1789059094835864000,5.710864013671875,0.28294968605041504,0.019571570679545403,0.005036570131778717
1789059094845874200,5.720874267578125,0.2897479236125946,0.017295099794864655,-0.007754059974104166
1789059094855884000,5.730884033203125,0.31328094005584717,0.02478470839560032,-0.015600797720253468
1789059094865894100,5.74089404296875,0.30243656039237976,0.029152026399970055,-0.029525933787226677
1789059094875904000,5.750904052734375,0.3016189634799957,0.028898494318127632,-0.043718717992305756
1789059094885914000,5.7609140625,0.31121647357940674,0.014712100848555565,-0.043166644871234894
1789059094895924000,5.770924072265625,0.2899617850780487,0.048645567148923874,-0.026606310158967972
1789059094905934000,5.78093408203125,0.28098347783088684,0.018550781533122063,-0.04670918360352516
1789059094915944200,5.790944091796875,0.3056619167327881,0.038847263902425766,0.006794522982090712
1789059094925954000,5.8009541015625,0.28475716710090637,0.02052844502031803,0.04784475266933441
1789059094935964200,5.810964111328125,0.30240991711616516,0.018699917942285538,0.07970761507749557
1789059094945974000,5.82097412109375,0.2565670609474182,0.036489568650722504,0.09054134786128998
1789059094955984100,5.830984130859375,0.21878667175769806,0.04042944684624672,0.08306745439767838
1789059094965994200,5.840994140625,0.17479977011680603,0.05144188553094864,0.03975779935717583
1789059094976004000,5.851004150390625,0.13611389696598053,0.05752747505903244,-0.004569984506815672
1789059094986014200,5.86101416015625,0.1540984958410263,0.04623620584607124,-0.002941727638244629
1789059094996024000,5.871024169921875,0.1465577483177185,0.04109231010079384,-0.025285648182034492
1789059095006034200,5.8810341796875,0.13771845400333405,0.04645591601729393,-0.004517786670476198
1789059095016043800,5.891043701171875,0.15372803807258606,0.030228210613131523,-0.004612328484654427
1789059095026054000,5.901053955078125,0.13904230296611786,0.046239133924245834,0.020253339782357216
1789059095036064000,5.91106396484375,0.1355879157781601,0.0378030389547348,0.00965715479105711
1789059095046073900,5.921073974609375,0.12463966757059097,0.045513689517974854,-0.0015401060227304697
1789059095056084000,5.931083984375,0.08700893074274063,0.05337188020348549,-0.03967044875025749
1789059095066093800,5.94109375,0.08826062083244324,0.05825318768620491,-0.010662497952580452
1789059095076104000,5.95110400390625,0.09470626711845398,0.04093118757009506,-0.008536762557923794
1789059095086114000,5.961114013671875,0.09737848490476608,0.03782940283417702,0.01720215566456318
1789059095096124000,5.9711240234375,0.0960777997970581,0.022908244282007217,0.007415838539600372
1789059095106134000,5.981134033203125,0.09584982693195343,0.043961599469184875,0.030046315863728523
1789059095116143900,5.991143798828125,0.11619158834218979,0.019529759883880615,0.021954568102955818
1789059095126154000,6.001154052734375,0.1366872787475586,0.043463852256536484,0.04469742998480797
1789059095136163800,6.011163818359375,0.13890515267848969,0.04609319195151329,0.008711466565728188
1789059095146174000,6.021174072265625,0.15133999288082123,0.05837143212556839,-0.0017307883827015758
1789059095156183000,6.03118310546875,0.16943004727363586,0.06361226737499237,-0.018910573795437813
1789059095166193000,6.04119287109375,0.20792150497436523,0.053293049335479736,-0.03712313249707222
1789059095176203000,6.051203125,0.25975966453552246,0.049019474536180496,-0.0248401015996933
1789059095186213000,6.061213134765625,0.27422064542770386,0.049139317125082016,-0.017314542084932327
1789059095196223000,6.071222900390625,0.2706349492073059,0.07226620614528656,0.02532932534813881
1789059095206233000,6.081233154296875,0.26765409111976624,0.06549591571092606,0.0006737797521054745
1789059095216243000,6.091242919921875,0.2763543725013733,0.07889348268508911,0.048114530742168427
1789059095226253000,6.101253173828125,0.2653312683105469,0.07129175961017609,-0.007151386234909296
1789059095236263000,6.111262939453125,0.23875212669372559,0.10293304175138474,-0.016752082854509354
1789059095246273000,6.12127294921875,0.2212463617324829,0.09274964779615402,-0.06522320955991745
1789059095256283100,6.131283203125,0.22577321529388428,0.10751047730445862,-0.09163617342710495
1789059095266293000,6.14129296875,0.22940762341022491,0.09332302212715149,-0.12666472792625427
1789059095276303000,6.15130322265625,0.2391662448644638,0.08854744583368301,-0.09527511894702911
1789059095286313000,6.16131298828125,0.21825963258743286,0.07239484041929245,-0.09663999080657959
1789059095296323000,6.171322998046875,0.19139419496059418,0.0902518630027771,-0.040941573679447174
1789059095306333200,6.181333251953125,0.19422034919261932,0.09198744595050812,0.0038693067617714405
1789059095316343000,6.191343017578125,0.15104304254055023,0.08779270201921463,0.006982808467000723
1789059095326353200,6.201353271484375,0.12824904918670654,0.09072484076023102,0.010456635616719723
1789059095336363000,6.211363037109375,0.10604414343833923,0.09762588888406754,0.01025689858943224
1789059095346373000,6.221373046875,0.11792104691267014,0.08888539671897888,0.005793174263089895
1789059095356383000,6.231383056640625,0.141646608710289,0.08056621253490448,0.007525826804339886
1789059095366393000,6.24139306640625,0.1499980241060257,0.08005701750516891,0.019932162016630173
1789059095376403200,6.2514033203125,0.15031494200229645,0.08914798498153687,0.019105784595012665
1789059095386413000,6.2614130859375,0.16787847876548767,0.09752469509840012,0.02207787148654461
1789059095396423200,6.271423095703125,0.18709158897399902,0.0965193510055542,0.042998865246772766
1789059095406433000,6.28143310546875,0.19069324433803558,0.10588914901018143,0.05589575693011284
1789059095416443100,6.291443115234375,0.1914658397436142,0.10760609060525894,0.05652159824967384
1789059095426453000,6.301452880859375,0.18142758309841156,0.094676174223423,0.03154247999191284
1789059095436463000,6.311463134765625,0.14590021967887878,0.11570689082145691,0.025791915133595467
1789059095446473200,6.32147314453125,0.1213085874915123,0.11917565762996674,0.039094939827919006
1789059095456483000,6.331483154296875,0.11216302216053009,0.12667138874530792,0.0015033544041216373
1789059095466493200,6.3414931640625,0.07620049268007278,0.15373283624649048,0.04665698483586311
1789059095476503000,6.3515029296875,0.05986066907644272,0.140076145529747,-0.01757206954061985
1789059095486513000,6.361512939453125,0.06734441965818405,0.13210131227970123,0.017903100699186325
1789059095496523000,6.37152294921875,0.07859467715024948,0.12166145443916321,0.0198618546128273
1789059095506532900,6.381532958984375,0.06660699099302292,0.11628080159425735,0.0332823246717453
1789059095516543000,6.39154296875,0.057797785848379135,0.10590885579586029,0.04736778140068054
1789059095526552800,6.401552734375,0.012086490169167519,0.1325918585062027,0.04749135300517082
1789059095536563000,6.41156298828125,-0.003865045728161931,0.12690015137195587,0.016639163717627525
1789059095546572800,6.42157275390625,-0.007494934368878603,0.1277928501367569,0.020924456417560577
1789059095556583000,6.4315830078125,-0.026680612936615944,0.11532792448997498,-0.004715392831712961
1789059095566593000,6.441593017578125,-0.03389272093772888,0.10602736473083496,0.020955082029104233
1789059095576603000,6.451602783203125,-0.0417165532708168,0.0808972492814064,0.024895763024687767
1789059095586613000,6.461613037109375,-0.08469944447278976,0.10375196486711502,0.07352987676858902
1789059095596622800,6.471622802734375,-0.11703900247812271,0.09058848768472672,0.054612379521131516
1789059095606633000,6.481633056640625,-0.13927693665027618,0.08769203722476959,0.06551456451416016
1789059095616643000,6.49164306640625,-0.16058994829654694,0.08845396339893341,0.038237135857343674
1789059095626653000,6.50165283203125,-0.1767963469028473,0.08920364826917648,0.015395468100905418
1789059095636663000,6.5116630859375,-0.19137448072433472,0.08579719811677933,-0.02520681917667389
1789059095646673000,6.5216728515625,-0.2004723846912384,0.08118859678506851,0.0158854890614748
1789059095656683000,6.53168310546875,-0.1831682175397873,0.05690589174628258,0.017772872000932693
1789059095666692900,6.54169287109375,-0.19021840393543243,0.05272872373461723,0.0233527272939682
1789059095676703000,6.551702880859375,-0.19384270906448364,0.0584888756275177,-0.013796505518257618
1789059095686713300,6.56171337890625,-0.20995429158210754,0.06070009991526604,-0.002285258611664176
1789059095696723200,6.57172314453125,-0.19680707156658173,0.0521223247051239,0.006969492416828871
1789059095706733300,6.5817333984375,-0.1865890473127365,0.05018487200140953,0.05313379317522049
1789059095716743200,6.5917431640625,-0.1698835790157318,0.04213520139455795,0.05919647961854935
1789059095726753300,6.601753173828125,-0.18491604924201965,0.05968623235821724,0.03050651028752327
1789059095736763100,6.61176318359375,-0.18056951463222504,0.05619243159890175,-0.0021606225054711103
1789059095746773200,6.621773193359375,-0.14964887499809265,0.05438308045268059,-0.009790312498807907
1789059095756782300,6.6317822265625,-0.11949017643928528,0.0531495027244091,-0.006047239992767572
1789059095766792200,6.641792236328125,-0.09746130555868149,0.05661054700613022,0.00800306536257267
1789059095776802300,6.65180224609375,-0.07218471169471741,0.05857250094413757,0.022708507254719734
1789059095786812400,6.6618125,-0.06628794223070145,0.052866410464048386,0.090061716735363
1789059095796822300,6.671822265625,-0.05687659978866577,0.060695305466651917,0.09658139944076538
1789059095806832400,6.681832275390625,-0.062009043991565704,0.07382655143737793,0.10850197821855545
1789059095816842200,6.69184228515625,-0.05561825633049011,0.0719226598739624,0.044450290501117706
1789059095826852400,6.701852294921875,-0.04186569154262543,0.09515261650085449,0.017918279394507408
1789059095836862200,6.7118623046875,-0.008944759145379066,0.07748280465602875,-0.014032461680471897
1789059095846872300,6.721872314453125,0.04362630844116211,0.064900703728199,-0.006207562051713467
1789059095856882400,6.73188232421875,0.04897020757198334,0.08165225386619568,-0.014296380802989006
1789059095866892300,6.741892333984375,0.04911454766988754,0.06605438143014908,-0.0004141215467825532
1789059095876902400,6.75190234375,0.05218224599957466,0.0590907521545887,0.0003531351685523987
1789059095886912300,6.761912353515625,0.021518342196941376,0.08656471967697144,0.02888038381934166
1789059095896922400,6.77192236328125,0.046242330223321915,0.06501255184412003,0.03242345154285431
1789059095906932500,6.781932373046875,0.04505535960197449,0.061946190893650055,0.04241164028644562
1789059095916942300,6.7919423828125,0.024402013048529625,0.07061345130205154,0.03684430196881294
1789059095926952400,6.801952392578125,0.04553179815411568,0.055029164999723434,0.0052355085499584675
1789059095936962300,6.81196240234375,0.06713110208511353,0.03767653927206993,0.012783439829945564
1789059095946972400,6.821972412109375,0.06148599833250046,0.056468602269887924,-0.0010812433902174234
1789059095956982300,6.831982177734375,0.06609220057725906,0.0405397042632103,-0.002293514320626855
1789059095966992400,6.841992431640625,0.05796077102422714,0.03609888255596161,-0.015570437535643578
1789059095977002500,6.85200244140625,0.05119580775499344,0.04502979293465614,-0.051659733057022095
1789059095987012400,6.862012451171875,0.05523715540766716,0.03627438470721245,-0.04303375259041786
1789059095997022200,6.872022216796875,0.05303365737199783,0.04772863909602165,-0.032041821628808975
1789059096007032000,6.882031982421875,0.04796912521123886,0.04715845733880997,-0.03621765971183777
1789059096017042200,6.892042236328125,0.04625191539525986,0.04989964887499809,-0.028021780773997307
1789059096027052300,6.90205224609375,0.034573424607515335,0.054787613451480865,-0.07841651141643524
1789059096037062100,6.912062255859375,0.02136920392513275,0.040717869997024536,-0.1032227948307991
1789059096047072300,6.922072265625,0.02052977681159973,0.03820198029279709,-0.1300504058599472
1789059096057082000,6.93208203125,0.00860600546002388,0.031185083091259003,-0.13428457081317902
1789059096067092200,6.94209228515625,-0.000371777277905494,0.03616306558251381,-0.0856400728225708
1789059096077102000,6.95210205078125,-0.0148649662733078,0.0348392054438591,-0.12340395897626877
1789059096087112200,6.9621123046875,-0.028257204219698906,0.04222868010401726,-0.0698363408446312
1789059096097122300,6.972122314453125,-0.043422576040029526,0.033602435141801834,-0.0912441611289978
1789059096107132200,6.982132080078125,-0.05257426202297211,0.029814088717103004,-0.06605944037437439
1789059096117142300,6.992142333984375,-0.02979038655757904,0.010541058145463467,-0.05934241786599159
1789059096127152000,7.002152099609375,-0.05669496953487396,0.011169297620654106,-0.07236767560243607
1789059096137162200,7.012162353515625,-0.08656392246484756,0.023551132529973984,-0.09205669164657593
1789059096147172000,7.022172119140625,-0.10056602209806442,0.02809981070458889,-0.10557569563388824
1789059096157182200,7.03218212890625,-0.09096452593803406,0.023239541798830032,-0.09855959564447403
1789059096167192300,7.0421923828125,-0.07670223712921143,0.026707777753472328,-0.08343444019556046
1789059096177202200,7.0522021484375,-0.07712914049625397,0.020833909511566162,-0.0581330768764019
1789059096187212300,7.06221240234375,-0.0762242004275322,0.028973860666155815,-0.014819692820310593
1789059096197222100,7.07222216796875,-0.06147907301783562,0.030240459367632866,-0.029528597369790077
1789059096207232300,7.082232177734375,-0.051411259919404984,0.02653147652745247,-0.024345019832253456
1789059096217242400,7.092242431640625,-0.05648591369390488,0.02551334910094738,-0.04382258281111717
1789059096227252200,7.102252197265625,-0.06459177285432816,0.029738187789916992,-0.03862808644771576
1789059096237262300,7.112262451171875,-0.06401067227125168,0.03326554596424103,-0.07801224291324615
1789059096247272200,7.122272216796875,-0.051718588918447495,0.03304503485560417,-0.057187922298908234
1789059096257282300,7.1322822265625,-0.035779569298028946,0.03837162256240845,-0.04175170883536339
1789059096267292200,7.142292236328125,-0.04809588938951492,0.04370087385177612,-0.04506920650601387
1789059096277302300,7.15230224609375,-0.035779569298028946,0.026621224358677864,-0.0360456183552742
1789059096287312400,7.1623125,-0.04989512264728546,0.03361841291189194,-0.062368035316467285
1789059096297322200,7.172322265625,-0.051244545727968216,0.017661551013588905,-0.06025028973817825
1789059096307332400,7.182332275390625,-0.03272412344813347,0.010041449218988419,-0.04387025162577629
1789059096317342200,7.19234228515625,-0.04019242525100708,0.004789961501955986,0.000945954816415906
1789059096327352300,7.202352294921875,-0.05199981853365898,0.017128121107816696,0.03746534883975983
1789059096337361400,7.212361328125,-0.05759458616375923,0.00857644435018301,0.04875795170664787
1789059096347371300,7.222371337890625,-0.07426703721284866,0.01763918064534664,0.06769808381795883
1789059096357381400,7.23238134765625,-0.08354629576206207,0.020119914785027504,0.06190731003880501
1789059096367391200,7.24239111328125,-0.0883178785443306,0.00424161646515131,0.04941149055957794
1789059096377401300,7.2524013671875,-0.09168224781751633,0.015304920263588428,0.056949302554130554
1789059096387411500,7.262411376953125,-0.08190445601940155,-0.01996971294283867,0.036806751042604446
1789059096397421300,7.27242138671875,-0.07474188506603241,-0.007197725586593151,0.06018078327178955
1789059096407431400,7.282431396484375,-0.08079843968153,-0.003932423423975706,0.0989321693778038
1789059096417441300,7.292441162109375,-0.0948367640376091,0.008371113799512386,0.11374680697917938
1789059096427451400,7.302451416015625,-0.11316357553005219,0.0198658499866724,0.0799395740032196
1789059096437461500,7.31246142578125,-0.11228127032518387,0.013338974677026272,0.03491590544581413
1789059096447471400,7.322471435546875,-0.09193365275859833,0.015380820259451866,0.04346412047743797
1789059096457481500,7.3324814453125,-0.0890963226556778,0.010146910324692726,0.03459286317229271
1789059096467491000,7.342490966796875,-0.08523819595575333,0.012508334591984749,-0.0016974988393485546
1789059096477501200,7.352501220703125,-0.07502364367246628,0.00706829596310854,-0.0003834952076431364
1789059096487511000,7.362510986328125,-0.06491827964782715,-0.002561694709584117,-0.01452834252268076
1789059096497521200,7.372521240234375,-0.052204616367816925,-0.0029292108956724405,-0.004458398092538118
1789059096507531300,7.38253125,-0.047561924904584885,-0.0052112736739218235,0.009052617475390434
1789059096517541000,7.392541015625,-0.04223613813519478,-0.004898884799331427,0.00758042186498642
1789059096527551200,7.40255126953125,-0.05904760584235191,0.016646621748805046,0.02262568473815918
1789059096537561000,7.41256103515625,-0.04637069255113602,0.010221478529274464,-0.0017006946727633476
1789059096547571200,7.4225712890625,-0.029166407883167267,0.022916501387953758,-0.00267780851572752
1789059096557581300,7.432581298828125,-0.007902397774159908,0.004572381265461445,-0.022901320829987526
1789059096567591200,7.442591064453125,0.015245265327394009,0.023804930970072746,-0.016649549826979637
1789059096577601300,7.452601318359375,0.0369364470243454,0.0043955473229289055,-0.021196898072957993
1789059096587611100,7.462611083984375,0.0685524269938469,-0.0032929987646639347,-0.0065290057100355625
1789059096597621200,7.472621337890625,0.08469917625188828,-0.0011728560784831643,-0.013757623732089996
1789059096607631000,7.482631103515625,0.08593834191560745,0.0027047062758356333,0.004189684987068176
1789059096617641200,7.49264111328125,0.0867370218038559,0.014074273407459259,0.018508968874812126
1789059096627651300,7.5026513671875,0.08499398827552795,0.006882140878587961,0.005972671322524548
1789059096637661200,7.5126611328125,0.08816634118556976,0.016508135944604874,-0.013004215434193611
1789059096647671300,7.52267138671875,0.07701195776462555,0.010365289635956287,-0.025228124111890793
1789059096657681200,7.53268115234375,0.06749515235424042,-0.002945456188172102,-0.004799016285687685
1789059096667691300,7.542691162109375,0.062420766800642014,0.003925499506294727,-0.012257731519639492
1789059096677701000,7.552701171875,0.03743711858987808,-0.005403553601354361,0.0354277640581131
1789059096687711200,7.562711181640625,0.007679757662117481,-0.016706008464097977,-0.050159305334091187
1789059096697721300,7.572721435546875,-0.02303927205502987,-0.006906109396368265,-0.062138739973306656
1789059096707731200,7.582731201171875,-0.05013693496584892,-0.010810303501784801,-0.07098735868930817
1789059096717741300,7.5927412109375,-0.07532911002635956,-0.00962493009865284,-0.03177550807595253
1789059096727751200,7.602751220703125,-0.07849107682704926,-0.019092468544840813,0.0030133668333292007
1789059096737761300,7.61276123046875,-0.08123653382062912,-0.02809981070458889,0.01350648794323206
1789059096747771100,7.622771240234375,-0.0769168883562088,-0.03598995879292488,-0.0033907366450875998
1789059096757781000,7.632781005859375,-0.10281027108430862,-0.023619575425982475,-0.030660441145300865
1789059096767791000,7.642791015625,-0.13086986541748047,-0.018910041078925133,-0.03689383715391159
1789059096777801000,7.652801025390625,-0.14634762704372406,-0.02442092075943947,-0.026638003066182137
1789059096787811000,7.66281103515625,-0.1564367413520813,-0.015401327051222324,0.008627310395240784
1789059096797821000,7.672821044921875,-0.15142227709293365,-0.034383539110422134,0.028448686003684998
1789059096807831000,7.6828310546875,-0.14178882539272308,-0.03807441517710686,0.023030750453472137
1789059096817841200,7.692841064453125,-0.15259593725204468,-0.03696148097515106,-0.007217965554445982
1789059096827851000,7.70285107421875,-0.1568484753370285,-0.029860161244869232,-0.004818989895284176
1789059096837861000,7.712861083984375,-0.15391047298908234,-0.023779897019267082,-0.026735207065939903
1789059096847871000,7.72287109375,-0.14814393222332,-0.0269506573677063,-0.032472189515829086
1789059096857881000,7.732881103515625,-0.13783137500286102,-0.017176058143377304,-0.02894430048763752
1789059096867891200,7.74289111328125,-0.12508521974086761,-0.019625898450613022,-0.027352528646588326
1789059096877900000,7.752900146484375,-0.10808465629816055,-0.03027055412530899,-0.008828911930322647
1789059096887910100,7.76291015625,-0.07091651856899261,-0.039445411413908005,0.005671733990311623
1789059096897920300,7.772920166015625,-0.06907626986503601,-0.043300069868564606,-0.033058617264032364
1789059096907930000,7.78293017578125,-0.06705892831087112,-0.03465171903371811,-0.022593725472688675
1789059096917940200,7.792940185546875,-0.062188006937503815,-0.026574619114398956,-0.03182211145758629
1789059096927950000,7.8029501953125,-0.051711130887269974,-0.024938106536865234,0.0007941546500660479
1789059096937960200,7.812960205078125,-0.014859906397759914,-0.02965376526117325,0.003777693957090378
1789059096947970000,7.822969970703125,-0.013677196577191353,-0.023119701072573662,-0.027881965041160583
1789059096957980200,7.832980224609375,-0.0054552191868424416,-0.03189348429441452,-0.017231717705726624
1789059096967990300,7.842990234375,0.015897206962108612,-0.04536508396267891,-0.05771123245358467
1789059096978000100,7.853000244140625,0.0201066005975008,-0.0376560315489769,-0.04567241296172142
1789059096988010200,7.86301025390625,0.03916284814476967,-0.03736095502972603,-0.05318252742290497
1789059096998020000,7.87302001953125,0.046776026487350464,-0.04055275395512581,-0.03984701633453369
1789059097008030200,7.8830302734375,0.043303266167640686,-0.03170280158519745,0.00041438787593506277
1789059097018040000,7.8930400390625,0.04465721547603607,-0.043367981910705566,0.011011105962097645
1789059097028050200,7.90305029296875,0.038720231503248215,-0.03621233254671097,-0.016413060948252678
1789059097038060300,7.913060302734375,0.014258830808103085,-0.02563026174902916,-0.04926048964262009
1789059097048070100,7.923070068359375,0.0021558289881795645,-0.03645947575569153,-0.05220993980765343
1789059097058080300,7.933080322265625,-0.02455035038292408,-0.01998382806777954,-0.032394424080848694
1789059097068090000,7.943090087890625,-0.009182313457131386,-0.027707528322935104,-0.019627762958407402
1789059097078100200,7.953100341796875,-0.029801305383443832,-0.030221018940210342,-0.06084603816270828
1789059097088110300,7.9631103515625,-0.03966538608074188,-0.03181252256035805,-0.04927540570497513
1789059097098120200,7.9731201171875,-0.06109211593866348,-0.05117024481296539,-0.06546742469072342
1789059097108130300,7.98313037109375,-0.07918722927570343,-0.04809322580695152,-0.028423918411135674
1789059097118140200,7.99314013671875,-0.08392419666051865,-0.053169213235378265,-0.04477386176586151
1789059097128150300,8.003150390625,-0.10842501372098923,-0.03912689536809921,-0.04644020274281502
1789059097138160000,8.01316015625,-0.13570377230644226,-0.04794568940997124,-0.061479873955249786
1789059097148170200,8.023170166015625,-0.16305309534072876,-0.04044302925467491,-0.08597562462091446
1789059097158180400,8.033180419921875,-0.15622848272323608,-0.06387032568454742,-0.07226354628801346
1789059097168190200,8.043190185546875,-0.15276478230953217,-0.06498752534389496,-0.0830589309334755
1789059097178200300,8.053200439453125,-0.16588138043880463,-0.06892820447683334,-0.05836370587348938
1789059097188210200,8.063210205078125,-0.18076258897781372,-0.07111305743455887,-0.006916761863976717
1789059097198220300,8.07322021484375,-0.18402469158172607,-0.06409083306789398,0.014946458861231804
1789059097208230100,8.083230224609375,-0.1853131353855133,-0.07946792989969254,0.040949296206235886
1789059097218240300,8.093240234375,-0.1708068996667862,-0.06840382516384125,0.055324774235486984
1789059097228250000,8.10325,-0.1826438456773758,-0.05760790407657623,0.04373762756586075
1789059097238260000,8.113260009765625,-0.15574298799037933,-0.06052113324403763,0.0028210864402353764
1789059097248270000,8.12327001953125,-0.1314307302236557,-0.0461730882525444,-0.023960726335644722
1789059097258280000,8.133280029296875,-0.0930497795343399,-0.04433151334524155,-0.006204632576555014
1789059097268290000,8.1432900390625,-0.05891817808151245,-0.04691184684634209,-0.018624816089868546
1789059097278300200,8.153300048828125,-0.03916524723172188,-0.028200745582580566,0.03754311427474022
1789059097288310000,8.16331005859375,-0.02532426454126835,-0.0313749685883522,0.008628375828266144
1789059097298320100,8.173320068359375,0.005405950825661421,-0.036626186221838,-0.0024927188642323017
1789059097308330000,8.183330078125,0.014239389449357986,-0.02460680902004242,0.002171541564166546
1789059097318340000,8.193340087890626,0.037407293915748596,-0.01918621174991131,0.032647158950567245
1789059097328350000,8.203349853515626,0.048720669001340866,-0.02406432293355465,0.03466983139514923
1789059097338360000,8.213360107421876,0.04387291520833969,-0.00569996377453208,0.05276068300008774
1789059097348370200,8.2233701171875,0.04781945422291756,-0.01751481182873249,0.024464596062898636
1789059097358380000,8.233380126953126,0.0581170991063118,-0.007111971732228994,0.022767895832657814
1789059097368390100,8.24339013671875,0.07592139393091202,-0.02544570527970791,-0.009631055407226086
1789059097378400000,8.25339990234375,0.09429135173559189,-0.029688386246562004,0.02804548293352127
1789059097388410000,8.26341015625,0.08462593704462051,-0.03489752858877182,0.015719840303063393
1789059097398420000,8.273419921875,0.07864420861005783,-0.01537842396646738,0.046927560120821
1789059097408429000,8.283428955078126,0.09078503400087357,-0.04520369693636894,0.03650794178247452
1789059097418440200,8.293440185546874,0.08518893271684647,-0.038719698786735535,0.04796885699033737
1789059097428449300,8.30344921875,0.0955401062965393,-0.0493616908788681,0.023913055658340454
1789059097438459100,8.313459228515624,0.10627557337284088,-0.04704047739505768,0.01678137667477131
1789059097448469200,8.32346923828125,0.09489242732524872,-0.0354384183883667,0.006833937484771013
1789059097458479000,8.33347900390625,0.09812816232442856,-0.025007082149386406,0.03969867527484894
1789059097468489200,8.3434892578125,0.10480178147554398,-0.034205108880996704,0.04105236008763313
1789059097478499000,8.3534990234375,0.0989295095205307,-0.006243781186640263,0.07617919147014618
1789059097488509200,8.36350927734375,0.11489968746900558,-0.03410124406218529,0.05607898160815239
1789059097498519300,8.373519287109374,0.1264711171388626,-0.02322196587920189,0.07793421298265457
1789059097508529200,8.383529052734374,0.11546134948730469,-0.02160436101257801,0.07366117089986801
1789059097518539300,8.393539306640625,0.11750532686710358,-0.026336265727877617,0.05974695459008217
1789059097528549000,8.403549072265625,0.10417141020298004,-0.014534734189510345,0.03590020909905434
1789059097538559200,8.413559326171875,0.09465140849351883,-0.01534566655755043,0.010599914006888866
1789059097548569000,8.423569091796875,0.09375711530447006,-0.02544490620493889,-0.026198580861091614
1789059097558579200,8.4335791015625,0.09655264019966125,-0.02431332878768444,-0.041783399879932404
1789059097568589300,8.44358935546875,0.09307242184877396,-0.02034734934568405,-0.027453728020191193
1789059097578599200,8.45359912109375,0.09554249793291092,-0.0290545541793108,-0.015272696502506733
1789059097588609300,8.463609375,0.08339103311300278,-0.028002873063087463,-0.006010221783071756
1789059097598619100,8.473619140625,0.06851781159639359,-0.021885856986045837,0.014751515351235867
1789059097608629200,8.483629150390625,0.040946099907159805,-0.0075780246406793594,0.04168565943837166
1789059097618639000,8.49363916015625,0.03971891850233078,-0.021372666582465172,0.0420001819729805
1789059097628649200,8.503649169921875,0.04168646037578583,-0.01998169720172882,0.020364660769701004
1789059097638659300,8.513659423828125,0.03524560481309891,-0.028931783512234688,-0.016334764659404755
1789059097648669200,8.523669189453125,0.03527623042464256,-0.023086676374077797,-0.0052363071590662
1789059097658679300,8.53367919921875,0.025676067918539047,-0.011659585870802402,-0.040644366294145584
1789059097668689200,8.543689208984375,0.024878984317183495,-0.008188420906662941,-0.04458557814359665
1789059097678699300,8.55369921875,0.019698336720466614,-0.01720721647143364,-0.042629752308130264
1789059097688708600,8.56370849609375,0.007556186988949776,0.009119195863604546,-0.031075095757842064
1789059097698718500,8.573718505859375,0.03218776360154152,-0.000025566347176209092,0.0009709885343909264
1789059097708728600,8.583728515625,0.020018182694911957,0.012960805557668209,0.02851046994328499
1789059097718738400,8.593738525390625,0.009821205399930477,0.016637565568089485,0.01872388646006584
1789059097728748500,8.60374853515625,0.016162991523742676,0.012840164825320244,0.0006210491410456598
1789059097738758700,8.613758544921875,0.015084677375853062,0.027424434199929237,-0.014568289741873741
1789059097748768500,8.6237685546875,0.012484898790717125,0.03289936110377312,-0.02304166927933693
1789059097758778600,8.633778564453126,0.0284686591476202,0.028254274278879166,-0.02474316395819187
1789059097768788500,8.64378857421875,0.020314592868089676,0.04452166333794594,0.0013677994720637798
1789059097778798600,8.653798583984376,0.035951875150203705,0.02985243685543537,-0.013405021280050278
1789059097788808700,8.66380859375,0.05331302434206009,0.035056788474321365,0.012572250328958035
1789059097798818600,8.673818603515626,0.052679456770420074,0.039555396884679794,0.045151498168706894
1789059097808828700,8.68382861328125,0.04783197119832039,0.04007178544998169,0.04704660549759865
1789059097818838500,8.693838623046876,0.046431947499513626,0.03593643009662628,0.011475561186671257
1789059097828848600,8.7038486328125,0.02793096750974655,0.05542730540037155,-0.02149224281311035
1789059097838858500,8.7138583984375,0.02803616225719452,0.04607987776398659,-0.02449176087975502
1789059097848868600,8.72386865234375,0.025077389553189278,0.04583060368895531,-0.0439155250787735
1789059097858878700,8.733878662109374,0.02136068232357502,0.057861436158418655,0.01571238413453102
1789059097868888600,8.743888671875,0.04723302647471428,0.02743641845881939,-0.026687802746891975
1789059097878898700,8.753898681640624,0.04700639098882675,0.047269776463508606,-0.007668039761483669
1789059097888908500,8.763908447265624,0.04723701998591423,0.041370607912540436,-0.010160758160054684
1789059097898918700,8.773918701171874,0.03984461724758148,0.04597947746515274,0.0009571401169523597
1789059097908928500,8.783928466796874,0.029699305072426796,0.06818757951259613,0.030460704118013382
1789059097918938600,8.793938720703125,0.013028716668486595,0.06303435564041138,0.010630805976688862
1789059097928948700,8.80394873046875,0.015171762555837631,0.06720113754272461,-0.03813300281763077
1789059097938957600,8.81395751953125,-0.004804608877748251,0.06693749129772186,-0.04117007181048393
1789059097948967700,8.8239677734375,-0.004490888677537441,0.05796609818935394,-0.03671620413661003
1789059097958977800,8.833977783203125,-0.016394685953855515,0.06436727195978165,0.014554441906511784
1789059097968987600,8.843987548828125,-0.03248097747564316,0.0430247001349926,0.0006815029191784561
1789059097978997800,8.853997802734375,-0.04623141139745712,0.049969159066677094,0.009050752967596054
1789059097989007600,8.864007568359375,-0.07264810800552368,0.04538718983530998,-0.022238193079829216
1789059097999017700,8.874017822265625,-0.07283052802085876,0.03190786391496658,0.003859453136101365
1789059098009027800,8.88402783203125,-0.10269894450902939,0.042383674532175064,0.006368683185428381
1789059098019037700,8.89403759765625,-0.11796924471855164,0.038962844759225845,0.03009105660021305
1789059098029047800,8.9040478515625,-0.11235343664884567,0.023610254749655724,0.017768610268831253
1789059098039057700,8.9140576171875,-0.1274903118610382,0.03224848210811615,0.022882146760821342
1789059098049067800,8.92406787109375,-0.12946930527687073,0.025602566078305244,0.009519735351204872
1789059098059077600,8.93407763671875,-0.12566711008548737,0.009453688748180866,0.014370949938893318
1789059098069087700,8.944087646484375,-0.14041809737682343,0.015914252027869225,0.00375958438962698
1789059098079097900,8.954097900390625,-0.12016555666923523,-0.0032839439809322357,0.006652842741459608
1789059098089107700,8.964107666015625,-0.11794101446866989,-0.005387841258198023,0.016282832249999046
1789059098099117800,8.974117919921875,-0.12923601269721985,0.00045300371129997075,0.050342265516519547
1789059098109127700,8.984127685546875,-0.06169692054390907,-0.11143731325864792,0.09597659856081009
1789059098119137500,8.994137451171875,-0.004303668159991503,-0.15690146386623383,0.09408282488584518
1789059098129147600,9.004147705078125,-0.07281508296728134,-0.12593795359134674,-0.015120629221200943
1789059098139157500,9.014157470703125,-0.2543505132198334,0.015329687856137753,-0.04622049257159233
1789059098149167600,9.024167724609375,-0.38459721207618713,0.11053716391324997,-0.12283990532159805
1789059098159177500,9.034177490234375,-0.2932366728782654,0.0741027221083641,-0.1050739511847496
1789059098169187600,9.0441875,-0.16145813465118408,-0.007244330830872059,0.01666126772761345
1789059098179197400,9.054197509765626,-0.1377088576555252,-0.06889970600605011,0.0777970626950264
1789059098189207600,9.06420751953125,-0.11890694499015808,-0.0800652727484703,0.11636868864297867
1789059098199217700,9.0742177734375,-0.09941047430038452,-0.08333270996809006,0.023635288700461388
1789059098209227500,9.0842275390625,-0.10876908898353577,-0.04617202281951904,-0.04390780255198479
1789059098219237600,9.094237548828126,-0.10622017830610275,-0.034934815019369125,-0.02694772742688656
1789059098229247500,9.10424755859375,-0.12433499842882156,-0.01978968270123005,-0.024094950407743454
1789059098239257600,9.114257568359376,-0.11435640603303909,-0.024022512137889862,-0.030010363087058067
1789059098249267500,9.124267333984376,-0.07693126797676086,-0.030715834349393845,-0.014874819666147232
1789059098259277600,9.134277587890624,-0.06234939396381378,-0.05619136616587639,-0.00797456968575716
1789059098269287700,9.14428759765625,-0.031932100653648376,-0.0732174888253212,0.04928099736571312
1789059098279297500,9.154297607421874,-0.058821238577365875,-0.05897756665945053,0.043175432831048965
1789059098289307600,9.1643076171875,-0.11004394292831421,-0.03895485773682594,0.016990700736641884
1789059098299317500,9.1743173828125,-0.133148193359375,-0.019410450011491776,-0.01835983246564865
1789059098309327600,9.18432763671875,-0.14039838314056396,-0.010431068949401379,0.015843411907553673
1789059098319337700,9.194337646484374,-0.1208939328789711,-0.036615267395973206,-0.004248008131980896
1789059098329347600,9.20434765625,-0.10117695480585098,-0.04723808541893959,-0.02346671000123024
1789059098339357700,9.214357666015625,-0.10745375603437424,-0.048829589039087296,-0.015686284750699997
1789059098349367600,9.224367431640625,-0.0839923694729805,-0.07562525570392609,-0.014210627414286137
1789059098359377700,9.234377685546875,-0.07815632224082947,-0.0647457093000412,0.018928151577711105
1789059098369387500,9.244387451171875,-0.06380534172058105,-0.07433228939771652,0.029144836589694023
1789059098379397600,9.254397705078125,-0.06603041291236877,-0.06661125272512436,0.02292795293033123
1789059098389407700,9.26440771484375,-0.08398491144180298,-0.051842156797647476,0.010435597039759159
1789059098399417600,9.27441748046875,-0.08217529952526093,-0.07285689562559128,-0.012410596944391727
1789059098409427700,9.284427734375,-0.05035984143614769,-0.057966362684965134,0.020447751507163048
1789059098419437600,9.2944375,-0.03842941299080849,-0.07144515216350555,-0.0026495789643377066
1789059098429447700,9.30444775390625,-0.016507336869835854,-0.0806136205792427,0.02574584260582924
1789059098439456800,9.314456787109375,-0.011472364887595177,-0.08716606348752975,0.0016058861510828137
1789059098449466600,9.324466552734375,-0.015110509470105171,-0.08650027215480804,-0.026985811069607735
1789059098459476700,9.334476806640625,0.00827018078416586,-0.08055316656827927,-0.02648060955107212
1789059098469486600,9.344486572265625,0.02339906617999077,-0.08426427841186523,0.000621848099399358
1789059098479498800,9.354498779296875,0.04235677793622017,-0.08713170886039734,0.011294466443359852
1789059098489508600,9.364508544921875,0.03141384944319725,-0.08907661586999893,0.009363940916955471
1789059098499518700,9.374518798828126,0.024563932791352272,-0.09183751046657562,-0.029446572065353394
1789059098509528600,9.384528564453126,0.031257256865501404,-0.08541876077651978,-0.015996010974049568
1789059098519538700,9.39453857421875,0.023603595793247223,-0.09250330179929733,-0.009299758821725845
1789059098529548500,9.404548583984376,0.023749537765979767,-0.09301196783781052,0.03184235095977783
1789059098539558700,9.41455859375,0.02087572030723095,-0.10034338384866714,0.0034679684322327375
1789059098549567700,9.424567626953126,0.01781841181218624,-0.09591321647167206,0.022344186902046204
1789059098559577600,9.43457763671875,0.009407083503901958,-0.10972756147384644,0.006579605862498283
1789059098569587700,9.444587646484376,0.0076422072015702724,-0.11066979169845581,0.02496473863720894
1789059098579597800,9.454597900390626,-0.01076982356607914,-0.10547342896461487,0.010974620468914509
1789059098589607700,9.464607666015626,-0.024955684319138527,-0.11012250930070877,-0.02648567035794258
1789059098599617800,9.47461767578125,-0.03586399182677269,-0.09706423431634903,-0.009943177923560143
1789059098609627600,9.484627685546876,-0.0354008674621582,-0.10997842997312546,-0.03127136826515198
1789059098619637800,9.4946376953125,-0.022459236904978752,-0.10847108066082001,0.027284085750579834
1789059098629647600,9.504647705078124,-0.020915934816002846,-0.11885927617549896,-0.011561847291886806
1789059098639657700,9.51465771484375,-0.016406670212745667,-0.10152263194322586,0.03309936448931694
1789059098649667800,9.524667724609374,-0.008803877979516983,-0.11395373195409775,0.010838799178600311
1789059098659677700,9.534677734375,0.0010128001449629664,-0.09612493216991425,0.029587719589471817
1789059098669687800,9.544687744140624,0.03146018832921982,-0.09633345901966095,0.0005219795857556164
1789059098679697700,9.55469775390625,0.07490620017051697,-0.09782057255506516,-0.010640660300850868
1789059098689707800,9.564707763671874,0.10975658893585205,-0.07960587739944458,-0.0062733422964811325
1789059098699718000,9.5747177734375,0.13365793228149414,-0.07529634982347488,-0.02219478413462639
1789059098709727700,9.584727783203125,0.16704171895980835,-0.061171211302280426,-0.014475611969828606
1789059098719737900,9.59473779296875,0.19627124071121216,-0.05703532323241234,-0.018861837685108185
1789059098729747700,9.604747802734375,0.21321560442447662,-0.055138085037469864,0.005321528296917677
1789059098739757800,9.6147578125,0.21825137734413147,-0.040833983570337296,0.032115593552589417
1789059098749767700,9.624767578125,0.21696346998214722,-0.019395003095269203,0.07505666464567184
1789059098759777800,9.63477783203125,0.21525424718856812,-0.02027437835931778,0.04517147317528725
1789059098769788000,9.644787841796875,0.2155088484287262,-0.006925283931195736,0.01047367975115776
1789059098779797800,9.6547978515625,0.22677083313465118,-0.018851717934012413,-0.0008349010022357106
1789059098789806800,9.664806884765625,0.24272209405899048,-0.01130831427872181,0.022758575156331062
1789059098799816000,9.67481591796875,0.23987437784671783,-0.009278985671699047,-0.010673416778445244
1789059098809825800,9.68482568359375,0.23373472690582275,-0.012777847237884998,-0.01654222421348095
1789059098819836000,9.6948359375,0.21743512153625488,-0.008494684472680092,-0.035948947072029114
1789059098829846000,9.704845947265625,0.19720707833766937,0.018869029358029366,0.011176488362252712
1789059098839855900,9.71485595703125,0.2062050998210907,0.00986434891819954,0.03814791887998581
1789059098849866000,9.724865966796875,0.23210486769676208,-0.03117736056447029,0.01299409568309784
1789059098859875800,9.734875732421875,0.2416728138923645,-0.03593483194708824,0.003385676769539714
1789059098869886000,9.744885986328125,0.18819867074489594,0.00002103897168126423,-0.0003281014505773783
1789059098879895800,9.754895751953125,0.16870060563087463,0.022103704512119293,-0.010124805383384228
1789059098889905700,9.76490576171875,0.17472413182258606,0.03303757682442665,-0.027051057666540146
1789059098899915800,9.774915771484375,0.17609912157058716,0.01432301290333271,-0.02244698628783226
1789059098909925600,9.784925537109375,0.1809929609298706,0.010326673276722431,0.006749515421688557
1789059098919935700,9.794935791015625,0.1796049177646637,0.01721493899822235,0.02738714963197708
1789059098929945600,9.804945556640625,0.16652320325374603,0.016286294907331467,0.05589016526937485
1789059098939955700,9.814955810546875,0.1351969689130783,0.04020574316382408,0.06639499962329865
1789059098949965800,9.8249658203125,0.1023615226149559,0.04469875991344452,0.023847809061408043
1789059098959975700,9.8349755859375,0.1025996133685112,0.04020174965262413,-0.018725218251347542
1789059098969985800,9.84498583984375,0.11127645522356033,0.041543181985616684,-0.013291037641465664
1789059098979995600,9.85499560546875,0.10837893933057785,0.030293989926576614,-0.011552260257303715
1789059098990005800,9.865005859375,0.12527403235435486,0.03170759603381157,0.0337049663066864
1789059099000015600,9.875015625,0.14161226153373718,0.04840242117643356,0.01685834303498268
1789059099010025700,9.885025634765626,0.1486709713935852,0.03734497353434563,0.00315984059125185
1789059099020035800,9.895035888671876,0.17068305611610413,0.037459492683410645,-0.0070882695727050304
1789059099030045700,9.905045654296876,0.17889304459095,0.04903305694460869,0.02624412067234516
1789059099040055800,9.915055908203126,0.18648386001586914,0.045038048177957535,0.014636733569204807
1789059099050065700,9.925065673828126,0.19133694469928741,0.07108642905950546,0.00749040674418211
1789059099060075800,9.93507568359375,0.1806856244802475,0.07663831859827042,-0.04048164561390877
1789059099070086000,9.9450859375,0.18631768226623535,0.08544619381427765,-0.04659013822674751
1789059099080095700,9.955095703125,0.2157496064901352,0.07146140187978745,-0.023959660902619362
1789059099090105900,9.96510595703125,0.23915691673755646,0.08298037201166153,0.0020301276817917824
1789059099100115700,9.97511572265625,0.23287080228328705,0.10484679043292999,0.0399109311401844
1789059099110125800,9.985125732421874,0.24789714813232422,0.07293226569890976,0.049144111573696136
1789059099120135700,9.9951357421875,0.252094030380249,0.10226192325353622,0.04603247344493866
1789059099130145800,10.005145751953124,0.23434671759605408,0.0872076079249382,0.013839116320014
1789059099140156000,10.015156005859374,0.18708492815494537,0.10945431888103485,-0.051475442945957184
1789059099150165800,10.025165771484374,0.12578855454921722,0.14709223806858063,0.043891824781894684
1789059099160175900,10.03517578125,0.09797316789627075,0.12274855375289917,0.03253397345542908
1789059099170185700,10.045185791015625,0.11091479659080505,0.13909584283828735,-0.003944674041122198
1789059099180195800,10.05519580078125,0.11291856318712234,0.1275465041399002,0.03748585656285286
1789059099190205700,10.065205810546875,0.09831458330154419,0.09188385307788849,0.004135889001190662
1789059099200215800,10.0752158203125,0.08979246765375137,0.11619531363248825,0.0680733248591423
1789059099210226000,10.085225830078125,0.048041295260190964,0.12848101556301117,0.055697351694107056
1789059099220235800,10.09523583984375,0.022068284451961517,0.13966895639896393,0.06447752565145493
1789059099230246000,10.105245849609375,-0.021202489733695984,0.14592178165912628,0.016580041497945786
1789059099240255700,10.115255859375,-0.00956953689455986,0.10981065034866333,-0.01841389387845993
1789059099250265900,10.125265869140625,-0.04975929856300354,0.08539825677871704,-0.0966849997639656
1789059099260276000,10.13527587890625,-0.12097062915563583,0.11301496624946594,-0.04144517704844475
1789059099270285800,10.145285888671875,-0.14351429045200348,0.13937413692474365,0.0012828446924686432
1789059099280296000,10.1552958984375,-0.147344708442688,0.09492917358875275,0.0054632085375487804
1789059099290305800,10.165305908203125,-0.16524967551231384,0.10248296707868576,0.04349581152200699
1789059099300316000,10.17531591796875,-0.18818801641464233,0.09426285326480865,0.04362524300813675
1789059099310325000,10.185324951171875,-0.22216808795928955,0.08160751312971115,0.017621338367462158
1789059099320334800,10.1953349609375,-0.24615304172039032,0.08850616216659546,-0.00010146643762709573
1789059099330345000,10.205344970703125,-0.29490646719932556,0.07552777975797653,-0.026221217587590218
1789059099340354800,10.215354736328125,-0.3005465269088745,0.05927983671426773,0.0034525219816714525
1789059099350365000,10.225364990234375,-0.29134076833724976,0.07437436282634735,-0.0026642263401299715
1789059099360375000,10.235375,-0.273430734872818,0.06365408003330231,0.027576500549912453
1789059099370384600,10.245384521484375,-0.2720024883747101,0.047871120274066925,0.006658701691776514
1789059099380394800,10.255394775390625,-0.22349913418293,0.05220993980765343,0.032339829951524734
1789059099390404600,10.265404541015625,-0.20825280249118805,0.0381588377058506,0.0028996497858315706
1789059099400414700,10.275414794921875,-0.21035617589950562,0.044309407472610474,0.0018210695125162601
1789059099410424800,10.2854248046875,-0.21407900750637054,0.052068792283535004,-0.0001174454009742476
1789059099420434700,10.2954345703125,-0.21765802800655365,0.06047585979104042,-0.005858421791344881
1789059099430444800,10.30544482421875,-0.2048887014389038,0.0503246895968914,-0.01919233612716198
1789059099440454700,10.31545458984375,-0.18832437694072723,0.058336544781923294,-0.02768781967461109
1789059099450464800,10.32546484375,-0.18669238686561584,0.04384575039148331,-0.025124527513980865
1789059099460474600,10.335474609375,-0.18809986114501953,0.04653368145227432,0.0020487697329372168
1789059099470484700,10.345484619140626,-0.17929279804229736,0.04933612421154976,0.042333342134952545
1789059099480494800,10.355494873046876,-0.17479977011680603,0.03707998991012573,0.08067194372415543
1789059099490504700,10.365504638671876,-0.15974998474121094,0.018848521634936333,0.06614013761281967
1789059099500514800,10.375514892578124,-0.16535833477973938,0.02105468511581421,0.03608663007616997
1789059099510524700,10.385524658203124,-0.19396281242370605,0.011184477247297764,-0.09316322952508926
1789059099520534800,10.39553466796875,-0.18903356790542603,-0.000592287047766149,-0.07747747749090195
1789059099530544600,10.405544677734374,-0.1814478188753128,0.009003615006804466,0.04409236088395119
1789059099540554800,10.4155546875,-0.1940714716911316,0.0017603494925424457,0.003832288784906268
1789059099550564900,10.42556494140625,-0.17671085894107819,-0.021471736952662468,0.034749459475278854
1789059099560574700,10.43557470703125,-0.16541984677314758,-0.009666475467383862,0.12051070481538773
1789059099570584800,10.445584716796875,-0.12678377330303192,-0.045817553997039795,0.053589191287755966
1789059099580594700,10.4555947265625,-0.0825854241847992,-0.07309285551309586,0.037633128464221954
1789059099590604800,10.465604736328125,-0.09224630892276764,-0.05794639140367508,-0.02340412512421608
1789059099600615000,10.475614990234375,-0.09403461962938309,-0.059669189155101776,-0.08775435388088226
1789059099610624800,10.485624755859375,-0.14370496571063995,-0.049359291791915894,-0.07518822699785233
1789059099620635000,10.495634765625,-0.17590472102165222,-0.010778611525893211,0.011179417371749878
1789059099630644700,10.505644775390625,-0.12545166909694672,-0.02859223075211048,0.07449501007795334
1789059099640654800,10.51565478515625,-0.06596703082323074,-0.06796014308929443,0.08599773049354553
1789059099650664700,10.525664794921875,-0.03141384944319725,-0.07949988543987274,0.03930559381842613
1789059099660674800,10.5356748046875,-0.026616696268320084,-0.09241248667240143,0.01661333069205284
1789059099670685000,10.545684814453125,-0.052798498421907425,-0.07811877131462097,-0.025739451870322227
1789059099680694800,10.55569482421875,-0.05121232196688652,-0.06885603070259094,-0.022517293691635132
1789059099690705000,10.565704833984375,-0.0444130040705204,-0.06396779417991638,-0.0332048237323761
1789059099700714800,10.57571484375,-0.05029592663049698,-0.04776672273874283,0.007919175550341606
1789059099710724900,10.585724853515625,-0.010926949791610241,-0.06687463819980621,0.02594318427145481
1789059099720734700,10.595734619140625,0.03650607913732529,-0.07990068942308426,0.034746263176202774
1789059099730744800,10.605744873046875,0.06765308231115341,-0.08326559513807297,0.022705579176545143
1789059099740755000,10.6157548828125,0.07604336738586426,-0.079359270632267,-0.006383596919476986
1789059099750764800,10.625764892578125,0.07599596679210663,-0.06397631764411926,0.016717728227376938
1789059099760775000,10.63577490234375,0.0838237926363945,-0.06478964537382126,0.04296956956386566
1789059099770784800,10.64578466796875,0.053094908595085144,-0.048540372401475906,0.025675801560282707
1789059099780795000,10.655794921875,0.01537416223436594,-0.024141555652022362,0.00649731419980526
1789059099790804700,10.6658046875,0.05995521321892738,-0.05372128635644913,-0.03218536823987961
1789059099800813800,10.675813720703125,0.06571749597787857,-0.047086287289857864,-0.006690393202006817
1789059099810824000,10.685823974609375,0.049560096114873886,-0.056474193930625916,0.003591006388887763
1789059099820834000,10.695833984375,0.062303055077791214,-0.049007490277290344,0.02382756769657135
1789059099830844000,10.705843994140626,0.054544467478990555,-0.034261032938957214,0.030399184674024582
1789059099840854000,10.71585400390625,0.0358637236058712,-0.023856597021222115,0.046125683933496475
1789059099850863900,10.72586376953125,0.037992920726537704,-0.04000866785645485,0.054897602647542953
1789059099860874000,10.7358740234375,0.020228838548064232,-0.005146026145666838,0.04771053045988083
1789059099870883800,10.7458837890625,-0.0046506780199706554,-0.010686999186873436,-0.021277591586112976
1789059099880894000,10.75589404296875,-0.008709602057933807,-0.04960563778877258,-0.12879659235477448
1789059099890904000,10.765904052734374,-0.01248303521424532,-0.03401442617177963,0.09044041484594345
1789059099900914000,10.775913818359374,-0.011054248549044132,-0.008435030467808247,0.020240822806954384
1789059099910924000,10.785924072265624,-0.07977499067783356,0.005770271178334951,0.04947806894779205
1789059099920934000,10.795933837890624,-0.10208828747272491,0.01438160240650177,0.024212662130594254
1789059099930944000,10.805944091796874,-0.11418835818767548,0.011560249142348766,0.04183905944228172
1789059099940953900,10.815953857421874,-0.11624564975500107,-0.0024080302100628614,0.002269279444590211
1789059099950964000,10.8259638671875,-0.1047530472278595,-0.0041305627673864365,0.013140303082764149
1789059099960974000,10.83597412109375,-0.1217900812625885,-0.004255465231835842,-0.0034325483720749617
1789059099970984000,10.84598388671875,-0.14999641478061676,-0.009836118668317795,-0.009786850772798061
1789059099980994000,10.855994140625,-0.1497569978237152,-0.014217285439372063,-0.03345382958650589
1789059099991004000,10.86600390625,-0.1532638520002365,-0.014124607667326927,-0.049203500151634216
1789059100001014000,10.876013916015625,-0.15604445338249207,-0.01038339827209711,-0.011172226630151272
1789059100011024000,10.88602392578125,-0.15287689864635468,0.0008189220097847283,0.03443014621734619
1789059100021034000,10.896033935546875,-0.12968608736991882,-0.008927448652684689,0.05716235563158989
1789059100031044000,10.906044189453125,-0.09137598425149918,-0.0025931198615580797,0.04787937551736832
1789059100041054000,10.916053955078125,-0.08245812356472015,-0.0180509053170681,-0.00824727676808834
1789059100051064000,10.92606396484375,-0.07994010299444199,-0.0025212145410478115,0.0006897587445564568
1789059100061074000,10.936073974609375,-0.08119072765111923,0.0201627928763628,0.0016562198288738728
1789059100071084000,10.946083984375,-0.08561903238296509,0.017252756282687187,0.009493370540440083
1789059100081094100,10.95609423828125,-0.07732967287302017,0.017474064603447914,0.00791624654084444
1789059100091104000,10.96610400390625,-0.07946605980396271,0.02599458210170269,0.018675683066248894
1789059100101114000,10.976114013671875,-0.07569902390241623,0.0012958941515535116,-0.018611235544085503
1789059100111124000,10.9861240234375,-0.06042153388261795,0.006770288106054068,-0.005104480776935816
1789059100121134000,10.996134033203125,-0.0715990886092186,0.005525260232388973,-0.0029201561119407415
1789059100131144000,11.00614404296875,-0.07625216245651245,0.012371448799967766,0.016279904171824455
1789059100141154000,11.016154052734375,-0.0740920677781105,0.014448181726038456,-0.0011028150329366326
1789059100151164000,11.026163818359375,-0.05962764471769333,-0.007704791147261858,-0.05531518533825874
1789059100161173800,11.036173828125,-0.07148031145334244,0.007891212590038776,-0.02816931903362274
1789059100171183900,11.046183837890625,-0.07185528427362442,0.007053648587316275,0.0038812910206615925
1789059100181193700,11.05619384765625,-0.05542464181780815,0.008049936965107918,0.028404476121068
1789059100191203800,11.066203857421876,-0.042627353221178055,-0.0013185309944674373,0.035224832594394684
1789059100201214000,11.0762138671875,-0.03698677942156792,0.004770786967128515,0.037400368601083755
1789059100211223800,11.086223876953126,-0.031864456832408905,-0.003091397462412715,0.007172158919274807
1789059100221234000,11.09623388671875,-0.030886011198163033,-0.004835767671465874,-0.009108809754252434
1789059100231243800,11.106243896484376,-0.03446822986006737,-0.006084257736802101,-0.02094123512506485
1789059100241254000,11.11625390625,-0.04104916751384735,0.006916761863976717,-0.010150372050702572
1789059100251263700,11.126263671875,-0.04376692324876785,-0.012561597861349583,-0.019185412675142288
1789059100261273900,11.13627392578125,-0.03542882949113846,0.004848817363381386,0.0033212280832231045
1789059100271284000,11.146283935546874,-0.039204925298690796,-0.0036370791494846344,0.013587714172899723
1789059100281292800,11.156292724609376,-0.04728655517101288,-0.013346964493393898,0.0300202164798975
1789059100291303000,11.166302978515626,-0.05083628371357918,-0.01218742411583662,0.021809425204992294
1789059100301313000,11.17631298828125,-0.056170329451560974,-0.03117629513144493,0.02021525613963604
1789059100311323000,11.186322998046874,-0.06865895539522171,-0.027102457359433174,0.00009081379539566115
1789059100321333000,11.1963330078125,-0.10175618529319763,-0.018854115158319473,-0.014976552687585354
1789059100331342800,11.2063427734375,-0.11905848234891891,-0.032759010791778564,-0.025495773181319237
1789059100341353000,11.21635302734375,-0.1452253758907318,-0.03245408087968826,0.00045353634050115943
1789059100351362800,11.22636279296875,-0.1547195315361023,-0.03524906560778618,0.015517973341047764
1789059100361373000,11.236373046875,-0.14395929872989655,-0.0478878952562809,0.029647907242178917
1789059100371383000,11.246383056640624,-0.14570394158363342,-0.07813528180122375,0.00256462418474257
1789059100381393000,11.256392822265624,-0.1638680249452591,-0.07116818428039551,0.03272758796811104
1789059100391403000,11.266403076171875,-0.17216937243938446,-0.05932297930121422,0.042991939932107925
1789059100401412900,11.276412841796875,-0.1675375998020172,-0.08067779988050461,0.02479110099375248
1789059100411423000,11.286423095703125,-0.15057086944580078,-0.09184630215167999,-0.022185729816555977
1789059100421433000,11.29643310546875,-0.1447145789861679,-0.09480533748865128,-0.021682925522327423
1789059100431443000,11.30644287109375,-0.14801450073719025,-0.10011887550354004,-0.003316967049613595
1789059100441453000,11.316453125,-0.13136841356754303,-0.08831148594617844,-0.02166081964969635
1789059100451463000,11.326462890625,-0.11366265267133713,-0.08537109196186066,-0.010402306914329529
1789059100461473000,11.33647314453125,-0.09234990179538727,-0.10706200450658798,-0.009032643400132656
1789059100471483000,11.34648291015625,-0.06752338260412216,-0.09491479396820068,0.04950390383601189
1789059100481493000,11.356492919921875,-0.0401383638381958,-0.09572146832942963,0.053847786039114
1789059100491503000,11.366503173828125,-0.024987109005451202,-0.10391467809677124,0.028857214376330376
1789059100501513000,11.376512939453125,-0.00959696713835001,-0.09580721706151962,-0.0005174521938897669
1789059100511523000,11.386523193359375,0.007835285738110542,-0.08649308234453201,-0.03629249334335327
1789059100521533000,11.396532958984375,0.05306348577141762,-0.08460915833711624,-0.037149231880903244
1789059100531543000,11.40654296875,0.09382928907871246,-0.08101948350667953,-0.04182068258523941
1789059100541553000,11.416552978515625,0.1391429752111435,-0.07350724190473557,0.008073905482888222
1789059100551563000,11.42656298828125,0.1864311248064041,-0.06805708259344101,0.029332322999835014
1789059100561573000,11.436572998046875,0.21940451860427856,-0.057673417031764984,0.06469856947660446
1789059100571583000,11.4465830078125,0.23740775883197784,-0.06753004342317581,0.042928025126457214
1789059100581593000,11.456593017578125,0.24535277485847473,-0.05518336221575737,0.01546550914645195
1789059100591603000,11.46660302734375,0.2095811814069748,-0.054189734160900116,-0.017247429117560387
1789059100601613000,11.476613037109376,0.18069733679294586,-0.040771931409835815,-0.019025355577468872
1789059100611623200,11.486623046875,0.15034982562065125,-0.034443195909261703,0.017557421699166298
1789059100621633000,11.496633056640626,0.1407155692577362,-0.027178358286619186,0.0009326389990746975
1789059100631643000,11.506642822265626,0.17084604501724243,-0.0453118197619915,0.04085661843419075
1789059100641652700,11.51665283203125,0.16487257182598114,-0.05441717058420181,-0.03753006458282471
1789059100651662800,11.526662841796876,0.1488395482301712,-0.035716719925403595,-0.008347145281732082
1789059100661672700,11.536672607421876,0.13262303173542023,-0.045591454952955246,-0.023623570799827576
1789059100671682800,11.546682861328126,0.11689838767051697,-0.041554100811481476,0.0023555660154670477
1789059100681693000,11.55669287109375,0.10059025883674622,-0.03308258578181267,-0.004061587154865265
1789059100691702300,11.566702392578126,0.10153354704380035,-0.040049947798252106,-0.02196149155497551
1789059100701712400,11.57671240234375,0.06433477997779846,-0.03801422566175461,-0.04218420386314392
1789059100711722500,11.586722412109374,0.045768287032842636,-0.04138312488794327,-0.020736170932650566
1789059100721732400,11.596732421875,0.027272900566458702,-0.02918078936636448,0.02190370112657547
1789059100731742500,11.606742431640624,-0.0006410228670574725,-0.04548226296901703,0.018431205302476883
1789059100741752300,11.61675244140625,-0.010931476950645447,-0.04477066546678543,0.017283115535974503
1789059100751762400,11.626762451171874,-0.021978534758090973,-0.05537058040499687,-0.004277835600078106
1789059100761772300,11.636772216796874,-0.03785843402147293,-0.06319920718669891,-0.020439228042960167
1789059100771781400,11.646781494140624,-0.07330803573131561,-0.04723648726940155,-0.02539936639368534
1789059100781791500,11.65679150390625,-0.09081778675317764,-0.033177658915519714,-0.00878896377980709
1789059100791801300,11.66680126953125,-0.08771626651287079,-0.04699520394206047,0.013977334834635258
1789059100801811500,11.6768115234375,-0.0851505771279335,-0.05414313077926636,0.0059873186983168125
1789059100811821600,11.686821533203124,-0.06474650651216507,-0.06837958842515945,0.0009827064350247383
1789059100821831400,11.69683154296875,-0.03483574464917183,-0.0871167927980423,-0.003364637726917863
1789059100831841500,11.706841552734375,-0.04158179834485054,-0.08963747322559357,0.00986434891819954
1789059100841851400,11.716851318359375,-0.058455053716897964,-0.07908336818218231,0.005057076457887888
1789059100851861500,11.726861572265625,-0.06396380066871643,-0.06924378871917725,0.019651997834444046
1789059100861871400,11.736871337890625,-0.06432545930147171,-0.07960694283246994,0.035115376114845276
1789059100871881500,11.746881591796875,-0.03587943688035011,-0.09618086367845535,0.02364114671945572
1789059100881891600,11.7568916015625,-0.023331156000494957,-0.09899236261844635,0.019336679950356483
1789059100891901400,11.7669013671875,-0.013835654594004154,-0.10857494920492172,-0.005074919667094946
1789059100901911600,11.77691162109375,-0.005446164403110743,-0.10585053265094757,0.007480819243937731
1789059100911921400,11.78692138671875,-0.0002764361270237714,-0.10223555564880371,0.0025124261155724525
1789059100921931500,11.796931640625,0.015838084742426872,-0.07972811907529831,0.04703754931688309
1789059100931941600,11.806941650390625,0.02773868665099144,-0.09951487183570862,0.05162084847688675
1789059100941951200,11.816951171875,0.050286874175071716,-0.09526073932647705,0.05910752713680267
1789059100951961300,11.82696142578125,0.0739583820104599,-0.08953281491994858,0.009674731642007828
1789059100961971200,11.83697119140625,0.08641265332698822,-0.09587646275758743,-0.009437443688511848
1789059100971981300,11.846981201171875,0.09451612085103989,-0.09307508170604706,0.010176737792789936
1789059100981991200,11.8569912109375,0.08848858624696732,-0.07952119410037994,-0.025197764858603477
1789059100992001300,11.867001220703125,0.07839573919773102,-0.051848284900188446,-0.0033625070936977863
1789059101002011400,11.877011474609375,0.0986488088965416,-0.05921991541981697,-0.018282068893313408
1789059101012021200,11.887021240234375,0.13507366180419922,-0.07445532828569412,0.0496639609336853
1789059101022031400,11.89703125,0.14855964481830597,-0.07335064560174942,0.0341142937541008
1789059101032041200,11.907041259765625,0.13346858322620392,-0.04792225360870361,0.037520211189985275
1789059101042051300,11.91705126953125,0.11718068271875381,-0.03470525145530701,-0.0006474144756793976
1789059101052061400,11.9270615234375,0.11021865159273148,-0.04280126094818115,0.0039175101555883884
1789059101062071300,11.9370712890625,0.12853799760341644,-0.062360312789678574,-0.017074856907129288
1789059101072081400,11.947081298828126,0.12651187181472778,-0.05049779638648033,0.002127066720277071
1789059101082091300,11.95709130859375,0.13336871564388275,-0.058991413563489914,0.017182981595396996
1789059101092101400,11.967101318359376,0.14063221216201782,-0.0640503540635109,0.01302418950945139
1789059101102111200,11.977111328125,0.12982110679149628,-0.062366437166929245,0.03666240721940994
1789059101112121300,11.987121337890626,0.1390383094549179,-0.060257747769355774,0.01811056025326252
1789059101122131500,11.99713134765625,0.1264287829399109,-0.05360836535692215,0.03340962156653404
1789059101132141300,12.007141357421874,0.12178502231836319,-0.04832066223025322,0.004988367203623056
1789059101142151400,12.0171513671875,0.10075643658638,-0.041120804846286774,0.03181705251336098
1789059101152161300,12.027161376953124,0.09615609049797058,-0.05609442666172981,-0.02443237230181694
1789059101162171400,12.03717138671875,0.08713064342737198,-0.04993746429681778,0.018699651584029198
1789059101172181200,12.04718115234375,0.11390180140733719,-0.06197415664792061,-0.05403047800064087
1789059101182191400,12.05719140625,0.11134196817874908,-0.09253019839525223,-0.020500214770436287
1789059101192201500,12.067201416015624,0.12320715188980103,-0.07016923278570175,-0.033005353063344955
1789059101202210300,12.077210205078124,0.09380905330181122,-0.08298783004283905,0.020869063213467598
1789059101212220400,12.087220458984374,0.09425273537635803,-0.06853272020816803,-0.006819556467235088
1789059101222230500,12.09723046875,0.07497411221265793,-0.06160397455096245,-0.03068733960390091
1789059101232240400,12.107240478515624,0.08274601399898529,-0.04192214831709862,-0.048042625188827515
1789059101242250500,12.11725048828125,0.08276864886283875,-0.06532654166221619,-0.0191409382969141
1789059101252260400,12.12726025390625,0.07660982012748718,-0.06491002440452576,0.02161315083503723
1789059101262270500,12.1372705078125,0.09388361871242523,-0.07635629177093506,0.031003456562757492
1789059101272280600,12.147280517578125,0.10729583352804184,-0.08808724582195282,0.018306568264961243
1789059101282290400,12.15729052734375,0.09953031688928604,-0.07966446876525879,-0.006272543221712112
1789059101292300500,12.167300537109375,0.0988626629114151,-0.06324981153011322,-0.0009382316493429244
1789059101302310400,12.177310302734375,0.10552509129047394,-0.0734688937664032,-0.022310364991426468
1789059101312320500,12.187320556640625,0.12254615873098373,-0.04975290969014168,0.006043777801096439
1789059101322330400,12.197330322265625,0.15346971154212952,-0.06126229092478752,0.015448198653757572
1789059101332340500,12.207340576171875,0.2056034952402115,-0.05697194114327431,0.0025124261155724525
1789059101342350600,12.2173505859375,0.24131248891353607,-0.03955380246043205,0.0093303844332695
1789059101352360400,12.2273603515625,0.2791344225406647,-0.04424415901303291,-0.00933091714978218
1789059101362370600,12.23737060546875,0.2912161350250244,-0.0279711801558733,0.011610849760472775
1789059101372380400,12.24738037109375,0.30012625455856323,-0.018731342628598213,0.035052791237831116
1789059101382390500,12.257390625,0.31394141912460327,0.006620085798203945,0.036850426346063614
1789059101392400400,12.267400390625,0.31119251251220703,0.025317607447504997,-0.006650445982813835
1789059101402410500,12.277410400390625,0.3199521601200104,0.03401415795087814,-0.024459270760416985
1789059101412420600,12.287420654296875,0.3226454257965088,0.026547187939286232,-0.028443625196814537
1789059101422430200,12.29743017578125,0.33196648955345154,0.03243304044008255,-0.0007882956997491419
1789059101432440300,12.3074404296875,0.34752732515335083,0.012590359896421432,0.022348182275891304
1789059101442450200,12.3174501953125,0.33050867915153503,0.029193837195634842,0.0292979683727026
1789059101452460300,12.327460205078125,0.2772563695907593,0.06383490562438965,0.05385817214846611
1789059101462470400,12.337470458984376,0.2576856017112732,0.06624186784029007,0.033252496272325516
1789059101472480300,12.347480224609376,0.24375593662261963,0.07240868359804153,0.0005169195355847478
1789059101482490400,12.357490478515626,0.22800306975841522,0.054611846804618835,-0.02605157345533371
1789059101492500200,12.367500244140626,0.23269449174404144,0.0520956926047802,0.01649641804397106
1789059101502510300,12.37751025390625,0.2401881068944931,0.06246231123805046,0.010693657211959362
1789059101512520200,12.387520263671876,0.23258744180202484,0.07076871395111084,0.01564900018274784
1789059101522530300,12.3975302734375,0.21465983986854553,0.06823790818452835,0.024119185283780098
1789059101532540400,12.40754052734375,0.19283495843410492,0.08766140788793564,0.06375927478075027
1789059101542550300,12.41755029296875,0.16787022352218628,0.10045896470546722,0.049276202917099
1789059101552560400,12.427560302734374,0.15853744745254517,0.10332053154706955,-0.001564873498864472
1789059101562570200,12.4375703125,0.13959650695323944,0.11342509835958481,-0.06424476951360703
1789059101572580400,12.447580322265624,0.13617701828479767,0.10398951917886734,-0.08520038425922394
1789059101582590500,12.457590576171874,0.13218866288661957,0.11072517931461334,-0.0653662234544754
1789059101592600300,12.467600341796874,0.12868714332580566,0.11397237330675125,-0.02726837247610092
1789059101602609400,12.477609375,0.12932603061199188,0.09119223058223724,0.005508482456207275
1789059101612619500,12.48761962890625,0.12066702544689178,0.10710062086582184,0.04020813852548599
1789059101622629400,12.49762939453125,0.09784720093011856,0.1091853454709053,0.032653018832206726
1789059101632639500,12.507639404296874,0.0965755432844162,0.10770409554243088,0.01930924877524376
1789059101642649300,12.5176494140625,0.04514111205935478,0.1216859519481659,-0.047378700226545334
1789059101652659500,12.527659423828124,0.01064864918589592,0.12149927020072937,-0.05609895661473274
1789059101662669300,12.53766943359375,-0.02118384838104248,0.13122539222240448,0.004095675423741341
1789059101672679400,12.547679443359375,-0.04243827238678932,0.10665401071310043,-0.006163353566080332
1789059101682689500,12.557689453125,-0.01191072165966034,0.09513743221759796,0.0306380707770586
1789059101692700200,12.5677001953125,-0.00740225613117218,0.06506714969873428,-0.0368373766541481
1789059101702710300,12.577710205078125,-0.02925136312842369,0.0925765410065651,-0.010457967408001423
1789059101712720100,12.58772021484375,-0.03219255805015564,0.07828149199485779,-0.015732623636722565
1789059101722730200,12.597730224609375,-0.044810615479946136,0.0999327227473259,0.018428541719913483
1789059101732740000,12.607739990234375,-0.04968659579753876,0.0994940996170044,-0.01426468975841999
1789059101742750200,12.617750244140625,-0.041071269661188126,0.08154039829969406,-0.019534552469849586
1789059101752760000,12.627760009765625,-0.04824715852737427,0.10927455872297287,0.0044014062732458115
1789059101762770200,12.637770263671875,-0.03266660124063492,0.0963507741689682,0.029814088717103004
1789059101772780000,12.647780029296875,-0.0038338867016136646,0.10273836553096771,0.019465843215584755
1789059101782790000,12.657789794921875,0.0021792647894471884,0.10909559577703476,0.004857073072344065
1789059101792800000,12.667800048828125,0.030010096728801727,0.07965008914470673,-0.012566391378641129
1789059101802809900,12.677809814453125,0.0291147418320179,0.09882617741823196,-0.024561002850532532
1789059101812820000,12.687820068359375,0.02130768448114395,0.11207939684391022,-0.007143130525946617
1789059101822830000,12.697830078125,0.0369470976293087,0.11541420966386795,0.013574398122727871
1789059101832840000,12.70783984375,0.03693165257573128,0.10849878191947937,0.03147190436720848
1789059101842850000,12.71785009765625,0.05724145099520683,0.10520018637180328,0.0351441390812397
1789059101852860000,12.72785986328125,0.08477108180522919,0.09219837188720703,0.06895909458398819
1789059101862870000,12.7378701171875,0.09537019580602646,0.08719615638256073,0.056056078523397446
1789059101872879900,12.7478798828125,0.10521483421325684,0.09448948502540588,0.06942275166511536
1789059101882890000,12.757889892578126,0.1210545226931572,0.09447084367275238,0.10622870177030563
1789059101892900000,12.767900146484376,0.15332376956939697,0.06163806468248367,0.07641248404979706
1789059101902910000,12.777909912109376,0.10430190712213516,0.12219248712062836,0.028741633519530296
1789059101912920000,12.787920166015626,0.025289909914135933,0.1587454378604889,0.00041864890954457223
1789059101922930000,12.797929931640626,0.10175059735774994,0.1518838107585907,0.060205549001693726
1789059101932940000,12.80793994140625,0.23228171467781067,0.04440182074904442,0.1584855169057846
1789059101942949000,12.81794921875,0.2561020851135254,-0.05754345282912254,0.034745197743177414
1789059101952959000,12.827958984375,0.26567721366882324,0.005554821342229843,0.06585890799760818
1789059101962969000,12.837968994140626,-0.05297053977847099,0.2221880555152893,-0.006347111891955137
1789059101972979000,12.84797900390625,-0.08381394296884537,0.22942253947257996,-0.03838041052222252
1789059101982989000,12.857989013671874,0.040040358901023865,0.18963678181171417,-0.029316876083612442
1789059101992999200,12.867999267578124,0.06425914913415909,0.1383296400308609,0.059242285788059235
1789059102003009000,12.878009033203124,0.07278872281312943,0.12141750752925873,0.03683631122112274
1789059102013019100,12.88801904296875,0.07267952710390091,0.10086988657712936,0.02616795524954796
1789059102023029000,12.898029052734374,0.08882707357406616,0.12643517553806305,-0.011324560269713402
1789059102033039000,12.9080390625,0.10573441535234451,0.13073989748954773,-0.0036008600145578384
1789059102043049200,12.91804931640625,0.06484930217266083,0.16500920057296753,0.02581694908440113
1789059102053059000,12.92805908203125,0.007934622466564178,0.18397516012191772,0.004847485572099686
1789059102063069200,12.938069091796875,0.033489782363176346,0.18408621847629547,-0.018942000344395638
1789059102073079000,12.9480791015625,0.06187455356121063,0.1811399608850479,-0.015278289094567299
1789059102083089200,12.958089111328125,0.08943533897399902,0.17239414155483246,-0.0017949705943465233
1789059102093099000,12.96809912109375,0.07741276919841766,0.1616392284631729,0.01630041003227234
1789059102103109000,12.978109130859375,0.05272552743554115,0.1743190735578537,0.01896117441356182
1789059102113119200,12.988119140625,0.041490718722343445,0.15640957653522491,0.03362800180912018
1789059102123129000,12.998129150390625,0.022345252335071564,0.1692257821559906,0.06907787173986435
1789059102133139200,13.00813916015625,0.0041396175511181355,0.16727927327156067,0.0470050573348999
1789059102143149000,13.018149169921875,-0.052254680544137955,0.18346969783306122,0.004712463356554508
1789059102153159200,13.0281591796875,-0.07788228243589401,0.1903688758611679,0.008669122122228146
1789059102163169000,13.0381689453125,-0.10049944370985031,0.19514232873916626,0.02502412721514702
1789059102173179100,13.04817919921875,-0.0958506315946579,0.15955130755901337,-0.0024983114562928677
1789059102183189200,13.058189208984375,-0.06393130868673325,0.1385917067527771,0.061350710690021515
1789059102193199000,13.06819921875,-0.0781581848859787,0.1351117491722107,0.030428744852542877
1789059102203209200,13.078209228515625,-0.11739267408847809,0.15222202241420746,-0.013878797180950642
1789059102213219000,13.088218994140625,-0.17859317362308502,0.17869438230991364,-0.08485124260187149
1789059102223229200,13.098229248046875,-0.23050883412361145,0.1775689274072647,-0.12953002750873566
1789059102233239300,13.1082392578125,-0.22694766521453857,0.1598367989063263,0.056958623230457306
1789059102243249200,13.118249267578125,-0.2086315006017685,0.13011112809181213,-0.020777983590960503
1789059102253259000,13.128259033203125,-0.2730341851711273,0.16478735208511353,0.15559598803520203
1789059102263268000,13.13826806640625,-0.3289470076560974,0.16706089675426483,0.005026716738939285
1789059102273278000,13.14827783203125,-0.3895112872123718,0.18023821711540222,-0.0017744642682373524
1789059102283288000,13.1582880859375,-0.4168957471847534,0.15184172987937927,-0.0363987535238266
1789059102293298000,13.1682978515625,-0.4083094596862793,0.11890748143196106,-0.03735935688018799
1789059102303308000,13.17830810546875,-0.45697739720344543,0.11869575828313828,0.0025872609112411737
1789059102313318000,13.18831787109375,-0.5258858799934387,0.1309249997138977,0.05203070864081383
1789059102323328000,13.198327880859376,-0.5717897415161133,0.11813702434301376,0.028921663761138916
1789059102333338000,13.208338134765626,-0.5883058905601501,0.101120226085186,0.014244715683162212
1789059102343348000,13.218347900390626,-0.5978823304176331,0.07849640399217606,-0.015949672088027
1789059102353358000,13.228358154296876,-0.5846948623657227,0.05276254564523697,-0.031064707785844803
1789059102363368000,13.238367919921876,-0.5923985838890076,0.037152696400880814,0.008900816552340984
1789059102373378000,13.2483779296875,-0.624116837978363,0.03365170210599899,-0.006638994440436363
1789059102383388200,13.25838818359375,-0.6190038323402405,0.033849574625492096,0.02370133437216282
1789059102393398000,13.26839794921875,-0.617468535900116,0.038062162697315216,0.012590093538165092
1789059102403408100,13.278408203125,-0.6025396585464478,0.005169994663447142,0.0037502634804695845
1789059102413418000,13.28841796875,-0.5843316316604614,0.0013816480059176683,0.0004189152386970818
1789059102423428000,13.298427978515624,-0.5469728112220764,-0.03680834919214249,0.004742557182908058
1789059102433438000,13.30843798828125,-0.554261326789856,-0.03374358266592026,-0.029026059433817863
1789059102443448000,13.318447998046874,-0.542152464389801,-0.04380127787590027,0.025289643555879593
1789059102453458200,13.328458251953125,-0.537972092628479,-0.05192871019244194,0.020256802439689636
1789059102463468000,13.338468017578125,-0.515616238117218,-0.06787092983722687,0.02797224558889866
1789059102473478100,13.34847802734375,-0.48461487889289856,-0.0787358209490776,-0.01816542074084282
1789059102483489000,13.358489013671875,-0.4662758409976959,-0.09525035321712494,-0.028333105146884918
1789059102493499100,13.3684990234375,-0.4251246750354767,-0.11606961488723755,0.003099653171375394
1789059102503509000,13.378509033203125,-0.3851407468318939,-0.1222635954618454,-0.004834436345845461
1789059102513519000,13.38851904296875,-0.34844425320625305,-0.13359694182872772,-0.010575146414339542
1789059102523529000,13.398529052734375,-0.30547523498535156,-0.1403094381093979,-0.01534646563231945
1789059102533539000,13.4085390625,-0.27811869978904724,-0.13656583428382874,-0.0003206445835530758
1789059102543549200,13.418549072265625,-0.23659522831439972,-0.13351944088935852,0.017617342993617058
1789059102553559000,13.42855908203125,-0.17763496935367584,-0.1304600089788437,0.03134354203939438
1789059102563569200,13.438569091796875,-0.11762463301420212,-0.16014252603054047,0.0002615224220789969
1789059102573579000,13.4485791015625,-0.08169779181480408,-0.14312785863876343,-0.008738896809518337
1789059102583589000,13.458589111328125,-0.02984391525387764,-0.14664722979068756,-0.023848608136177063
1789059102593599000,13.468598876953125,0.014787468127906322,-0.1508779227733612,-0.002436792477965355
1789059102603609000,13.478609130859375,0.0378861278295517,-0.12171125411987305,0.016380304470658302
1789059102613619200,13.488619140625,0.055211588740348816,-0.11950588971376419,0.07562018930912018
1789059102623629000,13.498629150390625,0.07864420861005783,-0.10069677978754044,0.0822562575340271
1789059102633639200,13.50863916015625,0.07165394723415375,-0.0774119645357132,0.05267386510968208
1789059102643649000,13.51864892578125,0.10361241549253464,-0.09160448610782623,0.05564595013856888
1789059102653659100,13.5286591796875,0.09489987790584564,-0.059005796909332275,0.022894663736224174
1789059102663669000,13.5386689453125,0.11968965083360672,-0.07445159554481506,-0.0028884646017104387
1789059102673679000,13.54867919921875,0.11862438172101974,-0.06100050359964371,0.02779807522892952
1789059102683689200,13.558689208984376,0.11537985503673553,-0.07001104205846786,-0.05770617350935936
1789059102693699000,13.568698974609376,0.12552836537361145,-0.07123875617980957,-0.024054735898971558
1789059102703708000,13.5787080078125,0.10909319669008255,-0.07218684256076813,-0.015139271505177021
1789059102713718000,13.588718017578126,0.0838131383061409,-0.067599818110466,0.01190859079360962
1789059102723728000,13.598727783203126,0.09802936017513275,-0.08329115808010101,-0.0009861685102805495
1789059102733738000,13.608738037109376,0.0824061930179596,-0.06563280522823334,-0.024712270125746727
1789059102743747800,13.618747802734376,0.08137581497430801,-0.07966553419828415,-0.01005316711962223
1789059102753758000,13.628758056640624,0.05850458890199661,-0.06366553157567978,0.0012977584265172482
1789059102763768000,13.63876806640625,0.0369042232632637,-0.04941602051258087,-0.021577997133135796
1789059102773778000,13.64877783203125,0.04890282824635506,-0.050388071686029434,-0.027811923995614052
1789059102783788000,13.6587880859375,0.035898610949516296,-0.0345369391143322,-0.028904885053634644
1789059102793798000,13.6687978515625,0.030960312113165855,-0.030856715515255928,0.0044200485572218895
1789059102803807000,13.678806884765624,0.022343123331665993,-0.026806047186255455,0.032462336122989655
1789059102813817000,13.688817138671874,-0.006833404768258333,-0.0215966384857893,0.023372966796159744
1789059102823827000,13.698826904296874,-0.024636371061205864,0.002147573046386242,0.05838954076170921
1789059102833837000,13.708837158203124,-0.046483080834150314,-0.010909905657172203,0.0021611552219837904
1789059102843847000,13.718846923828124,-0.07373973727226257,0.0006876281695440412,0.03220933675765991
1789059102853857000,13.72885693359375,-0.0955054834485054,-0.007250456139445305,0.02202966809272766
1789059102863867100,13.7388671875,-0.11935275793075562,-0.01073626708239317,0.04063104838132858
1789059102873877000,13.748876953125,-0.14132490754127502,-0.002508964156731963,0.08452633768320084
1789059102883887000,13.75888720703125,-0.16007621586322784,-0.0137789286673069,0.06752818077802658
1789059102893896200,13.768896240234374,-0.1925225704908371,-0.012338425032794476,0.0432814285159111
1789059102903906000,13.778906005859374,-0.22011798620224,-0.009882458485662937,-0.014876151457428932
1789059102913916200,13.788916259765625,-0.23095890879631042,-0.028805814683437347,0.0193108469247818
1789059102923926000,13.798926025390625,-0.23221832513809204,-0.026969565078616142,0.059368785470724106
1789059102933936000,13.80893603515625,-0.24123205244541168,-0.03346128761768341,0.06289507448673248
1789059102943946200,13.8189462890625,-0.260689914226532,-0.038007304072380066,0.02292422391474247
1789059102953956000,13.8289560546875,-0.2673856317996979,-0.04115569218993187,0.027891818434000015
1789059102963966200,13.83896630859375,-0.22532659769058228,-0.07375518232584,0.0007448861724697053
1789059102973976000,13.84897607421875,-0.20879049599170685,-0.08702065050601959,0.0062613580375909805
1789059102983986000,13.85898583984375,-0.2787829041481018,-0.04290325939655304,-0.021026188507676125
1789059102993996000,13.86899609375,-0.3133331537246704,0.004318848252296448,-0.011381817981600761
1789059103004006000,13.879005859375,-0.25889068841934204,-0.03566744923591614,-0.028026575222611427
1789059103014016000,13.88901611328125,-0.2015475034713745,-0.06271717697381973,0.03822381794452667
1789059103024025900,13.89902587890625,-0.19978128373622894,-0.06871887296438217,0.08435402810573578
1789059103034036000,13.909035888671875,-0.1915912628173828,-0.055325575172901154,0.11233372986316681
1789059103044045800,13.9190458984375,-0.185506209731102,-0.06920836865901947,0.062001317739486694
1789059103054056000,13.929055908203125,-0.15705886483192444,-0.05992858111858368,0.02785959467291832
1789059103064066000,13.939066162109375,-0.13539829850196838,-0.07397355884313583,-0.009822537191212177
1789059103074076000,13.949075927734375,-0.12413286417722702,-0.06403438001871109,-0.002281263703480363
1789059103084086000,13.9590859375,-0.11343015730381012,-0.05444140359759331,0.02629605308175087
1789059103094096000,13.969095947265625,-0.07650808990001678,-0.05191352963447571,0.07038388401269913
1789059103104106000,13.97910595703125,-0.04621463268995285,-0.05837303027510643,0.07660822570323944
1789059103114115800,13.98911572265625,0.008112787269055843,-0.08940497785806656,0.07755763828754425
1789059103124126000,13.9991259765625,-0.010161823593080044,-0.07402389496564865,0.039618782699108124
1789059103134136000,14.009135986328126,-0.03979801386594772,-0.07811371237039566,0.020745757967233658
1789059103144146000,14.01914599609375,-0.04938299581408501,-0.06461867690086365,-0.013439908623695374
1789059103154155000,14.029155029296875,-0.0621054470539093,-0.06612122803926468,-0.045707568526268005
1789059103164165000,14.0391650390625,-0.06326525658369064,-0.07207871973514557,-0.007207845337688923
1789059103174175000,14.049175048828126,-0.06944858282804489,-0.06193820387125015,-0.02797597460448742
1789059103184185000,14.05918505859375,-0.06490229815244675,-0.09251422435045242,-0.03329510614275932
1789059103194195000,14.06919482421875,-0.0491611547768116,-0.10101237148046494,-0.06252569705247879
1789059103204205000,14.079205078125,-0.06114085018634796,-0.0858917385339737,-0.02781059220433235
1789059103214215200,14.089215087890626,-0.07976220548152924,-0.09424047917127609,-0.03809785097837448
1789059103224225000,14.09922509765625,-0.08090443909168243,-0.07967352122068405,-0.017916150391101837
1789059103234235100,14.109235107421876,-0.1025058701634407,-0.06800355017185211,0.023964721709489822
1789059103244245000,14.119244873046876,-0.09357069432735443,-0.08735674619674683,0.04814968630671501
1789059103254255000,14.129255126953124,-0.1055767610669136,-0.0942055955529213,-0.10563135147094727
1789059103264265000,14.139264892578124,-0.08059444278478622,-0.11708641052246094,0.13733096420764923
1789059103274275000,14.149275146484374,-0.060145627707242966,-0.13105842471122742,0.014454839751124382
1789059103284285200,14.15928515625,-0.06420321762561798,-0.11798788607120514,0.08817912638187408
1789059103294295000,14.169294921875,-0.09537684917449951,-0.07555734366178513,0.02323448285460472
1789059103304305200,14.17930517578125,-0.12683305144309998,-0.0833207219839096,-0.00344533147290349
1789059103314315000,14.18931494140625,-0.13354767858982086,-0.06786134093999863,-0.06720886379480362
1789059103324325000,14.1993251953125,-0.11174410581588745,-0.08346240222454071,-0.03211825340986252
1789059103334335000,14.2093349609375,-0.08475536853075027,-0.12179914116859436,0.05694957077503204
1789059103344345000,14.219344970703125,-0.08068285882472992,-0.12314163893461227,0.08188341557979584
1789059103354355200,14.229355224609375,-0.1013156995177269,-0.11693647503852844,0.10229920595884323
1789059103364365000,14.239364990234375,-0.11101306974887848,-0.1280335932970047,0.010750115849077702
1789059103374375200,14.249375244140625,-0.11516813188791275,-0.11528371274471283,-0.0333251990377903
1789059103384385000,14.259385009765625,-0.09205376356840134,-0.12180446833372116,-0.04254879057407379
1789059103394395100,14.26939501953125,-0.061636731028556824,-0.12547776103019714,-0.029209550470113754
1789059103404404000,14.279404052734375,-0.0234035924077034,-0.1365557163953781,0.0033899378031492233
1789059103414413800,14.289413818359375,0.01793559081852436,-0.1515120267868042,0.03922490030527115
1789059103424424000,14.299423828125,0.06197149306535721,-0.16757728159427643,0.03953249379992485
1789059103434434000,14.30943408203125,0.07638904452323914,-0.1275172084569931,0.0828823670744896
1789059103444444000,14.31944384765625,0.10497621446847916,-0.1486363410949707,0.038479749113321304
1789059103454454000,14.3294541015625,0.10493253916501999,-0.10869159549474716,0.013197560794651508
1789059103464464000,14.3394638671875,0.13407577574253082,-0.10492881387472153,-0.05046743527054787
1789059103474474000,14.349473876953125,0.15771585702896118,-0.11034701019525528,-0.01483300793915987
1789059103484483800,14.35948388671875,0.20281648635864258,-0.08502780646085739,0.0097463708370924
1789059103494494000,14.369493896484375,0.21061502397060394,-0.08575858175754547,0.012432967312633991
1789059103504504000,14.379504150390625,0.2390754371881485,-0.08955544978380203,0.015310512855648994
1789059103514514000,14.389513916015625,0.22564697265625,-0.06221570447087288,0.010851848870515823
1789059103524524000,14.39952392578125,0.20918704569339752,-0.07089094817638397,0.02773282863199711
1789059103534534000,14.409533935546875,0.19176331162452698,-0.03490019217133522,-0.009630256332457066
1789059103544544000,14.4195439453125,0.15526415407657623,-0.030486537143588066,-0.01950339414179325
1789059103554554000,14.42955419921875,0.13742657005786896,-0.023962324485182762,-0.05060911551117897
1789059103564564000,14.43956396484375,0.13062511384487152,-0.023207850754261017,-0.038415033370256424
1789059103574574000,14.449573974609375,0.12271127104759216,-0.039872583001852036,-0.04509024694561958
1789059103584584000,14.459583984375,0.11657028645277023,-0.03285302221775055,0.015148593112826347
1789059103594594000,14.469593994140626,0.09385804831981659,-0.028927255421876907,0.08457693457603455
1789059103604604000,14.47960400390625,0.06454330682754517,-0.046361904591321945,0.08118433505296707
1789059103614614000,14.489614013671876,0.030543262138962746,-0.02544863522052765,0.02526514232158661
1789059103624623000,14.499623046875,-0.01842241734266281,-0.016880713403224945,-0.05816476792097092
1789059103634633000,14.509633056640626,-0.05557830631732941,-0.017053019255399704,-0.12693078815937042
1789059103644643000,14.51964306640625,-0.09248838573694229,-0.005498362239450216,-0.04704953357577324
1789059103654653200,14.529653076171876,-0.09050433337688446,-0.01606045849621296,-0.03436809405684471
1789059103664663000,14.5396630859375,-0.10546170920133591,-0.012658537365496159,0.102241151034832
1789059103674673200,14.549673095703126,-0.09510014951229095,-0.023232351988554,0.007904528640210629
1789059103684683000,14.55968310546875,-0.10027147829532623,-0.03484693169593811,0.00896739587187767
1789059103694692900,14.56969287109375,-0.11423709243535995,-0.02461346797645092,-0.06554146111011505
1789059103704703000,14.579702880859376,-0.11363495141267776,-0.030675621703267097,-0.05716954544186592
1789059103714712800,14.589712890625,-0.13073217868804932,-0.032034631818532944,-0.022435268387198448
1789059103724723000,14.599722900390624,-0.16025784611701965,-0.01007793378084898,0.04017911106348038
1789059103734732800,14.60973291015625,-0.16811390221118927,-0.015576030127704144,0.02161288447678089
1789059103744743000,14.619742919921874,-0.18010053038597107,-0.025802835822105408,0.03929733857512474
1789059103754752800,14.629752685546874,-0.18122358620166779,-0.01417387556284666,0.0220325980335474
1789059103764763000,14.639762939453124,-0.1728692501783371,-0.027052123099565506,0.030253775417804718
1789059103774773000,14.64977294921875,-0.17562748491764069,-0.01618030108511448,0.01643490046262741
1789059103784782800,14.659782958984374,-0.16805638372898102,-0.010092048905789852,0.006135124247521162
1789059103794793000,14.66979296875,-0.1739923059940338,-0.002148372121155262,-0.005369198974221945
1789059103804802800,14.679802734375,-0.15575870871543884,0.008599347434937954,0.019482089206576347
1789059103814813000,14.68981298828125,-0.09846292436122894,-0.026512300595641136,0.014808240346610546
1789059103824822800,14.69982275390625,-0.09020446240901947,-0.024027837440371513,0.0247799139469862
1789059103834833000,14.7098330078125,-0.08515377342700958,0.005006476305425167,0.05180167779326439
1789059103844841700,14.719841796875,-0.06935697048902512,-0.0018935075495392084,0.057008691132068634
1789059103854851800,14.729851806640625,-0.053943924605846405,0.007665376644581556,0.043350670486688614
1789059103864861700,14.73986181640625,-0.03882595896720886,-0.001160072977654636,0.02250317856669426
1789059103874871800,14.749871826171875,-0.03780703246593475,0.006473612040281296,-0.0381588377058506
1789059103884881700,14.759881591796875,-0.04092666134238243,-0.009066998027265072,-0.07493762671947479
1789059103894891800,14.769891845703125,-0.021084511652588844,-0.014359498396515846,-0.037282925099134445
1789059103904901600,14.779901611328125,-0.028989573940634727,-0.02305791527032852,-0.0013038836186751723
1789059103914911700,14.789911865234375,-0.030360568314790726,-0.007471232209354639,0.07852623611688614
1789059103924921900,14.799921875,-0.06751539558172226,-0.009491772390902042,0.0857846811413765
1789059103934931700,14.809931640625,-0.04700825363397598,-0.01968502067029476,0.059187423437833786
1789059103944941800,14.81994189453125,-0.04032398760318756,-0.03310522437095642,0.010545851662755013
1789059103954951700,14.82995166015625,-0.03243463858962059,-0.026497919112443924,-0.01480451226234436
1789059103964961800,14.8399619140625,-0.022648587822914124,-0.03606133162975311,-0.004701011814177036
1789059103974971600,14.8499716796875,-0.019167834892868996,-0.029773874208331108,0.030947795137763023
1789059103984981800,14.859981689453125,-0.05083281919360161,0.007292267866432667,-0.008706938475370407
1789059103994991900,14.869991943359375,-0.03563815355300903,-0.008137288503348827,-0.03399152308702469
1789059104005001700,14.880001708984375,-0.05594182759523392,-0.013947507366538048,-0.06851834058761597
1789059104015011800,14.89001171875,-0.062423963099718094,0.005642705596983433,0.013828996568918228
1789059104025021700,14.900021728515625,-0.06506714969873428,0.005933789070695639,0.01423459593206644
1789059104035031800,14.91003173828125,-0.08672583848237991,0.005615008994936943,-0.005847236607223749
1789059104045042000,14.9200419921875,-0.09499762207269669,-0.002413090318441391,-0.07263398915529251
1789059104055050800,14.93005078125,-0.11059415340423584,-0.0041249701753258705,-0.08199899643659592
1789059104065060900,14.940060791015625,-0.12777207791805267,-0.0070680296048521996,-0.06878732144832611
1789059104075071000,14.950071044921875,-0.1495940238237381,0.0067697553895413876,0.00902412086725235
1789059104085080800,14.960080810546875,-0.15836752951145172,-0.003376355627551675,0.010541058145463467
1789059104095091000,14.970091064453126,-0.14678038656711578,-0.005804625805467367,0.013409814797341824
1789059104105100800,14.980100830078126,-0.13340146839618683,-0.024230504408478737,-0.059783972799777985
1789059104115111000,14.99011083984375,-0.1533285677433014,-0.0282867643982172,-0.11584111303091049
1789059104125120800,15.000120849609376,-0.1393166184425354,-0.031857531517744064,-0.09585808217525482
1789059104135131000,15.010130859375,-0.14667120575904846,-0.012653211131691933,-0.008896023035049438
1789059104145141000,15.02014111328125,-0.14893968403339386,-0.0037345506716519594,0.049365684390068054
1789059104155150800,15.03015087890625,-0.13523904979228973,-0.029856698587536812,0.06106095761060715
1789059104165161000,15.040160888671876,-0.11209084838628769,-0.044431380927562714,-0.012916331179440022
1789059104175170800,15.0501708984375,-0.11904197186231613,-0.07228298485279083,-0.03199335187673569
1789059104185181000,15.060180908203124,-0.10062381625175476,-0.08838658779859543,-0.05819379910826683
1789059104195190800,15.070190673828124,-0.11933384835720062,-0.057732272893190384,-0.008656871505081654
1789059104205201000,15.080200927734374,-0.13613733649253845,-0.059367984533309937,0.012285694479942322
1789059104215211000,15.0902109375,-0.15545083582401276,-0.06306977570056915,0.02671843022108078
1789059104225220900,15.100220947265624,-0.13675226271152496,-0.07105579972267151,0.030244454741477966
1789059104235231000,15.11023095703125,-0.11774127930402756,-0.09282927215099335,-0.029288113117218018
1789059104245240800,15.12024072265625,-0.11847391724586487,-0.10208935290575027,-0.08199260383844376
1789059104255249700,15.130249755859374,-0.13347549736499786,-0.09268199652433395,-0.07928310334682465
1789059104265259800,15.140259765625,-0.11693806946277618,-0.11954797059297562,-0.05032309144735336
1789059104275269600,15.15026953125,-0.10514266788959503,-0.10482974350452423,0.03928109258413315
1789059104285279700,15.16027978515625,-0.11224078387022018,-0.09770418703556061,0.07834487408399582
1789059104295289900,15.170289794921874,-0.0954306498169899,-0.1117614209651947,0.038538869470357895
1789059104305299700,15.1802998046875,-0.07589742541313171,-0.11376465111970901,0.011390339583158493
1789059104315309800,15.190309814453125,-0.05046636983752251,-0.11091479659080505,0.007891745306551456
1789059104325319700,15.200319580078125,-0.012300342321395874,-0.11005007475614548,0.02845614217221737
1789059104335329800,15.210329833984375,0.005763879511505365,-0.1239246055483818,0.02491333894431591
1789059104345339600,15.220339599609375,0.01404737588018179,-0.0953930988907814,0.036002740263938904
1789059104355349800,15.230349853515625,0.05175933614373207,-0.12619628012180328,0.013017265126109123
1789059104365359900,15.24035986328125,0.07354611903429031,-0.09821924567222595,0.034264761954545975
1789059104375369700,15.25036962890625,0.08366480469703674,-0.09302474558353424,0.028796227648854256
1789059104385379800,15.2603798828125,0.13198892772197723,-0.10109838843345642,0.05564728379249573
1789059104395389700,15.2703896484375,0.13826492428779602,-0.09879422187805176,0.03556651622056961
1789059104405399800,15.28039990234375,0.16394685208797455,-0.09664718061685562,0.04565350338816643
1789059104415410000,15.290409912109375,0.15960590541362762,-0.08324135839939117,-0.004181429278105497
1789059104425419800,15.300419677734375,0.1821538209915161,-0.08534206449985504,0.01727246306836605
1789059104435430000,15.310429931640625,0.20139649510383606,-0.08277397602796555,0.07903756201267242
1789059104445439700,15.320439697265625,0.21168109774589539,-0.07480259984731674,0.10558794438838959
1789059104455448800,15.33044873046875,0.22529703378677368,-0.08281205594539642,0.08615192770957947
1789059104465459000,15.340458984375,0.24114523828029633,-0.07381190359592438,0.0681108757853508
1789059104475468800,15.35046875,0.19820602238178253,-0.05550054460763931,-0.03978549689054489
1789059104485479000,15.36047900390625,0.21371228992938995,-0.0646519660949707,-0.018743859604001045
1789059104495488800,15.37048876953125,0.20225776731967926,-0.05777594819664955,0.047875646501779556
1789059104505499000,15.380498779296875,0.19457107782363892,-0.050391267985105515,0.12406415492296219
1789059104515509000,15.390509033203125,0.1800035834312439,-0.0425405353307724,0.10526756942272186
1789059104525518800,15.400518798828125,0.14428606629371643,-0.02706916816532612,0.06715080887079239
1789059104535529000,15.410529052734375,0.0976642444729805,-0.0171454306691885,0.020383568480610847
1789059104545538800,15.420538818359375,0.08606217801570892,-0.035344675183296204,0.020488230511546135
1789059104555549000,15.430548828125,0.06316831707954407,-0.033249031752347946,0.00663473317399621
1789059104565558800,15.440558837890626,0.04821892827749252,-0.031988292932510376,0.060326989740133286
1789059104575569000,15.45056884765625,0.03732979670166969,-0.06191583350300789,0.05939435213804245
1789059104585579000,15.4605791015625,0.012317919172346592,-0.04832572117447853,0.07733447104692459
1789059104595588900,15.4705888671875,-0.0206911638379097,-0.03542456775903702,0.009522132575511932
1789059104605599000,15.480598876953126,-0.05188104137778282,-0.014700915664434433,-0.026341859251260757
1789059104615608600,15.490608642578126,-0.09527618438005447,-0.003431216813623905,-0.02694559656083584
1789059104625618700,15.50061865234375,-0.10736081004142761,0.006640325766056776,0.01581731252372265
1789059104635627800,15.510627685546876,-0.09795718640089035,-0.02925189398229122,0.03137390315532684
1789059104645637600,15.5206376953125,-0.08094412088394165,-0.03283517807722092,0.027899274602532387
1789059104655647700,15.530647705078126,-0.0824248343706131,-0.04296078160405159,-0.020010992884635925
1789059104665657900,15.540657958984376,-0.09688473492860794,-0.044131774455308914,-0.02461826056241989
1789059104675667700,15.550667724609376,-0.12388972193002701,-0.01834731549024582,-0.025842249393463135
1789059104685677800,15.560677734375,-0.1276213377714157,-0.03357873111963272,-0.04575284197926521
1789059104695687400,15.5706875,-0.11872851103544235,-0.03145432844758034,-0.023693611845374107
1789059104705697500,15.580697509765624,-0.11989444494247437,-0.027953604236245155,0.002407231368124485
1789059104715707600,15.590707763671874,-0.1309356391429901,-0.027838822454214096,-0.022555110976099968
1789059104725717500,15.600717529296874,-0.11608479171991348,-0.049203500151634216,-0.03669968992471695
1789059104735727600,15.6107275390625,-0.12114346772432327,-0.03978922590613365,-0.021038705483078957
1789059104745737500,15.620737548828124,-0.08738444000482559,-0.058107778429985046,-0.059537097811698914
1789059104755747600,15.63074755859375,-0.09175388514995575,-0.042689673602581024,-0.053643252700567245
1789059104765757400,15.64075732421875,-0.1022278368473053,-0.034206174314022064,-0.04520689323544502
1789059104775767600,15.650767578125,-0.07842157036066055,-0.04884476959705353,-0.02287176065146923
1789059104785777700,15.660777587890625,-0.04710119962692261,-0.05536658689379692,-0.006443784572184086
1789059104795787500,15.67078759765625,-0.03556571528315544,-0.0635446235537529,-0.006328203249722719
1789059104805797600,15.680797607421875,-0.01805463433265686,-0.06675425916910172,0.02486034296452999
1789059104815806700,15.690806640625,-0.03146977722644806,-0.051962267607450485,0.02701563760638237
1789059104825816600,15.700816650390625,-0.021874671801924706,-0.054556719958782196,-0.007682420779019594
1789059104835826700,15.71082666015625,-0.02515222504734993,-0.03585493564605713,-0.02869982086122036
1789059104845836500,15.72083642578125,-0.03338858112692833,-0.037690918892621994,-0.05714291334152222
1789059104855846700,15.7308466796875,-0.03453826904296875,-0.03199388459324837,-0.04374774545431137
1789059104865856800,15.740856689453125,-0.022758575156331062,-0.05374285578727722,-0.00230842805467546
1789059104875866600,15.75086669921875,-0.0036938043776899576,-0.05745343863964081,0.016379771754145622
1789059104885876700,15.760876708984375,0.00018961707246489823,-0.05594582483172417,0.008990831673145294
1789059104895886600,15.770886474609375,-0.008077899925410748,-0.05265841633081436,0.0006572681595571339
1789059104905896700,15.780896728515625,-0.02280704490840435,-0.03804698586463928,0.006413158029317856
1789059104915906600,15.790906494140625,-0.02292422391474247,-0.04875528812408447,-0.01073626708239317
1789059104925916700,15.800916748046875,-0.013790646567940712,-0.03519260883331299,-0.037756167352199554
1789059104935926800,15.8109267578125,0.015513179823756218,-0.06680087000131607,-0.03401415795087814
1789059104945936600,15.8209365234375,0.0474223755300045,-0.05817835032939911,0.02562546916306019
1789059104955946800,15.83094677734375,0.0355694442987442,-0.04799735173583031,0.004710865672677755
1789059104965956600,15.84095654296875,0.06352544575929642,-0.07668918371200562,-0.002529204124584794
1789059104975966700,15.850966796875,0.04952361062169075,-0.03519873321056366,0.03254382684826851
1789059104985976600,15.8609765625,0.04188380017876625,-0.025731729343533516,0.06408444046974182
1789059104995985700,15.870985595703125,0.050809118896722794,-0.02977973408997059,0.04105076193809509
1789059105005995800,15.880995849609375,0.05664250627160072,-0.008854477666318417,0.026622822508215904
1789059105016005600,15.891005615234375,0.043470777571201324,-0.0029944581910967827,0.025603629648685455
1789059105026015700,15.901015625,0.0737469270825386,-0.022173479199409485,0.021926870569586754
1789059105036025600,15.911025634765625,0.06423251330852509,0.004481301177293062,0.034925494343042374
1789059105046035500,15.921035400390625,0.07709798216819763,0.002031991956755519,0.0475534051656723
1789059105056045600,15.931045654296875,0.07041903585195541,0.000850879936479032,0.050944674760103226
1789059105066055400,15.941055419921875,0.03597584366798401,0.03780463710427284,0.02058144100010395
1789059105076065500,15.9510654296875,0.026742398738861084,0.03344104811549187,-0.02653200924396515
1789059105086075600,15.96107568359375,0.008202802389860153,0.04549771174788475,-0.06071314960718155
1789059105096085500,15.97108544921875,-0.0018247979460284114,0.049976080656051636,-0.0464354082942009
1789059105106095600,15.981095703125,0.001088433898985386,0.028903553262352943,-0.05223710462450981
1789059105116105500,15.99110546875,-0.015458318404853344,0.042703788727521896,-0.04392591118812561
1789059105126115600,16.001115478515626,-0.023030217736959457,0.018140921369194984,-0.16021710634231567
1789059105136125400,16.01112548828125,-0.029403163120150566,0.0065383268520236015,-0.11458543688058853
1789059105146135600,16.021135498046874,-0.030918767675757408,0.015682024881243706,-0.056774865835905075
1789059105156145700,16.031145751953126,-0.024590032175183296,0.021193701773881912,0.018200576305389404
1789059105166154500,16.041154541015626,-0.012832707725465298,0.014615427702665329,0.034690335392951965
1789059105176164600,16.05116455078125,-0.02762363851070404,0.04807964339852333,0.016021311283111572
1789059105186174700,16.0611748046875,-0.049724411219358444,0.0507366806268692,-0.01919526606798172
1789059105196184600,16.0711845703125,-0.03477609157562256,0.024410001933574677,0.004589691758155823
1789059105206194700,16.081194580078126,-0.010806309059262276,-0.00023542344570159912,-0.03969894349575043
1789059105216204500,16.09120458984375,-0.0025502429343760014,-0.03935086727142334,-0.029465746134519577
1789059105226214700,16.101214599609374,-0.02468164451420307,-0.00905741099268198,-0.024949824437499046
1789059105236224800,16.111224853515626,-0.09078263491392136,0.04727749899029732,0.012473447248339653
1789059105246234600,16.121234619140626,-0.09737129509449005,0.01726287603378296,0.01835423894226551
1789059105256244700,16.13124462890625,-0.07113915681838989,0.019152389839291573,0.03321680799126625
1789059105266254600,16.141254638671874,-0.05343392863869667,0.01037620846182108,0.028118986636400223
1789059105276264700,16.1512646484375,-0.01437947154045105,-0.011826565489172935,0.08477321267127991
1789059105286274600,16.161274658203126,-0.014093981124460697,-0.0016801883466541767,0.04349634423851967
1789059105296284700,16.17128466796875,-0.010459299199283123,0.007414773106575012,0.039684031158685684
1789059105306294800,16.181294677734375,0.03461204096674919,-0.018280470743775368,-0.0026913906913250685
1789059105316304600,16.1913046875,0.04155756160616875,0.017301492393016815,-0.016270050778985023
1789059105326314800,16.201314697265627,0.061469219624996185,-0.008432633243501186,-0.05043574422597885
1789059105336323800,16.21132373046875,0.08772639185190201,-0.014422615058720112,-0.029819680377840996
1789059105346333700,16.221333740234375,0.07315277308225632,0.014249775558710098,0.02503797598183155
1789059105356343800,16.23134375,0.08308503031730652,0.01011149026453495,0.06379815191030502
1789059105366353700,16.241353759765627,0.08247224241495132,0.03086257539689541,0.05981886014342308
1789059105376363800,16.25136376953125,0.07512883841991425,-0.012953349389135838,0.04664606600999832
1789059105386373600,16.26137353515625,0.06772232055664062,-0.012559467926621437,0.04296637699007988
1789059105396383700,16.2713837890625,0.03503787890076637,-0.016457270830869675,0.033858899027109146
1789059105406393600,16.2813935546875,0.007536479737609625,-0.028018051758408546,0.0016309198690578341
1789059105416403500,16.291403564453127,-0.027003388851881027,-0.021818745881319046,0.009908823296427727
1789059105426413600,16.30141357421875,-0.06644906103610992,0.01691293716430664,-0.02215350605547428
1789059105436423400,16.31142333984375,-0.050810448825359344,0.010949852876365185,0.01870657689869404
1789059105446433500,16.32143359375,0.010647851042449474,-0.015450062230229378,0.015048990957438946
1789059105456443600,16.331443603515623,0.033847711980342865,-0.021949240937829018,0.05931738391518593
1789059105466453500,16.34145361328125,0.03074832446873188,-0.01846635900437832,0.023025956004858017
1789059105476463600,16.351463623046875,-0.009253419004380703,-0.004806739278137684,-0.030002640560269356
1789059105486473500,16.361473388671875,-0.0290585495531559,-0.008218248374760151,-0.11365785449743271
1789059105496483600,16.371483642578124,-0.03827441856265068,-0.0021345235873013735,-0.11292921751737595
1789059105506492700,16.38149267578125,-0.05209515988826752,0.004328968469053507,-0.08178035169839859
1789059105516502500,16.39150244140625,-0.038172684609889984,-0.01401621662080288,-0.008569253608584404
1789059105526512600,16.4015126953125,0.013245497830212116,-0.040768466889858246,-0.005553755909204483
1789059105536522800,16.411522705078124,0.036444295197725296,-0.029255889356136322,0.0033361418172717094
1789059105546532600,16.42153271484375,0.0415346585214138,-0.04507666453719139,-0.06712976843118668
1789059105556542700,16.431542724609375,0.0398227795958519,-0.05438707396388054,-0.004447478801012039
1789059105566552600,16.441552490234375,-0.0057132793590426445,-0.027890753000974655,-0.04800880327820778
1789059105576562700,16.451562744140624,-0.03729544207453728,-0.0029646309558302164,0.03182397410273552
1789059105586572500,16.461572509765624,-0.061162956058979034,-0.037825942039489746,-0.030545126646757126
1789059105596582700,16.471582763671876,-0.06076374650001526,-0.041483793407678604,-0.11823369562625885
1789059105606592800,16.4815927734375,-0.052436843514442444,-0.1155761331319809,-0.061714496463537216
1789059105616602600,16.4916025390625,-0.08555085211992264,-0.06302716583013535,-0.06906375288963318
1789059105626612700,16.50161279296875,-0.1755763441324234,-0.07277433574199677,0.020083431154489517
1789059105636622600,16.51162255859375,-0.07664071768522263,-0.05465658754110336,0.02347283624112606
1789059105646632700,16.5216328125,-0.012198342941701412,-0.09804667532444,0.02286536805331707
1789059105656641800,16.531641845703124,0.009576461277902126,-0.10724709182977676,0.004495149478316307
1789059105666651600,16.541651611328124,0.03783712536096573,-0.0764835923910141,0.020474115386605263
1789059105676661800,16.551661865234376,0.024771392345428467,-0.03205806761980057,-0.013617807999253273
1789059105686671600,16.561671630859376,0.07584576308727264,-0.05571519210934639,-0.021705295890569687
1789059105696682200,16.57168212890625,0.1523786187171936,-0.040289897471666336,0.0303198229521513
1789059105706692000,16.581692138671876,0.1744663417339325,-0.03677719086408615,0.05681774392724037
1789059105716702200,16.5917021484375,0.20239144563674927,-0.05019499361515045,-0.02809315361082554
1789059105726712300,16.60171240234375,0.20400239527225494,-0.013286510482430458,-0.07425399124622345
1789059105736722200,16.61172216796875,0.12463114410638809,0.034882884472608566,-0.1512981802225113
1789059105746732300,16.621732177734376,0.05608084425330162,0.07113010436296463,-0.09003428369760513
1789059105756742100,16.6317421875,0.11681076884269714,0.039740487933158875,0.108516626060009
1789059105766752300,16.641752197265625,0.25118881464004517,0.01278796698898077,0.3240198791027069
1789059105776762400,16.651762451171876,0.1910620927810669,-0.004453337751328945,0.23338398337364197
1789059105786772200,16.661772216796876,0.1456325650215149,0.07209336757659912,0.0949169248342514
1789059105796782300,16.6717822265625,0.07456531375646591,0.03863634169101715,-0.184737890958786
1789059105806792200,16.681792236328125,-0.0240776389837265,0.05928542837500572,-0.21025976538658142
1789059105816801000,16.691801025390625,-0.1055903434753418,0.04578133672475815,-0.07614722847938538
1789059105826811100,16.70181103515625,-0.17324209213256836,0.07041531056165695,0.04162440821528435
1789059105836821000,16.711821044921876,-0.2418389916419983,0.030956318601965904,0.02389201708137989
1789059105846831000,16.7218310546875,-0.12578561902046204,-0.008894691243767738,0.04063078388571739
1789059105856841000,16.731841064453125,-0.08966730535030365,-0.02558019384741783,0.028149878606200218
1789059105866851000,16.74185107421875,-0.09628605842590332,-0.007201986387372017,0.023255787789821625
1789059105876861200,16.751861083984377,-0.1719033122062683,-0.0015036207623779774,-0.051360126584768295
1789059105886871000,16.76187109375,-0.2531372010707855,0.027526965364813805,-0.12908928096294403
1789059105896881200,16.771881103515625,-0.2544591724872589,0.03822381794452667,-0.1342795044183731
1789059105906891000,16.78189111328125,-0.18084834516048431,0.00418355967849493,-0.010116017423570156
1789059105916901000,16.791901123046873,-0.14670875668525696,0.0012692625168710947,0.1307918280363083
1789059105926911200,16.8019111328125,-0.1102474108338356,-0.019820842891931534,0.10019930452108383
1789059105936921000,16.811921142578125,-0.03899693489074707,-0.0371210016310215,0.03416942059993744
1789059105946931200,16.82193115234375,-0.04273920878767967,-0.03026735782623291,-0.07238364964723587
1789059105956941000,16.831941162109374,-0.052327919751405716,-0.025011610239744186,-0.06909597665071487
1789059105966950100,16.8419501953125,-0.07847030460834503,0.007358047645539045,-0.0650399848818779
1789059105976960300,16.851960205078125,-0.06478272378444672,0.01557975821197033,0.070868581533432
1789059105986970000,16.86197021484375,0.012930979020893574,0.034561704844236374,0.07665136456489563
1789059105996980200,16.871980224609374,0.052679456770420074,0.018028268590569496,0.06572788208723068
1789059106006990000,16.881989990234374,0.0565575510263443,0.03530446067452431,0.028066255152225494
1789059106017000200,16.892000244140625,0.13176016509532928,0.06318189948797226,0.07729052752256393
1789059106027010300,16.90201025390625,0.14703738689422607,0.01859712041914463,-0.13996829092502594
1789059106037020200,16.912020263671874,0.12228196859359741,0.09739046543836594,-0.155149906873703
1789059106047030300,16.9220302734375,0.06867999583482742,0.07309231907129288,-0.05035984143614769
1789059106057040100,16.9320400390625,0.13099344074726105,0.068207286298275,0.1895395666360855
1789059106067050200,16.94205029296875,0.16654343903064728,0.09443941712379456,0.14656920731067657
1789059106077060000,16.95206005859375,0.19047221541404724,-0.006054163910448551,0.05188876390457153
1789059106087070200,16.9620703125,0.16164907813072205,0.028389830142259598,-0.23305322229862213
1789059106097080300,16.972080322265626,-0.017002152279019356,0.14326635003089905,-0.10574506968259811
1789059106107090200,16.982090087890626,0.052255481481552124,0.07582871615886688,-0.029833262786269188
1789059106117099300,16.992099365234374,0.06539285182952881,0.10446728765964508,0.1115821897983551
1789059106127109400,17.002109375,-0.001281779375858605,0.06446101516485214,0.023482156917452812
1789059106137119200,17.012119140625,-0.026813238859176636,0.06524930894374847,-0.07978297770023346
1789059106147129300,17.02212939453125,-0.027765585109591484,0.09417656809091568,-0.08274628221988678
1789059106157139200,17.03213916015625,-0.01708550937473774,0.05200168117880821,0.02605903148651123
1789059106167149000,17.042149169921874,-0.011005247011780739,0.0644274577498436,0.11786352097988129
1789059106177159200,17.0521591796875,-0.08871921896934509,0.11852744221687317,0.02539297379553318
1789059106187169000,17.0621689453125,-0.15988846123218536,0.10870091617107391,-0.0961180105805397
1789059106197179100,17.07217919921875,-0.009021458216011524,0.06734069436788559,-0.10530698299407959
1789059106207189000,17.08218896484375,0.0024490428622812033,0.02339879982173443,0.00526746641844511
1789059106217199000,17.09219921875,-0.07204756140708923,-0.037394244223833084,0.08057766407728195
1789059106227209200,17.102209228515626,-0.2010928988456726,0.1276961714029312,0.19627469778060913
1789059106237219000,17.112218994140626,-0.35086774826049805,0.00503870053216815,0.13675811886787415
1789059106247229200,17.122229248046875,-0.28502535820007324,0.0022596921771764755,0.03749198094010353
1789059106257239000,17.132239013671875,-0.3235120177268982,-0.020109528675675392,-0.07398580759763718
1789059106267248000,17.142248046875,-0.3050485849380493,-0.020746823400259018,-0.06379655748605728
1789059106277258200,17.15225830078125,-0.26285427808761597,-0.040527451783418655,-0.12328758090734482
1789059106287268000,17.16226806640625,-0.29790839552879333,-0.07367981225252151,0.009502158500254154
1789059106297278200,17.1722783203125,-0.274251252412796,-0.06997589021921158,0.058810051530599594
1789059106307288000,17.1822880859375,-0.41131991147994995,-0.05830937996506691,0.07772116363048553
1789059106317298200,17.192298095703126,-0.4990694522857666,-0.026155970990657806,0.061347778886556625
1789059106327308300,17.202308349609375,-0.4216841161251068,-0.07555653899908066,-0.015162707306444645
1789059106337318100,17.212318115234375,-0.36971333622932434,-0.06548979133367538,-0.04692729562520981
1789059106347328300,17.222328369140627,-0.3697197139263153,-0.08316759020090103,0.004283428192138672
1789059106357338000,17.232338134765627,-0.2749713659286499,-0.12242285162210464,0.08602249622344971
1789059106367348200,17.24234814453125,-0.2220437228679657,-0.1419515460729599,-0.03296700492501259
1789059106377358000,17.252358154296875,-0.18642394244670868,-0.15176503360271454,-0.11648400127887726
1789059106387368200,17.2623681640625,-0.15990445017814636,-0.10291679203510284,-0.0876036211848259
1789059106397378300,17.27237841796875,-0.21518315374851227,-0.07149975001811981,-0.0020783308427780867
1789059106407387100,17.28238720703125,-0.06820382177829742,-0.09037011116743088,0.05903402343392372
1789059106417397200,17.292397216796875,-0.04869696497917175,-0.09934069961309433,0.10962609946727753
1789059106427407400,17.302407470703123,0.040893636643886566,-0.14654630422592163,0.04887832701206207
1789059106437417200,17.312417236328123,0.05762308090925217,-0.12570174038410187,0.06175444275140762
1789059106447427300,17.32242724609375,0.02833523415029049,-0.13199451565742493,-0.011214038357138634
1789059106457437200,17.332437255859375,-0.08075582981109619,-0.01179114542901516,0.07607559114694595
1789059106467447300,17.342447265625,0.018306568264961243,-0.028251079842448235,0.12687751650810242
1789059106477458200,17.352458251953124,0.07898402959108353,-0.09509003162384033,-0.030705181881785393
1789059106487468300,17.36246826171875,0.13202807307243347,-0.10772912949323654,-0.12525644898414612
1789059106497478100,17.37247802734375,0.07698186486959457,-0.021397434175014496,-0.02533864602446556
1789059106507488300,17.38248828125,0.10631312429904938,-0.059117648750543594,0.03663630783557892
1789059106517498400,17.392498291015624,0.12818247079849243,-0.04687642678618431,0.07276688516139984
1789059106527508200,17.40250830078125,0.03152889758348465,-0.03171318769454956,0.07527078688144684
1789059106537518300,17.412518310546876,0.12116184085607529,-0.07471045851707458,-0.031505197286605835
1789059106547528200,17.422528076171876,0.05030018836259842,-0.10224541276693344,-0.18903464078903198
1789059106557538300,17.432538330078124,0.08227330446243286,-0.11576255410909653,0.014420750550925732
1789059106567548200,17.442548095703124,0.08005382120609283,-0.07990016043186188,0.09078742563724518
1789059106577558300,17.452558349609376,-0.05987638235092163,-0.057007092982530594,0.003996073268353939
1789059106587568400,17.462568359375,0.051661062985658646,-0.05387308448553085,0.2334529608488083
1789059106597577200,17.4725771484375,0.09902511537075043,-0.1381368339061737,-0.05555646866559982
1789059106607587000,17.482587158203124,0.020372916013002396,-0.06739635020494461,-0.03985154256224632
1789059106617597200,17.49259716796875,0.08954932540655136,-0.12504473328590393,-0.040643833577632904
1789059106627607000,17.50260693359375,0.1307569444179535,-0.12397600710391998,0.18158631026744843
1789059106637617200,17.5126171875,0.04583220183849335,-0.06341066211462021,0.07326862215995789
1789059106647627000,17.522626953125,0.11396384984254837,-0.1032819151878357,0.06508392840623856
1789059106657637000,17.53263720703125,0.03868454322218895,-0.09341703355312347,-0.11480966955423355
1789059106667647200,17.542647216796876,0.0505976639688015,-0.07848069071769714,-0.07510221004486084
1789059106677657000,17.552656982421876,0.10664229094982147,-0.11414840817451477,0.026250513270497322
1789059106687667200,17.562667236328124,0.1689719706773758,-0.09211980551481247,0.09942565858364105
1789059106697676800,17.5726767578125,0.17737478017807007,-0.1470499038696289,0.09881765395402908
1789059106707687000,17.58268701171875,0.14871197938919067,-0.08851441740989685,-0.0019323896849527955
1789059106717697000,17.592697021484376,0.15988419950008392,-0.04135143384337425,-0.04628733545541763
1789059106727705900,17.602705810546876,0.164154052734375,-0.12553368508815765,-0.06386899203062057
1789059106737716000,17.612716064453124,0.16377800703048706,-0.02419108897447586,0.034637872129678726
1789059106747726000,17.62272607421875,0.09079515188932419,-0.048951297998428345,0.12112056463956833
1789059106757736000,17.63273583984375,0.21687479317188263,-0.08655299991369247,0.007535414304584265
1789059106767746000,17.64274609375,0.28532522916793823,-0.06727011501789093,0.019389409571886063
1789059106777756000,17.652755859375,0.2860759496688843,-0.07169336080551147,0.04292110353708267
1789059106787766000,17.66276611328125,0.2353249043226242,-0.07270269840955734,0.06370174884796143
1789059106797774800,17.67277490234375,0.1707909107208252,0.06155497208237648,0.04700452834367752
1789059106807784700,17.68278466796875,0.2139407843351364,-0.016290822997689247,-0.06901182234287262
1789059106817794800,17.692794921875,0.29008615016937256,-0.004799815360456705,-0.16383980214595795
1789059106827805000,17.702804931640625,0.26842212677001953,0.05367228388786316,0.0864078551530838
1789059106837814800,17.712814697265625,0.33124423027038574,0.038167890161275864,0.12902642786502838
1789059106847825000,17.722824951171877,0.37328970432281494,0.0335712768137455,-0.07103955745697021
1789059106857834800,17.732834716796877,0.39128148555755615,0.059473711997270584,-0.080573670566082
1789059106867843800,17.74284375,0.42917266488075256,0.05116971209645271,-0.042394060641527176
1789059106877854000,17.75285400390625,0.3572068512439728,0.08634154498577118,0.08349409699440002
1789059106887863800,17.76286376953125,0.3162924647331238,0.13263528048992157,0.0003070624661631882
1789059106897874000,17.7728740234375,0.27669256925582886,0.10700687766075134,-0.005920473486185074
1789059106907883800,17.7828837890625,0.24455967545509338,0.15762823820114136,0.0037713022902607918
1789059106917894000,17.792893798828125,0.22644884884357452,0.15829430520534515,0.050627224147319794
1789059106927904000,17.802904052734377,0.2106619030237198,0.1389634758234024,-0.18191014230251312
1789059106937913900,17.812913818359377,0.15060175955295563,0.18696428835391998,-0.11320245265960693
1789059106947924000,17.822924072265625,0.185674786567688,0.13860048353672028,0.13901780545711517
1789059106957933800,17.832933837890625,0.14316780865192413,0.15934385359287262,0.12777207791805267
1789059106967944000,17.84294384765625,0.07888096570968628,0.14886857569217682,0.14986379444599152
1789059106977953800,17.852953857421873,0.08308343589305878,0.05463581532239914,-0.19370581209659576
1789059106987964000,17.8629638671875,-0.00959670078009367,0.2376279979944229,-0.06531322747468948
1789059106997974000,17.87297412109375,-0.0911157950758934,0.21057215332984924,-0.14454279839992523
1789059107007982800,17.88298291015625,-0.06617821753025055,0.1838851422071457,0.04181163012981415
1789059107017993000,17.892992919921873,-0.14962944388389587,0.19393672049045563,0.025049161165952682
1789059107028003000,17.903003173828125,-0.18955448269844055,0.13874296844005585,0.09576274454593658
1789059107038013000,17.913012939453125,-0.2731287479400635,0.1539914309978485,-0.08930271118879318
1789059107048023000,17.92302294921875,-0.3329033851623535,0.17136003077030182,0.04205024987459183
1789059107058033000,17.933032958984374,-0.3585512340068817,0.1063767746090889,-0.06828664243221283
1789059107068043000,17.94304296875,-0.4434506595134735,0.14243197441101074,-0.036864541471004486
1789059107078053000,17.95305322265625,-0.5134236216545105,0.1150917038321495,-0.013425793498754501
1789059107088063000,17.96306298828125,-0.4578346610069275,0.08909258991479874,0.023011310026049614
1789059107098073000,17.973072998046874,-0.4279012680053711,0.0345502533018589,0.009431851096451283
1789059107108083000,17.9830830078125,-0.41114041209220886,0.03155206888914108,-0.03989282250404358
1789059107118092800,17.9930927734375,-0.44859910011291504,0.06789010018110275,-0.00037950044497847557
1789059107128102700,18.0031025390625,-0.38991448283195496,0.026339728385210037,0.04384575039148331
1789059107138111700,18.01311181640625,-0.3538302481174469,0.038057904690504074,0.06902381032705307
1789059107148121900,18.023121826171874,-0.3032669425010681,-0.0014535533264279366,0.09055626392364502
1789059107158131700,18.033131591796874,-0.2913660705089569,0.015596802346408367,-0.02695837989449501
1789059107168141800,18.043141845703126,-0.3292820155620575,0.018494589254260063,-0.006038983818143606
1789059107178152000,18.05315185546875,-0.29366064071655273,0.025467276573181152,0.03719184175133705
1789059107188161800,18.063161865234374,-0.26245078444480896,0.05709284543991089,-0.021947376430034637
1789059107198172000,18.073171875,-0.23857343196868896,-0.04781971871852875,-0.09589031338691711
1789059107208181800,18.083181640625,-0.165312260389328,0.009913616813719273,0.05636367201805115
1789059107218192000,18.09319189453125,-0.21677012741565704,-0.060500893741846085,-0.00035739620216190815
1789059107228202000,18.103201904296874,-0.12409292161464691,-0.0418691523373127,0.11318913847208023
1789059107238211800,18.1132119140625,-0.17892980575561523,-0.034079406410455704,-0.01967170648276806
1789059107248222000,18.123221923828126,-0.16769446432590485,-0.06079331040382385,0.005143629387021065
1789059107258231800,18.133231689453126,-0.16494448482990265,-0.03863740712404251,-0.025308286771178246
1789059107268241000,18.143240966796874,-0.15230724215507507,-0.06309321522712708,-0.02658793516457081
1789059107278251000,18.1532509765625,-0.09076079726219177,-0.06952501833438873,0.013585583306849003
1789059107288260900,18.1632607421875,-0.05175933614373207,-0.07312134653329849,0.08623528480529785
1789059107298271000,18.17327099609375,-0.06221144273877144,-0.11974930018186569,-0.03226632624864578
1789059107308280800,18.18328076171875,-0.036307141184806824,-0.07004006952047348,-0.014342986978590488
1789059107318291000,18.193291015625,-0.02827850915491581,-0.09847410768270493,0.051775045692920685
1789059107328301000,18.203301025390626,0.0049161952920258045,-0.12627485394477844,0.13391625881195068
1789059107338311000,18.213310791015626,-0.02460760809481144,-0.07503616064786911,0.1926882266998291
1789059107348321000,18.223321044921875,-0.03409964591264725,-0.12979207932949066,0.046183738857507706
1789059107358331000,18.233330810546875,-0.05029512941837311,-0.052382513880729675,-0.08151616156101227
1789059107368341000,18.243341064453126,-0.10126643627882004,-0.12612757086753845,-0.17941556870937347
1789059107378350800,18.253350830078126,-0.006163619924336672,-0.1122056320309639,-0.07061132043600082
1789059107388359700,18.263359619140626,0.03562137857079506,-0.12510864436626434,0.042627621442079544
1789059107398369800,18.273369873046875,0.11039362102746964,-0.21164993941783905,0.05686754360795021
1789059107408380000,18.2833798828125,0.11807737499475479,-0.17288629710674286,0.0598771832883358
1789059107418389800,18.2933896484375,-0.04045634716749191,-0.08643954992294312,0.02208772487938404
1789059107428399900,18.30339990234375,0.00415453128516674,-0.1103275716304779,-0.014195714145898819
1789059107438409700,18.31340966796875,0.07454986870288849,-0.12867967784404755,-0.05207225680351257
1789059107448419800,18.323419921875,0.029094502329826355,-0.06326578557491302,0.049320146441459656
1789059107458429700,18.3334296875,0.10028186440467834,-0.11104902625083923,0.050510045140981674
1789059107468439800,18.343439697265627,0.11112012714147568,-0.09258639067411423,0.06345301121473312
1789059107478450000,18.353449951171875,0.1133049875497818,-0.07360897213220596,0.03934367746114731
1789059107488459800,18.363459716796875,0.1772184520959854,-0.12548522651195526,0.011716577224433422
1789059107498470000,18.373469970703123,0.17248867452144623,-0.09937772154808044,0.010933874174952507
1789059107508479700,18.383479736328123,0.18682260811328888,-0.05981219932436943,-0.005096225067973137
1789059107518488800,18.39348876953125,0.16578097641468048,-0.07492590695619583,-0.014878815039992332
1789059107528499000,18.4034990234375,0.06630551815032959,-0.027095267549157143,-0.08429330587387085
1789059107538508800,18.4135087890625,0.11496946215629578,-0.048764076083898544,0.01895930990576744
1789059107548519000,18.423518798828123,0.16441024839878082,-0.1019069254398346,0.10186005383729935
1789059107558529000,18.433529052734375,0.07495733350515366,-0.03166791424155235,0.1130027174949646
1789059107568539000,18.443538818359375,0.009238505735993385,-0.0033987262286245823,-0.00914582796394825
1789059107578549000,18.453549072265623,0.0011848403373733163,-0.005793174263089895,-0.11006046086549759
1789059107588558800,18.463558837890623,-0.041914694011211395,-0.02286084182560444,-0.1649833619594574
1789059107598569000,18.47356884765625,0.012459865771234035,-0.019152123481035233,-0.04562527686357498
1789059107608578800,18.483578857421875,0.025960227474570274,-0.014551245607435703,0.10903514176607132
1789059107618589000,18.4935888671875,0.029767217114567757,-0.02359107881784439,0.2136494368314743
1789059107628599000,18.50359912109375,0.12545831501483917,-0.07236101478338242,0.14449194073677063
1789059107638608000,18.51360791015625,0.09233339130878448,-0.002438656520098448,0.18691635131835938
1789059107648618000,18.523617919921875,-0.03875325620174408,-0.16230608522891998,-0.3200264871120453
1789059107658628000,18.533628173828124,0.04987461492419243,-0.1524001955986023,-0.3804144561290741
1789059107668638000,18.543637939453124,-0.008435296826064587,-0.002528138691559434,-0.1604655683040619
1789059107678648000,18.55364794921875,0.018071677535772324,0.00436092633754015,0.1556979864835739
1789059107688658000,18.563657958984376,0.12628602981567383,-0.0875258520245552,0.19096063077449799
1789059107698668000,18.57366796875,0.10340148955583572,0.047141678631305695,0.13091620802879333
1789059107708678000,18.583677978515624,0.12638697028160095,-0.1881246268749237,-0.2813967764377594
1789059107718688000,18.59368798828125,0.033604566007852554,-0.02184431254863739,-0.13982261717319489
1789059107728698000,18.603697998046876,-0.0133288549259305,-0.04422951117157936,0.08576071262359619
1789059107738708000,18.6137080078125,0.13910701870918274,-0.05855865031480789,0.2012534886598587
1789059107748716800,18.623716796875,0.09585435688495636,-0.053039517253637314,0.24909158051013947
1789059107758727000,18.633726806640624,0.03996818885207176,0.014855112880468369,0.1327628344297409
1789059107768736800,18.64373681640625,0.018731076270341873,-0.01182283740490675,0.027712853625416756
1789059107778747000,18.653746826171876,0.05465419217944145,-0.06458485126495361,-0.010936005041003227
1789059107788756700,18.6637568359375,0.083467997610569,-0.05892696604132652,-0.10248589515686035
1789059107798766800,18.673766845703124,0.05811204016208649,-0.048103079199790955,-0.05084134265780449
1789059107808777000,18.68377685546875,0.0848083645105362,-0.06635984778404236,-0.0560813769698143
1789059107818786800,18.693786865234376,0.09575235843658447,-0.028179973363876343,-0.0033454629592597485
1789059107828797000,18.703796875,0.048169661313295364,-0.028018850833177567,0.03521284833550453
1789059107838806800,18.713806884765624,0.1988489180803299,-0.01817367784678936,0.19648775458335876
1789059107848817000,18.72381689453125,0.1836979240179062,-0.08352845162153244,0.08615539222955704
1789059107858826800,18.73382666015625,0.06895589828491211,-0.027282221242785454,-0.08285386860370636
1789059107868835800,18.7438359375,0.09523357450962067,-0.020975856110453606,-0.02605263888835907
1789059107878846000,18.753845947265624,0.15264040231704712,-0.05690722540020943,0.01455870270729065
1789059107888855800,18.763855712890624,0.11284133046865463,0.03255394846200943,0.1875659078359604
1789059107898866000,18.773865966796876,0.0656285434961319,0.04657149687409401,0.06520243734121323
1789059107908876000,18.7838759765625,0.07444626837968826,0.06448312103748322,-0.022852052003145218
1789059107918886000,18.793885986328124,0.08448745310306549,0.010460097342729568,-0.1732247769832611
1789059107928896000,18.80389599609375,0.17905789613723755,-0.0021819279063493013,0.03184102103114128
1789059107938905900,18.81390576171875,0.20165109634399414,-0.06575477868318558,0.14042901992797852
1789059107948916000,18.823916015625,0.16589176654815674,-0.02965882606804371,0.3720731735229492
1789059107958926000,18.833926025390625,-0.090500608086586,0.12421489506959915,0.23587724566459656
1789059107968936000,18.84393603515625,-0.2075401395559311,0.14235848188400269,-0.06238854303956032
1789059107978945000,18.853945068359376,-0.10707531869411469,0.0922929123044014,-0.09775159507989883
1789059107988955100,18.863955078125,-0.062434349209070206,0.06675559282302856,-0.11473669856786728
1789059107998965000,18.873965087890625,0.018268220126628876,-0.0588686428964138,-0.23507562279701233
1789059108008975000,18.88397509765625,0.019512714818120003,-0.03604109212756157,-0.11329619586467743
1789059108018985000,18.89398486328125,-0.09035386145114899,0.05458761006593704,0.0640636682510376
1789059108028995000,18.9039951171875,-0.048351019620895386,-0.003175020683556795,-0.09565728157758713
1789059108039005000,18.9140048828125,-0.049188319593667984,0.027181286364793777,-0.13887132704257965
1789059108049015000,18.92401513671875,-0.09549323469400406,0.003495665267109871,-0.101783886551857
1789059108059025200,18.934025146484377,0.033482059836387634,-0.011061439290642738,-0.04267023131251335
1789059108069035000,18.944034912109377,-0.039258189499378204,0.05547923594713211,0.18819546699523926
1789059108079044900,18.954044921875,-0.04177647456526756,0.03563442826271057,0.10433785617351532
1789059108089054000,18.964053955078125,0.018626946955919266,0.027455059811472893,-0.02840261347591877
1789059108099063800,18.974063720703125,-0.03074273280799389,0.05991073697805405,-0.31069475412368774
1789059108109074000,18.984073974609377,-0.04374774545431137,0.050273023545742035,0.02351997420191765
1789059108119083800,18.994083740234377,-0.03098507970571518,0.03702699393033981,-0.03301627188920975
1789059108129094000,19.004093994140625,-0.0489979013800621,0.037700507789850235,0.09128357470035553
1789059108139104000,19.01410400390625,0.002369148191064596,-0.00449754623696208,0.05019233003258705
1789059108149113900,19.02411376953125,0.002394714392721653,0.046356312930583954,0.06417499482631683
1789059108159124000,19.0341240234375,-0.04144171625375748,0.048113465309143066,-0.03917429968714714
1789059108169133800,19.0441337890625,-0.056594036519527435,-0.009875534102320671,-0.08948993682861328
1789059108179144000,19.05414404296875,-0.06703709065914154,-0.015802131965756416,-0.1828145533800125
1789059108189153800,19.06415380859375,-0.07119961082935333,0.10759223997592926,-0.028560271486639977
1789059108199163000,19.074162841796873,0.016993897035717964,-0.016513196751475334,-0.09745624661445618
1789059108209173000,19.084173095703125,0.10189919918775558,-0.07446571439504623,-0.0723160058259964
1789059108219182800,19.094182861328125,-0.04030481353402138,0.06704428046941757,0.0222653578966856
1789059108229193000,19.10419287109375,-0.08132229000329971,0.04646923020482063,0.10824950784444809
1789059108239203000,19.114203125,-0.030784277245402336,0.04561701789498329,0.08744995296001434
1789059108249213000,19.124212890625,-0.04147686809301376,0.029392244294285774,0.04392591118812561
1789059108259223000,19.13422314453125,-0.05727341026067734,-0.010498980060219765,-0.057014551013708115
1789059108269233000,19.14423291015625,-0.08613807708024979,0.04650678113102913,-0.06393317878246307
1789059108279243000,19.154242919921874,-0.11395826190710068,0.015615178272128105,-0.04567880555987358
1789059108289253000,19.164253173828126,-0.01888474076986313,0.020253872498869896,0.16440971195697784
1789059108299262000,19.174261962890625,-0.0468098483979702,0.07321082800626755,0.1879746913909912
1789059108309272000,19.18427197265625,-0.03136298432946205,0.04876221343874931,0.31358322501182556
1789059108319282000,19.194281982421874,0.046884685754776,-0.16951100528240204,-0.17740221321582794
1789059108329291800,19.204291748046874,-0.04185876622796059,0.055566854774951935,-0.0959174707531929
1789059108339302000,19.214302001953126,-0.03259949013590813,-0.0215913113206625,-0.05064373463392258
1789059108349311700,19.224311767578126,-0.09591880440711975,0.07586919516324997,0.13741645216941833
1789059108359321900,19.23432177734375,-0.06413770467042923,0.0701359435915947,0.10594001412391663
1789059108369331700,19.244331787109374,0.014720888808369637,-0.02953791804611683,-0.10185978561639786
1789059108379341800,19.254341796875,0.07522737234830856,0.034274350851774216,-0.04027019068598747
1789059108389352000,19.26435205078125,0.0604068860411644,-0.02484649419784546,-0.05314071476459503
1789059108399361800,19.27436181640625,0.09820512682199478,-0.021821675822138786,-0.014428207650780678
1789059108409371000,19.284370849609374,-0.0015699334908276796,0.039321839809417725,0.07572698593139648
1789059108419381000,19.294381103515626,0.03199548274278641,-0.02159610576927662,0.07304731011390686
1789059108429390800,19.304390869140626,0.07247579842805862,-0.049483928829431534,0.02250717394053936
1789059108439401000,19.31440087890625,0.006365221459418535,0.011782091110944748,0.026083799079060555
1789059108449410800,19.324410888671874,0.0038480013608932495,-0.009781790897250175,0.10505078732967377
1789059108459421000,19.3344208984375,-0.014489993453025818,0.012415656819939613,-0.058459848165512085
1789059108469431000,19.34443115234375,-0.059234827756881714,0.02238120511174202,-0.09189449995756149
1789059108479441000,19.35444091796875,0.019156649708747864,-0.058512311428785324,-0.0444023534655571
1789059108489451000,19.364450927734374,0.017537448555231094,0.03449166566133499,0.031327828764915466
1789059108499460900,19.3744609375,0.051906608045101166,-0.02634478732943535,0.02677861787378788
1789059108509470000,19.384469970703126,0.08911389857530594,-0.03790770098567009,-0.014550979249179363
1789059108519480000,19.39447998046875,-0.006090915761888027,0.013849236071109772,-0.12706314027309418
1789059108529490000,19.404489990234374,0.0263567715883255,0.0036762275267392397,-0.059301141649484634
1789059108539500000,19.4145,0.01410729717463255,0.052563607692718506,-0.002034655073657632
1789059108549510000,19.424510009765626,0.041244376450777054,-0.005687446799129248,-0.010784204117953777
1789059108559520000,19.43452001953125,0.11490847915410995,0.01011069118976593,0.04844849184155464
1789059108569530000,19.444530029296875,0.06290572881698608,0.01733797788619995,0.06311158835887909
1789059108579540000,19.4545400390625,0.07800478488206863,0.014475611969828606,-0.0073194317519664764
1789059108589550000,19.464550048828126,0.07160387933254242,0.0764034315943718,-0.050707120448350906
1789059108599560000,19.474559814453126,-0.023027820512652397,0.006991330534219742,-0.236911341547966
1789059108609568800,19.48456884765625,0.05853681266307831,0.10174180567264557,-0.08835595846176147
1789059108619579000,19.494578857421875,0.11263547092676163,0.06912846863269806,0.08793411403894424
1789059108629588700,19.504588623046875,0.08482913672924042,0.06463970988988876,0.182908296585083
1789059108639598800,19.514598876953126,0.13352183997631073,0.05320729315280914,0.08570931106805801
1789059108649609000,19.52460888671875,0.08808671683073044,0.059303004294633865,0.024389496073126793
1789059108659618800,19.534618896484375,-0.040040627121925354,0.03154913708567619,-0.14439313113689423
1789059108669629000,19.54462890625,-0.09361730515956879,0.0893610417842865,-0.10020729154348373
1789059108679638800,19.554638671875,-0.08398118615150452,0.04500396177172661,-0.020927120000123978
1789059108689649000,19.56464892578125,-0.12610706686973572,0.07316315919160843,0.09461119025945663
1789059108699658800,19.57465869140625,-0.092809297144413,0.011719772592186928,0.07729025930166245
1789059108709667600,19.58466748046875,-0.06717024743556976,0.010432134382426739,-0.015930229797959328
1789059108719677700,19.594677734375,-0.17557048797607422,0.048171255737543106,-0.07093729078769684
1789059108729687800,19.604687744140627,-0.15378956496715546,0.039436887949705124,-0.021281320601701736
1789059108739697700,19.61469775390625,-0.14077016711235046,0.022238193079829216,-0.009868343360722065
1789059108749707800,19.624707763671875,-0.16815385222434998,0.022669093683362007,-0.01543434988707304
1789059108759717600,19.634717529296875,-0.12628869712352753,0.016800284385681152,0.012827647849917412
1789059108769727700,19.644727783203123,-0.18797042965888977,0.014545120298862457,-0.03940519690513611
1789059108779737600,19.654737548828123,-0.21511976420879364,0.015356585383415222,0.012469452805817127
1789059108789747700,19.664747802734375,-0.20134536921977997,-0.0010229201288893819,0.017961690202355385
1789059108799757800,19.6747578125,-0.2157629132270813,-0.002627741079777479,0.047387223690748215
1789059108809766700,19.6847666015625,-0.17672203481197357,-0.023682160302996635,-0.03828240931034088
1789059108819776800,19.69477685546875,-0.22139869630336761,-0.05073774605989456,-0.07301029562950134
1789059108829787000,19.704786865234375,-0.2386743575334549,-0.04188140481710434,-0.0188975241035223
1789059108839796700,19.714796630859375,-0.2071651667356491,-0.04609106108546257,0.06918306648731232
1789059108849806800,19.724806884765623,-0.20379680395126343,-0.049481265246868134,0.10653842985630035
1789059108859816700,19.734816650390623,-0.17400774359703064,-0.01435257401317358,0.06507647037506104
1789059108869826800,19.744826904296875,-0.17833246290683746,-0.04511421546339989,-0.12559734284877777
1789059108879836700,19.754836669921875,-0.2178385853767395,-0.03401016443967819,-0.0159470085054636
1789059108889846800,19.7648466796875,-0.13111060857772827,-0.03646160289645195,0.01315042283385992
1789059108899857000,19.77485693359375,-0.06648208945989609,-0.0676639974117279,0.1253051906824112
1789059108909866000,19.784865966796875,0.0089365029707551,-0.08522062003612518,0.08183255046606064
1789059108919875800,19.794875732421875,-0.04860934615135193,-0.06844883412122726,-0.010812966153025627
1789059108929886000,19.804885986328124,-0.121629498898983,-0.041604168713092804,0.019470904022455215
1789059108939895800,19.814895751953124,-0.1289510577917099,-0.06367884576320648,-0.09050113707780838
1789059108949906000,19.824906005859376,-0.06964246183633804,-0.06995511800050735,-0.0585985966026783
1789059108959915800,19.834915771484376,-0.031080154702067375,-0.029857497662305832,0.022098377346992493
1789059108969926000,19.84492578125,-0.04940962791442871,-0.08195239305496216,-0.008713063783943653
1789059108979936000,19.85493603515625,-0.06755214929580688,-0.04477892443537712,-0.02437351644039154
1789059108989945600,19.864945556640624,-0.0659896656870842,-0.0385252870619297,-0.005989449098706245
1789059108999955700,19.874955810546876,-0.004582235123962164,-0.08221231400966644,-0.02075215056538582
1789059109009964800,19.88496484375,0.009471531957387924,-0.0715937614440918,-0.020917000249028206
1789059109019974700,19.894974609375,-0.020711936056613922,-0.06298135966062546,-0.0014325142838060856
1789059109029984800,19.90498486328125,-0.07286515086889267,-0.0550701767206192,-0.01679149642586708
1789059109039994600,19.91499462890625,0.0049007488414645195,-0.06046467646956444,0.09557312726974487
1789059109050004700,19.925004638671876,0.03771249204874039,-0.11625150591135025,0.1454506665468216
1789059109060014800,19.935014892578124,0.04669799655675888,-0.12476243823766708,0.07872703671455383
1789059109070024700,19.945024658203124,-0.024113591760396957,-0.10294502228498459,-0.014036190696060658
1789059109080034800,19.955034912109376,-0.0435730442404747,-0.10875017940998077,-0.02846413105726242
1789059109090044700,19.965044677734376,-0.019111642614006996,-0.08335507661104202,-0.007568703964352608
1789059109100054800,19.9750546875,0.024830248206853867,-0.08267463743686676,0.02009381726384163
1789059109110063900,19.98506396484375,0.050335075706243515,-0.11800014227628708,0.027451064437627792
1789059109120073700,19.99507373046875,0.01558188907802105,-0.07002568989992142,0.021261611953377724
1789059109130083800,20.005083740234376,0.039145536720752716,-0.12426496297121048,-0.010936803184449673
1789059109140093700,20.01509375,0.11388475447893143,-0.13685745000839233,-0.0765906497836113
1789059109150103800,20.025103759765624,0.13476474583148956,-0.13905562460422516,-0.051590222865343094
1789059109160114000,20.035114013671876,0.13991369307041168,-0.13830700516700745,-0.04258900508284569
1789059109170123800,20.045123779296876,0.11445201188325882,-0.08971710503101349,-0.00030652983696199954
1789059109180134000,20.0551337890625,0.12652066349983215,-0.08187196403741837,0.0151017215102911
1789059109190143700,20.065143798828124,0.21660155057907104,-0.11111613363027573,-0.021999042481184006
1789059109200152800,20.07515283203125,0.2385113686323166,-0.1010081097483635,0.022782010957598686
1789059109210163000,20.085162841796876,0.23904266953468323,-0.11204291135072708,-0.024094950407743454
1789059109220172800,20.0951728515625,0.23483461141586304,-0.09187000244855881,0.008678176440298557
1789059109230183000,20.105182861328124,0.26022467017173767,-0.07742422074079514,0.01932522840797901
1789059109240192800,20.11519287109375,0.2823944091796875,-0.07204729318618774,0.02004002034664154
1789059109250202600,20.12520263671875,0.3105940818786621,-0.08827979117631912,-0.05548562854528427
1789059109260212700,20.135212646484376,0.2829289138317108,-0.03460804373025894,-0.009394832886755466
1789059109270222600,20.14522265625,0.29208406805992126,-0.06034909561276436,-0.03277871757745743
1789059109280232700,20.155232666015625,0.2675717771053314,-0.017042100429534912,0.011749333702027798
1789059109290242600,20.16524267578125,0.2794177830219269,-0.055091481655836105,-0.012660135515034199
1789059109300251600,20.175251708984376,0.2884823977947235,-0.028929652646183968,0.029676401987671852
1789059109310261800,20.18526171875,0.24245311319828033,-0.01955266296863556,0.00808828603476286
1789059109320271600,20.195271728515625,0.2063036412000656,0.009073389694094658,0.06669434159994125
1789059109330281700,20.20528173828125,0.1894088089466095,-0.025241972878575325,-0.08618761599063873
1789059109340291800,20.215291748046877,0.171665757894516,-0.005960420705378056,-0.07195621728897095
1789059109350301700,20.2253017578125,0.15129657089710236,0.0217170137912035,0.03665788099169731
1789059109360311800,20.235311767578125,0.09040366858243942,0.013656423427164555,-0.005565207917243242
1789059109370321700,20.24532177734375,0.019482888281345367,0.06862486898899078,0.03945180028676987
1789059109380331800,20.255331787109377,0.04880668595433235,0.04571875184774399,-0.01804531365633011
1789059109390340900,20.2653408203125,0.05000298097729683,0.054845672100782394,0.012533634901046753
1789059109400350700,20.275350830078125,-0.004239752423018217,0.08906728774309158,-0.03687093406915665
1789059109410360800,20.28536083984375,-0.01787913218140602,0.05415298417210579,-0.06886082142591476
1789059109420371000,20.295370849609377,-0.004609931726008654,0.06018104776740074,0.04513631761074066
1789059109430380800,20.305380859375,-0.04447798430919647,0.07193783670663834,0.062197595834732056
1789059109440391000,20.315390869140625,-0.03899480402469635,0.08563820272684097,0.10042461007833481
1789059109450400800,20.32540087890625,-0.08155424892902374,0.10210452973842621,0.04238500818610191
1789059109460411000,20.335410888671873,-0.14541898667812347,0.11404454708099365,-0.06998360902070999
1789059109470420700,20.345420654296873,-0.07270029932260513,0.02682788483798504,-0.18033462762832642
1789059109480429600,20.3554296875,-0.10435304045677185,0.0878443643450737,-0.02786891534924507
1789059109490439700,20.365439697265625,-0.11864915490150452,0.04953639209270477,0.05387015640735626
1789059109500449500,20.375449462890625,-0.0888822004199028,0.057686999440193176,0.09651561826467514
1789059109510459600,20.385459716796873,-0.15754196047782898,0.0980147123336792,0.0968455895781517
1789059109520469800,20.3954697265625,-0.164937824010849,0.08459637314081192,-0.1072087436914444
1789059109530479600,20.405479736328125,-0.1381661295890808,0.04001239687204361,-0.06536116451025009
1789059109540489700,20.41548974609375,-0.14224795997142792,0.09717235714197159,0.009396431036293507
1789059109550499600,20.42549951171875,-0.07024619728326797,0.030226346105337143,0.08676392585039139
1789059109560509700,20.435509765625,-0.06459897011518478,-0.003712712787091732,-0.033491116017103195
1789059109570518800,20.445518798828125,-0.08210765570402145,0.05801962688565254,-0.007473628968000412
1789059109580528600,20.455528564453125,-0.0890268087387085,0.02611975185573101,0.0333920456469059
1789059109590538800,20.465538818359374,-0.1397954523563385,0.032890573143959045,-0.0339297391474247
1789059109600548900,20.475548828125,-0.1518140286207199,0.006590524688363075,-0.04699413850903511
1789059109610558700,20.485558837890625,-0.1493852287530899,-0.008482434786856174,-0.013197827152907848
1789059109620568800,20.49556884765625,-0.19076675176620483,0.010004431009292603,-0.02460787445306778
1789059109630578700,20.50557861328125,-0.2106379270553589,0.035833366215229034,-0.05132044479250908
1789059109640588800,20.5155888671875,-0.10729769617319107,-0.01642078533768654,0.054913315922021866
1789059109650598700,20.5255986328125,-0.05546911805868149,-0.004400607198476791,0.06991010904312134
1789059109660608800,20.53560888671875,-0.0529114194214344,0.0011502192355692387,0.04574591666460037
1789059109670617900,20.545617919921874,0.02075028605759144,0.007226753979921341,-0.030973628163337708
1789059109680627700,20.555627685546874,-0.012255600653588772,-0.03659955784678459,-0.07233438640832901
1789059109690637800,20.565637939453126,0.045953378081321716,-0.023489879444241524,-0.028665199875831604
1789059109700648000,20.57564794921875,0.08454817533493042,-0.014130466617643833,0.06746932119131088
1789059109710657800,20.58565771484375,0.07150401175022125,-0.04982880875468254,0.024407871067523956
1789059109720668000,20.59566796875,0.17520484328269958,0.03726321458816528,0.11003994941711426
1789059109730677800,20.605677734375,0.18788094818592072,-0.026911508291959763,0.04994891583919525
1789059109740688000,20.61568798828125,0.13517513871192932,0.0016048208344727755,-0.05011643096804619
1789059109750697700,20.62569775390625,0.07556213438510895,0.056227851659059525,-0.039806533604860306
1789059109760706800,20.635706787109374,0.07916246354579926,0.004864263813942671,0.0037997981999069452
1789059109770717000,20.645717041015626,0.04464682936668396,0.051228299736976624,0.0786290317773819
1789059109780726800,20.655726806640626,0.03617371618747711,0.019278090447187424,0.009067264385521412
1789059109790737000,20.66573681640625,-0.005004079546779394,0.02804068848490715,-0.03031875751912594
1789059109800747000,20.6757470703125,0.049488987773656845,0.045397043228149414,-0.03870078921318054
1789059109810756900,20.6857568359375,-0.018630675971508026,-0.011630024760961533,-0.09964350610971451
1789059109820767000,20.69576708984375,0.020432304590940475,0.026999127119779587,-0.01369077805429697
1789059109830776600,20.705776611328126,-0.017912155017256737,0.04363109916448593,0.0004599279200192541
1789059109840785700,20.71578564453125,-0.036909814924001694,0.059962935745716095,0.005215534474700689
1789059109850795800,20.725795654296874,-0.027353061363101006,0.017223993316292763,-0.05590321123600006
1789059109860805600,20.7358056640625,-0.025591645389795303,0.028958680108189583,-0.006759369280189276
1789059109870815700,20.745815673828126,-0.08651944249868393,0.009951167739927769,-0.025722140446305275
1789059109880825900,20.755825927734374,-0.11140216141939163,0.010948254726827145,0.005321794655174017
1789059109890835700,20.765835693359374,-0.1668662130832672,-0.005774265620857477,-0.05663824453949928
1789059109900845800,20.775845703125,-0.26819682121276855,0.06953620165586472,0.08113666623830795
1789059109910855700,20.785855712890626,-0.18858376145362854,-0.04595763608813286,-0.04460794851183891
1789059109920865800,20.79586572265625,-0.16177824139595032,0.0015635418239980936,-0.025052355602383614
1789059109930875000,20.805875,-0.1449899524450302,-0.07073728740215302,0.07556160539388657
1789059109940884700,20.815884765625,-0.09040206670761108,-0.1274319887161255,0.09352382272481918
1789059109950894800,20.825894775390626,-0.1490480750799179,-0.0039292280562222,-0.017292970791459084
1789059109960905000,20.835905029296875,-0.1967436820268631,-0.03896790370345116,-0.08886142820119858
1789059109970914800,20.845914794921875,-0.1878516525030136,0.00487278588116169,-0.003855191869661212
1789059109980925000,20.855925048828126,-0.13985510170459747,-0.04669426754117012,-0.004719387739896774
1789059109990934800,20.865934814453126,-0.024825189262628555,-0.018515361472964287,0.12769298255443573
1789059110000945000,20.87594482421875,0.010512296110391617,-0.127094566822052,-0.029953904449939728
1789059110010954800,20.885954833984375,0.03241493180394173,-0.0653771385550499,-0.03290628269314766
1789059110020963800,20.8959638671875,-0.012501411139965057,-0.02847185544669628,-0.04712197184562683
1789059110030974000,20.905973876953126,0.03320615738630295,-0.03909094259142876,-0.025497104972600937
1789059110040983800,20.91598388671875,0.13634932041168213,-0.08051108568906784,0.05567338317632675
1789059110050994000,20.925993896484375,0.1321583092212677,-0.03855937719345093,0.10945538431406021
1789059110061004000,20.936004150390627,0.08572742342948914,-0.023368705064058304,0.009929596446454525
1789059110071014000,20.946013916015627,0.13248907029628754,0.006593187805265188,-0.0709143877029419
1789059110081023700,20.956023681640627,0.11591514945030212,0.006969492416828871,-0.009897904470562935
1789059110091033600,20.96603369140625,0.17832952737808228,-0.07692567259073257,0.0028818065766245127
1789059110101043700,20.976043701171875,0.21002326905727386,-0.020439228042960167,0.15751053392887115
1789059110111052800,20.986052734375,0.19433246552944183,-0.07799546420574188,0.07607665657997131
1789059110121062700,20.996062744140627,0.22650238871574402,-0.03574228286743164,0.024095749482512474
1789059110131072800,21.00607275390625,0.14569035172462463,-0.02353195659816265,-0.10090504586696625
1789059110141083000,21.016082763671875,0.1231464296579361,-0.021741248667240143,-0.032815735787153244
1789059110151092700,21.0260927734375,0.1808755099773407,-0.06304474920034409,0.07378820329904556
1789059110161102800,21.036102783203123,0.1752234846353531,-0.06409243494272232,0.062429290264844894
1789059110171112700,21.04611279296875,0.15431393682956696,-0.01267185341566801,0.0757160633802414
1789059110181122800,21.056122802734375,0.16707420349121094,-0.040292028337717056,0.017102554440498352
1789059110191132700,21.066132568359375,0.12749777734279633,-0.03265434876084328,-0.005047488957643509
1789059110201141800,21.076141845703123,0.11679878830909729,-0.04289979487657547,0.015399728901684284
1789059110211152000,21.08615185546875,0.07029599696397781,-0.029328061267733574,0.02599218487739563
1789059110221161700,21.09616162109375,0.04959817975759506,-0.04273201897740364,-0.024414530023932457
1789059110231171800,21.106171875,0.054376423358917236,-0.03368552401661873,0.026267556473612785
1789059110241182000,21.116181884765624,0.02347523160278797,-0.03080984391272068,0.0002948119363281876
1789059110251191800,21.12619189453125,0.05919194966554642,-0.058927763253450394,-0.010831608437001705
1789059110261202000,21.136201904296875,0.09075919538736343,-0.08707178384065628,-0.016390956938266754
1789059110271211800,21.146211669921875,0.041008684784173965,-0.06534198671579361,0.03391961753368378
1789059110281220900,21.156220947265624,0.026281937956809998,-0.07259297370910645,0.05561665818095207
1789059110291231000,21.16623095703125,0.062189869582653046,-0.06754442304372787,0.01082654856145382
1789059110301240800,21.17624072265625,0.07031650841236115,-0.06395341455936432,0.00965635571628809
1789059110311251000,21.1862509765625,0.11357823014259338,-0.07710889726877213,-0.037268541753292084
1789059110321260800,21.1962607421875,0.13170184195041656,-0.08848299086093903,0.019590212032198906
1789059110331270700,21.206270751953124,0.1730109304189682,-0.13873471319675446,0.024220118299126625
1789059110341280800,21.21628076171875,0.22547893226146698,-0.12400849908590317,-0.020607274025678635
1789059110351290600,21.22629052734375,0.13135269284248352,-0.05922523885965347,0.02346111834049225
1789059110361300700,21.23630078125,0.07112663984298706,-0.08773304522037506,0.0007115966291166842
1789059110371309800,21.246309814453124,0.06646211445331573,0.0001478054327890277,0.08952268958091736
1789059110381319700,21.256319580078124,0.0903642475605011,-0.08398757874965668,0.05260781571269035
1789059110391329800,21.266329833984376,0.10927748680114746,-0.08154119551181793,0.10566757619380951
1789059110401339600,21.276339599609376,0.12683597207069397,-0.07555947452783585,-0.0779094472527504
1789059110411349800,21.286349853515624,0.05932324379682541,-0.07485879212617874,-0.0530799962580204
1789059110421359900,21.29635986328125,0.09213392436504364,-0.11230497062206268,-0.07847749441862106
1789059110431369700,21.30636962890625,0.020483171567320824,-0.050443731248378754,0.1305558830499649
1789059110441379800,21.3163798828125,0.08952322602272034,-0.024116255342960358,-0.04001692309975624
1789059110451389000,21.326388916015624,0.11575056612491608,-0.026378078386187553,-0.06865336000919342
1789059110461398800,21.336398681640624,0.15764102339744568,-0.06291797757148743,-0.07543270289897919
1789059110471409000,21.346408935546876,0.18264810740947723,-0.019352925941348076,0.03999508544802666
1789059110481418800,21.356418701171876,0.22908617556095123,-0.06588847190141678,0.021524732932448387
1789059110491428900,21.366428955078124,0.23884133994579315,-0.03724776953458786,0.0816543847322464
1789059110501439000,21.37643896484375,0.19322112202644348,0.00501020485535264,-0.0007206514128483832
1789059110511448800,21.38644873046875,0.18718373775482178,0.020633639767766,0.03105219267308712
1789059110521459000,21.396458984375,0.27307868003845215,-0.00923238042742014,-0.026547987014055252
1789059110531468800,21.40646875,0.27578312158584595,0.016934242099523544,0.039384957402944565
1789059110541478000,21.416477783203124,0.23341327905654907,0.02474236488342285,0.02081846259534359
1789059110551488000,21.426488037109376,0.207357719540596,0.03056856244802475,0.02135535515844822
1789059110561497900,21.436497802734376,0.24072100222110748,0.00014940333494450897,-0.009785785339772701
1789059110571507700,21.4465078125,0.25270041823387146,-0.015123825520277023,-0.010776481591165066
1789059110581517800,21.456517822265624,0.21027441322803497,0.021863486617803574,0.05620015412569046
1789059110591527700,21.466527587890624,0.1780080795288086,0.040227845311164856,0.0101991081610322
1789059110601537800,21.476537841796876,0.16118063032627106,0.09849328547716141,-0.04382524639368057
1789059110611547600,21.486547607421876,0.19346293807029724,0.07034207135438919,-0.03129986673593521
1789059110621556700,21.496556640625,0.29927167296409607,0.03989894688129425,0.006548180244863033
1789059110631566800,21.50656689453125,0.33084556460380554,0.020250676199793816,0.05899274721741676
1789059110641576700,21.51657666015625,0.3076252043247223,0.022042185068130493,0.0642668679356575
1789059110651586800,21.5265869140625,0.2827019989490509,0.055575110018253326,0.11934903264045715
1789059110661596700,21.5365966796875,0.26768577098846436,0.1016794890165329,0.1684337556362152
1789059110671606800,21.546606689453125,0.23877689242362976,0.10639381408691406,-0.01486283540725708
1789059110681617000,21.556616943359376,0.2055654078722,0.10390748828649521,-0.07834780216217041
1789059110691626800,21.566626708984376,0.18584789335727692,0.10742712020874023,-0.025138109922409058
1789059110701637400,21.576637451171877,0.20271369814872742,0.0916721299290657,0.009077384136617184
1789059110711646200,21.586646240234376,0.2012806534767151,0.07855632901191711,0.006583068054169416
1789059110721656300,21.59665625,0.20480534434318542,0.08982016891241074,0.04144278168678284
1789059110731666400,21.60666650390625,0.1568407416343689,0.09027929604053497,0.07532937824726105
1789059110741676300,21.61667626953125,0.12597471475601196,0.0936143696308136,0.000012783173588104546
1789059110751686400,21.626686279296877,0.08178567886352539,0.11490873992443085,-0.014754978008568287
1789059110761696300,21.6366962890625,0.052796900272369385,0.09778168797492981,-0.05080246180295944
1789059110771706400,21.646706298828125,0.020263459533452988,0.10634854435920715,-0.04687110334634781
1789059110781716200,21.65671630859375,-0.052920471876859665,0.11415320634841919,-0.007221959996968508
1789059110791725300,21.666725341796877,-0.060446031391620636,0.08614446967840195,0.039690420031547546
1789059110801735400,21.6767353515625,-0.0741964653134346,0.06417286396026611,0.0683409720659256
1789059110811745300,21.686745361328125,-0.09839820861816406,0.057858772575855255,0.05396895855665207
1789059110821755400,21.69675537109375,-0.15529051423072815,0.06253128498792648,-0.01576884277164936
1789059110831765500,21.706765625,-0.19726993143558502,0.1075991615653038,0.02111061103641987
1789059110841775400,21.716775390625,-0.22363150119781494,0.12632544338703156,0.012504073791205883
1789059110851785500,21.726785400390625,-0.200782909989357,0.12555073201656342,0.019233349710702896
1789059110861795300,21.73679541015625,-0.17570151388645172,0.1583811193704605,0.05414898693561554
1789059110871804200,21.74680419921875,-0.13899090886116028,0.09895826876163483,-0.022838469594717026
1789059110881814300,21.756814208984373,-0.12258530408143997,0.11882412433624268,-0.050033606588840485
1789059110891824000,21.76682421875,-0.13628193736076355,0.1372353583574295,-0.07095246762037277
1789059110901834200,21.776834228515625,-0.11987607181072235,0.11624830961227417,-0.08692531287670135
1789059110911844400,21.78684423828125,-0.11390978842973709,0.1524081826210022,-0.04932094365358353
1789059110921854200,21.796854248046873,-0.13683614134788513,0.13076414167881012,0.0022365227341651917
1789059110931864300,21.8068642578125,-0.13590990006923676,0.1495913565158844,0.026739202439785004
1789059110941874200,21.816874267578125,-0.14352627098560333,0.1541653275489807,0.017793111503124237
1789059110951883300,21.82688330078125,-0.13214285671710968,0.16107091307640076,0.00009347695595351979
1789059110961893400,21.836893310546873,-0.13350427150726318,0.15149231255054474,0.00021385183208622038
1789059110971903200,21.8469033203125,-0.13696317374706268,0.12509959936141968,0.0011507519520819187
1789059110981913300,21.856913330078125,-0.13274499773979187,0.14063328504562378,-0.004372377879917622
1789059110991923500,21.86692333984375,-0.14273637533187866,0.12168755382299423,0.01751108281314373
1789059111001933300,21.876933349609374,-0.16484861075878143,0.11285704374313354,0.04745912924408913
1789059111011943400,21.886943359375,-0.14309723675251007,0.13319240510463715,0.027349865064024925
1789059111021953300,21.896953369140626,-0.2584019899368286,0.14474838972091675,-0.03502056747674942
1789059111031962400,21.90696240234375,-0.21172823011875153,0.11881666630506516,-0.05841910094022751
1789059111041972500,21.916972412109374,-0.2606947124004364,0.12126011401414871,-0.024984445422887802
1789059111051982300,21.926982421875,-0.27533596754074097,0.08934266120195389,-0.0026471822056919336
1789059111061992400,21.936992431640626,-0.26417359709739685,0.07691448926925659,0.05637059733271599
1789059111072002300,21.947002197265626,-0.319307416677475,0.09182499349117279,0.027532292529940605
1789059111082012400,21.957012451171874,-0.3344493508338928,0.07765831053256989,0.029147498309612274
1789059111092022500,21.9670224609375,-0.36327114701271057,0.07377701997756958,-0.06617129594087601
1789059111102032400,21.977032470703126,-0.3588561713695526,0.03829332813620567,0.045180793851614
1789059111112041200,21.987041259765626,-0.369854211807251,0.018822424113750458,-0.03724004700779915
1789059111122051300,21.99705126953125,-0.4053645431995392,0.013918745331466198,0.04217195510864258
1789059111132061200,22.007061279296874,-0.41089725494384766,0.023967916145920753,0.06220291927456856
1789059111142071300,22.0170712890625,-0.3607994616031647,-0.01203961856663227,-0.06413690745830536
1789059111152081200,22.0270810546875,-0.3035668134689331,-0.06978227943181992,-0.058935221284627914
1789059111162091300,22.03709130859375,-0.30922389030456543,-0.02255990356206894,-0.046422891318798065
1789059111172101400,22.047101318359374,-0.3012455999851227,-0.0026077672373503447,-0.00632074661552906
1789059111182111200,22.057111328125,-0.3100145757198334,-0.01691719889640808,-0.018365690484642982
1789059111192120300,22.067120361328126,-0.28796494007110596,-0.053041115403175354,-0.01200792659074068
1789059111202130400,22.07713037109375,-0.29474347829818726,-0.05619216710329056,0.004005926661193371
1789059111212140300,22.087140380859374,-0.28921955823898315,-0.08009456843137741,-0.06998947262763977
1789059111222150400,22.097150390625,-0.3005020320415497,-0.1030089408159256,-0.1124943196773529
1789059111232160300,22.10716015625,-0.2856770157814026,-0.09897211939096451,-0.01956304907798767
1789059111242170400,22.11717041015625,-0.28629887104034424,-0.11833357065916061,0.00923371221870184
1789059111252180200,22.12718017578125,-0.2738081216812134,-0.1261771023273468,0.05606513470411301
1789059111262190300,22.1371904296875,-0.24787931144237518,-0.13469868898391724,0.016895093023777008
1789059111272199400,22.147199462890626,-0.2174931764602661,-0.1518382579088211,-0.02064003050327301
1789059111282209300,22.157209228515626,-0.18465213477611542,-0.15806446969509125,-0.0461517833173275
1789059111292219400,22.167219482421874,-0.1654086709022522,-0.12136344611644745,0.015073491260409355
1789059111302229500,22.1772294921875,-0.10695627331733704,-0.15206676721572876,-0.005318598821759224
1789059111312239400,22.1872392578125,-0.07038655132055283,-0.12143135815858841,0.031193604692816734
1789059111322249500,22.19724951171875,-0.023496802896261215,-0.14018666744232178,-0.026914970949292183
1789059111332259300,22.20725927734375,0.03529966622591019,-0.15306225419044495,-0.04285239055752754
1789059111342269400,22.21726953125,0.03701101616024971,-0.15562234818935394,-0.08651891350746155
1789059111352278300,22.2272783203125,0.04255598410964012,-0.1470957100391388,-0.13612082600593567
1789059111362288000,22.2372880859375,0.08594553172588348,-0.15681704878807068,-0.10282810777425766
1789059111372298200,22.24729833984375,0.0951177254319191,-0.12353658676147461,0.004598213825374842
1789059111382308400,22.257308349609374,0.10378818213939667,-0.10858293622732162,0.06589405983686447
1789059111392318200,22.267318115234374,0.1271294504404068,-0.12072721868753433,0.012032161466777325
1789059111402328300,22.277328369140626,0.1914040446281433,-0.13495488464832306,-0.036197151988744736
1789059111412338200,22.287338134765626,0.2179485708475113,-0.1197197437286377,-0.020849354565143585
1789059111422348300,22.297348388671875,0.24229440093040466,-0.13846279680728912,-0.02689766138792038
1789059111432357400,22.307357421875,0.27215322852134705,-0.12605620920658112,-0.04230724275112152
1789059111442367200,22.3173671875,0.30845504999160767,-0.09908024221658707,0.036499422043561935
1789059111452377300,22.32737744140625,0.33085915446281433,-0.11187407374382019,-0.002313754288479686
1789059111462387200,22.33738720703125,0.35849717259407043,-0.09454274922609329,0.07086378335952759
1789059111472397300,22.347397216796875,0.3513180911540985,-0.05782654881477356,0.022123411297798157
1789059111482407400,22.357407470703127,0.39156776666641235,-0.08183414489030838,-0.027240408584475517
1789059111492417300,22.367417236328127,0.4410434365272522,-0.08153560757637024,0.030238596722483635
1789059111502427400,22.377427490234375,0.42619872093200684,-0.06272836029529572,0.010802580043673515
1789059111512436500,22.3874365234375,0.4031091034412384,-0.05077236518263817,-0.014843926765024662
1789059111522446300,22.3974462890625,0.37344494462013245,-0.031128890812397003,-0.019039737060666084
1789059111532456400,22.40745654296875,0.33045727014541626,-0.022785207256674767,-0.028378112241625786
1789059111542466300,22.41746630859375,0.3501870334148407,-0.033237580209970474,0.032756879925727844
1789059111552476400,22.427476318359375,0.2688112258911133,-0.008028365671634674,0.009040100499987602
1789059111562486500,22.437486572265627,0.17151769995689392,0.010250773280858994,-0.10252770781517029
1789059111572496400,22.447496337890627,0.20693373680114746,0.005021390039473772,-0.0940769612789154
1789059111582506500,22.457506591796875,0.317474901676178,-0.09881765395402908,0.027576500549912453
1789059111592515300,22.467515380859375,0.33025407791137695,-0.13261982798576355,0.16791950166225433
1789059111602525200,22.477525146484375,0.12380476295948029,-0.011748534627258778,0.26308196783065796
1789059111612535300,22.487535400390627,-0.0831148624420166,0.12681441009044647,0.11746537685394287
1789059111622545200,22.497545166015627,-0.071400947868824,0.048290565609931946,-0.15316557884216309
1789059111632555300,22.50755517578125,0.02568831853568554,0.006718356627970934,-0.16579802334308624
1789059111642565400,22.5175654296875,0.06437845528125763,-0.049792058765888214,-0.10037454217672348
1789059111652575200,22.5275751953125,0.07270802557468414,-0.09174110740423203,0.13612641394138336
1789059111662584300,22.537584228515627,0.039498407393693924,-0.07231441140174866,0.13826999068260193
1789059111672594400,22.547594482421875,0.03633750230073929,-0.02063683420419693,0.10110930353403091
1789059111682604300,22.557604248046875,0.011136806569993496,0.00811784714460373,-0.06027612462639809
1789059111692614400,22.567614501953123,0.02100301906466484,0.01625566929578781,-0.10088933259248734
1789059111702624300,22.577624267578123,0.12436190247535706,-0.01085664238780737,0.005653358530253172
1789059111712634400,22.58763427734375,0.18948310613632202,0.002799248555675149,0.16661667823791504
1789059111722644200,22.597644287109375,0.1670803278684616,0.014189588837325573,0.14268125593662262
1789059111732654300,22.607654296875,0.21307311952114105,0.040274184197187424,0.11912479251623154
1789059111742663400,22.617663330078123,0.2350926697254181,0.03789385408163071,0.013462545350193977
1789059111752673300,22.62767333984375,0.23477523028850555,0.04249632731080055,-0.017360348254442215
1789059111762683400,22.637683349609375,0.23076103627681732,0.07707694172859192,0.04248727113008499
1789059111772693500,22.647693603515624,0.20711404085159302,0.07017109543085098,-0.049439188092947006
1789059111782703400,22.657703369140624,0.2166534811258316,0.0731479823589325,0.0309323500841856
1789059111792713500,22.66771337890625,0.17916469275951385,0.07306701689958572,0.048769671469926834
1789059111802723300,22.677723388671875,0.12383938580751419,0.0615677572786808,0.048043426126241684
1789059111812733400,22.6877333984375,0.1013130396604538,0.07412455976009369,0.021198496222496033
1789059111822742300,22.6977421875,0.022787338122725487,0.11558865010738373,-0.02846173569560051
1789059111832752000,22.707752197265624,-0.023483755066990852,0.0925256758928299,-0.07764339447021484
1789059111842762200,22.71776220703125,-0.001023186487145722,0.09772522747516632,0.0389801561832428
1789059111852772400,22.7277724609375,-0.007306382525712252,0.05684623867273331,0.0783081203699112
1789059111862782200,22.7377822265625,-0.00025273399660363793,0.05007009208202362,0.10141876339912415
1789059111872792300,22.747792236328124,-0.020119914785027504,-0.005259210709482431,-0.12831535935401917
1789059111882802200,22.75780224609375,-0.06738090515136719,0.0366528183221817,-0.11189324408769608
1789059111892812300,22.767812255859376,-0.07231947034597397,0.06565411388874054,0.018373947590589523
1789059111902821400,22.7778212890625,-0.01655207946896553,0.02197214402258396,0.06255418807268143
1789059111912831200,22.787831298828124,-0.066190205514431,0.0781501978635788,0.14270229637622833
1789059111922841300,22.79784130859375,-0.16518469154834747,0.12154533714056015,0.06614360213279724
1789059111932851200,22.807851318359376,-0.10876642912626266,0.08107594400644302,0.013316604308784008
1789059111942861300,22.817861328125,-0.01787487044930458,0.02744254283607006,-0.05531146004796028
1789059111952871400,22.827871337890624,0.04854702949523926,-0.02359906956553459,-0.035233620554208755
1789059111962881300,22.83788134765625,0.04484337195754051,-0.02864682488143444,0.03675801306962967
1789059111972890400,22.847890380859376,-0.10115165263414383,0.05676554515957832,0.10663909465074539
1789059111982900500,22.857900390625,-0.20202048122882843,0.0984533354640007,-0.03513561561703682
1789059111992910300,22.867910400390624,-0.14286313951015472,0.058995142579078674,-0.08713915944099426
1789059112002920400,22.87792041015625,-0.12608256936073303,0.029686257243156433,-0.05945400521159172
1789059112012930300,22.887930419921876,-0.13390026986598969,0.030399184674024582,0.036316461861133575
1789059112022940400,22.8979404296875,-0.12218157202005386,0.019835757091641426,0.03602591156959534
1789059112032950500,22.907950439453124,-0.09791750460863113,0.012833506800234318,0.011903530918061733
1789059112042959000,22.917958984375,-0.11952346563339233,0.04897606372833252,-0.02502306178212166
1789059112052969200,22.92796923828125,-0.1071901023387909,-0.0006463492172770202,-0.09306682646274567
1789059112062979300,22.937979248046876,-0.0722811222076416,0.014227671548724174,-0.027756530791521072
1789059112072989200,22.9479892578125,-0.06788930296897888,0.014915565960109234,0.011148524470627308
1789059112082999300,22.957999267578124,-0.07883622497320175,0.023151125758886337,0.04789775237441063
1789059112093009200,22.968009033203124,-0.0831281766295433,0.031856466084718704,0.09221728146076202
1789059112103019300,22.978019287109376,-0.06033631041646004,0.004190484061837196,-0.001919340225867927
1789059112113029000,22.988029052734376,-0.03277259320020676,0.03472255915403366,0.011204984039068222
1789059112123038200,22.9980380859375,-0.02690698206424713,0.02105415239930153,-0.019931096583604813
1789059112133048300,23.00804833984375,-0.027819113805890083,0.04675072804093361,0.03756388649344444
1789059112143058200,23.01805810546875,-0.04543166235089302,0.0649515688419342,0.022481873631477356
1789059112153068300,23.028068359375,0.007247260306030512,0.03135392814874649,0.0183425210416317
1789059112163078400,23.038078369140624,0.020324978977441788,0.02256656251847744,0.040890440344810486
1789059112173088300,23.048088134765624,-0.047498010098934174,0.061744324862957,0.02267628349363804
1789059112183098400,23.058098388671876,-0.07392775267362595,0.06893379241228104,0.0234637800604105
1789059112193108200,23.068108154296876,-0.06324022263288498,0.09353447705507278,0.00390259618870914
1789059112203117300,23.078117431640624,-0.04604099318385124,0.09119675308465958,0.07365690916776657
1789059112213127400,23.08812744140625,0.0035236284602433443,0.03440457955002785,0.025787122547626495
1789059112223137300,23.09813720703125,0.017129186540842056,0.03099307045340538,0.03726295009255409
1789059112233147400,23.1081474609375,-0.0020450414158403873,0.04199831560254097,0.08229993283748627
1789059112243157500,23.118157470703125,0.007336475886404514,0.06755800545215607,0.05155427008867264
1789059112253167400,23.12816748046875,-0.04314853623509407,0.09540028870105743,-0.0036517265252768993
1789059112263177500,23.138177490234376,-0.022100508213043213,0.02413676120340824,-0.025173796340823174
1789059112273186300,23.148186279296876,-0.052082907408475876,0.004823517519980669,-0.026509637013077736
1789059112283196200,23.158196044921876,-0.06167455017566681,0.045331262052059174,0.09537498652935028
1789059112293206300,23.168206298828125,-0.08690134435892105,0.047807469964027405,-0.048703089356422424
1789059112303216000,23.178216064453125,-0.12798114120960236,0.06788477301597595,0.05698099359869957
1789059112313226200,23.188226318359376,-0.108070008456707,0.03245168179273605,-0.02370000258088112
1789059112323236400,23.198236328125,-0.09985309094190598,0.04976462572813034,0.07796084135770798
1789059112333246200,23.20824609375,-0.1327980011701584,0.06722777336835861,0.03573296219110489
1789059112343256300,23.21825634765625,-0.12369903922080994,0.05281421169638634,-0.07938829809427261
1789059112353265400,23.228265380859376,-0.11270231008529663,0.015980830416083336,0.002025067573413253
1789059112363275300,23.238275146484376,-0.11086206883192062,0.020015519112348557,-0.015505190007388592
1789059112373285400,23.248285400390625,-0.18415997922420502,0.07189309597015381,0.06690233200788498
1789059112383295200,23.258295166015625,-0.19691386818885803,0.01756461337208748,-0.01113574206829071
1789059112393305300,23.268305419921877,-0.1711975783109665,0.04815661162137985,0.060318201780319214
1789059112403315200,23.278315185546877,-0.18744125962257385,0.008561263792216778,-0.00484269205480814
1789059112413325300,23.2883251953125,-0.17899131774902344,-0.0107695572078228,0.028082501143217087
1789059112423334400,23.29833447265625,-0.20687754452228546,-0.02281024120748043,-0.0395285002887249
1789059112433344300,23.30834423828125,-0.2304244190454483,-0.030291859060525894,-0.05066104605793953
1789059112443354400,23.318354248046877,-0.23727379739284515,-0.017894843593239784,-0.03735003620386124
1789059112453364500,23.328364501953125,-0.21891796588897705,-0.00626002624630928,0.06756812334060669
1789059112463374300,23.338374267578125,-0.11350791901350021,-0.014029266312718391,0.08166583627462387
1789059112473384400,23.348384521484373,-0.05456071346998215,-0.03569754213094711,0.02810726873576641
1789059112483394300,23.358394287109373,-0.014287326484918594,-0.007908789440989494,0.03268337622284889
1789059112493403100,23.368403076171877,0.022644592449069023,0.006569752003997564,-0.00048709215479902923
1789059112503413200,23.378413330078125,0.05949395149946213,-0.024392424151301384,0.022669360041618347
1789059112513423000,23.388423095703125,0.10086509585380554,-0.036853354424238205,0.006078931502997875
1789059112523433200,23.39843310546875,0.08702357858419418,-0.03196698799729347,0.06219892576336861
1789059112533443300,23.408443359375,0.05951925367116928,-0.030376814305782318,0.0013193299528211355
1789059112543453200,23.418453125,0.09513130784034729,-0.015749668702483177,0.05937890335917473
1789059112553463300,23.42846337890625,0.11285784095525742,-0.03973383083939552,0.00293373828753829
1789059112563473200,23.43847314453125,0.11217100918292999,-0.0070222229696810246,0.017418937757611275
1789059112573482200,23.448482177734373,0.062185078859329224,-0.022826751694083214,-0.028846029192209244
1789059112583492400,23.458492431640625,0.05820285156369209,0.0007595335482619703,-0.0018945727497339249
1789059112593502200,23.468502197265625,0.0638309121131897,0.007438208907842636,0.04765114188194275
1789059112603512300,23.47851220703125,0.07031118124723434,-0.05291115120053291,-0.028374649584293365
1789059112613522200,23.488522216796873,0.10081609338521957,-0.0447126105427742,0.009426258504390717
1789059112623532300,23.4985322265625,0.07487636804580688,-0.06418883800506592,0.01504339836537838
1789059112633542400,23.50854248046875,0.055933307856321335,-0.0601126067340374,-0.012646819464862347
1789059112643551200,23.51855126953125,0.03689170628786087,-0.03521444648504257,-0.0036914076190441847
1789059112653561300,23.528561279296873,0.03939507529139519,-0.026676084846258163,0.05360011011362076
1789059112663571500,23.538571533203125,0.04215863719582558,-0.019342537969350815,0.07380151748657227
1789059112673581300,23.548581298828125,0.040288832038640976,0.0010732539230957627,0.0974716916680336
1789059112683591400,23.55859130859375,0.025021197274327278,-0.029676135629415512,-0.011113370768725872
1789059112693601300,23.568601318359374,0.041124798357486725,-0.018270350992679596,-0.014901984483003616
1789059112703611100,23.578611083984374,0.05998344346880913,-0.005569735076278448,0.019184347242116928
1789059112713620200,23.5886201171875,0.12757687270641327,-0.04157274216413498,0.038240596652030945
1789059112723630000,23.598630126953125,0.15436826646327972,-0.04910149797797203,0.036492232233285904
1789059112733640200,23.60864013671875,0.14728745818138123,-0.03335662558674812,0.03497849032282829
1789059112743650300,23.618650390625,0.14285089075565338,-0.012501144781708717,0.008576709777116776
1789059112753660200,23.62866015625,0.14118775725364685,-0.008116782642900944,-0.006732737645506859
1789059112763670300,23.638670166015626,0.12395203858613968,-0.00923504400998354,-0.12377067655324936
1789059112773680000,23.64868017578125,0.0870392918586731,-0.008813997730612755,-0.20953990519046783
1789059112783689200,23.658689208984374,0.17621630430221558,0.03918148949742317,0.09961207956075668
1789059112793699000,23.668698974609374,0.32085445523262024,-0.00748960766941309,0.37334322929382324
1789059112803709000,23.678708984375,0.27192074060440063,-0.04441753029823303,0.47969016432762146
1789059112813719000,23.688718994140626,0.24214285612106323,0.010060623288154602,0.4646662175655365
1789059112823729200,23.698729248046874,0.16945134103298187,-0.0099034970626235,0.20363754034042358
1789059112833739000,23.708739013671874,0.00953651312738657,0.021315408870577812,0.07884634286165237
1789059112843749000,23.7187490234375,-0.020787570625543594,0.013805294409394264,-0.13098065555095673
1789059112853759000,23.728759033203126,-0.020415792241692543,-0.00005832322858623229,-0.20299625396728516
1789059112863768000,23.73876806640625,-0.022954851388931274,0.0338040366768837,-0.13234631717205048
1789059112873778200,23.748778076171874,0.014614894986152649,0.009474195539951324,-0.027649205178022385
1789059112883788000,23.7587880859375,0.08043012768030167,0.012377840466797352,0.0826549306511879
1789059112893798100,23.768798095703126,0.10419271141290665,-0.03960972651839256,0.07694990932941437
1789059112903808000,23.77880810546875,0.0958373099565506,0.0019624833948910236,0.07139375805854797
1789059112913818000,23.788818115234374,0.0049675945192575455,0.045395709574222565,0.03136564418673515
1789059112923828200,23.798828125,-0.07201454043388367,0.06374488770961761,-0.02755865640938282
1789059112933837000,23.808837158203126,-0.07913902401924133,0.06667143851518631,0.031208785250782967
1789059112943847200,23.81884716796875,-0.08948807418346405,0.026027338579297066,0.018996328115463257
1789059112953857300,23.828857177734374,-0.08199793100357056,-0.008026767522096634,-0.0005696501466445625
1789059112963867100,23.8388671875,-0.08682757616043091,0.0036554548423737288,0.13225071132183075
1789059112973877200,23.848877197265626,-0.08544538915157318,-0.029804235324263573,0.17344501614570618
1789059112983887000,23.85888720703125,-0.1363474577665329,-0.014787201769649982,0.149117574095726
1789059112993897200,23.868897216796874,-0.16239424049854279,-0.02797171287238598,0.056762080639600754
1789059113003906300,23.87890625,-0.18245317041873932,-0.005468268413096666,0.06487007439136505
1789059113013916200,23.888916259765626,-0.17594200372695923,-0.004792358260601759,0.0629696473479271
1789059113023926300,23.89892626953125,-0.1336616575717926,-0.01835716888308525,0.11684912443161011
1789059113033936400,23.908936279296874,-0.10873953253030777,-0.01187823060899973,0.12550625205039978
1789059113043946000,23.918946044921874,-0.11850906908512115,-0.008267517201602459,0.12027847021818161
1789059113053956000,23.9289560546875,-0.09308839589357376,-0.02647022344172001,0.05350823327898979
1789059113063966000,23.938966064453126,-0.1204313412308693,-0.004503671545535326,0.09195895493030548
1789059113073975000,23.94897509765625,-0.08513060957193375,-0.00768721429631114,0.1713954508304596
1789059113083985200,23.958985107421874,-0.09672867506742477,-0.019349463284015656,0.1053256243467331
1789059113093995000,23.9689951171875,-0.09493955969810486,-0.01215466670691967,-0.05979861691594124
1789059113104005000,23.979005126953126,-0.11975489556789398,-0.07732168585062027,-0.3025910258293152
1789059113114015000,23.989014892578126,-0.11548265069723129,-0.09633452445268631,-0.1834832727909088
1789059113124025000,23.999025146484374,-0.15673235058784485,-0.09687621146440506,-0.21635226905345917
1789059113134035200,24.00903515625,-0.16333219408988953,-0.05083415284752846,-0.1001681461930275
1789059113144044300,24.019044189453126,-0.19803105294704437,-0.004195810295641422,-0.05584968253970146
1789059113154054100,24.02905419921875,-0.18817709386348724,-0.004775580484420061,0.027275562286376953
1789059113164064300,24.039064208984374,-0.15418770909309387,-0.028081169351935387,-0.038125280290842056
1789059113174074000,24.04907421875,-0.10178974270820618,-0.056895505636930466,-0.00039547940832562745
1789059113184084200,24.059084228515626,-0.07475093752145767,-0.06893245875835419,0.0682152733206749
1789059113194094000,24.069093994140626,-0.07332082092761993,-0.06228148192167282,0.011810054071247578
1789059113204104200,24.079104248046875,-0.03479020297527313,-0.07676401734352112,0.04742051288485527
1789059113214113300,24.08911328125,-0.02002750337123871,-0.0500546433031559,0.006586263421922922
1789059113224123100,24.099123046875,-0.030234334990382195,-0.020864535123109818,0.008073106408119202
1789059113234133200,24.10913330078125,-0.017312144860625267,0.015058577992022038,0.07364119589328766
1789059113244143400,24.119143310546875,0.004958007019013166,0.015276158228516579,0.041979674249887466
1789059113254153200,24.1291533203125,0.06053098663687706,0.01589134894311428,0.05324484407901764
1789059113264163300,24.139163330078127,0.06679500639438629,0.026698987931013107,-0.04730786010622978
1789059113274173200,24.149173095703127,0.05416656658053398,0.03069612756371498,-0.06910556554794312
1789059113284182000,24.15918212890625,0.01998436078429222,0.041181258857250214,-0.0898129791021347
1789059113294192000,24.169192138671875,0.01600346714258194,0.049961432814598083,-0.057440657168626785
1789059113304202000,24.179201904296875,0.010698450729250908,0.0500546433031559,-0.04783809557557106
1789059113314212000,24.189212158203127,-0.009575662203133106,0.04677043482661247,0.021045098081231117
1789059113324222200,24.19922216796875,-0.0591682493686676,0.04524470865726471,-0.04170909523963928
1789059113334232000,24.209232177734375,-0.07840399444103241,0.03502615913748741,-0.09764613211154938
1789059113344242200,24.2192421875,-0.11679532378911972,0.06383863091468811,-0.06776360422372818
1789059113354251300,24.229251220703127,-0.15437598526477814,0.09001085162162781,-0.06857000291347504
1789059113364261000,24.23926123046875,-0.1709941178560257,0.059595152735710144,-0.09391743689775467
1789059113374271200,24.249271240234375,-0.1256767064332962,0.042148519307374954,-0.08126290142536163
1789059113384281000,24.259281005859375,-0.10151304304599762,0.0418904572725296,-0.030601851642131805
1789059113394291200,24.269291259765627,-0.11191534996032715,0.03527409955859184,0.03967098146677017
1789059113404301000,24.279301025390627,-0.0936812162399292,0.06411267071962357,0.05470265820622444
1789059113414311200,24.289311279296875,-0.10276073217391968,0.05843321606516838,0.013313408941030502
1789059113424320300,24.2993203125,-0.09194190800189972,0.0564880445599556,-0.07577811926603317
1789059113434330000,24.309330078125,-0.08981350809335709,0.07026803493499756,-0.08289647847414017
1789059113444340200,24.31934033203125,-0.11219258606433868,0.046732619404792786,-0.12757660448551178
1789059113454350300,24.329350341796875,-0.11360698938369751,0.08639853447675705,-0.023991351947188377
1789059113464360200,24.339360107421875,-0.06866774708032608,0.10568062216043472,0.06324661523103714
1789059113474370300,24.349370361328123,-0.06485702842473984,0.10005070269107819,0.04023929685354233
1789059113484380200,24.359380126953123,-0.06819130480289459,0.10604148358106613,-0.053342316299676895
1789059113494389000,24.369388916015627,-0.15931002795696259,0.10577729344367981,-0.050762247294187546
1789059113504399000,24.379399169921875,-0.12248063832521439,0.1125534400343895,0.0015227955300360918
1789059113514409000,24.389408935546875,-0.13120701909065247,0.08383071422576904,0.08244134485721588
1789059113524419000,24.399419189453123,-0.09990928322076797,0.04450834542512894,0.06190837547183037
1789059113534429200,24.40942919921875,-0.1491047888994217,0.06794070452451706,0.03136724233627319
1789059113544439000,24.41943896484375,-0.15871268510818481,0.030588535591959953,0.01595180295407772
1789059113554449200,24.42944921875,-0.17121382057666779,0.04462925344705582,-0.019997144117951393
1789059113564458200,24.439458251953123,-0.20104175806045532,0.0316372886300087,0.015841281041502953
1789059113574468000,24.449468017578123,-0.2309759557247162,0.013382384553551674,0.024761805310845375
1789059113584478200,24.459478271484375,-0.25841397047042847,0.003162503708153963,-0.002514556748792529
1789059113594488000,24.469488037109375,-0.28879132866859436,0.01822987012565136,-0.022419288754463196
1789059113604498200,24.479498291015624,-0.2583806812763214,0.015988286584615707,0.02762230671942234
1789059113614508000,24.489508056640624,-0.23596300184726715,-0.016279904171824455,0.0515500083565712
1789059113624518100,24.49951806640625,-0.2094847857952118,-0.0540376678109169,0.013376791961491108
1789059113634527200,24.50952734375,-0.16779033839702606,-0.07725031673908234,-0.003552656853571534
1789059113644537000,24.519537109375,-0.21984687447547913,-0.03664030134677887,-0.007800665218383074
1789059113654547200,24.529547119140624,-0.276865154504776,-0.05415111780166626,-0.0037888791412115097
1789059113664557300,24.539557373046875,-0.2769205570220947,-0.019819244742393494,0.036821398884058
1789059113674567200,24.549567138671875,-0.31071579456329346,-0.035404596477746964,0.016561133787035942
1789059113684577300,24.559577392578124,-0.22476200759410858,-0.07055113464593887,0.054252851754426956
1789059113694587100,24.569587158203124,-0.25885871052742004,-0.040337834507226944,0.019782759249210358
1789059113704596000,24.579595947265624,-0.23495206236839294,-0.030853785574436188,0.07417222857475281
1789059113714606000,24.589606201171875,-0.28243303298950195,-0.04597148671746254,-0.04031466692686081
1789059113724616000,24.599615966796875,-0.22466214001178741,-0.07426304370164871,-0.029376797378063202
1789059113734626000,24.6096259765625,-0.24982048571109772,-0.07828628271818161,-0.05844786390662193
1789059113744636200,24.61963623046875,-0.24847212433815002,-0.08232469856739044,0.01877395436167717
1789059113754646000,24.62964599609375,-0.26572489738464355,-0.04866766929626465,0.04742956534028053
1789059113764656000,24.63965625,-0.22341471910476685,-0.07149149477481842,0.04664073884487152
1789059113774665200,24.649665283203124,-0.20117253065109253,-0.09040739387273788,0.03208762779831886
1789059113784675000,24.659675048828124,-0.1463305801153183,-0.10404490679502487,0.013671337626874447
1789059113794685200,24.669685302734376,-0.15714222192764282,-0.12536218762397766,0.009245163761079311
1789059113804695000,24.679695068359376,-0.16583611071109772,-0.09414860606193542,0.027104588225483894
1789059113814705200,24.689705078125,-0.17135123908519745,-0.11149509996175766,0.030060963705182076
1789059113824715000,24.699715087890624,-0.16861777007579803,-0.11582966148853302,0.030794929713010788
1789059113834724900,24.709724853515624,-0.17998334765434265,-0.11024262011051178,0.03412814438343048
1789059113844734000,24.71973388671875,-0.1815519481897354,-0.1292775571346283,-0.0024591628462076187
1789059113854744000,24.729744140625,-0.15196529030799866,-0.1362294703722,-0.018484201282262802
1789059113864754000,24.73975390625,-0.09697102010250092,-0.13808782398700714,0.010441189631819725
1789059113874764000,24.749763916015624,-0.07077030837535858,-0.15899445116519928,0.013059076853096485
1789059113884774000,24.75977392578125,-0.02623932622373104,-0.14326688647270203,0.02570376545190811
1789059113894784000,24.769783935546876,0.009444634430110455,-0.13454316556453705,0.029877470806241035
1789059113904793900,24.7797939453125,0.0745227038860321,-0.14615587890148163,0.031032217666506767
1789059113914803000,24.789802978515624,0.08873625844717026,-0.13753123581409454,0.015455389395356178
1789059113924813000,24.79981298828125,0.1198105588555336,-0.1366254836320877,0.026675552129745483
1789059113934823000,24.809822998046876,0.14410923421382904,-0.11343015730381012,0.06393104791641235
1789059113944833000,24.8198330078125,0.13280199468135834,-0.11313188076019287,0.011472098529338837
1789059113954843100,24.829843017578124,0.20261035859584808,-0.11175981909036636,0.026186862960457802
1789059113964853000,24.83985302734375,0.19299902021884918,-0.09577419608831406,0.022780679166316986
1789059113974863000,24.849863037109376,0.20564743876457214,-0.0824008658528328,0.049752376973629
1789059113984872200,24.8598720703125,0.22930189967155457,-0.0977473333477974,0.02196761593222618
1789059113994882000,24.869882080078124,0.23713558912277222,-0.12264043092727661,0.01344816479831934
1789059114004892200,24.87989208984375,0.1521136313676834,-0.060870006680488586,-0.04000387340784073
1789059114014902000,24.889902099609376,0.13943299651145935,-0.08160591125488281,-0.053461894392967224
1789059114024912100,24.899912109375,0.1476467102766037,-0.08147461712360382,-0.00452817277982831
1789059114034922200,24.909922119140624,0.16852456331253052,-0.0852818712592125,0.06746319681406021
1789059114044930800,24.919930908203124,0.1786070317029953,-0.07290776073932648,0.07629663497209549
1789059114054941000,24.92994091796875,0.18680717051029205,-0.0565602146089077,0.06818917393684387
1789059114064951000,24.939950927734376,0.19195106625556946,-0.07616640627384186,0.04832412302494049
1789059114074961000,24.9499609375,0.15041746199131012,-0.04279886186122894,-0.006680539343506098
1789059114084971000,24.959970947265624,0.10664016008377075,-0.04321937635540962,0.03696094825863838
1789059114094980900,24.96998095703125,0.040336236357688904,-0.053521547466516495,-0.0384664312005043
1789059114104991000,24.979990966796876,0.005592638161033392,-0.047210920602083206,0.018735071644186974
1789059114115000000,24.99,-0.045754704624414444,-0.06530363857746124,0.002290584845468402
1789059114125010000,25.000010009765624,-0.06383037567138672,-0.07236927002668381,0.020612867549061775
1789059114135020000,25.01002001953125,-0.11031825095415115,-0.08001440763473511,0.0024687503464519978
1789059114145030100,25.020030029296876,-0.13378310203552246,-0.0610167495906353,0.026641730219125748
1789059114155040000,25.0300400390625,-0.15541169047355652,-0.07987166196107864,-0.01830390654504299
1789059114165050000,25.040050048828125,-0.14675402641296387,-0.1028510108590126,-0.0038746329955756664
1789059114175060000,25.05006005859375,-0.20983925461769104,-0.089034803211689,-0.03440564498305321
1789059114185069000,25.060069091796876,-0.2268640398979187,-0.07635123282670975,-0.014653244987130165
1789059114195079200,25.0700791015625,-0.18500101566314697,-0.09896200150251389,-0.0019241338595747948
1789059114205089000,25.080089111328125,-0.1464157998561859,-0.11938311904668808,0.02520841732621193
1789059114215099100,25.09009912109375,-0.14781156182289124,-0.12215173989534378,0.01902162842452526
1789059114225109000,25.10010888671875,-0.14548209309577942,-0.09956493973731995,0.01401648297905922
1789059114235119000,25.110119140625,-0.1464855819940567,-0.0934724286198616,0.004020574036985636
1789059114245129200,25.120129150390625,-0.09562772512435913,-0.09812470525503159,0.026007365435361862
1789059114255138000,25.130137939453125,-0.10320388525724411,-0.10706786066293716,0.040400419384241104
1789059114265148000,25.14014794921875,-0.08675699681043625,-0.1260942816734314,0.006776946131139994
1789059114275158000,25.150157958984376,-0.06108599156141281,-0.12389478087425232,0.02527712658047676
1789059114285167900,25.16016796875,-0.06552840769290924,-0.11958552151918411,0.005336442030966282
1789059114295178000,25.170177978515625,-0.025016669183969498,-0.11612927168607712,0.07401563972234726
1789059114305187800,25.180187744140625,-0.014272945001721382,-0.1212950050830841,0.028978122398257256
1789059114315197000,25.190197021484376,0.022472286596894264,-0.13194657862186432,0.0030149647500365973
1789059114325207000,25.20020703125,0.08395694941282272,-0.13877706229686737,0.005288771353662014
1789059114335217000,25.210216796875,0.0857979953289032,-0.158271923661232,-0.012658537365496159
1789059114345227000,25.22022705078125,0.17360028624534607,-0.1493074595928192,0.07445959001779556
1789059114355237000,25.230237060546877,0.17550790309906006,-0.12723039090633392,0.023195067420601845
1789059114365247000,25.2402470703125,0.1522854119539261,-0.11964517086744308,-0.02803243324160576
1789059114375257000,25.250257080078125,0.22100481390953064,-0.1381099373102188,-0.04378742724657059
1789059114385266200,25.26026611328125,0.29033729434013367,-0.13141395151615143,0.044557083398103714
1789059114395276000,25.270276123046877,0.31501173973083496,-0.1286887377500534,0.056302156299352646
1789059114405286100,25.2802861328125,0.37050482630729675,-0.1324499249458313,0.0335792638361454
1789059114415296000,25.2902958984375,0.37424975633621216,-0.11730745434761047,0.009471000172197819
1789059114425306000,25.30030615234375,0.3733959496021271,-0.10560978204011917,0.032464466989040375
1789059114435316000,25.31031591796875,0.34013068675994873,-0.09624238312244415,0.004736165516078472
1789059114445326000,25.320326171875,0.3276955783367157,-0.061286527663469315,0.062129151076078415
1789059114455335000,25.3303349609375,0.34130966663360596,-0.10065869987010956,0.05361049622297287
1789059114465345000,25.340344970703125,0.347695916891098,-0.0862608551979065,0.07979895919561386
1789059114475355000,25.35035498046875,0.3287392854690552,-0.10436715185642242,0.018739067018032074
1789059114485365000,25.360364990234373,0.32361242175102234,-0.10661379247903824,0.022166289389133453
1789059114495374800,25.370374755859373,0.2133663445711136,-0.07838375121355057,-0.023505060002207756
1789059114505385000,25.380385009765625,0.2048833668231964,-0.07313252985477448,0.010421481914818287
1789059114515394800,25.390394775390625,0.21748997271060944,-0.09802110493183136,0.03911464661359787
1789059114525404000,25.40040380859375,0.2540951371192932,-0.08980578929185867,0.07128696143627167
1789059114535414000,25.4104140625,0.2694050967693329,-0.09411904215812683,0.030963508412241936
1789059114545424000,25.420423828125,0.26601463556289673,-0.07608810812234879,-0.006971889175474644
1789059114555434000,25.43043408203125,0.28660139441490173,-0.049608565866947174,-0.0006815029191784561
1789059114565444000,25.440444091796873,0.24926921725273132,-0.053219545632600784,-0.07286594808101654
1789059114575454000,25.450453857421873,0.2665374279022217,-0.03664829209446907,-0.030598388984799385
1789059114585464000,25.460464111328125,0.31117039918899536,-0.059894490987062454,-0.023308783769607544
1789059114595473200,25.47047314453125,0.3388254642486572,-0.04671051353216171,0.010045710019767284
1789059114605483000,25.48048291015625,0.3242608904838562,-0.01660693995654583,-0.006107693538069725
1789059114615493000,25.4904931640625,0.3510594964027405,-0.0035888757556676865,-0.0011685950448736548
1789059114625503000,25.5005029296875,0.30839645862579346,0.025831330567598343,-0.020926587283611298
1789059114635513000,25.51051318359375,0.31373876333236694,0.019405921921133995,-0.037288516759872437
1789059114645523000,25.52052294921875,0.29000040888786316,0.032702285796403885,-0.026584472507238388
1789059114655533000,25.530532958984374,0.28485357761383057,0.05296734347939491,-0.011783156543970108
1789059114665543200,25.540543212890626,0.2839747369289398,0.03915778920054436,0.0212996955960989
1789059114675552300,25.55055224609375,0.32213810086250305,0.06458964198827744,0.0687849223613739
1789059114685562000,25.56056201171875,0.2874472141265869,0.05353566259145737,0.04445748031139374
1789059114695572000,25.570572021484374,0.27464622259140015,0.0884808599948883,0.059061720967292786
1789059114705581800,25.580581787109374,0.1891811043024063,0.10570325702428818,-0.04802638292312622
1789059114715592000,25.590592041015626,0.15016287565231323,0.10363344848155975,0.023082150146365166
1789059114725601800,25.600601806640626,0.12200606614351273,0.09024281054735184,0.015117700211703777
1789059114735612000,25.61061181640625,0.06831967085599899,0.1046057716012001,0.04073997214436531
1789059114745621000,25.62062109375,0.02569124847650528,0.07419034093618393,-0.0121304327622056
1789059114755630800,25.630630859375,-0.01872148923575878,0.10112448781728745,0.038118891417980194
1789059114765641000,25.640640869140626,-0.06613294780254364,0.11810427159070969,0.01449798233807087
1789059114775651000,25.650651123046874,-0.1121334657073021,0.1074787899851799,0.03470924496650696
1789059114785661000,25.660660888671874,-0.1306765228509903,0.11782117187976837,0.02466326765716076
1789059114795671000,25.670671142578126,-0.1579960286617279,0.13125228881835938,0.04608653485774994
1789059114805681000,25.680680908203126,-0.15850788354873657,0.10962849110364914,0.04422391951084137
1789059114815689700,25.690689697265626,-0.17486049234867096,0.11649518460035324,0.041849181056022644
1789059114825699800,25.700699951171874,-0.17689462006092072,0.1039746031165123,0.010855044238269329
1789059114835709700,25.710709716796874,-0.19066475331783295,0.0717620700597763,-0.016970194876194
1789059114845719800,25.7207197265625,-0.21580979228019714,0.07577918469905853,0.023927437141537666
1789059114855730000,25.73072998046875,-0.21142169833183289,0.07383747398853302,0.06202688440680504
1789059114865739800,25.74073974609375,-0.21417540311813354,0.07011890411376953,0.0453331284224987
1789059114875750000,25.75075,-0.2105681598186493,0.057431600987911224,0.006493852008134127
1789059114885759000,25.760759033203126,-0.1893390268087387,0.07559143006801605,0.005546299275010824
1789059114895768800,25.770768798828126,-0.13524223864078522,0.041362352669239044,0.0348338820040226
1789059114905779000,25.780779052734374,-0.10410749167203903,0.05293991416692734,0.0609472393989563
1789059114915788800,25.790788818359374,-0.07341989129781723,0.049606435000896454,0.009426524862647057
1789059114925799000,25.800798828125,-0.06275951862335205,0.051413390785455704,0.0158253014087677
1789059114935809000,25.81080908203125,-0.0006058691651560366,0.027066238224506378,0.01068247202783823
1789059114945819000,25.82081884765625,0.016879381611943245,0.029589317739009857,0.031741417944431305
1789059114955828000,25.830827880859374,0.03719903528690338,0.028487566858530045,0.04893878102302551
1789059114965838000,25.840838134765626,0.00021145498612895608,0.03405037894845009,0.031385887414216995
1789059114975848000,25.850847900390626,-0.010782606899738312,0.05723133310675621,-0.006399576086550951
1789059114985858000,25.860858154296874,-0.0017837852938100696,0.057984206825494766,0.0343710221350193
1789059114995868000,25.870867919921874,0.026578880846500397,0.05297320336103439,0.025946911424398422
1789059115005878000,25.8808779296875,0.049316950142383575,0.04934890568256378,0.07404546439647675
1789059115015888000,25.890887939453126,0.10819517821073532,0.025379126891493797,0.05541105940937996
1789059115025898000,25.90089794921875,0.12675687670707703,0.043060917407274246,0.04296717420220375
1789059115035906800,25.91090673828125,0.1251683086156845,0.04298235476016998,0.02395273745059967
1789059115045916700,25.920916748046874,0.095879927277565,0.060450561344623566,-0.0036637107841670513
1789059115055926800,25.9309267578125,0.05349331721663475,0.09526686370372772,0.02912193350493908
1789059115065937000,25.94093701171875,0.03193902596831322,0.10163794457912445,0.01805596612393856
1789059115075946800,25.95094677734375,0.05446457490324974,0.0890960544347763,0.026284335181117058
1789059115085956900,25.960956787109374,0.11147752404212952,0.07314372062683105,-0.04932760074734688
1789059115095966700,25.970966796875,0.16081658005714417,0.06643308699131012,0.02564038150012493
1789059115105975800,25.980975830078126,0.1686236411333084,0.07263665646314621,-0.04332270473241806
1789059115115986000,25.99098583984375,0.12292299419641495,0.09898436814546585,-0.0526680052280426
1789059115125995800,26.000995849609374,0.15811559557914734,0.11764807254076004,-0.08332418650388718
1789059115136006000,26.011005859375,0.18480633199214935,0.11789681017398834,-0.0485433004796505
1789059115146016000,26.02101611328125,0.22507385909557343,0.12868234515190125,0.032714538276195526
1789059115156025900,26.03102587890625,0.23175573348999023,0.13375699520111084,0.05819779261946678
1789059115166036000,26.041035888671875,0.2576187551021576,0.14565174281597137,0.028306206688284874
1789059115176045000,26.051045166015626,0.2725023627281189,0.1615888923406601,-0.030492128804326057
1789059115186055000,26.061054931640626,0.31841206550598145,0.1493508666753769,-0.02804042212665081
1789059115196065000,26.07106494140625,0.30417001247406006,0.15729933977127075,-0.04168938845396042
1789059115206075000,26.081074951171875,0.26781731843948364,0.1894889771938324,-0.03485065698623657
1789059115216085000,26.0910849609375,0.28441122174263,0.1799713671207428,0.002430933527648449
1789059115226094800,26.1010947265625,0.28957030177116394,0.1868034452199936,-0.03346581384539604
1789059115236105000,26.11110498046875,0.31421226263046265,0.20225590467453003,-0.014554974623024464
1789059115246115000,26.121114990234375,0.3344687819480896,0.1883651167154312,-0.019460516050457954
1789059115256124000,26.1311240234375,0.2947884798049927,0.22221548855304718,0.02437431551516056
1789059115266133800,26.1411337890625,0.25461870431900024,0.23843227326869965,0.005411277059465647
1789059115276143900,26.151143798828127,0.22809389233589172,0.23687060177326202,0.004771851934492588
1789059115286153700,26.16115380859375,0.17358644306659698,0.21022354066371918,-0.03658491000533104
1789059115296163800,26.171163818359375,0.10232770442962646,0.21064218878746033,-0.02136973664164543
1789059115306173700,26.181173583984375,0.010555438697338104,0.21406009793281555,-0.01420290395617485
1789059115316183800,26.191183837890627,-0.0839950367808342,0.21527555584907532,-0.02082059346139431
1789059115326193000,26.20119287109375,-0.1128903329372406,0.21755309402942657,-0.021823007613420486
1789059115336202800,26.21120263671875,-0.1390092819929123,0.21354104578495026,0.01381221879273653
1789059115346212900,26.221212890625,-0.1806986778974533,0.18993984162807465,0.003765443339943886
1789059115356223000,26.231222900390627,-0.24774907529354095,0.20220370590686798,-0.011894210241734982
1789059115366232800,26.24123291015625,-0.25800490379333496,0.19105809926986694,-0.01835264265537262
1789059115376243000,26.251242919921875,-0.27892112731933594,0.1429627537727356,-0.04393310472369194
1789059115386252800,26.261252685546875,-0.3452625870704651,0.1583520919084549,-0.00022210762836039066
1789059115396263000,26.271262939453123,-0.39733484387397766,0.13352955877780914,-0.012079299427568913
1789059115406272000,26.28127197265625,-0.43715548515319824,0.12498348206281662,0.01787673495709896
1789059115416281900,26.29128173828125,-0.4972390830516815,0.11770399659872055,-0.0481901653110981
1789059115426292000,26.3012919921875,-0.5292249917984009,0.0894385352730751,0.037327930331230164
1789059115436301800,26.3113017578125,-0.5474441647529602,0.07261854410171509,0.027956534177064896
1789059115446312000,26.32131201171875,-0.6069466471672058,0.0814242884516716,0.07435546070337296
1789059115456322000,26.331322021484375,-0.6383154988288879,0.05658285319805145,-0.045471612364053726
1789059115466332000,26.341331787109375,-0.6666898727416992,0.047629568725824356,0.0033744913525879383
1789059115476341000,26.351341064453123,-0.6400662660598755,0.03069346398115158,-0.022842464968562126
1789059115486350800,26.361350830078123,-0.6320096850395203,0.03056962788105011,0.021459219977259636
1789059115496360700,26.371360595703123,-0.6024874448776245,0.005250954534858465,-0.0060179452411830425
1789059115506370800,26.381370849609375,-0.5626782774925232,0.008666724897921085,0.06324794143438339
1789059115516380700,26.391380615234375,-0.4759782552719116,-0.016939835622906685,0.026256104931235313
1789059115526390800,26.401390869140624,-0.41781535744667053,-0.033126261085271835,0.02797091379761696
1789059115536401000,26.41140087890625,-0.3799784779548645,-0.008525044657289982,0.07747721672058105
1789059115546410800,26.42141064453125,-0.3814043402671814,-0.035535357892513275,-0.024952221661806107
1789059115556419800,26.431419921875,-0.31267881393432617,-0.024212395772337914,0.01420503482222557
1789059115566430000,26.441429931640624,-0.26810282468795776,-0.031851671636104584,-0.06972182542085648
1789059115576439800,26.451439697265624,-0.28968214988708496,0.008949019946157932,-0.052494633942842484
1789059115586450000,26.461449951171875,-0.2420395314693451,0.0027891285717487335,-0.029171200469136238
1789059115596459800,26.471459716796875,-0.20872658491134644,-0.006372944451868534,-0.025471271947026253
1789059115606470000,26.481469970703124,-0.18901333212852478,0.009247028268873692,0.0057494984939694405
1789059115616480000,26.49147998046875,-0.1710766702890396,0.0013134710025042295,0.018386997282505035
1789059115626489900,26.50148974609375,-0.1415848284959793,-0.024046214297413826,-0.0016447682864964008
1789059115636499000,26.5114990234375,-0.14716175198554993,-0.010991930961608887,-0.015253255143761635
1789059115646509000,26.521509033203124,-0.1609760969877243,-0.03045804053544998,-0.07833981513977051
1789059115656519000,26.531518798828124,-0.2055523544549942,-0.039562590420246124,-0.09214883297681808
1789059115666529000,26.541529052734376,-0.24613706767559052,-0.029137378558516502,-0.014524348080158234
1789059115676539000,26.551538818359376,-0.2602382302284241,-0.059893958270549774,0.022705845534801483
1789059115686549000,26.561549072265624,-0.26024970412254333,-0.07073622196912766,0.0942295640707016
1789059115696558800,26.571558837890624,-0.2782460153102875,-0.11257821321487427,0.016323579475283623
1789059115706568000,26.58156787109375,-0.30570054054260254,-0.11205090582370758,-0.024700285866856575
1789059115716578000,26.591578125,-0.3307960331439972,-0.13030794262886047,-0.07654217630624771
1789059115726588000,26.601587890625,-0.35926735401153564,-0.11901932954788208,-0.0706147775053978
1789059115736598000,26.611597900390624,-0.3607456684112549,-0.15992362797260284,-0.04266863316297531
1789059115746608000,26.621608154296876,-0.35398736596107483,-0.17452466487884521,-0.011037204414606094
1789059115756618000,26.631617919921876,-0.34630629420280457,-0.1411946713924408,0.04571529105305672
1789059115766628000,26.641628173828124,-0.29751265048980713,-0.1700092852115631,0.02468004636466503
1789059115776638000,26.651637939453124,-0.2753223776817322,-0.15332217514514923,0.03490152582526207
1789059115786647000,26.66164697265625,-0.27483394742012024,-0.16674743592739105,0.015078552067279816
1789059115796657200,26.6716572265625,-0.2581159770488739,-0.1692526787519455,-0.027151726186275482
1789059115806667000,26.6816669921875,-0.236683651804924,-0.1504124104976654,0.012269715778529644
1789059115816677000,26.691677001953124,-0.2144790142774582,-0.1501101404428482,-0.006808104924857616
1789059115826687000,26.70168701171875,-0.16993071138858795,-0.171737939119339,0.031079621985554695
1789059115836697000,26.711697021484376,-0.15016552805900574,-0.16841617226600647,0.0768151506781578
1789059115846707200,26.721707275390624,-0.117427296936512,-0.17651325464248657,0.10163767635822296
1789059115856717000,26.731717041015624,-0.07333546876907349,-0.19704408943653107,0.0784926787018776
1789059115866726000,26.741725830078124,-0.05067889019846916,-0.19417373836040497,0.036681316792964935
1789059115876736000,26.751736083984376,-0.027693679556250572,-0.18000438809394836,0.04049922153353691
1789059115886745900,26.761745849609376,-0.011960522271692753,-0.16621160507202148,-0.004049336537718773
1789059115896756000,26.771755859375,0.0634990781545639,-0.1753036379814148,0.02147519774734974
1789059115906765800,26.781765869140624,0.13481906056404114,-0.2025994509458542,0.040822796523571014
1789059115916776000,26.79177587890625,0.1915276199579239,-0.20105400681495667,0.05037662014365196
1789059115926786000,26.8017861328125,0.22402724623680115,-0.19232603907585144,0.03761928156018257
1789059115936796000,26.8117958984375,0.25897911190986633,-0.16423927247524261,0.025955967605113983
1789059115946805000,26.821804931640624,0.2834426164627075,-0.1444181650876999,0.0029230855870991945
1789059115956815000,26.831815185546876,0.35073164105415344,-0.1487756222486496,0.05329331383109093
1789059115966825000,26.841824951171876,0.3723788857460022,-0.11768855154514313,0.04976702481508255
1789059115976835000,26.8518349609375,0.39539846777915955,-0.1307838410139084,0.0051564122550189495
1789059115986845000,26.861844970703125,0.43014630675315857,-0.1625566929578781,-0.05880019813776016
1789059115996855000,26.87185498046875,0.45729270577430725,-0.14564108848571777,-0.058273427188396454
1789059116006865200,26.881865234375,0.4706695079803467,-0.12616193294525146,-0.041792720556259155
1789059116016874000,26.8918740234375,0.5187622308731079,-0.11717083305120468,0.02285684645175934
1789059116026884000,26.901884033203125,0.5159477591514587,-0.0928276777267456,0.051062919199466705
1789059116036894200,26.911894287109376,0.5165776014328003,-0.0904310941696167,0.019184080883860588
1789059116046904000,26.921904052734376,0.5019208788871765,-0.07424866408109665,0.018752383068203926
1789059116056914200,26.9319140625,0.46807506680488586,-0.09333846718072891,-0.05203550308942795
1789059116066924000,26.941924072265625,0.42005932331085205,-0.06801526993513107,-0.015723835676908493
1789059116076934100,26.95193408203125,0.34446391463279724,-0.06247749179601669,-0.05459773167967796
1789059116086944000,26.961944091796877,0.25479286909103394,0.0034972631838172674,-0.022309832274913788
1789059116096952800,26.971952880859376,0.23716780543327332,-0.0012801815755665302,-0.06412199139595032
1789059116106963000,26.981962890625,0.21099638938903809,-0.013046559877693653,-0.038307175040245056
1789059116116972800,26.991972900390625,0.20148757100105286,-0.013500362634658813,-0.054845936596393585
1789059116126983000,27.00198291015625,0.18541885912418365,-0.0459752157330513,-0.05890459567308426
1789059116136993000,27.011992919921877,0.15484683215618134,-0.05435005575418472,-0.1408253014087677
1789059116147003000,27.0220029296875,0.06412305682897568,0.04024249315261841,-0.0860251635313034
1789059116157013000,27.032012939453125,-0.013999971561133862,0.04813743382692337,-0.09598112106323242
1789059116167022800,27.04202294921875,-0.07158710062503815,0.06440641731023788,-0.06458006054162979
1789059116177032000,27.052031982421877,0.0044043357484042645,0.027834560722112656,-0.11872079223394394
1789059116187042000,27.0620419921875,0.059656936675310135,0.00014620754518546164,-0.02502652443945408
1789059116197052000,27.072052001953125,0.02093750610947609,0.018696721643209457,-0.03262585401535034
1789059116207062000,27.08206201171875,-0.029989857226610184,0.06143699586391449,0.0043473439291119576
1789059116217072000,27.092072021484373,-0.051054928451776505,0.057259026914834976,-0.03051183559000492
1789059116227082000,27.10208203125,-0.09956920146942139,0.10711153596639633,-0.03244289383292198
1789059116237092000,27.112092041015625,-0.038125548511743546,0.05980101600289345,-0.029279591515660286
1789059116247102000,27.12210205078125,-0.022767629474401474,0.04646523669362068,-0.002432797569781542
1789059116257111000,27.132111083984373,-0.0693010464310646,0.02226695604622364,-0.07167764753103256
1789059116267121200,27.14212109375,-0.0840834528207779,0.04995477572083473,0.02624358795583248
1789059116277131000,27.152131103515625,-0.10658956319093704,0.03857988119125366,0.01631585694849491
1789059116287141000,27.16214111328125,-0.15837791562080383,0.044741906225681305,0.039208121597766876
1789059116297151000,27.17215087890625,-0.19860497117042542,0.05523369461297989,0.010822287760674953
1789059116307161000,27.1821611328125,-0.2634880840778351,0.06173447147011757,0.02556794509291649
1789059116317171200,27.192171142578125,-0.28056269884109497,0.026932282373309135,-0.029836459085345268
1789059116327181000,27.20218115234375,-0.28504133224487305,0.0025931198615580797,-0.025783926248550415
1789059116337190000,27.21218994140625,-0.2701611816883087,-0.03846936300396919,-0.06348523497581482
1789059116347200000,27.222199951171874,-0.28623440861701965,-0.00373108871281147,0.011203119531273842
1789059116357209900,27.2322099609375,-0.2928744852542877,-0.03369537740945816,-0.022235531359910965
1789059116367220000,27.242219970703125,-0.30104291439056396,-0.029026325792074203,-0.024808943271636963
1789059116377229800,27.252229736328125,-0.3077484965324402,-0.00827683787792921,-0.03933435678482056
1789059116387240000,27.262239990234374,-0.27525368332862854,-0.027411650866270065,0.027221767231822014
1789059116397250000,27.27225,-0.2000499963760376,-0.07399006932973862,0.011753062717616558
1789059116407259000,27.2822587890625,-0.20696836709976196,-0.07423481345176697,0.00612420542165637
1789059116417269000,27.29226904296875,-0.17263542115688324,-0.09258612245321274,-0.014013820327818394
1789059116427279000,27.302279052734374,-0.15476401150226593,-0.10824204981327057,-0.029045233502984047
1789059116437289000,27.3122890625,-0.14821796119213104,-0.09049687534570694,0.0048767803236842155
1789059116447299000,27.322299072265626,-0.12523674964904785,-0.0845729410648346,-0.02257508412003517
1789059116457309000,27.332308837890626,-0.09057996422052383,-0.09537126123905182,-0.030101176351308823
1789059116467319000,27.342319091796874,-0.06319521367549896,-0.08587416261434555,0.06253288686275482
1789059116477329000,27.352328857421874,-0.042879555374383926,-0.08077101409435272,0.02136840485036373
1789059116487338000,27.362337890625,-0.0007382282637991011,-0.09210515767335892,-0.02822817489504814
1789059116497348000,27.37234814453125,0.027454793453216553,-0.05690829083323479,-0.0364549458026886
1789059116507358000,27.38235791015625,0.08252763003110886,-0.09739340096712112,-0.030975759029388428
1789059116517368000,27.3923681640625,0.15867114067077637,-0.11143545061349869,-0.005517803598195314
1789059116527378200,27.402378173828126,0.16326962411403656,-0.07854354381561279,-0.04845594987273216
1789059116537388000,27.412387939453126,0.19950884580612183,-0.06783843785524368,-0.013971475884318352
1789059116547398100,27.422398193359374,0.26289287209510803,-0.08681798726320267,-0.02978292852640152
1789059116557408000,27.432407958984374,0.28437259793281555,-0.07706868648529053,0.011012704111635685
1789059116567416800,27.442416748046874,0.3156335949897766,-0.05817755311727524,0.04743782430887222
1789059116577427000,27.452427001953126,0.3097788989543915,-0.056413475424051285,-0.003486077766865492
1789059116587436800,27.462436767578126,0.3150554299354553,-0.0844898521900177,-0.04821466654539108
1789059116597447000,27.472447021484374,0.30535298585891724,-0.06806320697069168,-0.028742965310811996
1789059116607457000,27.48245703125,0.27392902970314026,-0.04217994213104248,0.01726900227367878
1789059116617467000,27.492466796875,0.24818876385688782,-0.03272039443254471,0.04131761193275452
1789059116627477000,27.50247705078125,0.25414758920669556,-0.05071484297513962,0.02021339163184166
1789059116637486800,27.51248681640625,0.2788065969944,-0.07502763718366623,0.02694639563560486
1789059116647496000,27.522495849609374,0.24415913224220276,-0.06198107823729515,0.019940685480833054
1789059116657506000,27.532506103515626,0.1805679202079773,-0.0387982614338398,0.01110245194286108
1789059116667516000,27.542515869140626,0.16206346452236176,-0.020314326509833336,-0.06686611473560333
1789059116677526000,27.552526123046874,0.15123586356639862,-0.025121863931417465,-0.021800104528665543
1789059116687536000,27.5625361328125,0.1386476308107376,-0.03713645040988922,-0.09170807898044586
1789059116697546000,27.5725458984375,0.1375405490398407,-0.015745673328638077,0.05449653044342995
1789059116707555800,27.582555908203126,0.1661980301141739,-0.06377898156642914,0.010684069246053696
1789059116717565700,27.592565673828126,0.17474864423274994,-0.042944006621837616,0.0670836940407753
1789059116727574800,27.60257470703125,0.18022383749485016,-0.05907290801405907,0.01853826455771923
1789059116737585000,27.6125849609375,0.12188409268856049,-0.012290221638977528,-0.006228867452591658
1789059116747594800,27.6225947265625,0.07849827408790588,-0.0038344194181263447,-0.04360659793019295
1789059116757604900,27.63260498046875,0.06797905266284943,0.02642202004790306,-0.036500751972198486
1789059116767614700,27.64261474609375,0.07275889068841934,0.008317052386701107,-0.024540763348340988
1789059116777624800,27.652624755859375,0.08692770451307297,0.0022096247412264347,0.044682249426841736
1789059116787635000,27.662635009765626,0.11236196011304855,-0.0017694041598588228,-0.014623950235545635
1789059116797644800,27.672644775390626,0.15107128024101257,-0.021942850202322006,-0.024748755618929863
1789059116807653600,27.682653564453126,0.1471090167760849,-0.014270015992224216,0.016380837187170982
1789059116817663700,27.692663818359375,0.0775347352027893,0.01581917703151703,-0.0260638240724802
1789059116827673600,27.702673583984375,0.03953009843826294,0.01864905096590519,0.01450037956237793
1789059116837683700,27.71268359375,0.050813645124435425,0.012050537392497063,0.0072808158583939075
1789059116847693600,27.722693603515626,0.01896010898053646,0.027157850563526154,-0.021317273378372192
1789059116857703700,27.73270361328125,0.03712233528494835,0.0001978728687390685,-0.028308603912591934
1789059116867713800,27.7427138671875,0.03015417419373989,-0.007476824801415205,-0.03784112259745598
1789059116877723600,27.7527236328125,0.0013853764394298196,0.0019150790758430958,0.05090845376253128
1789059116887732700,27.762732666015626,-0.017018664628267288,-0.014883608557283878,-0.03827947750687599
1789059116897742800,27.772742919921875,-0.062251389026641846,0.027647340670228004,-0.00959909800440073
1789059116907752700,27.782752685546875,-0.029878536239266396,-0.023330623283982277,-0.052867207676172256
1789059116917762800,27.7927626953125,-0.05609282851219177,0.011988486163318157,-0.020054135471582413
1789059116927772700,27.802772705078127,-0.07750837504863739,0.009520534425973892,-0.019655460491776466
1789059116937782800,27.81278271484375,-0.062197063118219376,-0.017828265205025673,-0.012841496616601944
1789059116947793000,27.82279296875,-0.058034006506204605,-0.006409962195903063,-0.05531571805477142
1789059116957802800,27.832802734375,-0.062196262180805206,-0.008314388804137707,-0.08445389568805695
1789059116967811800,27.842811767578127,-0.0239572636783123,-0.026819629594683647,-0.030374949797987938
1789059116977822000,27.852822021484375,-0.025549568235874176,-0.04074982553720474,-0.0007150587625801563
1789059116987831800,27.862831787109375,-0.024625718593597412,-0.0156567245721817,0.06387671828269958
1789059116997842000,27.872842041015623,-0.03406688943505287,-0.03892316296696663,-0.0963560938835144
1789059117007851800,27.882851806640623,-0.05354072153568268,0.022793462499976158,-0.024954885244369507
1789059117017862000,27.89286181640625,-0.0019560917280614376,-0.028547754511237144,-0.07404519617557526
1789059117027871700,27.902871826171875,0.011902199126780033,-0.037154026329517365,0.013688115403056145
1789059117037881900,27.9128818359375,0.013577328063547611,-0.018223479390144348,-0.010418818332254887
1789059117047890700,27.922890625,0.00706829596310854,-0.044505149126052856,-0.021333517506718636
1789059117057900500,27.932900634765623,0.01768605224788189,-0.017123859375715256,-0.06365647166967392
1789059117067910700,27.94291064453125,0.01906530372798443,-0.03202531114220619,-0.06552787870168686
1789059117077920800,27.952920654296875,0.04276397451758385,-0.05160673335194588,-0.009126120246946812
1789059117087930600,27.9629306640625,-0.01823732629418373,-0.016104668378829956,0.021082649007439613
1789059117097940700,27.972940673828123,-0.03743738681077957,-0.016999224200844765,0.029518211260437965
1789059117107950600,27.98295068359375,-0.017719341441988945,-0.056418534368276596,-0.00039521310827694833
1789059117117960700,27.992960693359375,-0.06678861379623413,-0.03002341277897358,0.03137337043881416
1789059117127969800,28.0029697265625,-0.11747203767299652,-0.0034522556234151125,-0.043540019541978836
1789059117137979600,28.012979736328123,-0.15066860616207123,0.01014131773263216,-0.02389654517173767
1789059117147989800,28.02298974609375,-0.1319606900215149,-0.0036695697344839573,-0.04746685177087784
1789059117157999900,28.032999755859375,-0.09836944937705994,-0.0054791877046227455,0.03652045875787735
1789059117168009700,28.043009765625,-0.06012032926082611,-0.044804222881793976,-0.0031997880432754755
1789059117178019800,28.053019775390624,-0.04729587584733963,-0.024584172293543816,-0.042624425143003464
1789059117188029700,28.06302978515625,-0.009669938124716282,-0.016535567119717598,-0.0493590272963047
1789059117198039800,28.073039794921876,0.006314621306955814,-0.00908670574426651,-0.07420285791158676
1789059117208049000,28.083048828125,0.01690175198018551,0.01738937571644783,-0.015927834436297417
1789059117218058800,28.093058837890624,0.03744804114103317,0.020732175558805466,0.03213583305478096
1789059117228068900,28.10306884765625,0.06564239412546158,0.013067332096397877,0.04193013906478882
1789059117238078700,28.11307861328125,0.08014144003391266,0.017471933737397194,0.08718843013048172
1789059117248088800,28.1230888671875,0.056355684995651245,0.036429379135370255,0.04351019114255905
1789059117258099000,28.133098876953124,0.04841813072562218,0.05450372025370598,0.07332801073789597
1789059117268108800,28.14310888671875,0.04908605292439461,0.02574850618839264,-0.015157381072640419
1789059117278119000,28.153118896484376,0.0473635196685791,0.00574843306094408,0.010012686252593994
1789059117288127700,28.163127685546876,0.0065713501535356045,0.043836697936058044,0.04140123724937439
1789059117298137600,28.1731376953125,0.01005263440310955,0.03021276369690895,0.026730947196483612
1789059117308147700,28.183147705078124,0.03586425632238388,0.005858954507857561,-0.007391870021820068
1789059117318157600,28.193157470703124,0.026639066636562347,-0.007997472770512104,0.04741811379790306
1789059117328167700,28.203167724609376,0.002516953507438302,-0.009098423644900322,0.04731185361742973
1789059117338177800,28.213177734375,-0.024759674444794655,-0.01324017159640789,-0.021102355793118477
1789059117348187600,28.223187744140624,-0.04511234909296036,0.00008468852320220321,-0.029938191175460815
1789059117358197800,28.23319775390625,-0.027277426794171333,-0.008579639717936516,0.012888900935649872
1789059117368206800,28.243206787109376,-0.01937529630959034,-0.005043228156864643,0.040952760726213455
1789059117378216700,28.253216796875,-0.04826926067471504,-0.02599085494875908,-0.005402222275733948
1789059117388226800,28.263226806640624,-0.05327041074633598,-0.022170016542077065,-0.043769851326942444
1789059117398236700,28.273236572265624,-0.023692546412348747,-0.02214232087135315,0.006557767745107412
1789059117408246800,28.283246826171876,-0.021320734173059464,-0.019364111125469208,0.002266349969431758
1789059117418256600,28.293256591796876,-0.04204145818948746,0.0013976269401609898,-0.00216514989733696
1789059117428266800,28.303266845703124,-0.011054248549044132,-0.036203011870384216,0.007730624172836542
1789059117438276900,28.31327685546875,0.02798129990696907,-0.05796423181891441,-0.018489262089133263
1789059117448285700,28.32328564453125,-0.003463707398623228,-0.02435913495719433,-0.07514801621437073
1789059117458295800,28.3332958984375,-0.027754666283726692,0.008620918728411198,-0.055272843688726425
1789059117468306000,28.343305908203124,-0.04044915735721588,0.029767483472824097,0.03742673248052597
1789059117478315800,28.353315673828124,-0.03008253499865532,0.03181198984384537,0.0436265729367733
1789059117488326000,28.363325927734376,0.017358217388391495,-0.009651828557252884,0.029261749237775803
1789059117498335700,28.373335693359376,0.047681234776973724,-0.010778345167636871,-0.02407710626721382
1789059117508345900,28.383345947265624,0.009148756973445415,0.04622288793325424,-0.016690563410520554
1789059117518356000,28.39335595703125,0.0026056368369609118,-0.0007605988066643476,-0.03299843147397041
1789059117528364500,28.403364501953124,-0.009397496469318867,0.02267388626933098,-0.01350329164415598
1789059117538374700,28.413374755859376,0.012998622842133045,-0.01480531133711338,-0.06845735758543015
1789059117548384800,28.423384765625,-0.007377222646027803,0.013551495037972927,-0.04805833846330643
1789059117558394600,28.43339453125,-0.0062581622041761875,0.019626963883638382,-0.002856240142136812
1789059117568404700,28.44340478515625,0.035538285970687866,-0.005022455472499132,0.052972402423620224
1789059117578414600,28.45341455078125,0.056898169219493866,-0.01661253161728382,0.06235099211335182
1789059117588424700,28.4634248046875,0.04575657099485397,-0.024647289887070656,-0.007284278050065041
1789059117598434600,28.4734345703125,0.04793956130743027,0.004776113200932741,0.002031192881986499
1789059117608443600,28.483443603515624,0.013036173768341541,-0.019115904346108437,-0.0172658059746027
1789059117618453800,28.493453857421876,-0.02923937886953354,0.006164418999105692,-0.00035473305615596473
1789059117628463900,28.5034638671875,-0.03582164645195007,0.01261139940470457,-0.058641474694013596
1789059117638473700,28.5134736328125,-0.0030660973861813545,0.011230549775063992,0.03409591689705849
1789059117648483800,28.52348388671875,0.051229365170001984,-0.007454986684024334,0.029812224209308624
1789059117658493700,28.53349365234375,0.04066673666238785,-0.004056526813656092,0.02166987583041191
1789059117668503800,28.54350390625,0.07017802447080612,0.00615190202370286,0.02496393956243992
1789059117678513700,28.553513671875,0.13353382050991058,-0.045752573758363724,-0.09157412499189377
1789059117688522800,28.563522705078125,0.17003510892391205,-0.045941926538944244,0.0011145329335704446
1789059117698532900,28.573532958984377,0.15478850901126862,-0.0348365418612957,-0.014331002719700336
1789059117708543200,28.583543212890625,0.10548993945121765,0.012540292926132679,-0.0105354655534029
1789059117718553300,28.59355322265625,0.1491045355796814,0.034999262541532516,0.02039209008216858
1789059117728563200,28.603563232421877,0.21125951409339905,-0.02425473928451538,-0.004900216590613127
1789059117738573300,28.6135732421875,0.24391226470470428,0.00039787625428289175,0.014858041889965534
1789059117748583400,28.62358349609375,0.23683038353919983,-0.0012431635987013578,-0.00012863067968282849
1789059117758593300,28.63359326171875,0.2229025810956955,0.03940120339393616,-0.00006524744821945205
1789059117768602400,28.643602294921877,0.1993999183177948,-0.0025044367648661137,-0.06717477738857269
1789059117778612500,28.653612548828125,0.1518302708864212,0.019721239805221558,-0.11902066320180893
1789059117788622300,28.663622314453125,0.2175445705652237,0.03406715765595436,0.042154911905527115
1789059117798632400,28.673632568359373,0.2999323904514313,0.0018570221727713943,0.01828792691230774
1789059117808642300,28.683642333984373,0.3149486184120178,-0.03285941109061241,0.13523584604263306
1789059117818652400,28.69365234375,0.2805802524089813,-0.012016981840133667,0.05717860162258148
1789059117828662300,28.703662353515625,0.2727505564689636,0.014158163219690323,0.005335643421858549
1789059117838672400,28.71367236328125,0.17319521307945251,0.007939415983855724,-0.09664584696292877
1789059117848681200,28.72368115234375,0.1554311364889145,-0.013717143796384335,-0.08838046342134476
1789059117858691300,28.73369140625,0.11261443048715591,0.010584999807178974,-0.05158542841672897
1789059117868701200,28.743701171875,-0.003463174682110548,0.08939991891384125,0.004447212442755699
1789059117878711300,28.753711181640625,0.020536700263619423,0.07967778295278549,0.057314954698085785
1789059117888721200,28.76372119140625,0.13536128401756287,0.012264655902981758,0.013312876224517822
1789059117898731300,28.773731201171874,0.13297909498214722,0.018624018877744675,-0.023546071723103523
1789059117908741000,28.7837412109375,0.08404536545276642,0.013682522810995579,-0.09431451559066772
1789059117918751200,28.793751220703125,-0.003064765827730298,0.039738092571496964,-0.05004772171378136
1789059117928760300,28.80376025390625,-0.020204603672027588,0.09434061497449875,-0.056960489600896835
1789059117938770200,28.813770263671874,0.024623055011034012,0.09614064544439316,0.03309110924601555
1789059117948780300,28.8237802734375,0.08853518962860107,0.038968171924352646,-0.039391614496707916
1789059117958790400,28.833790283203125,0.09660430252552032,0.01500851009041071,-0.022946860641241074
1789059117968800300,28.84380029296875,0.060982927680015564,0.010849451646208763,-0.1078345850110054
1789059117978810400,28.853810302734374,0.00902838259935379,0.03993569687008858,-0.03177870064973831
1789059117988820200,28.8638203125,0.005318332463502884,0.0719335749745369,-0.04483005404472351
1789059117998830300,28.873830322265626,-0.005115932319313288,0.07273785024881363,-0.050749197602272034
1789059118008839400,28.88383935546875,0.035893552005290985,0.017483118921518326,-0.07164382934570312
1789059118018849300,28.893849365234374,0.030248716473579407,0.02936028502881527,-0.056535981595516205
1789059118028859400,28.903859375,-0.007484814152121544,0.05294044688344002,-0.08561157435178757
1789059118038869500,28.913869384765626,0.030356574803590775,0.05868914723396301,0.029941653832793236
1789059118048879400,28.92387939453125,0.04170883074402809,0.04218633472919464,0.05179635062813759
1789059118058889500,28.933889404296874,0.033300966024398804,0.021809957921504974,0.08254760503768921
1789059118068899300,28.9438994140625,0.033964626491069794,0.030549120157957077,0.1173655092716217
1789059118078909400,28.953909423828126,0.04797231778502464,-0.0030863373540341854,0.00996421743184328
1789059118088918300,28.963918212890626,0.028838573023676872,-0.012048672884702682,-0.0999969020485878
1789059118098928000,28.97392822265625,0.018162759020924568,-0.0020248014479875565,-0.02436659298837185
1789059118108938200,28.983938232421874,-0.03338645398616791,0.0354999378323555,0.0065596322529017925
1789059118118948000,28.993947998046874,-0.06795161962509155,0.05413860082626343,-0.036371856927871704
1789059118128958200,29.003958251953126,-0.02033589780330658,0.014896923676133156,0.03807787597179413
1789059118138968300,29.01396826171875,0.01787247322499752,0.026150643825531006,0.13603000342845917
1789059118148978200,29.023978271484374,0.029927005991339684,0.018306037411093712,0.06061514467000961
1789059118158988300,29.03398828125,0.04162227734923363,-0.02786252461373806,-0.07213198393583298
1789059118168998100,29.043998046875,0.015962189063429832,-0.013215670362114906,-0.02930702269077301
1789059118179007200,29.05400732421875,-0.051057323813438416,0.04345373436808586,0.04107366502285004
1789059118189017300,29.064017333984374,-0.03917643055319786,-0.010488327592611313,0.07894221693277359
1789059118199027200,29.074027099609374,-0.10055377334356308,0.0623864121735096,0.0874643325805664
1789059118209037300,29.084037353515626,-0.12516669929027557,0.022244852036237717,0.06753750145435333
1789059118219047400,29.09404736328125,-0.13062885403633118,0.02172819897532463,-0.08247463405132294
1789059118229057300,29.104057373046874,-0.14117176830768585,0.0194285586476326,-0.03412015363574028
1789059118239067400,29.1140673828125,-0.10992729663848877,-0.01050590444356203,0.09381783753633499
1789059118249077200,29.1240771484375,-0.15745221078395844,0.005077050067484379,0.16565687954425812
1789059118259086300,29.13408642578125,-0.18308113515377045,0.025021197274327278,0.11577560007572174
1789059118269096400,29.144096435546874,-0.10982529819011688,-0.018619224429130554,0.03702912479639053
1789059118279106300,29.154106201171874,-0.14992345869541168,-0.0041374871507287025,-0.005922603886574507
1789059118289116400,29.164116455078126,-0.1481764167547226,-0.021315408870577812,0.09445486962795258
1789059118299126300,29.174126220703126,-0.11499955505132675,-0.03672445937991142,0.08751893043518066
1789059118309136400,29.184136474609375,-0.16645289957523346,-0.011633752845227718,0.17896921932697296
1789059118319146500,29.194146484375,-0.13061553239822388,-0.05504514276981354,0.06612442433834076
1789059118329156400,29.20415625,-0.10757919400930405,-0.04278980940580368,0.023858727887272835
1789059118339165200,29.214165283203126,-0.07951506227254868,-0.06946509331464767,0.005125253461301327
1789059118349175300,29.22417529296875,-0.10224328190088272,-0.037633396685123444,-0.027303792536258698
1789059118359185200,29.23418505859375,-0.14746908843517303,-0.04285052791237831,-0.016397083178162575
1789059118369195300,29.2441953125,-0.07637307047843933,-0.06447992473840714,-0.039258189499378204
1789059118379205000,29.254205078125,-0.03304876387119293,-0.07658665627241135,0.009072324261069298
1789059118389215200,29.26421533203125,-0.03949068486690521,-0.10074871778488159,-0.025049693882465363
1789059118399225300,29.274225341796875,-0.07362468540668488,-0.05048900470137596,0.016505474224686623
1789059118409235200,29.284235107421875,-0.06295899301767349,-0.07488595694303513,0.00711623253300786
1789059118419244300,29.294244384765626,-0.02255617454648018,-0.0614314042031765,0.026162095367908478
1789059118429254400,29.30425439453125,-0.004822452086955309,-0.07456717640161514,0.009486978873610497
1789059118439264300,29.31426416015625,-0.04545003920793533,-0.06649646908044815,-0.04367956891655922
1789059118449274400,29.3242744140625,-0.07403747737407684,-0.07224570214748383,-0.024602016434073448
1789059118459284200,29.3342841796875,-0.04403563588857651,-0.07424813508987427,-0.10421667993068695
1789059118469294300,29.34429443359375,-0.009163138456642628,-0.043000198900699615,-0.020505275577306747
1789059118479304200,29.35430419921875,0.004769721534103155,-0.05254310369491577,-0.012373312376439571
1789059118489314300,29.364314208984375,0.012825250625610352,-0.03948162868618965,0.038304779678583145
1789059118499323400,29.374323486328127,0.046247389167547226,-0.06415528059005737,0.07360311597585678
1789059118509333200,29.384333251953127,0.06656597554683685,-0.1010107696056366,-0.051290616393089294
1789059118519343400,29.39434326171875,0.05468401685357094,-0.06119464710354805,-0.030489997938275337
1789059118529353500,29.404353515625,0.027578098699450493,-0.02580389939248562,0.03737160563468933
1789059118539363300,29.41436328125,0.03906617686152458,-0.06307430565357208,-0.08342618495225906
1789059118549373400,29.42437353515625,0.0026405241806060076,-0.036440033465623856,-0.025653431192040443
1789059118559383300,29.43438330078125,0.020741498097777367,-0.05706674978137016,-0.0787893533706665
1789059118569393400,29.444393310546875,0.06827785819768906,-0.07150188088417053,-0.024582307785749435
1789059118579402200,29.45440234375,0.05686701089143753,-0.05167091637849808,-0.00875034835189581
1789059118589412000,29.464412109375,0.019117502495646477,-0.03327273577451706,0.02123897522687912
1789059118599422200,29.474422119140623,0.03236273303627968,-0.05474340543150902,-0.0014676681021228433
1789059118609432300,29.484432373046875,0.05549361929297447,-0.0626833513379097,0.004622182343155146
1789059118619442200,29.494442138671875,0.09605889022350311,-0.10086642950773239,-0.05885745584964752
1789059118629452300,29.504452392578123,0.07031118124723434,-0.07740450650453568,-0.005135640036314726
1789059118639462100,29.514462158203123,0.05946758762001991,-0.05477909371256828,-0.04451527073979378
1789059118649472300,29.52447216796875,0.07970814406871796,-0.037830203771591187,0.05002481862902641
1789059118659481300,29.5344814453125,0.10539646446704865,-0.059049203991889954,0.014682806096971035
1789059118669491200,29.5444912109375,0.12988662719726562,-0.03062848374247551,0.013082246296107769
1789059118679501300,29.554501220703123,0.15163134038448334,-0.014855378307402134,0.047207724303007126
1789059118689511400,29.564511474609375,0.18830466270446777,-0.027814587578177452,0.04002384841442108
1789059118699521300,29.574521240234375,0.1971183866262436,-0.02726544253528118,-0.04832332208752632
1789059118709530600,29.584530517578123,0.22411885857582092,0.0023451796732842922,-0.011412444524466991
1789059118719540500,29.59454052734375,0.29079535603523254,-0.010953848250210285,0.05927877128124237
1789059118729550600,29.604550537109375,0.30542728304862976,-0.005093295592814684,0.03362507000565529
1789059118739560700,29.614560791015624,0.2841196060180664,0.014002101495862007,0.008745022118091583
1789059118749569500,29.624569580078123,0.26216796040534973,0.04368782415986061,-0.026644926518201828
1789059118759579600,29.63457958984375,0.2369057536125183,0.059610866010189056,0.038479480892419815
1789059118769589800,29.64458984375,0.27546432614326477,0.03611699119210243,0.06672096997499466
1789059118779599600,29.654599609375,0.31056398153305054,-0.040039826184511185,-0.07574882358312607
1789059118789609700,29.664609619140624,0.24059024453163147,0.04620344936847687,-0.024350613355636597
1789059118799619600,29.67461962890625,0.17600885033607483,0.06299920380115509,-0.049908172339200974
1789059118809629700,29.684629638671876,0.1649375557899475,0.06698142737150192,0.07668359577655792
1789059118819639800,29.694639892578124,0.16958902776241302,0.06203434243798256,0.04587481543421745
1789059118829648600,29.704648681640624,0.1888442188501358,0.059186890721321106,0.06723949313163757
1789059118839658800,29.71465869140625,0.2039312869310379,0.023189742118120193,0.04260951280593872
1789059118849668900,29.7246689453125,0.11571594327688217,0.050223756581544876,0.056473661214113235
1789059118859678700,29.7346787109375,0.06650099903345108,0.049132660031318665,0.04928339272737503
1789059118869688800,29.744688720703124,0.054600395262241364,0.038657646626234055,-0.061705175787210464
1789059118879698700,29.75469873046875,0.0416337288916111,0.04250378534197807,-0.07276235520839691
1789059118889708800,29.764708740234376,0.059009257704019547,0.019662650302052498,-0.014994928613305092
1789059118899718700,29.77471875,0.02081979438662529,0.03646320104598999,0.055505868047475815
1789059118909727500,29.7847275390625,-0.0006937534781172872,0.0479600690305233,0.07651501148939133
1789059118919737600,29.794737548828124,0.03295688331127167,0.009983125142753124,0.002007757080718875
1789059118929747500,29.80474755859375,-0.01056262943893671,0.008382565341889858,0.017285779118537903
1789059118939757600,29.814757568359376,-0.05428001657128334,0.0016186692519113421,-0.07339885085821152
1789059118949767700,29.824767578125,-0.0702613815665245,0.008015315979719162,0.014108361676335335
1789059118959777500,29.834777587890624,-0.0902811586856842,0.005560413934290409,-0.026926156133413315
1789059118969787600,29.84478759765625,-0.1443481296300888,0.028565065935254097,-0.08712105453014374
1789059118979797500,29.854797607421876,-0.1224159300327301,0.0012053466634824872,-0.141534224152565
1789059118989806600,29.864806640625,-0.16216734051704407,0.10575039684772491,-0.022296782582998276
1789059118999816700,29.874816650390624,-0.10691633075475693,0.13318495452404022,0.12402447313070297
1789059119009826600,29.88482666015625,0.14298005402088165,-0.014786402694880962,0.22499370574951172
1789059119019836700,29.894836669921876,0.2912590205669403,-0.13713708519935608,0.08704062551259995
1789059119029846800,29.9048466796875,0.18080919981002808,-0.03996339440345764,0.017891915515065193
1789059119039856600,29.914856689453124,0.13432905077934265,-0.020804880186915398,-0.03924647346138954
1789059119049866800,29.92486669921875,0.11714020371437073,0.06908213347196579,0.09738034754991531
1789059119059876600,29.934876708984376,0.06142687425017357,0.10641219466924667,0.016506537795066833
1789059119069885700,29.9448857421875,0.05103015899658203,0.12201831489801407,0.10658130049705505
1789059119079895800,29.954895751953124,0.186139777302742,0.06319015473127365,-0.013517939485609531
1789059119089905700,29.96490576171875,0.27288398146629333,0.05054333433508873,0.016352875158190727
1789059119099915800,29.974915771484376,0.30364990234375,0.041435323655605316,0.021826734766364098
1789059119109925600,29.984925537109376,0.22010040283203125,0.09120181202888489,0.06645838916301727
1789059119119935700,29.994935791015624,0.21964234113693237,0.08434870094060898,0.048646099865436554
1789059119129945900,30.00494580078125,0.24511121213436127,0.07830972224473953,0.015032478608191013
1789059119139955700,30.014955810546876,0.2779807448387146,0.07770837843418121,-0.014054033905267715
1789059119149965600,30.024965576171876,0.2990727126598358,0.05733359605073929,0.028373317793011665
1789059119159974700,30.034974609375,0.2398272454738617,0.07305397093296051,0.07918323576450348
1789059119169984500,30.044984619140624,0.17081168293952942,0.14873647689819336,0.09085880219936371
1789059119179994600,30.05499462890625,0.18459540605545044,0.18018335103988647,0.026872627437114716
1789059119190004500,30.06500439453125,0.20278559625148773,0.11638839542865753,-0.03810024634003639
1789059119200014600,30.0750146484375,0.19386453926563263,0.10551417618989944,0.011665178462862968
1789059119210024700,30.085024658203125,0.15167021751403809,0.11823369562625885,0.1396244764328003
1789059119220034600,30.09503466796875,0.09466525912284851,0.12117063254117966,0.06973700225353241
1789059119230044700,30.105044677734377,0.03947816789150238,0.1541094034910202,0.1252031922340393
1789059119240053800,30.1150537109375,0.02804068848490715,0.10748065263032913,0.06216856464743614
1789059119250063600,30.125063720703125,-0.05741588771343231,0.12340715527534485,0.054003048688173294
1789059119260073700,30.13507373046875,-0.13139477372169495,0.12101563811302185,-0.0028069717809557915
1789059119270083600,30.14508349609375,-0.22237367928028107,0.1469433754682541,0.03983902558684349
1789059119280093700,30.15509375,-0.23515233397483826,0.12097622454166412,0.12701120972633362
1789059119290103600,30.165103515625,-0.2677214443683624,0.12778645753860474,0.03269562870264053
1789059119300113700,30.17511376953125,-0.3587256669998169,0.13260331749916077,-0.054715707898139954
1789059119310123800,30.185123779296877,-0.3582231402397156,0.06364794820547104,0.0001304948964389041
1789059119320134700,30.195134765625,-0.41202831268310547,0.048355549573898315,0.029075326398015022
1789059119330143700,30.205143798828125,-0.4839158058166504,0.07384519279003143,0.014477476477622986
1789059119340153600,30.215153564453125,-0.5286837816238403,0.08567042648792267,-0.090193010866642
1789059119350163700,30.225163818359373,-0.5614465475082397,0.05914028361439705,-0.07173703610897064
1789059119360173800,30.235173828125,-0.4753468334674835,-0.01401674933731556,-0.03602218255400658
1789059119370183700,30.24518359375,-0.42704612016677856,0.008163121528923512,-0.04259273409843445
1789059119380193800,30.25519384765625,-0.38582199811935425,-0.0424201600253582,-0.008185758255422115
1789059119390203600,30.26520361328125,-0.3811020851135254,-0.011933358386158943,0.07724791765213013
1789059119400213800,30.2752138671875,-0.38742202520370483,-0.03128202259540558,-0.05867023766040802
1789059119410222600,30.28522265625,-0.34732332825660706,-0.011530156247317791,-0.006997189484536648
1789059119420232400,30.295232421875,-0.3052443265914917,-0.05626087635755539,-0.07938084006309509
1789059119430242600,30.30524267578125,-0.37000149488449097,-0.008924252353608608,-0.026885677129030228
1789059119440252400,30.31525244140625,-0.334439754486084,-0.02809581719338894,0.0052325790748000145
1789059119450262500,30.325262451171874,-0.2734917402267456,-0.00746164470911026,0.04000121355056763
1789059119460272600,30.335272705078125,-0.14807549118995667,-0.06035735085606575,0.04944611340761185
1789059119470282500,30.345282470703125,-0.029509689658880234,-0.12682239711284637,0.11038589477539062
1789059119480292600,30.355292724609374,-0.029385052621364594,-0.1117800623178482,0.0008402272942475975
1789059119490302500,30.365302490234374,-0.006191316992044449,-0.07078149169683456,0.0778692290186882
1789059119500311600,30.3753115234375,0.07358527183532715,-0.06337231397628784,0.06767385452985764
1789059119510321700,30.38532177734375,0.14570793509483337,-0.06791247427463531,0.04294773191213608
1789059119520331500,30.39533154296875,0.23454059660434723,-0.09982646256685257,-0.02906600572168827
1789059119530341600,30.405341552734374,0.3115656077861786,-0.11411885172128677,-0.0670701116323471
1789059119540351700,30.415351806640626,0.35465583205223083,-0.07902903854846954,0.02906520664691925
1789059119550361600,30.425361572265626,0.3655247092247009,-0.03964195027947426,0.06906828284263611
1789059119560371700,30.435371826171874,0.38450613617897034,0.004003263544291258,0.10609261691570282
1789059119570381600,30.445381591796874,0.412070631980896,-0.02713148668408394,0.0054184673354029655
1789059119580390700,30.455390625,0.4453881084918976,-0.01852628029882908,0.010781541466712952
1789059119590400800,30.46540087890625,0.4781615138053894,-0.013669206760823727,-0.01829378679394722
1789059119600410600,30.47541064453125,0.4485974907875061,0.0018908443162217736,0.07212665677070618
1789059119610420700,30.485420654296874,0.4788038730621338,-0.011520301923155785,-0.014913702383637428
1789059119620430600,30.4954306640625,0.45141032338142395,0.029676401987671852,0.04662689194083214
1789059119630440700,30.505440673828126,0.4764903783798218,-0.005392901133745909,-0.02291836589574814
1789059119640450800,30.515450927734374,0.3863290548324585,0.036908749490976334,-0.03801635652780533
1789059119650460700,30.525460693359374,0.26005953550338745,0.11117685586214066,0.01529027335345745
1789059119660468500,30.535468505859374,0.22133265435695648,0.12297438830137253,0.08387492597103119
1789059119670478600,30.545478515625,0.25629544258117676,0.07779093831777573,0.0777784213423729
1789059119680488700,30.55548876953125,0.23891085386276245,0.0558246485888958,0.001044225413352251
1789059119690498600,30.56549853515625,0.22251082956790924,0.042747996747493744,0.016114255413413048
1789059119700508700,30.5755087890625,0.15801893174648285,0.04854809492826462,-0.00595429539680481
1789059119710518800,30.585518798828126,0.03612125292420387,0.10689529031515121,0.11274492740631104
1789059119720529000,30.59552880859375,-0.00893943291157484,0.09181327372789383,0.054429687559604645
1789059119730537700,30.605537841796874,-0.053221676498651505,0.07858429104089737,-0.01509852521121502
1789059119740547600,30.615547607421874,-0.05119793862104416,0.08965878188610077,-0.10616611689329147
1789059119750557700,30.6255576171875,-0.035712189972400665,0.07173170894384384,-0.027293672785162926
1789059119760567600,30.635567626953126,-0.10101423412561417,0.06290226429700851,0.07955288141965866
1789059119770577700,30.64557763671875,-0.13577380776405334,0.06924591958522797,0.08703556656837463
1789059119780587800,30.655587890625,-0.1848798394203186,0.07919894903898239,0.02628646418452263
1789059119790597600,30.66559765625,-0.1762024611234665,0.0824354887008667,-0.10006082057952881
1789059119800607700,30.675607666015626,-0.18554775416851044,0.04264839366078377,-0.08339555561542511
1789059119810616800,30.685616943359374,-0.20275923609733582,0.02539403922855854,-0.052795037627220154
1789059119820626700,30.695626708984374,-0.31399229168891907,0.048944905400276184,0.02347523160278797
1789059119830636800,30.70563671875,-0.31782668828964233,0.01973322406411171,0.11414015293121338
1789059119840646700,30.715646728515626,-0.37554964423179626,0.0289421696215868,0.055987369269132614
1789059119850656800,30.72565673828125,-0.4261779487133026,0.045105159282684326,-0.055693354457616806
1789059119860666600,30.73566650390625,-0.3927158713340759,-0.020844828337430954,-0.11828722804784775
1789059119870676700,30.7456767578125,-0.3916812241077423,-0.03826136887073517,-0.041202299296855927
1789059119880686800,30.755686767578126,-0.43727585673332214,0.0065100970678031445,0.004703674931079149
1789059119890696700,30.76569677734375,-0.44467467069625854,-0.001193362521007657,0.0470130480825901
1789059119900705800,30.775705810546874,-0.4234333038330078,0.00247567449696362,0.06157201901078224
1789059119910716000,30.7857158203125,-0.39663177728652954,-0.05300036817789078,-0.0021201425697654486
1789059119920725800,30.795725830078126,-0.38773229718208313,-0.054792407900094986,0.036252278834581375
1789059119930735900,30.80573583984375,-0.3527841567993164,-0.08150631189346313,0.0037798245903104544
1789059119940745700,30.815745849609375,-0.3557748794555664,-0.07146406173706055,-0.05729497969150543
1789059119950755800,30.825755859375,-0.338726669549942,-0.10249548405408859,-0.09220289438962936
1789059119960766000,30.835765869140626,-0.32891425490379333,-0.08086661994457245,-0.062019430100917816
1789059119970775800,30.84577587890625,-0.35350745916366577,-0.08148527145385742,-0.03213503211736679
1789059119980784600,30.85578466796875,-0.3288159668445587,-0.09079834818840027,-0.07011251151561737
1789059119990794800,30.865794677734375,-0.24465902149677277,-0.09882617741823196,-0.04397597908973694
1789059120000804600,30.8758046875,-0.21413865685462952,-0.12559467554092407,-0.04899444058537483
1789059120010814700,30.885814697265626,-0.19410370290279388,-0.14761342108249664,-0.0332876481115818
1789059120020824600,30.895824462890626,-0.19266825914382935,-0.13433943688869476,0.008949552662670612
1789059120030834700,30.905834716796875,-0.19633595645427704,-0.1233709380030632,-0.017598967999219894
1789059120040844800,30.9158447265625,-0.18394772708415985,-0.09383808076381683,-0.038415566086769104
1789059120050854700,30.925854736328127,-0.15340100228786469,-0.11952666193246841,-0.08651065826416016
1789059120060864800,30.93586474609375,-0.08667150884866714,-0.13532240688800812,0.00646695401519537
1789059120070873900,30.945873779296875,-0.02406592108309269,-0.1812046766281128,-0.07125101238489151
1789059120080883700,30.9558837890625,0.021150559186935425,-0.19182829558849335,-0.02448323927819729
1789059120090893800,30.965893798828127,0.08553007990121841,-0.18426385521888733,0.002805373864248395
1789059120100903700,30.975903564453127,0.06821180880069733,-0.1479543149471283,0.03392467647790909
1789059120110913800,30.985913818359375,0.028354143723845482,-0.07412242889404297,0.09679897874593735
1789059120120923600,30.995923583984375,0.10983941704034805,-0.087606281042099,0.011039867997169495
1789059120130933800,31.005933837890623,0.1994827538728714,-0.10280254483222961,-0.09171793609857559
1789059120140944000,31.01594384765625,0.2379627674818039,-0.10023552179336548,-0.08060882240533829
1789059120150953700,31.02595361328125,0.2957339286804199,-0.09892898052930832,-0.03514759987592697
1789059120160962800,31.035962890625,0.3342339098453522,-0.048710014671087265,0.0007145261042751372
1789059120170973000,31.045972900390623,0.4392322301864624,-0.07785458117723465,0.026575151830911636
1789059120180982800,31.055982666015623,0.535203218460083,-0.11781105399131775,-0.022699452936649323
1789059120190993000,31.065992919921875,0.5145024657249451,-0.05486484616994858,0.06714308261871338
1789059120201002800,31.076002685546875,0.4784318208694458,-0.04622847959399223,0.0026525084394961596
1789059120211012900,31.086012939453123,0.4716905653476715,-0.03797667846083641,-0.045152030885219574
1789059120221022700,31.096022705078123,0.48191097378730774,-0.01461702585220337,-0.018081799149513245
1789059120231032800,31.10603271484375,0.5111562013626099,-0.011893943883478642,0.016393620520830154
1789059120241043000,31.11604296875,0.48487773537635803,-0.02863484062254429,0.05359957739710808
1789059120251051800,31.1260517578125,0.4280080795288086,0.014569355174899101,0.10321506857872009
1789059120261061600,31.1360615234375,0.42335471510887146,-0.0027654264122247696,0.142917200922966
1789059120271071700,31.14607177734375,0.42039674520492554,-0.00031558459158986807,0.05465179309248924
1789059120281081600,31.15608154296875,0.41054144501686096,-0.012322446331381798,0.04113784804940224
1789059120291091700,31.166091796875,0.35690221190452576,0.006691724993288517,0.07431071251630783
1789059120301101600,31.1761015625,0.2735561728477478,0.010964234359562397,0.06767198443412781
1789059120311111700,31.186111572265624,0.22931069135665894,0.026789536699652672,0.059603940695524216
1789059120321121800,31.196121826171876,0.2628220319747925,0.0033803503029048443,0.019334815442562103
1789059120331131600,31.206131591796876,0.2661917507648468,-0.01552223414182663,0.08636578172445297
1789059120341140700,31.216140625,0.168746680021286,-0.005074386950582266,0.06522800773382187
1789059120351150800,31.22615087890625,0.14869679510593414,0.022398782894015312,0.1031426340341568
1789059120361160700,31.23616064453125,0.16744065284729004,-0.012828979641199112,0.09511266648769379
1789059120371170800,31.2461708984375,0.12525539100170135,-0.0037790255155414343,0.04356532171368599
1789059120381180700,31.2561806640625,0.03290734812617302,0.03365197032690048,-0.010930146090686321
1789059120391190800,31.266190673828124,-0.018389392644166946,0.048951562494039536,-0.03539074584841728
1789059120401201000,31.276200927734376,-0.016329703852534294,0.04458504542708397,0.014491057954728603
1789059120411210800,31.286210693359376,0.03551804646849632,0.02858796902000904,0.025637187063694
1789059120421219800,31.2962197265625,0.0844845250248909,0.015908658504486084,0.04312696307897568
1789059120431230000,31.30622998046875,0.07310750335454941,0.07019027322530746,0.07668332755565643
1789059120441239800,31.31623974609375,0.10699329525232315,0.08747392147779465,0.012865731492638588
1789059120451250000,31.32625,0.12518960237503052,0.09315124899148941,0.060507550835609436
1789059120461259800,31.336259765625,0.20817184448242188,0.07707428187131882,0.0277397520840168
1789059120471270000,31.346269775390624,0.26515844464302063,0.07212932407855988,0.0035089810844510794
1789059120481279700,31.35627978515625,0.2427694946527481,0.10451921820640564,-0.005618737079203129
1789059120491289900,31.366289794921876,0.15507186949253082,0.14108175039291382,-0.005757221486419439
1789059120501300000,31.376300048828124,0.1812845766544342,0.1455308347940445,0.07309365272521973
1789059120511308500,31.38630859375,0.20788608491420746,0.12479545921087265,0.09330810606479645
1789059120521318700,31.396318603515624,0.18168245255947113,0.12745410203933716,0.0896846130490303
1789059120531328800,31.406328857421876,0.10906017571687698,0.13148052990436554,-0.049422942101955414
1789059120541338600,31.416338623046876,0.07035166025161743,0.15069922804832458,-0.044807951897382736
1789059120551348700,31.4263486328125,0.03581525385379791,0.12434325367212296,-0.07290802896022797
1789059120561358600,31.436358642578124,0.012429505586624146,0.12745915353298187,0.008222243748605251
1789059120571368700,31.44636865234375,-0.014566958881914616,0.11035127192735672,0.012909673154354095
1789059120581378800,31.45637890625,-0.04163825884461403,0.11055580526590347,0.05084959790110588
1789059120591388700,31.466388671875,-0.08876208961009979,0.11487305909395218,0.04337836802005768
1789059120601397800,31.476397705078124,-0.12194082140922546,0.13723401725292206,0.06450841575860977
1789059120611408000,31.486407958984376,-0.15448544919490814,0.14550606906414032,-0.03424745425581932
1789059120621417700,31.496417724609376,-0.1696942299604416,0.06993594020605087,-0.015054849907755852
1789059120631427800,31.506427734375,-0.1756192296743393,0.05221473425626755,-0.024539431557059288
1789059120641437700,31.516437744140624,-0.2901031970977783,0.10059824585914612,-0.017606157809495926
1789059120651447800,31.52644775390625,-0.3576579988002777,0.08208954334259033,-0.09414061158895493
1789059120661457700,31.536457763671876,-0.39382877945899963,0.11555802077054977,-0.038594797253608704
1789059120671467800,31.5464677734375,-0.40677520632743835,0.11262108385562897,-0.039143141359090805
1789059120681478000,31.556477783203125,-0.38733628392219543,0.08536230027675629,0.061288125813007355
1789059120691486700,31.56648681640625,-0.3902817368507385,0.04175383970141411,-0.000601075473241508
1789059120701496800,31.576496826171876,-0.4163900315761566,0.042212966829538345,0.017966749146580696
1789059120711506400,31.58650634765625,-0.34109899401664734,0.010749849490821362,0.013974404893815517
1789059120721516300,31.596516357421876,-0.35951849818229675,0.020078370347619057,0.04146834835410118
1789059120731526400,31.6065263671875,-0.4006129205226898,0.016057264059782028,-0.0023342606145888567
1789059120741536300,31.616536376953125,-0.44666537642478943,0.04316211864352226,0.0005038700764998794
1789059120751546400,31.62654638671875,-0.42419150471687317,0.047327302396297455,-0.01811562106013298
1789059120761556500,31.636556396484377,-0.35418230295181274,0.024140490218997,0.03670794516801834
1789059120771566300,31.64656640625,-0.3374672532081604,-0.007212106604129076,-0.017229853197932243
1789059120781575400,31.656575439453125,-0.3234497010707855,-0.04862505942583084,0.002862099092453718
1789059120791585500,31.66658544921875,-0.3397056460380554,-0.029520342126488686,-0.02640763856470585
1789059120801595400,31.676595458984377,-0.32562577724456787,-0.014593057334423065,0.006783337332308292
1789059120811605500,31.68660546875,-0.3082135021686554,-0.07166007161140442,-0.07294238358736038
1789059120821615400,31.696615478515625,-0.282697468996048,-0.0335632860660553,-0.05884094536304474
1789059120831625500,31.70662548828125,-0.32333892583847046,-0.06709514558315277,-0.09238266199827194
1789059120841635600,31.716635498046877,-0.2721060812473297,-0.05771336331963539,0.04969005659222603
1789059120851645400,31.7266455078125,-0.26572275161743164,-0.05950221046805382,0.08496788889169693
1789059120861655600,31.736655517578125,-0.11721397191286087,-0.14274410903453827,0.018675949424505234
1789059120871664400,31.746664306640625,-0.12721040844917297,-0.11565575748682022,-0.08289515227079391
1789059120881674200,31.75667431640625,-0.1405762881040573,-0.08656392246484756,-0.06970850378274918
1789059120891684400,31.766684326171877,-0.1227184608578682,-0.054661646485328674,-0.05697460100054741
1789059120901694200,31.776694091796877,-0.0409996323287487,-0.07628118991851807,-0.057668887078762054
1789059120911704300,31.786704345703125,0.035895414650440216,-0.10376527905464172,0.0016157397767528892
1789059120921714400,31.79671435546875,0.06439416855573654,-0.08708909898996353,0.050392068922519684
1789059120931724300,31.806724365234373,0.10775762051343918,-0.08994559943675995,0.012526444159448147
1789059120941734400,31.816734375,0.2432193160057068,-0.07567531615495682,0.041555967181921005
1789059120951743500,31.826743408203125,0.36881452798843384,-0.12581385672092438,0.008014250546693802
1789059120961753300,31.83675341796875,0.411508172750473,-0.09612786769866943,-0.0010839065071195364
1789059120971763500,31.846763427734373,0.3478487730026245,-0.030349116772413254,-0.02136733941733837
1789059120981773300,31.856773193359373,0.3129291534423828,-0.010937602259218693,-0.03165992349386215
1789059120991783400,31.866783447265625,0.34266361594200134,-0.002487126039341092,-0.050090864300727844
1789059121001793300,31.876793212890625,0.42808449268341064,-0.0321856327354908,-0.03741448372602463
1789059121011803400,31.886803466796874,0.4600328505039215,-0.09285430610179901,-0.02472212351858616
1789059121021813500,31.8968134765625,0.38409945368766785,-0.06938493251800537,0.006323942448943853
1789059121031823400,31.9068232421875,0.34736594557762146,-0.035888757556676865,0.0201654564589262
1789059121041832400,31.91683251953125,0.3265267312526703,-0.025945845991373062,-0.002828276949003339
1789059121051842600,31.926842529296874,0.3179241716861725,-0.02816505916416645,-0.03586718812584877
1789059121061852400,31.936852294921874,0.26114505529403687,-0.010577277280390263,0.011544536799192429
1789059121071862500,31.946862548828125,0.24849183857440948,-0.044144559651613235,-0.028063058853149414
1789059121081872400,31.956872314453125,0.26714327931404114,-0.03212597966194153,-0.03193369880318642
1789059121091882500,31.966882568359374,0.2746739089488983,-0.047683365643024445,-0.00048655952559784055
1789059121101892400,31.976892333984374,0.21743325889110565,-0.023318905383348465,-0.01631292700767517
1789059121111902500,31.98690234375,0.22986142337322235,0.01040630228817463,0.058581553399562836
1789059121121912600,31.99691259765625,0.2891247570514679,0.005957757588475943,0.05861404538154602
1789059121131921400,32.00692138671875,0.27128395438194275,-0.01611798256635666,-0.0035989959724247456
1789059121141931300,32.01693115234375,0.29537972807884216,0.008871255442500114,0.038175083696842194
1789059121151941400,32.02694140625,0.2931368052959442,0.03587011620402336,0.000835966260638088
1789059121161951200,32.036951171875,0.30846622586250305,0.05908036231994629,-0.05373593419790268
1789059121171961300,32.04696142578125,0.3568284213542938,0.05122590437531471,-0.027587153017520905
1789059121181971200,32.05697119140625,0.3912354111671448,0.048050615936517715,-0.001484179636463523
1789059121191981300,32.06698120117188,0.34043267369270325,0.09989144653081894,-0.0015150723047554493
1789059121201991400,32.07699145507812,0.35691019892692566,0.10438153147697449,0.04580770060420036
1789059121212001300,32.08700122070312,0.3912540376186371,0.08480516821146011,0.007963118143379688
1789059121222010400,32.09701025390625,0.31455206871032715,0.1291009932756424,0.02178412489593029
1789059121232020500,32.1070205078125,0.2448267936706543,0.13195909559726715,0.018969696015119553
1789059121242030300,32.1170302734375,0.20578324794769287,0.14073394238948822,-0.08086688816547394
1789059121252040400,32.12704052734375,0.18751023709774017,0.13545849919319153,-0.022239791229367256
1789059121262050300,32.13705029296875,0.15968766808509827,0.13738635182380676,0.021022727712988853
1789059121272060400,32.147060302734374,0.11514656245708466,0.14088548719882965,0.07564841955900192
1789059121282070300,32.1570703125,0.05136731639504433,0.129186749458313,0.05096970871090889
1789059121292080400,32.167080322265626,0.01918860897421837,0.13228799402713776,0.009210809133946896
1789059121302090500,32.17709057617188,-0.040232639759778976,0.13180063664913177,-0.013199158944189548
1789059121312099600,32.187099609375,-0.12272272258996964,0.13819728791713715,-0.03477901965379715
1789059121322109400,32.197109375,-0.2173834592103958,0.17436274886131287,0.08001547306776047
1789059121332119600,32.20711962890625,-0.2933237552642822,0.15625537931919098,-0.020327908918261528
1789059121342129400,32.21712939453125,-0.28577929735183716,0.13320200145244598,0.0046698530204594135
1789059121352139500,32.22713940429688,-0.2715074121952057,0.057207364588975906,-0.08849657326936722
1789059121362149400,32.2371494140625,-0.3413088619709015,0.08948966860771179,-0.011187407188117504
1789059121372159500,32.24715942382812,-0.4308139681816101,0.07136872410774231,0.003686081152409315
1789059121382169600,32.257169677734375,-0.5003227591514587,0.09611215442419052,0.034701522439718246
1789059121392179500,32.267179443359375,-0.5227590799331665,0.07623565196990967,0.07920321077108383
1789059121402188300,32.27718823242188,-0.5123013854026794,0.06663601845502853,0.01518960576504469
1789059121412198400,32.28719848632812,-0.5155270099639893,0.021342840045690536,-0.04831400141119957
1789059121422208300,32.29720825195312,-0.535205066204071,-0.0032463932875543833,-0.043470777571201324
1789059121432218400,32.30721826171875,-0.5762659907341003,0.028388498350977898,-0.0784950777888298
1789059121442228200,32.317228271484375,-0.585709273815155,0.029833529144525528,-0.034031469374895096
1789059121452238300,32.32723828125,-0.4998258054256439,0.0016863135388121009,-0.012829778715968132
1789059121462248400,32.33724853515625,-0.4647250771522522,-0.010880610905587673,0.018270617350935936
1789059121472258300,32.34725830078125,-0.4131084680557251,-0.048164866864681244,0.05457109957933426
1789059121482268400,32.35726831054688,-0.37203189730644226,-0.08058006316423416,0.008475776761770248
1789059121492277500,32.36727758789063,-0.3365790843963623,-0.05134308338165283,0.026015089824795723
1789059121502287400,32.37728735351563,-0.28504079580307007,-0.05541186034679413,-0.003736148588359356
1789059121512297500,32.38729736328125,-0.2748992145061493,-0.0842357873916626,-0.05690695717930794
1789059121522307300,32.39730737304688,-0.2649456560611725,-0.052797701209783554,0.009778061881661415
1789059121532317400,32.4073173828125,-0.19011667370796204,-0.10608968138694763,-0.023905599489808083
1789059121542327300,32.41732739257812,-0.12591345608234406,-0.08545950800180435,0.031264711171388626
1789059121552337400,32.42733740234375,-0.09908450394868851,-0.09585089236497879,0.04737577214837074
1789059121562347500,32.437347412109375,-0.0682312548160553,-0.061164021492004395,0.08262190967798233
1789059121572357400,32.447357421875,-0.0574001744389534,-0.06676837801933289,-0.0035723643377423286
1789059121582366500,32.45736645507812,0.0458521768450737,-0.08027645945549011,0.005761216394603252
1789059121592376600,32.46737646484375,0.07964076846837997,-0.07972625643014908,-0.0051841093227267265
1789059121602386400,32.477386474609375,0.10400176793336868,-0.06072300300002098,0.028599953278899193
1789059121612396500,32.487396484375,0.1685200333595276,-0.0887780711054802,0.021868547424674034
1789059121622406400,32.49740649414063,0.23810604214668274,-0.11174330860376358,0.023272300139069557
1789059121632416500,32.50741650390625,0.2155541330575943,-0.08089032024145126,0.01239488460123539
1789059121642426400,32.51742626953125,0.24327629804611206,-0.08558574318885803,0.0005941512063145638
1789059121652436500,32.5274365234375,0.2597026824951172,-0.10056548565626144,-0.027708860114216805
1789059121662446600,32.53744653320312,0.27495408058166504,-0.0486823171377182,0.05676501244306564
1789059121672455400,32.54745532226563,0.24881674349308014,-0.06816067546606064,0.038299985229969025
1789059121682465300,32.55746533203125,0.23901604115962982,-0.04741385579109192,-0.01846502721309662
1789059121692475400,32.56747534179687,0.26615285873413086,-0.04488145560026169,-0.01685008592903614
1789059121702485200,32.5774853515625,0.22867977619171143,-0.032821595668792725,-0.02930089645087719
1789059121712495600,32.58749560546875,0.21544413268566132,-0.055861666798591614,-0.07067789882421494
1789059121722505500,32.59750537109375,0.2409241944551468,-0.08088473230600357,-0.09877744317054749
1789059121732515600,32.607515625,0.21193009614944458,-0.06479816883802414,-0.11075501143932343
1789059121742525700,32.61752563476563,0.1800406128168106,-0.009914948605000973,0.04135356470942497
1789059121752535600,32.62753564453125,0.19978715479373932,-0.04357197880744934,0.10636718571186066
1789059121762544600,32.637544677734375,0.16472503542900085,-0.04127952829003334,0.06747224926948547
1789059121772554800,32.6475546875,0.12176717817783356,0.007848069071769714,0.022344186902046204
1789059121782564400,32.657564453125,0.08820363134145737,0.0012391688069328666,-0.034689005464315414
1789059121792574500,32.66757446289063,0.07483349740505219,0.00962652824819088,-0.022349514067173004
1789059121802584300,32.67758422851563,0.012979447841644287,-0.013177054934203625,-0.03287752345204353
1789059121812594400,32.68759448242187,-0.036315664649009705,0.00800386443734169,0.10685481131076813
1789059121822604500,32.6976044921875,-0.09626288712024689,0.0018524948973208666,0.038489069789648056
1789059121832614400,32.707614501953124,-0.10671605914831161,-0.01630254089832306,0.07981999963521957
1789059121842624500,32.71762451171875,-0.1070777177810669,-0.03435158357024193,-0.0461571104824543
1789059121852633600,32.72763354492187,-0.1774325668811798,-0.0059782639145851135,-0.04518771916627884
1789059121862643500,32.7376435546875,-0.19132548570632935,-0.031445808708667755,-0.042880088090896606
1789059121872653600,32.747653564453124,-0.16778446733951569,-0.026734674349427223,-0.01726234331727028
1789059121882663400,32.757663330078124,-0.22069989144802094,-0.05772694572806358,-0.08211591094732285
1789059121892673500,32.767673583984376,-0.21388885378837585,-0.09850712865591049,0.025479527190327644
1789059121902683400,32.777683349609376,-0.2708999514579773,-0.11048230528831482,-0.004478904418647289
1789059121912693500,32.78769360351563,-0.35025814175605774,-0.09531533718109131,0.029219670221209526
1789059121922703600,32.79770361328125,-0.38156014680862427,-0.06496807932853699,-0.04083691164851189
1789059121932713500,32.80771337890625,-0.40908578038215637,-0.07671181857585907,-0.02172367088496685
1789059121942722600,32.81772265625,-0.31635770201683044,-0.11878284066915512,-0.0075695025734603405
1789059121952732700,32.82773266601563,-0.30216172337532043,-0.10494478791952133,-0.03387594223022461
1789059121962742500,32.83774243164063,-0.21945059299468994,-0.1297776997089386,-0.018673285841941833
1789059121972752600,32.84775268554687,-0.14589382708072662,-0.13618206977844238,-0.015297995880246162
1789059121982762500,32.85776245117187,-0.16285043954849243,-0.1314043551683426,0.008056861348450184
1789059121992772600,32.867772705078124,-0.13080967962741852,-0.12458773702383041,-0.11601155996322632
1789059122002782500,32.877782470703124,-0.051036287099123,-0.09495287388563156,-0.029194902628660202
1789059122012792600,32.88779248046875,-0.014674549922347069,-0.09027902781963348,0.07087523490190506
1789059122022802700,32.897802734375,0.0464567132294178,-0.09122578054666519,0.07916699349880219
1789059122032811500,32.9078115234375,0.06898705661296844,-0.0773424580693245,0.08238089084625244
1789059122042821400,32.9178212890625,0.10412746667861938,-0.06887120753526688,-0.05413727089762688
1789059122052831500,32.92783154296875,0.1763811558485031,-0.07021503895521164,-0.05796822905540466
1789059122062841300,32.93784130859375,0.152983158826828,-0.03519473969936371,0.0033547841012477875
1789059122072851500,32.9478515625,0.16722014546394348,-0.00029294771957211196,0.0830988809466362
1789059122082861300,32.957861328125,0.2069675624370575,-0.042385540902614594,-0.010819624178111553
1789059122092871400,32.96787133789063,0.2752784490585327,-0.02082725055515766,0.09652361273765564
1789059122102881500,32.97788159179687,0.2989038825035095,-0.048224519938230515,0.012763998471200466
1789059122112891400,32.98789135742187,0.2544695734977722,-0.020595023408532143,0.011086739599704742
1789059122122900500,32.997900390625,0.2006279081106186,0.0046488139778375626,-0.06034350022673607
1789059122132910600,33.00791064453125,0.15512141585350037,0.03472495824098587,-0.018668226897716522
1789059122142920400,33.01792041015625,0.18157778680324554,0.025531992316246033,0.010637464001774788
1789059122152930600,33.0279306640625,0.22073183953762054,-0.02636502869427204,0.0017427726415917277
1789059122162940400,33.0379404296875,0.21876856684684753,-0.05993657186627388,0.026970896869897842
1789059122172950500,33.047950439453125,0.14338353276252747,-0.04331924393773079,0.03196805343031883
1789059122182960400,33.05796044921875,0.09910048544406891,0.017409350723028183,0.05234576389193535
1789059122192970500,33.06797045898438,0.09308600425720215,0.02257135510444641,0.017740914598107338
1789059122202980600,33.07798071289063,0.09081832319498062,0.004577973857522011,0.02010606788098812
1789059122212989700,33.08798974609375,0.04061134159564972,0.00657641002908349,0.007638745009899139
1789059122222999600,33.09799951171875,-0.005155347287654877,0.0331110805273056,0.03617371618747711
1789059122233009700,33.108009765625,0.014853781089186668,0.0062403189949691296,0.0641305148601532
1789059122243019500,33.11801953125,0.021791581064462662,-0.025308286771178246,-0.06936895102262497
1789059122253029600,33.12802954101563,0.012501144781708717,-0.014130466617643833,0.06466981023550034
1789059122263039500,33.13803955078125,0.013303288258612156,0.015874570235610008,0.011059575714170933
1789059122273049600,33.14804956054687,0.06209532916545868,0.027893416583538055,0.010782606899738312
1789059122283059700,33.158059814453125,0.13456100225448608,0.05399079620838165,0.037518613040447235
1789059122293069600,33.168069580078125,0.21473200619220734,0.08915384113788605,0.04380633682012558
1789059122303078400,33.17807836914063,0.311308890581131,0.09179650247097015,0.08981643617153168
1789059122313088500,33.18808862304687,0.40641382336616516,0.08990804851055145,-0.016161393374204636
1789059122323098400,33.19809838867187,0.45976945757865906,0.10072074830532074,-0.03377021476626396
1789059122333108500,33.2081083984375,0.4348164498806,0.15209046006202698,-0.007962851785123348
1789059122343118300,33.218118408203125,0.39750075340270996,0.23145346343517303,0.09623093158006668
1789059122353128400,33.22812841796875,0.3888385593891144,0.24762390553951263,0.097562775015831
1789059122363138600,33.238138671875,0.4542146325111389,0.17112727463245392,-0.006388124544173479
1789059122373148400,33.2481484375,0.4294041097164154,0.17248761653900146,-0.013064403086900711
1789059122383158500,33.25815844726562,0.319375604391098,0.16519534587860107,0.01824238710105419
1789059122393167600,33.26816772460938,0.22145302593708038,0.20785360038280487,-0.0028687571175396442
1789059122403177500,33.27817749023438,0.12817661464214325,0.22778841853141785,0.04662023112177849
1789059122413187600,33.2881875,0.1043999120593071,0.19424191117286682,-0.06922780722379684
1789059122423197400,33.29819750976562,0.023085078224539757,0.19869445264339447,0.04638001695275307
1789059122433207600,33.30820751953125,-0.094087615609169,0.21479938924312592,-0.051428571343421936
1789059122443217400,33.318217529296874,-0.08564832806587219,0.17572255432605743,0.049433860927820206
1789059122453227500,33.3282275390625,-0.04710546135902405,0.07200095802545547,-0.03621659427881241
1789059122463237600,33.338237548828126,-0.1320967823266983,0.13193805515766144,0.049369413405656815
1789059122473247500,33.34824755859375,-0.28592416644096375,0.1459854394197464,-0.02358841709792614
1789059122483257600,33.35825756835938,-0.40593817830085754,0.15476028621196747,0.003206712193787098
1789059122493266700,33.3682666015625,-0.44939324259757996,0.14280588924884796,-0.10154766589403152
1789059122503276500,33.378276611328126,-0.4767545759677887,0.1367671638727188,0.022835275158286095
1789059122513286700,33.38828662109375,-0.4835363030433655,0.1049482524394989,-0.009326656349003315
1789059122523296500,33.39829663085938,-0.5288819670677185,0.09382636100053787,0.06305273622274399
1789059122533306600,33.408306640625,-0.5436393022537231,0.0882427766919136,-0.009520800784230232
1789059122543316500,33.41831640625,-0.5570392608642578,0.09757928550243378,0.040294159203767776
1789059122553326600,33.42832666015625,-0.5669222474098206,0.06605784595012665,-0.016621055081486702
1789059122563336700,33.438336669921874,-0.5785187482833862,0.07321295887231827,0.03982198238372803
1789059122573346600,33.4483466796875,-0.5257929563522339,0.06961369514465332,-0.018870627507567406
1789059122583355400,33.45835546875,-0.511360764503479,0.066703662276268,-0.10594826936721802
1789059122593365500,33.46836547851562,-0.5046727657318115,0.06694920361042023,-0.05169009044766426
1789059122603375400,33.47837524414062,-0.5080488324165344,0.021935658529400826,-0.08166609704494476
1789059122613385500,33.488385498046874,-0.4842170178890228,0.01853959634900093,0.020191820338368416
1789059122623395300,33.498395263671874,-0.4879840612411499,0.031869515776634216,0.10811981558799744
1789059122633405400,33.508405517578126,-0.5237836241722107,0.055158328264951706,0.06242156773805618
1789059122643415600,33.51841552734375,-0.5353994965553284,0.04242229089140892,0.028593027964234352
1789059122653425400,33.52842529296875,-0.48277145624160767,0.01438106968998909,0.01835983246564865
1789059122663435500,33.538435546875,-0.4709922969341278,-0.03723205626010895,0.02051646076142788
1789059122673444600,33.548444580078126,-0.5072043538093567,-0.02864815667271614,-0.030889738351106644
1789059122683454500,33.558454345703126,-0.4939756393432617,-0.041478998959064484,-0.06645891815423965
1789059122693464600,33.56846459960938,-0.48522210121154785,-0.0648847222328186,-0.07314398139715195
1789059122703474400,33.57847436523438,-0.5517968535423279,-0.010935738682746887,0.04993240535259247
1789059122713485800,33.58848583984375,-0.6125811338424683,-0.015182681381702423,0.063798688352108
1789059122723495700,33.59849560546875,-0.5558992028236389,-0.05903242900967598,-0.01871643029153347
1789059122733505800,33.608505859375,-0.4601697325706482,-0.130010724067688,-0.022526880726218224
1789059122743515600,33.618515625,-0.43387874960899353,-0.1291060596704483,-0.03175926208496094
1789059122753525800,33.62852587890625,-0.5270156264305115,-0.05020298436284065,0.006150570698082447
1789059122763534600,33.63853466796875,-0.5364895462989807,-0.04201775789260864,-0.004422445315867662
1789059122773544400,33.64854443359375,-0.3930221199989319,-0.10537169873714447,-0.04255970939993858
1789059122783554600,33.65855444335938,-0.31967785954475403,-0.15679919719696045,0.018744392320513725
1789059122793564700,33.66856469726562,-0.2771378755569458,-0.12813453376293182,-0.027954669669270515
1789059122803574500,33.67857446289062,-0.23885811865329742,-0.14435824751853943,-0.0004719121498055756
1789059122813584600,33.688584716796875,-0.1664385050535202,-0.13935256004333496,0.06737451255321503
1789059122823594500,33.698594482421875,-0.10540898144245148,-0.15301884710788727,0.036498889327049255
1789059122833604600,33.7086044921875,-0.0930660292506218,-0.13661377131938934,0.03857722133398056
1789059122843614500,33.71861450195313,-0.08072707056999207,-0.12784558534622192,-0.03177790343761444
1789059122853623600,33.72862353515625,-0.09972632676362991,-0.08085356652736664,-0.005114334635436535
1789059122863633700,33.738633544921875,-0.028176510706543922,-0.12322819232940674,-0.017289508134126663
1789059122873643500,33.7486435546875,0.022939670830965042,-0.12253337353467941,0.01786901243031025
1789059122883653600,33.75865356445313,0.03406928852200508,-0.1466834545135498,0.007105846423655748
1789059122893663700,33.76866381835937,0.053878676146268845,-0.12387613952159882,0.015527294017374516
1789059122903673600,33.77867358398437,0.10055164247751236,-0.15532568097114563,0.043601538985967636
1789059122913683700,33.78868359375,0.1363581120967865,-0.13222648203372955,0.06807439029216766
1789059122923693600,33.79869360351562,0.16048474609851837,-0.154925137758255,-0.01613609306514263
1789059122933703700,33.80870361328125,0.1615513414144516,-0.15695899724960327,-0.021914619952440262
1789059122943712800,33.81871264648437,0.16664864122867584,-0.1518728882074356,-0.027424700558185577
1789059122953722600,33.82872265625,0.22272655367851257,-0.1458331048488617,-0.015050854533910751
1789059122963732700,33.83873266601562,0.330213338136673,-0.1709781438112259,0.03327593207359314
1789059122973742800,33.848742919921875,0.35858264565467834,-0.15259593725204468,0.058212973177433014
1789059122983752700,33.858752685546875,0.36676761507987976,-0.14923369884490967,0.05529308319091797
1789059122993762800,33.8687626953125,0.33975091576576233,-0.114281564950943,0.04111601039767265
1789059123003772700,33.87877270507813,0.38196679949760437,-0.12246306240558624,-0.0046791741624474525
1789059123013782800,33.88878271484375,0.3720118999481201,-0.12897662818431854,-0.06705493479967117
1789059123023792600,33.89879272460937,0.3551176190376282,-0.10299482196569443,0.01906770095229149
1789059123033802800,33.908802734375,0.3403194844722748,-0.10147762298583984,0.02394448034465313
1789059123043811600,33.9188115234375,0.40422365069389343,-0.09786184877157211,0.15938086807727814
1789059123053821400,33.92882153320313,0.40998485684394836,-0.13428723812103271,0.029814355075359344
1789059123063831600,33.93883154296875,0.3903981149196625,-0.10051382333040237,0.004178766161203384
1789059123073841700,33.94884155273437,0.32298150658607483,-0.09509109705686569,-0.04710333049297333
1789059123083851500,33.9588515625,0.30609893798828125,-0.03988749533891678,0.05078541487455368
1789059123093861600,33.968861572265624,0.2759769856929779,-0.05016303434967995,-0.03574494644999504
1789059123103871500,33.97887158203125,0.28302744030952454,-0.04549025371670723,0.044736310839653015
1789059123113881600,33.988881591796876,0.261064350605011,-0.04339727386832237,-0.024709340184926987
1789059123123891700,33.9988916015625,0.22780120372772217,-0.04235757514834404,-0.028774922713637352
1789059123133900500,34.008900634765624,0.2185421884059906,-0.04591822251677513,0.013231117278337479
1789059123143910700,34.01891064453125,0.16114601492881775,0.0017057546647265553,0.007561513222754002
1789059123153920800,34.028920654296876,0.11355984956026077,0.009882192127406597,0.09926293790340424
1789059123163930600,34.0389306640625,0.09201514720916748,0.026969565078616142,0.029337115585803986
1789059123173940700,34.04894067382813,0.07902318239212036,0.011394068598747253,0.02538844756782055
1789059123183950600,34.05895068359375,0.0903935432434082,0.01251978613436222,0.015199192799627781
1789059123193960700,34.06896069335937,0.06769995391368866,0.033064477145671844,0.050989679992198944
1789059123203970600,34.07897045898437,0.025782594457268715,0.015572035685181618,-0.016716396436095238
1789059123213980700,34.088980712890624,0.03196725249290466,0.01605806313455105,0.008953015320003033
1789059123223989800,34.09898974609375,0.009551427327096462,0.011608186177909374,-0.014192784205079079
1789059123233999600,34.10899951171875,0.018081532791256905,0.01305321790277958,-0.02058064192533493
1789059123244009700,34.119009765625,-0.05324830859899521,0.028740035369992256,-0.004948153160512447
1789059123254019800,34.129019775390624,-0.09380558878183365,0.032879654318094254,-0.01877049170434475
1789059123264029700,34.13902978515625,-0.09586101770401001,0.018926553428173065,-0.007894141599535942
1789059123274039800,34.149039794921876,-0.08464910835027695,-0.009013202041387558,0.027823109179735184
1789059123284049700,34.159049560546876,-0.1187514141201973,-0.007488276343792677,-0.010761301033198833
1789059123294059800,34.16905981445313,-0.151322141289711,-0.021400097757577896,0.0008293083519674838
1789059123304069600,34.17906958007813,-0.19083759188652039,-0.01215919479727745,-0.024473385885357857
1789059123314078500,34.189078369140624,-0.2074437290430069,-0.017553692683577538,0.00221921200864017
1789059123324088600,34.199088623046876,-0.22999538481235504,-0.013525928370654583,-0.060622598975896835
1789059123334100700,34.20910083007813,-0.22729787230491638,0.0031281490810215473,0.0100774010643363
1789059123344109600,34.219109619140625,-0.22778043150901794,-0.01721520535647869,0.004294613376259804
1789059123354119400,34.229119384765625,-0.24607901275157928,-0.009503223933279514,0.03587544336915016
1789059123364129500,34.239129638671876,-0.21660208702087402,-0.04598693177103996,0.012004464864730835
1789059123374139600,34.2491396484375,-0.15242202579975128,-0.048050351440906525,0.08224640041589737
1789059123384149500,34.2591494140625,-0.08758790791034698,-0.1046619638800621,0.017884191125631332
1789059123394159600,34.26915966796875,-0.12457814812660217,-0.11261363327503204,-0.037340980023145676
1789059123404169500,34.27916943359375,-0.1742761880159378,-0.05910379812121391,-0.008448345586657524
1789059123414179600,34.2891796875,-0.24298521876335144,-0.027123229578137398,-0.018728947266936302
1789059123424189400,34.299189453125,-0.24005042016506195,-0.013937919400632381,0.10153354704380035
1789059123434198500,34.30919848632813,-0.1686055213212967,-0.06440455466508865,0.03975966200232506
1789059123444208600,34.31920874023437,-0.12717819213867188,-0.07987512648105621,0.06604453176259995
1789059123454218800,34.32921875,-0.12186545133590698,-0.116362564265728,-0.1097688376903534
1789059123464228600,34.339228515625,-0.08449757099151611,-0.09498003870248795,0.004072772338986397
1789059123474238700,34.34923876953125,-0.10302545130252838,-0.08703050762414932,-0.01931430958211422
1789059123484248600,34.35924853515625,-0.13426752388477325,-0.06457153707742691,0.02394341677427292
1789059123494258700,34.3692587890625,-0.11492365598678589,-0.048952363431453705,-0.014570154249668121
1789059123504268500,34.3792685546875,-0.06259200721979141,-0.08960551768541336,-0.012091550044715405
1789059123514278700,34.38927856445312,-0.0526520274579525,-0.08510477095842361,-0.07102756947278976
1789059123524287700,34.39928784179688,-0.07238631695508957,-0.10081236809492111,-0.027355192229151726
1789059123534297600,34.40929760742188,-0.07433442026376724,-0.06629886478185654,-0.01774437539279461
1789059123544307700,34.4193076171875,-0.06065376102924347,-0.0800226628780365,-0.028629247099161148
1789059123554317800,34.42931787109375,-0.019767045974731445,-0.10184593498706818,-0.021862421184778214
1789059123564327700,34.43932763671875,-0.00549223693087697,-0.10928041487932205,0.03910372778773308
1789059123574337800,34.449337890625,-0.05240914598107338,-0.08104638010263443,-0.0366046167910099
1789059123584347600,34.45934765625,-0.04706205055117607,-0.055445682257413864,-0.006179865449666977
1789059123594357800,34.469357666015625,0.029463084414601326,-0.1030970886349678,0.020351877436041832
1789059123604367600,34.47936767578125,0.042272623628377914,-0.12279116362333298,0.05877862870693207
1789059123614377700,34.48937768554688,-0.012241220101714134,-0.082347072660923,0.024639831855893135
1789059123624386600,34.49938647460937,0.00315930787473917,-0.07386250793933868,-0.01860031671822071
1789059123634396700,34.509396728515625,0.014174141921103,-0.07305050641298294,0.0208890363574028
1789059123644406500,34.519406494140625,0.021802766248583794,-0.07721009850502014,-0.036435507237911224
1789059123654416600,34.52941674804688,0.03683897480368614,-0.11247275024652481,-0.10895924270153046
1789059123664426500,34.53942651367188,0.05512743443250656,-0.1147923618555069,-0.045216478407382965
1789059123674436600,34.5494365234375,0.05571812391281128,-0.10947349667549133,0.0257562305778265
1789059123684444700,34.55944458007812,0.0965435802936554,-0.14265009760856628,0.029578132554888725
1789059123694454800,34.56945483398437,0.10327126085758209,-0.14031876623630524,0.044067591428756714
1789059123704464600,34.57946459960937,0.07885167002677917,-0.1047181561589241,-0.022815033793449402
1789059123714474200,34.58947412109375,0.03633217513561249,-0.07661648094654083,-0.04603460431098938
1789059123724484000,34.59948413085937,0.09232247620820999,-0.08947262167930603,0.02298734150826931
1789059123734494200,34.609494140625,0.13918904960155487,-0.12051177024841309,0.03489220514893532
1789059123744504300,34.61950439453125,0.12340475618839264,-0.09798142313957214,0.043424706906080246
1789059123754514200,34.62951416015625,0.10059665143489838,-0.09136852622032166,-0.04235118627548218
1789059123764524300,34.63952416992188,0.1519961953163147,-0.10973155498504639,-0.034327615052461624
1789059123774533000,34.649533203125,0.1558026522397995,-0.08407200127840042,0.04392298310995102
1789059123784543000,34.65954296875,0.18530353903770447,-0.08252231031656265,0.03219042718410492
1789059123794553000,34.669552978515625,0.22778922319412231,-0.10262810438871384,-0.008221977390348911
1789059123804563000,34.67956298828125,0.20772869884967804,-0.07585375010967255,0.0028628981672227383
1789059123814573000,34.68957299804688,0.16885799169540405,-0.05688085779547691,-0.027162112295627594
1789059123824583200,34.69958325195312,0.13281503319740295,0.010972489602863789,-0.033956900238990784
1789059123834593000,34.70959301757812,0.14903448522090912,0.0010942928493022919,-0.037645645439624786
1789059123844603100,34.71960302734375,0.2084200531244278,-0.0444851778447628,0.03405250981450081
1789059123854613000,34.729613037109374,0.207339346408844,-0.05038567632436752,-0.02978905476629734
1789059123864623000,34.739623046875,0.196955144405365,-0.017960891127586365,0.036854419857263565
1789059123874632200,34.74963208007812,0.200935497879982,-0.020175576210021973,-0.03786296024918556
1789059123884642000,34.75964208984375,0.16179688274860382,-0.006411560345441103,-0.05158383026719093
1789059123894652200,34.769652099609374,0.1608237624168396,0.007634750101715326,-0.08442327380180359
1789059123904662000,34.779662109375,0.18366223573684692,0.014948589727282524,-0.033308420330286026
1789059123914672000,34.789672119140626,0.18065287172794342,0.020434169098734856,0.0489044263958931
1789059123924682200,34.79968212890625,0.14060664176940918,0.04479197412729263,0.005026982631534338
1789059123934692000,34.80969213867188,0.1434820592403412,0.03361788019537926,0.009373527951538563
1789059123944702200,34.8197021484375,0.15604020655155182,0.018630143254995346,-0.05337587371468544
1789059123954712000,34.82971215820312,0.15112720429897308,0.037640053778886795,0.02352716401219368
1789059123964721200,34.83972119140625,0.15191896259784698,0.01967490091919899,0.05290449410676956
1789059123974731300,34.84973120117188,0.12244708836078644,0.04336291924118996,0.04007817804813385
1789059123984741000,34.8597412109375,0.08176969736814499,0.04168912395834923,-0.09673532843589783
1789059123994751200,34.86975122070312,0.07318472862243652,0.07287260890007019,0.01883707009255886
1789059124004761300,34.87976123046875,0.07460153102874756,0.06526901572942734,0.05164721608161926
1789059124014771200,34.889771240234374,0.105585016310215,0.01014051865786314,-0.00028522455249913037
1789059124024781300,34.89978125,0.10692272335290909,0.029352029785513878,0.007752728182822466
1789059124034791200,34.909791259765626,0.07458848506212234,0.06069637089967728,0.04432645067572594
1789059124044801300,34.91980126953125,0.070186547935009,0.0355694442987442,-0.062185343354940414
1789059124054811100,34.92981103515625,0.0503835454583168,0.050144925713539124,-0.03074992261826992
1789059124064820000,34.939820068359374,0.030545659363269806,0.060744840651750565,0.00920574925839901
1789059124074830000,34.949830078125,0.01672198809683323,0.0475400872528553,-0.011690744198858738
1789059124084840000,34.95983984375,-0.0057441722601652145,0.04340047016739845,0.046301983296871185
1789059124094850000,34.96985009765625,-0.03485598415136337,0.04900509491562843,-0.032157137989997864
1789059124104860200,34.97986010742188,-0.062494002282619476,0.06185750663280487,0.02666143886744976
1789059124114870000,34.9898701171875,-0.06155870109796524,0.04891481250524521,-0.030958713963627815
1789059124124880100,34.99988012695312,-0.049124136567115784,0.02448643371462822,-0.06017092987895012
1789059124134890000,35.00988989257812,-0.11804594844579697,0.05498788505792618,-0.02978798933327198
1789059124144900000,35.019900146484375,-0.11604911088943481,0.049851179122924805,0.01654914952814579
1789059124154909200,35.0299091796875,-0.10087255388498306,0.014633004553616047,0.008165517821907997
1789059124164919000,35.0399189453125,-0.1152522936463356,0.04593260586261749,0.022462964057922363
1789059124174929200,35.04992919921875,-0.11548877507448196,0.03615028038620949,-0.06421680003404617
1789059124184939300,35.059939208984375,-0.10553202033042908,0.02111833542585373,0.04193466529250145
1789059124194949000,35.06994921875,-0.08995039761066437,0.006649913266301155,0.05685822293162346
1789059124204959200,35.07995922851563,-0.05769099295139313,-0.012473979964852333,0.04863065108656883
1789059124214969000,35.08996899414063,-0.0721314549446106,0.008497614413499832,0.06306525319814682
1789059124224979200,35.09997924804688,-0.10567715764045715,0.006249906495213509,-0.009620402939617634
1789059124234989000,35.10998901367188,-0.1169670969247818,0.016561666503548622,-0.04826153814792633
1789059124244998100,35.119998046875,-0.11556334793567657,-0.003994475118815899,-0.052448827773332596
1789059124255008300,35.13000830078125,-0.09406498074531555,-0.006982009392231703,-0.029761889949440956
1789059124265018000,35.14001806640625,-0.10441295802593231,0.0008586031035520136,-0.05576712638139725
1789059124275028200,35.1500283203125,-0.05795597657561302,-0.01104492787271738,-0.010664895176887512
1789059124285038300,35.16003833007812,-0.046911049634218216,-0.03513241931796074,-0.009474728256464005
1789059124295048200,35.17004809570312,-0.09934283047914505,-0.010945592075586319,0.04013809934258461
1789059124305058300,35.180058349609375,-0.08854424953460693,-0.016389092430472374,0.06944485753774643
1789059124315068200,35.190068115234375,-0.06743496656417847,-0.042102180421352386,-0.005438707303255796
1789059124325078300,35.20007836914063,-0.06741233170032501,-0.04024782031774521,0.004712196998298168
1789059124335087000,35.21008715820312,-0.06992635130882263,-0.0450148805975914,-0.04056713357567787
1789059124345097000,35.22009692382812,-0.06042898818850517,-0.03994821384549141,0.017251158133149147
1789059124355107000,35.230107177734375,-0.04350406676530838,-0.052146025002002716,0.036557212471961975
1789059124365117200,35.2401171875,-0.020413927733898163,-0.03870824724435806,0.051543619483709335
1789059124375127000,35.250126953125,0.0020692760590463877,-0.05422648787498474,-0.010385529138147831
1789059124385137200,35.26013720703125,0.010967163369059563,-0.03123754821717739,-0.013077186420559883
1789059124395147000,35.27014697265625,-0.016413060948252678,0.0007837683078832924,-0.08891229331493378
1789059124405157000,35.2801572265625,-0.02545076422393322,0.012590892612934113,-0.048470329493284225
1789059124415167000,35.2901669921875,0.05447682365775108,-0.018622687086462975,0.04861174523830414
1789059124425177000,35.300177001953124,0.05348106846213341,-0.0002796319022309035,0.06484051793813705
1789059124435186200,35.31018627929687,0.04675578698515892,-0.0102004399523139,-0.005770537536591291
1789059124445196000,35.32019604492187,0.052147090435028076,-0.017616543918848038,-0.08937968313694
1789059124455206100,35.3302060546875,0.061290521174669266,-0.02058357186615467,-0.05594795569777489
1789059124465216300,35.34021630859375,0.03945846110582352,-0.01781921088695526,0.004599279258400202
1789059124475226000,35.35022607421875,0.02713281847536564,0.02423929236829281,0.06220798194408417
1789059124485236200,35.360236328125,0.04090908169746399,0.006357498001307249,-0.005020325072109699
1789059124495246000,35.37024609375,0.11904969066381454,-0.022940736263990402,0.03478807583451271
1789059124505256200,35.38025610351563,0.12218929082155228,-0.02792244404554367,-0.030194386839866638
1789059124515266300,35.39026635742187,0.09048675745725632,-0.004333761986345053,0.03928721696138382
1789059124525275100,35.400275146484375,0.05675515905022621,0.012475311756134033,-0.008253135718405247
1789059124535285200,35.41028515625,0.018264491111040115,0.026562634855508804,0.014532869681715965
1789059124545295400,35.42029541015625,0.03894313797354698,0.01991378702223301,0.0036783581599593163
1789059124555305200,35.43030517578125,0.07173623889684677,-0.005849633365869522,0.030108101665973663
1789059124565315300,35.4403154296875,0.0715293139219284,-0.025657959282398224,0.029223665595054626
1789059124575325200,35.4503251953125,0.07270190119743347,0.0035955337807536125,0.0945744439959526
1789059124585335300,35.460335205078124,0.04151654988527298,-0.013874003663659096,0.09549056738615036
1789059124595345200,35.47034521484375,0.029978405684232712,-0.00041678472189232707,0.0033601103350520134
1789059124605355000,35.48035498046875,0.045349106192588806,-0.010370083153247833,0.007258978206664324
1789059124615364000,35.49036401367187,0.012821256183087826,-0.012980513274669647,-0.05485845357179642
1789059124625374000,35.5003740234375,0.016166452318429947,-0.0011829761788249016,0.0798887088894844
1789059124635384000,35.510384033203124,0.038668032735586166,-0.007121825125068426,-0.007819040678441525
1789059124645394200,35.520394287109376,0.07449900358915329,-0.015175490640103817,0.07606733590364456
1789059124655404000,35.530404052734376,0.08037500083446503,0.0011235876008868217,-0.011121893301606178
1789059124665414100,35.5404140625,0.057796720415353775,0.020483968779444695,-0.023325562477111816
1789059124675424000,35.55042407226563,0.07497357577085495,0.03200134262442589,-0.014799186028540134
1789059124685434000,35.56043408203125,0.12304123491048813,0.017343303188681602,-0.022911174222826958
1789059124695444200,35.5704443359375,0.16704517602920532,0.0032285500783473253,0.019712451845407486
1789059124705454000,35.5804541015625,0.19389517605304718,-0.0010317085543647408,0.066246397793293
1789059124715462700,35.590462646484376,0.14506691694259644,0.0365351065993309,-0.0018458369886502624
1789059124725472800,35.60047265625,0.1242108941078186,0.059357065707445145,-0.029224997386336327
1789059124735482600,35.61048266601563,0.15973347425460815,0.03489886224269867,-0.032124113291502
1789059124745492700,35.62049267578125,0.141815185546875,0.06563014537096024,0.024522386491298676
1789059124755502600,35.63050268554687,0.14919453859329224,0.04930336773395538,0.056949835270643234
1789059124765512700,35.6405126953125,0.17988374829292297,0.05824067071080208,0.13262568414211273
1789059124775522800,35.650522705078124,0.182330921292305,0.04502526670694351,0.0660831481218338
1789059124785532700,35.66053271484375,0.13818849623203278,0.04724394530057907,-0.0362381637096405
1789059124795542800,35.670542724609376,0.09604237973690033,0.06525730341672897,-0.07059427350759506
1789059124805551900,35.6805517578125,0.1288120448589325,0.05794532597064972,-0.038838207721710205
1789059124815561700,35.690561767578124,0.15210218727588654,0.04609905183315277,0.05614129826426506
1789059124825571800,35.70057177734375,0.095433309674263,0.07340177893638611,0.03966591879725456
1789059124835581700,35.710581787109376,0.11283040791749954,0.07316263020038605,0.060193564742803574
1789059124845591800,35.720591796875,0.14292839169502258,0.050228018313646317,0.027706729248166084
1789059124855601700,35.7306015625,0.07528596371412277,0.07238738238811493,0.04844130203127861
1789059124865611800,35.74061181640625,0.0070432620123028755,0.0927022397518158,0.06172168627381325
1789059124875622000,35.75062182617187,-0.01055969949811697,0.08567868173122406,0.052806224673986435
1789059124885631700,35.7606318359375,-0.0006711165769957006,0.09109901636838913,0.06483732163906097
1789059124895640600,35.770640625,0.01931883580982685,0.0452343225479126,-0.03110545501112938
1789059124905650700,35.78065063476563,-0.02888863906264305,0.05849233642220497,-0.046965111047029495
1789059124915660500,35.79066064453125,-0.024462198838591576,0.055807873606681824,-0.022109029814600945
1789059124925670700,35.80067065429687,0.01161324605345726,0.047504134476184845,0.09204257279634476
1789059124935680500,35.81068041992187,-0.0008961536805145442,0.048955027014017105,0.028060929849743843
1789059124945690600,35.820690673828125,-0.02358921617269516,0.0788402184844017,0.05652506276965141
1789059124955700700,35.83070068359375,0.020542560145258904,0.05576526001095772,-0.03895006328821182
1789059124965710600,35.84071069335938,0.0048946235328912735,0.0699244886636734,-0.01900804601609707
1789059124975720700,35.850720703125,0.04357224330306053,0.036981720477342606,-0.11717110127210617
1789059124985730600,35.86073046875,-0.001469532260671258,0.08308050781488419,0.0299680195748806
1789059124995739600,35.87073974609375,0.028932582587003708,0.0908081978559494,-0.0046876962296664715
1789059125005749800,35.88074975585938,0.04622874781489372,0.07813607901334763,-0.00523577444255352
1789059125015759600,35.89075952148438,0.09908397495746613,0.0624961331486702,-0.03867176175117493
1789059125025769700,35.90076977539063,0.06609592586755753,0.05874906852841377,-0.014564828015863895
1789059125035779800,35.91077978515625,0.07284598052501678,0.07340417802333832,0.07153250277042389
1789059125045789700,35.92078979492187,0.034575555473566055,0.08378864079713821,0.10138148069381714
1789059125055799800,35.9307998046875,-0.0004703142330981791,0.07522418349981308,-0.025286180898547173
1789059125065809700,35.9408095703125,-0.05450744926929474,0.10338257998228073,-0.050582483410835266
1789059125075819800,35.95081982421875,-0.08240113407373428,0.0848187506198883,-0.033609893172979355
1789059125085828900,35.96082885742187,-0.10103420913219452,0.08915597200393677,-0.023696009069681168
1789059125095838700,35.97083862304687,-0.10727611929178238,0.07951825857162476,0.07112611085176468
1789059125105848800,35.980848876953125,-0.11467944085597992,0.07451791316270828,0.053408097475767136
1789059125115858700,35.990858642578125,-0.12833666801452637,0.08100750297307968,0.020612334832549095
1789059125125868800,36.00086889648438,-0.1404399275779724,0.06829490512609482,0.024460069835186005
1789059125135879000,36.01087890625,-0.16682599484920502,0.07246407866477966,-0.011082745157182217
1789059125145888500,36.02088842773438,-0.17424769699573517,0.06304793804883957,0.01113547571003437
1789059125155898600,36.03089868164062,-0.1302032768726349,0.03988935798406601,0.0007091998122632504
1789059125165908500,36.04090844726562,-0.14127883315086365,0.043421775102615356,-0.036742568016052246
1789059125175918600,36.050918701171874,-0.1587957739830017,0.0392957404255867,-0.10803032666444778
1789059125185927700,36.060927734375,-0.17942701280117035,0.05299956724047661,-0.03381868451833725
1789059125195937500,36.0709375,-0.1735408902168274,0.02869369648396969,-0.010102435015141964
1789059125205947600,36.08094775390625,-0.1548585593700409,0.014755776152014732,0.05453301593661308
1789059125215957800,36.090957763671874,-0.14375503361225128,0.02418230101466179,0.05079633370041847
1789059125225967600,36.100967529296874,-0.19949392974376678,0.05989156290888786,0.042631350457668304
1789059125235977700,36.110977783203126,-0.2006761133670807,0.046689473092556,-0.007142331451177597
1789059125245987600,36.120987548828126,-0.15391738712787628,0.019356120377779007,-0.12265614420175552
1789059125255997700,36.13099780273438,-0.10403025895357132,-0.004127100575715303,-0.09291768819093704
1789059125266007600,36.14100756835938,-0.12694409489631653,0.019995013251900673,-0.044923797249794006
1789059125276016600,36.1510166015625,-0.1725752353668213,0.04719041660428047,0.03638250753283501
1789059125286026800,36.16102685546875,-0.1693541407585144,0.044852957129478455,0.057802047580480576
1789059125296036600,36.17103662109375,-0.18550221621990204,0.062557652592659,0.035529766231775284
1789059125306046700,36.18104663085938,-0.21804179251194,0.025478994473814964,-0.026373816654086113
1789059125316056800,36.19105688476562,-0.23392488062381744,0.020188093185424805,-0.02989771217107773
1789059125326066700,36.20106665039062,-0.2587814927101135,0.004081827122718096,-0.011530688032507896
1789059125336076800,36.211076904296874,-0.2776515781879425,-0.02592587284743786,-0.03152037411928177
1789059125346086700,36.221086669921874,-0.30859965085983276,-0.009874468669295311,-0.0009590042755007744
1789059125356096800,36.2310966796875,-0.37426280975341797,-0.005905559752136469,0.025716815143823624
1789059125366105900,36.24110595703125,-0.3697652816772461,-0.054727960377931595,-0.02171541564166546
1789059125376115700,36.25111572265625,-0.3695010840892792,-0.0350104495882988,0.02448909729719162
1789059125386125800,36.261125732421874,-0.36048227548599243,-0.08706992119550705,-0.09528657048940659
1789059125396135700,36.2711357421875,-0.35211649537086487,-0.052608881145715714,-0.04256157577037811
1789059125406145500,36.2811455078125,-0.3562587797641754,-0.07219909876585007,-0.04909484088420868
1789059125416155600,36.29115576171875,-0.311123788356781,-0.06740646809339523,0.03587064892053604
1789059125426165500,36.30116552734375,-0.2754848301410675,-0.07360098510980606,0.07494507730007172
1789059125436175600,36.31117553710938,-0.2632817029953003,-0.08244001865386963,0.0833904966711998
1789059125446185500,36.321185546875,-0.256390243768692,-0.0661420002579689,0.06902088224887848
1789059125456195600,36.33119555664062,-0.2378181517124176,-0.06390095502138138,0.003858121344819665
1789059125466204700,36.34120458984375,-0.1688164472579956,-0.09058236330747604,-0.010163688100874424
1789059125476214500,36.35121459960938,-0.12716248631477356,-0.11416971683502197,-0.06190411373972893
1789059125486224600,36.361224609375,-0.11944597214460373,-0.10584041476249695,0.007704791147261858
1789059125496234800,36.37123486328125,-0.11574417352676392,-0.08683662861585617,0.03371215611696243
1789059125506244600,36.38124462890625,-0.11030679941177368,-0.05541851744055748,0.07249683886766434
1789059125516254700,36.391254638671874,-0.07424866408109665,-0.0814724862575531,0.02906494028866291
1789059125526264600,36.4012646484375,-0.07284943759441376,-0.0822053924202919,-0.03099413402378559
1789059125536274700,36.411274658203126,-0.08051774650812149,-0.0823310911655426,-0.037156421691179276
1789059125546284800,36.42128491210938,-0.05952351540327072,-0.09274698048830032,0.03500672057271004
1789059125556293600,36.431293701171874,-0.0760795846581459,-0.07077084481716156,0.1023695170879364
1789059125566303700,36.4413037109375,-0.0775589719414711,-0.08774743229150772,0.04054076969623566
1789059125576313900,36.45131396484375,-0.043953876942396164,-0.1082332655787468,0.012340023182332516
1789059125586323700,36.46132373046875,-0.07267233729362488,-0.11202746629714966,-0.05396363139152527
1789059125596333800,36.47133374023438,-0.041240379214286804,-0.12537522614002228,-0.04885915294289589
1789059125606343700,36.48134375,-0.013777331449091434,-0.11385439336299896,-0.012242019176483154
1789059125616353800,36.49135375976562,-0.0004063983797095716,-0.11744886636734009,0.017112141475081444
1789059125626363600,36.50136376953125,0.0038344194181263447,-0.1076819896697998,0.04468943923711777
1789059125636373800,36.511373779296875,-0.006956443190574646,-0.0978756994009018,0.03178695961833
1789059125646383900,36.5213837890625,-0.0027363980188965797,-0.055264055728912354,0.09253259748220444
1789059125656392400,36.53139233398438,0.009411345236003399,-0.05976852402091026,0.016092950478196144
1789059125666402600,36.54140258789062,0.08428531885147095,-0.11495082080364227,-0.012166650965809822
1789059125676412700,36.55141259765625,0.14965181052684784,-0.13652561604976654,-0.0011251855175942183
1789059125686422500,36.561422607421875,0.13048264384269714,-0.09810046851634979,0.0421205572783947
1789059125696432600,36.5714326171875,0.14620168507099152,-0.09781897068023682,0.05187704786658287
1789059125706442500,36.5814423828125,0.18194717168807983,-0.08829550445079803,0.04798110947012901
1789059125716452400,36.59145239257813,0.18997099995613098,-0.0854288786649704,0.01925997994840145
1789059125726462500,36.60146240234375,0.2111375331878662,-0.09535448253154755,0.0012538161827251315
1789059125736472300,36.61147241210937,0.20972074568271637,-0.07627932727336884,0.005386509466916323
1789059125746481400,36.6214814453125,0.197048619389534,-0.07217912375926971,-0.057134393602609634
1789059125756491500,36.63149145507813,0.220342755317688,-0.04584551975131035,0.04521168768405914
1789059125766501400,36.64150146484375,0.18461830914020538,-0.058941081166267395,-0.05451970174908638
1789059125776511500,36.65151147460937,0.20325271785259247,-0.05537670478224754,-0.01347772590816021
1789059125786521300,36.66152124023437,0.2251998335123062,-0.10183501988649368,-0.04396932199597359
1789059125796531500,36.67153149414062,0.20834627747535706,-0.0737498551607132,0.04090908169746399
1789059125806541600,36.68154150390625,0.16596153378486633,-0.06184365972876549,0.004659200087189674
1789059125816551400,36.691551513671875,0.17312251031398773,-0.046067625284194946,0.05230794474482536
1789059125826561500,36.7015615234375,0.17955458164215088,-0.05488855019211769,0.04006139934062958
1789059125836570600,36.71157055664062,0.21142329275608063,-0.08143893629312515,0.008738896809518337
1789059125846580500,36.72158056640625,0.25021490454673767,-0.11035553365945816,-0.006429137196391821
1789059125856590600,36.731590576171875,0.23634089529514313,-0.09409666806459427,0.012161324732005596
1789059125866600200,36.74160009765625,0.1956331431865692,-0.05356336012482643,-0.016977384686470032
1789059125876610300,36.7516103515625,0.19229353964328766,-0.03549168258905411,0.023326095193624496
1789059125886620200,36.7616201171875,0.20137865841388702,-0.022828616201877594,0.0076187714003026485
1789059125896630300,36.77163037109375,0.21018652617931366,-0.03259895741939545,-0.011358914896845818
1789059125906640400,36.78164038085937,0.2565881013870239,-0.057025469839572906,0.010159160941839218
1789059125916650200,36.79165014648437,0.2738531231880188,-0.0617818757891655,-0.0038368161767721176
1789059125926659300,36.80165942382813,0.2585354149341583,-0.03332732990384102,0.0032056469935923815
1789059125936669400,36.81166943359375,0.27589523792266846,-0.028117388486862183,0.01858486980199814
1789059125946679300,36.82167919921875,0.2642415165901184,-0.002237854292616248,0.05198517069220543
1789059125956689400,36.831689453125,0.2488228678703308,0.0000900148443179205,0.05134361609816551
1789059125966699300,36.84169921875,0.28343597054481506,-0.014639396220445633,0.06452280282974243
1789059125976709400,36.85170947265625,0.2651749551296234,0.010525078512728214,0.03717479854822159
1789059125986719500,36.861719482421876,0.23732440173625946,0.039860330522060394,0.031443145126104355
1789059125996729300,36.871729248046876,0.24832884967327118,0.04222548380494118,0.009245163761079311
1789059126006739500,36.88173950195313,0.2779383957386017,0.03911810740828514,0.03858467563986778
1789059126016749300,36.89174926757813,0.3170487880706787,0.011305651627480984,0.02713681198656559
1789059126026758400,36.90175830078125,0.31679314374923706,0.015399728901684284,0.03538302332162857
1789059126036768500,36.9117685546875,0.298347532749176,0.037042971700429916,0.0398467481136322
1789059126046778400,36.9217783203125,0.2716967463493347,0.05830565094947815,0.0007414240390062332
1789059126056788500,36.93178857421875,0.2426280826330185,0.08142215758562088,-0.018793927505612373
1789059126066798300,36.94179833984375,0.19153694808483124,0.1276056319475174,-0.005979329347610474
1789059126076808400,36.95180834960937,0.23416562378406525,0.10176151245832443,0.04669400304555893
1789059126086818600,36.961818603515624,0.2787932753562927,0.07128802686929703,0.12430889904499054
1789059126096828400,36.971828369140624,0.25383493304252625,0.057683803141117096,0.049726009368896484
1789059126106838500,36.981838623046876,0.23844239115715027,0.07832223176956177,0.026629745960235596
1789059126116847400,36.99184741210937,0.23344098031520844,0.049732137471437454,-0.030944067984819412
1789059126126857200,37.00185717773437,0.15095728635787964,0.10754802823066711,-0.014765630476176739
1789059126136867300,37.011867431640624,0.11429621279239655,0.13380280137062073,0.031260982155799866
1789059126146877200,37.021877197265624,0.08654741197824478,0.1333780288696289,0.019462114199995995
1789059126156887300,37.03188720703125,0.09884774684906006,0.12189927697181702,0.020607540383934975
1789059126166897400,37.0418974609375,0.12503167986869812,0.0695926621556282,-0.024568991735577583
1789059126176907300,37.0519072265625,0.1247805505990982,0.05997332185506821,0.02712882310152054
1789059126186917400,37.06191748046875,0.08590371906757355,0.07269337773323059,-0.018691929057240486
1789059126196927200,37.07192724609375,0.03906884044408798,0.10186538100242615,0.05920446664094925
1789059126206936300,37.081936279296876,-0.012913402169942856,0.11708641052246094,0.02774348109960556
1789059126216946400,37.09194653320313,-0.043654534965753555,0.10136204212903976,-0.010163688100874424
1789059126226956300,37.10195629882813,-0.07306941598653793,0.1078961044549942,-0.032518792897462845
1789059126236966400,37.11196630859375,-0.08093985915184021,0.09825599938631058,-0.006964432541280985
1789059126246976300,37.12197631835937,-0.065294049680233,0.06697344034910202,0.04528678581118584
1789059126256986400,37.131986328125,-0.09727275371551514,0.06876974552869797,0.07417356222867966
1789059126266996500,37.14199658203125,-0.1096079871058464,0.057854510843753815,0.027282487601041794
1789059126277006300,37.15200634765625,-0.12455844134092331,0.04631663113832474,0.016651947051286697
1789059126287016400,37.16201635742188,-0.14952796697616577,0.050215501338243484,-0.00043569316039793193
1789059126297025500,37.172025634765625,-0.1790001094341278,0.050579287111759186,-0.013733655214309692
1789059126307035400,37.182035400390625,-0.18085500597953796,0.05411063879728317,0.04234319552779198
1789059126317045500,37.19204541015625,-0.167497918009758,0.04023583605885506,0.023243270814418793
1789059126327055400,37.20205541992188,-0.13465635478496552,0.004025101661682129,-0.012950952164828777
1789059126337065500,37.2120654296875,-0.1584511548280716,-0.00956634059548378,-0.039797745645046234
1789059126347075600,37.22207568359375,-0.1830960512161255,-0.006511695217341185,-0.012297678738832474
1789059126357085400,37.23208544921875,-0.1874931901693344,-0.018080733716487885,-0.052451491355895996
1789059126367095600,37.24209545898437,-0.22014914453029633,0.007137005217373371,-0.015090801753103733
1789059126377105400,37.25210546875,-0.2532205581665039,-0.006717291194945574,-0.05097583308815956
1789059126387115500,37.262115478515625,-0.2683877944946289,0.04975850135087967,-0.07630382478237152
1789059126397124400,37.27212426757813,-0.2858445346355438,0.051587026566267014,-0.025177258998155594
1789059126407134200,37.28213427734375,-0.23928847908973694,0.05035771429538727,0.0011046791914850473
1789059126417144300,37.29214428710937,-0.1379794329404831,0.01937343180179596,0.04691717401146889
1789059126427154200,37.302154296875,-0.06675559282302856,-0.026030002161860466,0.054668039083480835
1789059126437164300,37.312164306640625,-0.03682113066315651,0.033601101487874985,-0.002977680414915085
1789059126447174400,37.32217431640625,-0.11711890250444412,0.036670930683612823,-0.042090196162462234
1789059126457184300,37.33218432617188,-0.1449369490146637,0.048114530742168427,-0.03690555319190025
1789059126467194400,37.3421943359375,-0.2320912927389145,0.09015598893165588,0.04411765933036804
1789059126477204200,37.35220434570312,-0.2515832483768463,0.04301484674215317,0.03026176616549492
1789059126487213300,37.36221337890625,-0.24385979771614075,0.04755260422825813,-0.03386182710528374
1789059126497223400,37.37222338867188,-0.293080598115921,0.01938541606068611,-0.10580579191446304
1789059126507233300,37.3822333984375,-0.30665260553359985,0.0240749754011631,-0.017556622624397278
1789059126517243400,37.39224340820312,-0.3190200626850128,0.044488903135061264,-0.038543663918972015
1789059126527253500,37.40225341796875,-0.3751611113548279,0.03997617959976196,0.051415253430604935
1789059126537263400,37.41226342773437,-0.3580172657966614,0.039013978093862534,-0.04153519123792648
1789059126547273500,37.4222734375,-0.36633190512657166,-0.02310824953019619,-0.07551845908164978
1789059126557283300,37.432283447265625,-0.345491886138916,-0.05090019851922989,-0.08299634605646133
1789059126567293400,37.44229345703125,-0.3635598421096802,-0.059842828661203384,-0.04910869151353836
1789059126577302500,37.45230249023437,-0.4096998870372772,-0.032468196004629135,-0.02269572578370571
1789059126587312400,37.4623125,-0.42254406213760376,-0.01889486238360405,0.019283415749669075
1789059126597322500,37.472322509765625,-0.43715736269950867,-0.022224612534046173,0.016118248924613
1789059126607332400,37.482332275390625,-0.41787847876548767,-0.04459330067038536,0.005093828309327364
1789059126617342500,37.49234252929688,-0.39637237787246704,-0.0455981120467186,0.001999767730012536
1789059126627352600,37.5023525390625,-0.41950058937072754,-0.060743775218725204,-0.05172497779130936
1789059126637362400,37.51236254882812,-0.40435466170310974,-0.06940943747758865,-0.03838413953781128
1789059126647372500,37.52237255859375,-0.41751787066459656,-0.0528072863817215,-0.03873301297426224
1789059126657382400,37.53238232421875,-0.4518135190010071,-0.06831274181604385,0.021977204829454422
1789059126667391200,37.54239111328125,-0.44141069054603577,-0.06695133447647095,0.016810405999422073
1789059126677401300,37.5524013671875,-0.4767409861087799,-0.06981530040502548,0.03919480741024017
1789059126687411200,37.5624111328125,-0.47542670369148254,-0.0973217561841011,0.013142965734004974
1789059126697421300,37.57242138671875,-0.4437004625797272,-0.09410173445940018,-0.03376968204975128
1789059126707431400,37.582431396484374,-0.42846933007240295,-0.08825715631246567,0.010396714322268963
1789059126717442600,37.59244262695312,-0.38324806094169617,-0.1040976420044899,0.012606339529156685
1789059126727452400,37.60245239257812,-0.3396129608154297,-0.0780804231762886,0.05006583034992218
1789059126737462500,37.612462646484374,-0.25820064544677734,-0.11383575201034546,0.025410551577806473
1789059126747472600,37.62247265625,-0.18162626028060913,-0.1413978785276413,-0.03008493222296238
1789059126757482500,37.632482421875,-0.16217824816703796,-0.12649215757846832,-0.011544270440936089
1789059126767491600,37.64249169921875,-0.12747913599014282,-0.11502885073423386,-0.02099982462823391
1789059126777501700,37.652501708984374,-0.12640374898910522,-0.11162373423576355,-0.06529644876718521
1789059126787511600,37.662511474609374,-0.09999477118253708,-0.08770374953746796,0.009852897375822067
1789059126797521700,37.672521728515626,-0.036609943956136703,-0.0847548320889473,0.0461999848484993
1789059126807531500,37.682531494140626,0.013666277751326561,-0.09027423709630966,0.08481502532958984
1789059126817541600,37.69254174804688,0.07828149199485779,-0.13051646947860718,0.0037790255155414343
1789059126827551500,37.70255151367188,0.07802636176347733,-0.08741772919893265,0.04757390916347504
1789059126837561600,37.7125615234375,0.06376220285892487,-0.09544955939054489,-0.03385543450713158
1789059126847571700,37.72257177734375,0.08448266237974167,-0.07610967755317688,-0.024285897612571716
1789059126857580500,37.73258056640625,0.08807766437530518,-0.07362575083971024,0.02726464346051216
1789059126867590400,37.74259033203125,0.13622042536735535,-0.0976402759552002,0.01537442859262228
1789059126877600500,37.7526005859375,0.16566087305545807,-0.130344420671463,-0.04430967569351196
1789059126887610400,37.7626103515625,0.16538390517234802,-0.11295131593942642,0.023857129737734795
1789059126897620500,37.77262036132812,0.17253315448760986,-0.11376145482063293,-0.006190251559019089
1789059126907630300,37.78263037109375,0.171700119972229,-0.11004287749528885,0.012064652517437935
1789059126917640400,37.792640380859375,0.19887635111808777,-0.09950102120637894,0.04625857621431351
1789059126927650600,37.80265063476563,0.1999639868736267,-0.08730827271938324,0.05835625156760216
1789059126937660400,37.81266040039063,0.2304167002439499,-0.08875437080860138,0.03903927654027939
1789059126947669500,37.82266943359375,0.23040658235549927,-0.08803132176399231,0.025894714519381523
1789059126957679600,37.8326796875,0.24961835145950317,-0.08747365325689316,0.0198685135692358
1789059126967689500,37.842689453125,0.23112402856349945,-0.06747517734766006,-0.018200576305389404
1789059126977699600,37.85269946289063,0.2612406611442566,-0.04747670516371727,0.03260907530784607
1789059126987709400,37.86270947265625,0.28135576844215393,-0.06040928140282631,0.037400901317596436
1789059126997719600,37.87271948242188,0.3186858296394348,-0.02929503843188286,0.04741039127111435
1789059127007729400,37.8827294921875,0.3431248664855957,-0.04958086833357811,0.03766455501317978
1789059127017739500,37.89273950195312,0.36529541015625,-0.03533375635743141,0.04448917135596275
1789059127027749600,37.90274951171875,0.31388548016548157,-0.01028752513229847,-0.006804642733186483
1789059127037759500,37.912759521484375,0.28680646419525146,-0.001591505017131567,-0.023858727887272835
1789059127047768600,37.9227685546875,0.2677403688430786,0.020653346553444862,-0.020922325551509857
1789059127057778700,37.93277880859375,0.20695877075195312,0.0065625617280602455,-0.05572957545518875
1789059127067788500,37.94278857421875,0.2349560558795929,0.009163671173155308,0.025076590478420258
1789059127077798700,37.952798583984375,0.17397712171077728,-0.016774453222751617,-0.011903264559805393
1789059127087808500,37.96280859375,0.13782525062561035,-0.04994652047753334,-0.05179635062813759
1789059127097818600,37.97281860351563,0.11842704564332962,-0.026804981753230095,0.01203908585011959
1789059127107828700,37.98282885742187,0.08075769990682602,-0.03803260251879692,-0.04435760900378227
1789059127117838600,37.99283862304687,0.006886135786771774,0.00247540813870728,0.024274712428450584
1789059127127848700,38.0028486328125,-0.06760834157466888,0.017617609351873398,0.008418518118560314
1789059127137857500,38.012857421875,-0.08020801842212677,-0.01480797491967678,-0.051722582429647446
1789059127147867400,38.02286743164063,-0.06911462545394897,-0.027908863499760628,-0.006415288895368576
1789059127157877500,38.03287744140625,-0.10885670781135559,-0.03394518420100212,0.00569889834150672
1789059127167887400,38.04288745117187,-0.15095089375972748,-0.02305631712079048,0.02767636813223362
1789059127177897500,38.0528974609375,-0.10084246098995209,-0.05766516178846359,-0.05752640962600708
1789059127187907600,38.062907470703124,-0.23091177642345428,-0.01846662536263466,-0.0288191307336092
1789059127197917400,38.07291748046875,-0.11163092404603958,-0.06516195833683014,-0.10465291142463684
1789059127207927600,38.082927490234376,-0.09044521301984787,-0.08136916160583496,-0.04030321538448334
1789059127217937400,38.0929375,-0.1421526074409485,-0.04755739867687225,-0.010960771702229977
1789059127227946500,38.102946533203124,-0.15700586140155792,-0.009844374842941761,-0.002101234160363674
1789059127237956600,38.11295654296875,-0.10738664120435715,-0.0019241338595747948,-0.02117878757417202
1789059127247966500,38.122966552734376,-0.059898752719163895,-0.013232181780040264,-0.01992790214717388
1789059127257976600,38.1329765625,-0.02569551020860672,-0.0336783342063427,-0.026200445368885994
1789059127267986400,38.142986328125,0.0022101574577391148,-0.076285719871521,-0.06418085098266602
1789059127277996500,38.15299658203125,-0.020776651799678802,-0.03797055035829544,-0.027394605800509453
1789059127288006700,38.16300659179687,0.06835322827100754,-0.05211912840604782,-0.039138346910476685
1789059127298016500,38.1730166015625,-0.0016410398529842496,0.014085991308093071,0.003038134193047881
1789059127308026600,38.183026611328124,-0.06847333163022995,0.04959391802549362,0.06326818466186523
1789059127318036500,38.193036376953124,-0.04436373710632324,0.017896175384521484,0.02087305672466755
1789059127328047600,38.20304760742187,0.02592640556395054,0.013619671575725079,-0.03194887936115265
1789059127338057500,38.21305737304687,0.10976458340883255,-0.05253937467932701,-0.036020051687955856
1789059127348066600,38.22306665039063,0.15863971412181854,-0.09534862637519836,-0.11596974730491638
1789059127358076700,38.23307666015625,0.03695668652653694,-0.015268168412148952,-0.09890900552272797
1789059127368086500,38.24308642578125,-0.05343259871006012,0.006490922532975674,-0.033965956419706345
1789059127378096600,38.2530966796875,-0.03495505452156067,0.003687146585434675,-0.012664929032325745
1789059127388106500,38.2631064453125,-0.04927806556224823,-0.011477425694465637,0.020135628059506416
1789059127398116600,38.27311669921875,-0.0619664303958416,-0.04447266086935997,0.021529793739318848
1789059127408126700,38.283126708984376,-0.05164588242769241,-0.06275073438882828,-0.045216213911771774
1789059127418136600,38.293136474609376,-0.09047263860702515,-0.06574199348688126,-0.053166281431913376
1789059127428146700,38.30314672851563,-0.073811374604702,-0.04825275018811226,0.001032241270877421
1789059127438155500,38.313155517578124,-0.07830306142568588,-0.07076551765203476,-0.01938541606068611
1789059127448165400,38.323165283203124,-0.11307648569345474,-0.02785719744861126,0.010517089627683163
1789059127458175500,38.333175537109376,-0.12940725684165955,-0.04965916648507118,-0.0838131383061409
1789059127468185300,38.343185302734376,-0.15422898530960083,-0.022066952660679817,-0.1240183487534523
1789059127478195500,38.35319555664063,-0.11258380115032196,-0.06402718275785446,-0.061115287244319916
1789059127488205300,38.36320532226563,-0.026189792901277542,-0.07213864475488663,-0.0073567163199186325
1789059127498215400,38.37321533203125,-0.058949071913957596,-0.08917834609746933,-0.021079452708363533
1789059127508225500,38.3832255859375,-0.026564499363303185,-0.08138860017061234,0.04109017923474312
1789059127518235400,38.3932353515625,-0.0005105279851704836,-0.05528242886066437,0.08576790243387222
1789059127528245500,38.40324560546875,0.05312899872660637,-0.07628252357244492,0.08347278833389282
1789059127538254600,38.41325463867187,0.11510235071182251,-0.06322131305932999,0.12403246760368347
1789059127548264400,38.42326440429687,0.1850806325674057,-0.054314903914928436,0.023518376052379608
1789059127558274600,38.433274658203125,0.2612108290195465,-0.09867837280035019,0.06292783468961716
1789059127568284400,38.443284423828125,0.32326221466064453,-0.11059069633483887,0.00929256808012724
1789059127578294500,38.45329443359375,0.27442169189453125,-0.02971741557121277,0.1051328107714653
1789059127588304600,38.4633046875,0.34100818634033203,-0.032104142010211945,0.15096314251422882
1789059127598314500,38.473314453125,0.3049183487892151,-0.02557087317109108,0.06452013552188873
1789059127608324600,38.48332470703125,0.3864486515522003,-0.07966020703315735,0.0627768337726593
1789059127618334500,38.49333447265625,0.40045952796936035,-0.08803504705429077,0.041916023939847946
1789059127628343600,38.50334350585938,0.3510291278362274,-0.08152229338884354,0.04081560671329498
1789059127638353700,38.51335375976562,0.28477075695991516,-0.06738489866256714,0.020505275577306747
1789059127648363500,38.52336352539062,0.2616814076900482,-0.06257150322198868,-0.027666781097650528
1789059127658373600,38.53337353515625,0.21393652260303497,-0.06191609799861908,-0.07555361092090607
1789059127668382500,38.54338256835938,0.254635751247406,-0.06636171042919159,0.006100503262132406
1789059127678392300,38.55339233398438,0.24304114282131195,-0.06355420500040054,0.054370030760765076
1789059127688402400,38.56340234375,0.21842101216316223,-0.04578400030732155,0.051487959921360016
1789059127698412500,38.57341259765625,0.21400417387485504,-0.03137017413973808,-0.014629276469349861
1789059127708422400,38.58342236328125,0.20082178711891174,-0.031447671353816986,-0.055131696164608
1789059127718432000,38.59343188476562,0.20958465337753296,-0.03494679927825928,-0.016646888107061386
1789059127728441900,38.60344189453125,0.18148350715637207,-0.05330689623951912,0.02262861281633377
1789059127738452000,38.61345190429687,0.1715557724237442,-0.011059309355914593,0.06677982956171036
1789059127748461000,38.6234609375,0.13267016410827637,-0.022948192432522774,0.06840142607688904
1789059127758471000,38.63347094726562,0.1357269436120987,-0.02587660402059555,0.05627259239554405
1789059127768480800,38.64348071289062,0.12059325724840164,-0.011795672588050365,0.07625189423561096
1789059127778491000,38.65349096679687,0.1339101344347,-0.034026943147182465,0.09527032822370529
1789059127788500700,38.66350073242187,0.10476209968328476,-0.022971361875534058,0.10411202162504196
1789059127798510800,38.6735107421875,0.10330241918563843,-0.00833622645586729,0.15417678654193878
1789059127808520700,38.683520751953125,0.09543278068304062,-0.013035374693572521,0.1596061736345291
1789059127818530800,38.69353076171875,0.08734742552042007,0.0015939018921926618,0.16200114786624908
1789059127828541000,38.703541015625,0.07647453248500824,0.037026192992925644,0.10949613153934479
1789059127838550800,38.71355078125,0.051058389246463776,0.04518132656812668,0.04332749918103218
1789059127848559900,38.723559814453125,0.06457339972257614,0.034450918436050415,0.046182941645383835
1789059127858570000,38.73357006835938,0.11961854249238968,0.00708773685619235,-0.002752110594883561
1789059127868579800,38.74357983398438,0.17140637338161469,-0.020771324634552002,0.054551925510168076
1789059127878590000,38.75358984375,0.1691858321428299,-0.019878100603818893,0.01769004762172699
1789059127888599800,38.76359985351562,0.09894388914108276,0.005484247580170631,0.10853686183691025
1789059127898610000,38.77360986328125,0.028814071789383888,0.02424968034029007,0.07995129376649857
1789059127908619800,38.783619873046874,-0.044025249779224396,0.05868701636791229,0.08684515208005905
1789059127918630000,38.7936298828125,-0.04675312340259552,0.02929690293967724,0.07995288819074631
1789059127928640000,38.803639892578126,-0.02292555570602417,-0.0012868394842371345,0.10164273530244827
1789059127938648800,38.81364892578125,0.004800613969564438,-0.01221458800137043,0.14229828119277954
1789059127948659000,38.823658935546874,-0.004070641472935677,-0.005440838169306517,0.14069266617298126
1789059127958669000,38.8336689453125,-0.004204332362860441,-0.031559258699417114,0.05685369670391083
1789059127968679000,38.843678955078126,-0.007441138383001089,-0.011390073224902153,0.11993945389986038
1789059127978689000,38.85368896484375,-0.011475561186671257,-0.016755543649196625,0.06376726180315018
1789059127988699000,38.86369897460938,0.0009808422764763236,0.019296731799840927,0.17408445477485657
1789059127998709000,38.873708984375,0.00033342777169309556,0.00013768543431069702,0.14284370839595795
1789059128008718800,38.88371875,0.020139090716838837,0.01164493802934885,0.16661028563976288
1789059128018729000,38.89372900390625,0.029745379462838173,0.002920954953879118,0.1459318995475769
1789059128028737800,38.90373779296875,0.03692952170968056,-0.004089550115168095,0.11757776141166687
1789059128038748000,38.91374780273438,0.04331791400909424,-0.004284227266907692,0.12244947999715805
1789059128048757800,38.9237578125,0.049740925431251526,0.013659087009727955,0.13047412037849426
1789059128058768000,38.93376782226562,0.022793196141719818,0.008262990042567253,0.0622338131070137
1789059128068777700,38.94377783203125,0.025735190138220787,0.011860920116305351,0.05632638931274414
1789059128078787800,38.953787841796874,0.03098348155617714,-0.007388940546661615,0.024354875087738037
1789059128088797700,38.963797607421874,0.04579545184969902,-0.007697600871324539,0.03757081180810928
1789059128098807800,38.973807861328126,0.0697934627532959,-0.016622653231024742,0.05433833971619606
1789059128108818000,38.98381787109375,0.062306784093379974,-0.012162390165030956,0.03160000219941139
1789059128118827800,38.99382788085938,0.05684703588485718,-0.0015606123488396406,0.016825851052999496
1789059128128836900,39.0038369140625,0.062126487493515015,-0.0007036071619950235,-0.03838334232568741
1789059128138847000,39.013846923828126,0.06012352555990219,-0.0023403859231621027,-0.0368054173886776
1789059128148856800,39.02385693359375,0.06899984180927277,0.004003263544291258,-0.034379277378320694
1789059128158867000,39.03386694335938,0.06486555188894272,0.009407882578670979,0.0020003002136945724
1789059128168876800,39.04387670898438,0.07273305952548981,0.0004884237423539162,0.011520301923155785
1789059128178887000,39.05388696289062,0.09188997745513916,-0.0018463695887476206,0.011179417371749878
1789059128188896800,39.06389672851562,0.11148258298635483,-0.007623564917594194,0.0033156354911625385
1789059128198907000,39.073906982421875,0.12087422609329224,0.0073266224935650826,-0.0221449825912714
1789059128208917000,39.0839169921875,0.09511053562164307,0.01685621216893196,-0.04061906412243843
1789059128218926000,39.09392602539062,0.08047327399253845,0.033118538558483124,-0.06521894782781601
1789059128228936000,39.10393603515625,0.0902196392416954,0.020912205800414085,-0.0498967207968235
1789059128238946000,39.113946044921875,0.096779003739357,0.02582520619034767,-0.05657938867807388
1789059128248956000,39.123955810546875,0.1006333976984024,0.007672034204006195,-0.0651121586561203
1789059128258966000,39.133966064453126,0.09918783605098724,0.026558905839920044,-0.02124510146677494
1789059128268975900,39.143975830078126,0.07156020402908325,0.03266393765807152,-0.055093612521886826
1789059128278986000,39.15398608398438,0.08202988654375076,0.04193094000220299,-0.047447942197322845
1789059128288996000,39.16399609375,0.08050203323364258,0.05257292836904526,-0.07804979383945465
1789059128299006000,39.174005859375,0.10925431549549103,0.0613057017326355,-0.054726094007492065
1789059128309016000,39.18401611328125,0.13713549077510834,0.05005810782313347,-0.07768361270427704
1789059128319025000,39.19402490234375,0.1406833529472351,0.07014979422092438,-0.06240372359752655
1789059128329034800,39.20403466796875,0.1444607824087143,0.08095850050449371,-0.061172544956207275
1789059128339044900,39.214044921875,0.16084188222885132,0.07461005449295044,-0.0466226302087307
1789059128349054700,39.2240546875,0.15897953510284424,0.0925549641251564,-0.04264413192868233
1789059128359064800,39.23406494140625,0.14418993890285492,0.09953990578651428,-0.03371162340044975
1789059128369075000,39.244074951171875,0.1435808688402176,0.09566580504179001,-0.02623479999601841
1789059128379084800,39.254084716796875,0.14750050008296967,0.10975206643342972,-0.007813448086380959
1789059128389095000,39.26409497070313,0.1711946576833725,0.07610408961772919,-0.010235060937702656
1789059128399104800,39.27410473632813,0.17936550080776215,0.0895402655005455,0.015568839386105537
1789059128409113900,39.28411376953125,0.15358476340770721,0.1135939359664917,0.02551840990781784
1789059128419124000,39.2941240234375,0.15510942041873932,0.09631428867578506,0.01212590467184782
1789059128429133800,39.3041337890625,0.15103638172149658,0.1025034710764885,-0.0006418218254111707
1789059128439144000,39.31414404296875,0.13896507024765015,0.10594720393419266,0.002787264296784997
1789059128449153800,39.32415380859375,0.14193876087665558,0.08215532451868057,-0.0202738456428051
1789059128459164000,39.33416381835937,0.14577451348304749,0.0856749564409256,0.012252671644091606
1789059128469174000,39.34417407226562,0.12721414864063263,0.0894518494606018,0.009048089385032654
1789059128479184000,39.35418383789062,0.12489426136016846,0.0973324105143547,0.030182402580976486
1789059128489194000,39.364194091796875,0.09221088886260986,0.0985228419303894,0.04651769995689392
1789059128499203000,39.374203125,0.08009617030620575,0.10728464275598526,0.04748522862792015
1789059128509213000,39.384212890625,0.0657433271408081,0.0879993662238121,0.03242691606283188
1789059128519223000,39.39422314453125,0.025721874088048935,0.11141307651996613,0.010420682840049267
1789059128529233000,39.40423291015625,-0.018548917025327682,0.10000515729188919,-0.010595918633043766
1789059128539243000,39.414242919921875,-0.052257612347602844,0.10185685753822327,-0.011726963333785534
1789059128549252900,39.4242529296875,-0.0950532779097557,0.08496442437171936,-0.020908743143081665
1789059128559263000,39.43426293945313,-0.12019085884094238,0.09108836203813553,-0.003099653171375394
1789059128569273000,39.44427319335937,-0.16775864362716675,0.07655975222587585,-0.000657534459605813
1789059128579283000,39.45428295898437,-0.2096744030714035,0.0860494002699852,0.026969831436872482
1789059128589291800,39.464291748046875,-0.2144118994474411,0.08413857966661453,0.03380030766129494
1789059128599302000,39.47430200195313,-0.2298252135515213,0.08157102763652802,0.058523230254650116
1789059128609311700,39.48431176757813,-0.24177294969558716,0.08916103839874268,0.026705114170908928
1789059128619321900,39.49432177734375,-0.24979758262634277,0.08643848448991776,0.012109659612178802
1789059128629331700,39.50433178710937,-0.23461543023586273,0.07483908534049988,0.013235111720860004
1789059128639341800,39.514341796875,-0.21912328898906708,0.08650186657905579,0.006414756178855896
1789059128649352000,39.52435205078125,-0.20766876637935638,0.09069155156612396,-0.0064951833337545395
1789059128659361800,39.53436181640625,-0.1980435699224472,0.08531463146209717,-0.01655740477144718
1789059128669372000,39.544371826171876,-0.1744825839996338,0.07164968550205231,-0.016040485352277756
1789059128679381800,39.5543818359375,-0.141234889626503,0.06800941377878189,0.00814927276223898
1789059128689390800,39.564390869140624,-0.11668746918439865,0.0672868937253952,0.04435281828045845
1789059128699401000,39.57440087890625,-0.12057434767484665,0.08076728135347366,0.06361306458711624
1789059128709410800,39.584410888671876,-0.11518624424934387,0.07360337674617767,0.03700116276741028
1789059128719420700,39.594420654296876,-0.10530218482017517,0.05928436294198036,-0.01059325598180294
1789059128729430800,39.6044306640625,-0.10762020200490952,0.06903526186943054,-0.011115235276520252
1789059128739440400,39.6144404296875,-0.11813010275363922,0.05968569964170456,-0.022006765007972717
1789059128749450500,39.62445043945313,-0.15370912849903107,0.06266817450523376,0.009730923920869827
1789059128759460400,39.63446044921875,-0.15893985331058502,0.05233617499470711,0.029772009700536728
1789059128769470500,39.64447045898437,-0.15870416164398193,0.03855937719345093,0.022580675780773163
1789059128779479600,39.6544794921875,-0.16127650439739227,0.03773646056652069,0.04235012084245682
1789059128789489400,39.66448950195313,-0.15012532472610474,0.020679712295532227,0.01884292997419834
1789059128799499500,39.67449951171875,-0.15469343960285187,0.00983505416661501,-0.00899509247392416
1789059128809509600,39.68450952148437,-0.18507717549800873,0.013834589160978794,-0.017364876344799995
1789059128819519500,39.69451953125,-0.20910075306892395,0.008727445267140865,-0.035111114382743835
1789059128829529600,39.704529541015624,-0.22609704732894897,0.018785672262310982,-0.01986478455364704
1789059128839539500,39.71453955078125,-0.22101546823978424,-0.015731824561953545,-0.04111254960298538
1789059128849549600,39.724549560546876,-0.20788368582725525,-0.013858824037015438,0.036489300429821014
1789059128859559400,39.734559326171876,-0.21340495347976685,-0.033854901790618896,-0.017355287447571754
1789059128869569500,39.74456958007813,-0.20803256332874298,-0.03015657141804695,0.015854064375162125
1789059128879578600,39.75457861328125,-0.20207719504833221,-0.02827744372189045,-0.004620584659278393
1789059128889588500,39.76458837890625,-0.19133055210113525,-0.021325262263417244,0.02167040854692459
1789059128899598600,39.7745986328125,-0.14947684109210968,-0.06343729794025421,-0.006173207424581051
1789059128909608700,39.78460864257813,-0.1382169872522354,-0.033372338861227036,0.004773450084030628
1789059128919618600,39.79461865234375,-0.11204025149345398,-0.05228903889656067,-0.029682261869311333
1789059128929628700,39.80462866210937,-0.08968434482812881,-0.027778102084994316,-0.012793825939297676
1789059128939638500,39.81463842773437,-0.06497900187969208,-0.04090668633580208,-0.00869202520698309
1789059128949648600,39.824648681640625,-0.01245054416358471,-0.04994598776102066,0.001344630029052496
1789059128959658500,39.834658447265625,0.024208666756749153,-0.06706878542900085,-0.024232368916273117
1789059128969667600,39.84466748046875,0.060985323041677475,-0.06996230781078339,-0.011979697272181511
1789059128979677700,39.854677734375,0.093266561627388,-0.06997615844011307,0.009303220547735691
1789059128989687600,39.8646875,0.11577187478542328,-0.061940599232912064,0.04073438048362732
1789059128999697400,39.874697509765625,0.1383666694164276,-0.046120624989271164,0.03497369587421417
1789059129009707500,39.88470751953125,0.15469476580619812,-0.06969252973794937,0.014373079873621464
1789059129019717400,39.89471728515625,0.15134450793266296,-0.055579639971256256,-0.002010952914133668
1789059129029727500,39.9047275390625,0.14692926406860352,-0.0703471302986145,-0.021690914407372475
1789059129039737300,39.9147373046875,0.11726856976747513,-0.062481485307216644,0.002612560987472534
1789059129049747500,39.92474755859375,0.11333108693361282,-0.07237353175878525,0.006932474672794342
1789059129059756500,39.93475659179688,0.12263696640729904,-0.08105011284351349,0.023899473249912262
1789059129069766400,39.94476635742188,0.1222369596362114,-0.08597083389759064,0.03605733811855316
1789059129079776500,39.95477661132813,0.10134712606668472,-0.09360771626234055,0.041267279535532
1789059129089786600,39.96478662109375,0.07340843975543976,-0.06898759305477142,0.017797373235225677
1789059129099796500,39.97479638671875,0.03669276833534241,-0.08172096312046051,0.014249775558710098
1789059129109806600,39.984806640625,0.020668260753154755,-0.09354406595230103,-0.01067741122096777
1789059129119816400,39.99481640625,0.006200371775776148,-0.08007778972387314,0.0004492752777878195
1789059129129826600,40.00482666015625,-0.001202150946483016,-0.11994265019893646,-0.0051508196629583836
1789059129139836700,40.01483666992188,0.003531351685523987,-0.0830080658197403,0.025975674390792847
1789059129149845500,40.02484545898437,-0.002401372417807579,-0.10626518726348877,0.03775323927402496
1789059129159855600,40.034855712890625,0.044737908989191055,-0.1174619123339653,0.054313838481903076
1789059129169865700,40.04486572265625,0.013827398419380188,-0.08664567768573761,0.06378830224275589
1789059129179875600,40.05487548828125,0.006613427773118019,-0.0909552052617073,0.03242931142449379
1789059129189885700,40.0648857421875,0.017346233129501343,-0.07862024009227753,-0.011366104707121849
1789059129199895600,40.0748955078125,0.026259034872055054,-0.0891498476266861,-0.029025260359048843
1789059129209905700,40.08490576171875,0.08629600703716278,-0.08596151322126389,0.011783688329160213
1789059129219915500,40.09491552734375,0.0942964106798172,-0.08003145456314087,-0.04145423322916031
1789059129229925600,40.104925537109374,0.12263137847185135,-0.07337887585163116,-0.013773602433502674
1789059129239934500,40.1149345703125,0.20298907160758972,-0.069627545773983,0.00022663500567432493
1789059129249944600,40.12494458007812,0.19985878467559814,-0.06090489402413368,0.012958142906427383
1789059129259954400,40.13495434570312,0.25339046120643616,-0.0367891751229763,0.045161619782447815
1789059129269964500,40.144964599609374,0.24960742890834808,-0.022832345217466354,0.04080894961953163
1789059129279974400,40.154974365234374,0.2415311336517334,-0.003811782458797097,0.022592393681406975
1789059129289984500,40.164984619140625,0.24888305366039276,0.017197096720337868,-0.009665942750871181
1789059129299994400,40.174994384765625,0.23072189092636108,0.02424382045865059,-0.0001776328426785767
1789059129310004500,40.18500439453125,0.2160731703042984,0.03671114146709442,-0.0186621006578207
1789059129320014600,40.1950146484375,0.2123711109161377,0.04006139934062958,0.028148813173174858
1789059129330024400,40.2050244140625,0.202146977186203,0.050998203456401825,0.031741682440042496
1789059129340033500,40.215033447265625,0.19953840970993042,0.03605573996901512,-0.0003427488263696432
1789059129350043600,40.22504370117188,0.1814883053302765,0.05245761573314667,0.027063308283686638
1789059129360053500,40.23505346679688,0.14682379364967346,0.061762433499097824,-0.004691424313932657
1789059129370063600,40.24506372070312,0.12790177762508392,0.07866737991571426,-0.009577259421348572
1789059129380073500,40.25507348632812,0.08587495982646942,0.09895481169223785,-0.02738635055720806
1789059129390083600,40.26508349609375,0.06634839624166489,0.08274254947900772,-0.03261040896177292
1789059129400093400,40.275093505859374,0.06635132431983948,0.0833984836935997,-0.02207653969526291
1789059129410103600,40.285103515625,0.053046707063913345,0.06319494545459747,-0.0017014936311170459
1789059129420113700,40.29511376953125,0.038304779678583145,0.06632176786661148,0.02574983797967434
1789059129430122500,40.30512255859375,-0.006394516211003065,0.05077582970261574,-0.02226455882191658
1789059129440132600,40.315132568359374,-0.002688727341592312,0.0563729964196682,0.007340470794588327
1789059129450142700,40.325142822265626,-0.02081739716231823,0.04783330112695694,-0.011358115822076797
1789059129460152600,40.335152587890626,-0.013938718475401402,0.04509291052818298,0.00247567449696362
1789059129470162700,40.34516259765625,-0.034878622740507126,0.06321412324905396,-0.015265772119164467
1789059129480172500,40.35517260742188,-0.03404931351542473,0.05240381881594658,-0.02725825272500515
1789059129490182700,40.3651826171875,-0.033125728368759155,0.06027851998806,-0.023454459384083748
1789059129500192800,40.37519287109375,-0.0010431602131575346,0.049614157527685165,-0.028170118108391762
1789059129510202600,40.38520263671875,0.027127224951982498,0.05049406737089157,0.020310863852500916
1789059129520212700,40.395212646484374,0.03797214850783348,0.052378784865140915,-0.00812130980193615
1789059129530221600,40.4052216796875,0.05264962837100029,0.05718312785029411,0.003311374457553029
1789059129540231400,40.4152314453125,0.07072876393795013,0.0593823678791523,0.016341688111424446
1789059129550241500,40.42524145507812,0.08960311859846115,0.07179483026266098,0.022166289389133453
1789059129560251400,40.43525146484375,0.09680643677711487,0.08083439618349075,0.011354653164744377
1789059129570261500,40.445261474609374,0.1137622520327568,0.08632450550794601,0.001460743835195899
1789059129580271400,40.455271240234374,0.11133185029029846,0.0851798728108406,-0.023076023906469345
1789059129590281500,40.465281494140626,0.12060844153165817,0.09930820763111115,-0.03205114230513573
1789059129600291600,40.47529150390625,0.0996919721364975,0.10459432005882263,-0.004275172483175993
1789059129610301400,40.48530151367188,0.09956280887126923,0.1000451073050499,-0.003481017891317606
1789059129620310500,40.495310546875,0.07136233150959015,0.1327332854270935,0.07150427997112274
1789059129630320600,40.505320556640626,0.01324256882071495,0.14498089253902435,0.042569831013679504
1789059129640330500,40.51533056640625,0.010933874174952507,0.15198181569576263,0.048706285655498505
1789059129650340600,40.52534057617188,0.045578137040138245,0.1224667951464653,-0.004803543444722891
1789059129660350500,40.5353505859375,0.025439579039812088,0.1101885586977005,-0.018490593880414963
1789059129670360600,40.54536059570312,-0.029047897085547447,0.14031024277210236,-0.04753369837999344
1789059129680370700,40.55537060546875,-0.08633195608854294,0.14223596453666687,-0.02461692877113819
1789059129690380500,40.565380615234375,-0.11780653148889542,0.149586021900177,0.001044225413352251
1789059129700390700,40.575390625,-0.12554141879081726,0.14816735684871674,0.02991342358291149
1789059129710399700,40.58539965820312,-0.162846177816391,0.1456109881401062,0.02750352956354618
1789059129720409600,40.59540966796875,-0.2001410871744156,0.13928891718387604,0.02557886391878128
1789059129730419700,40.605419677734375,-0.23304204642772675,0.15166142582893372,0.041428398340940475
1789059129740429600,40.6154296875,-0.27867797017097473,0.14615294337272644,0.00953917670994997
1789059129750439700,40.62543969726563,-0.3170378804206848,0.1494629979133606,-0.012320049107074738
1789059129760449500,40.63544946289063,-0.3638663589954376,0.14062155783176422,-0.031631164252758026
1789059129770459600,40.64545971679688,-0.3990400731563568,0.15065182745456696,-0.006843524985015392
1789059129780469800,40.6554697265625,-0.42132461071014404,0.12714757025241852,-0.04616536572575569
1789059129790479600,40.66547973632812,-0.4463883936405182,0.13292236626148224,-0.021275460720062256
1789059129800488700,40.67548876953125,-0.4782411456108093,0.10523587465286255,-0.01589054986834526
1789059129810498800,40.68549877929688,-0.4866146445274353,0.09148171544075012,0.033414147794246674
1789059129820508700,40.6955087890625,-0.5090347528457642,0.09102338552474976,0.04454296827316284
1789059129830518800,40.70551879882812,-0.5186365246772766,0.07042116671800613,0.03664722666144371
1789059129840528600,40.71552856445312,-0.5400898456573486,0.04824076592922211,-0.006313023157417774
1789059129850538800,40.725538818359375,-0.5807355642318726,0.05974109470844269,-0.03099227137863636
1789059129860548600,40.735548583984375,-0.5829558372497559,0.04566575586795807,-0.011462245136499405
1789059129870558700,40.74555883789063,-0.5885463356971741,0.010734936222434044,-0.021500231698155403
1789059129880568800,40.75556884765625,-0.5867146253585815,0.013952034525573254,0.01799098402261734
1789059129890578700,40.76557861328125,-0.5588494539260864,-0.08000748604536057,0.013711284846067429
1789059129900587500,40.77558740234375,-0.5390017032623291,-0.048339035362005234,0.06846614181995392
1789059129910597600,40.78559765625,-0.5659579634666443,-0.031504929065704346,0.03051130287349224
1789059129920607500,40.795607421875,-0.5545457601547241,-0.04656883329153061,0.03893914446234703
1789059129930617600,40.80561767578125,-0.5305690765380859,-0.058334413915872574,-0.019334282726049423
1789059129940627500,40.81562744140625,-0.49573758244514465,-0.07815152406692505,-0.039511457085609436
1789059129950637600,40.82563745117187,-0.4046068787574768,-0.12323484569787979,-0.03334863483905792
1789059129960647700,40.835647705078124,-0.37536749243736267,-0.11458383500576019,0.007845406420528889
1789059129970657500,40.845657470703124,-0.37620240449905396,-0.11953438818454742,0.06482560187578201
1789059129980667600,40.855667724609376,-0.3243091106414795,-0.13196521997451782,0.041616685688495636
1789059129990676700,40.8656767578125,-0.30869153141975403,-0.11738894134759903,0.0457211509346962
1789059130000686600,40.8756865234375,-0.2498023808002472,-0.1413573920726776,0.01709163561463356
1789059130010696700,40.88569677734375,-0.19142508506774902,-0.1493242383003235,0.02743668481707573
1789059130020706600,40.89570654296875,-0.18613632023334503,-0.166620671749115,0.02610963024199009
1789059130030716700,40.905716552734376,-0.14483362436294556,-0.16956719756126404,0.02467445284128189
1789059130040726800,40.91572680664063,-0.14299869537353516,-0.16596846282482147,0.024876320734620094
1789059130050736600,40.92573657226563,-0.14656281471252441,-0.14826376736164093,0.07785511761903763
1789059130060746800,40.93574682617187,-0.12709563970565796,-0.15720240771770477,0.10613016784191132
1789059130070756600,40.94575659179687,-0.11456172913312912,-0.15743009746074677,0.10361560434103012
1789059130080765700,40.955765625,-0.126498281955719,-0.1690681129693985,0.018254105001688004
1789059130090775800,40.96577587890625,-0.08464138209819794,-0.2125982791185379,-0.0368988960981369
1789059130100785700,40.97578564453125,-0.07601699978113174,-0.22214624285697937,-0.04109310731291771
1789059130110795800,40.98579565429687,-0.08023012429475784,-0.1798027902841568,0.015136608853936195
1789059130120805600,40.9958056640625,-0.056111473590135574,-0.1743566244840622,0.05411223694682121
1789059130130815700,41.005815673828124,-0.002097239252179861,-0.17734655737876892,0.036971867084503174
1789059130140825900,41.015825927734376,0.03359284624457359,-0.17333689332008362,-0.021641911938786507
1789059130150835700,41.025835693359376,0.10030610114336014,-0.18887165188789368,-0.009170861914753914
1789059130160845800,41.035845703125,0.1378558725118637,-0.20891806483268738,-0.007238738238811493
1789059130170855700,41.04585571289063,0.18602526187896729,-0.19174332916736603,0.024101607501506805
1789059130180864500,41.055864501953124,0.19926702976226807,-0.17962782084941864,0.03069053404033184
1789059130190874600,41.06587451171875,0.19499319791793823,-0.1772131323814392,0.030240725725889206
1789059130200884500,41.075884521484376,0.16937890648841858,-0.12031815201044083,0.01926104538142681
1789059130210894600,41.08589453125,0.18298792839050293,-0.1256231665611267,-0.00042530681821517646
1789059130220904700,41.09590478515625,0.20977932214736938,-0.14449645578861237,-0.009228652343153954
1789059130230914600,41.10591455078125,0.25947844982147217,-0.14814019203186035,-0.028117122128605843
1789059130240924700,41.11592456054687,0.28763923048973083,-0.1608022004365921,-0.028661206364631653
1789059130250934500,41.1259345703125,0.2853885889053345,-0.13615597784519196,-0.018311629071831703
1789059130260944600,41.135944580078124,0.28435981273651123,-0.13174684345722198,-0.0051867724396288395
1789059130270953700,41.14595361328125,0.3188307285308838,-0.12316427379846573,0.035182755440473557
1789059130280963600,41.15596362304687,0.32193437218666077,-0.11251562833786011,0.043656665831804276
1789059130290973700,41.1659736328125,0.32536372542381287,-0.09912658482789993,0.01998942159116268
1789059130300983600,41.175983642578124,0.3272383213043213,-0.10162170231342316,-0.020618725568056107
1789059130310993700,41.18599365234375,0.31000179052352905,-0.09159782528877258,-0.0211297869682312
1789059130321003800,41.196003662109376,0.30141204595565796,-0.06560724228620529,-0.057506170123815536
1789059130331013600,41.206013671875,0.29761651158332825,-0.055093344300985336,-0.014304104261100292
1789059130341023700,41.21602368164063,0.2746930718421936,-0.06276191771030426,-0.051600076258182526
1789059130351033600,41.22603369140625,0.28617289662361145,-0.06366659700870514,-0.05180487409234047
1789059130361042700,41.236042724609376,0.2505664527416229,-0.05904414504766464,-0.06945151090621948
1789059130371052800,41.246052734375,0.25709784030914307,-0.060634318739175797,-0.1979122757911682
1789059130381062700,41.25606274414063,0.22417770326137543,-0.03479712828993797,0.0009211873984895647
1789059130391072800,41.26607275390625,0.270889550447464,-0.03653697296977043,0.06245352327823639
1789059130401083000,41.27608276367187,0.2556504011154175,-0.03169987350702286,0.0416576974093914
1789059130411092700,41.2860927734375,0.3204565644264221,-0.03684190288186073,0.0590774342417717
1789059130421102600,41.2961025390625,0.25407275557518005,-0.03825071454048157,-0.047697748988866806
1789059130431112400,41.306112548828125,0.22403362393379211,-0.014869493432343006,-0.06316512078046799
1789059130441122600,41.31612255859375,0.18850892782211304,-0.004532167688012123,-0.04926634952425957
1789059130451132400,41.32613232421875,0.2452012300491333,-0.027758926153182983,0.006333529483526945
1789059130461141500,41.3361416015625,0.24514716863632202,-0.008905344642698765,0.04596163332462311
1789059130471151600,41.346151611328125,0.27330824732780457,-0.015861254185438156,0.049498043954372406
1789059130481161500,41.356161376953125,0.24136309325695038,-0.016143282875418663,0.006219013594090939
1789059130491171600,41.36617163085938,0.23941391706466675,0.00021278657368384302,-0.009328520856797695
1789059130501181700,41.376181640625,0.22966276109218597,-0.002877012826502323,0.012239888310432434
1789059130511191600,41.38619165039062,0.2217521071434021,-0.008893094025552273,0.009347163140773773
1789059130521201700,41.39620166015625,0.2121463418006897,0.010536263696849346,0.0554848313331604
1789059130531211500,41.40621142578125,0.18658505380153656,-0.004787831101566553,0.008492021821439266
1789059130541221600,41.4162216796875,0.18459194898605347,-0.00031904669594950974,0.014474546536803246
1789059130551230700,41.42623071289062,0.14836736023426056,-0.005175853613764048,-0.0036160401068627834
1789059130561240600,41.43624047851562,0.13467152416706085,-0.002609631512314081,0.015687616541981697
1789059130571250700,41.44625073242187,0.094759002327919,0.008194279856979847,0.012989302165806293
1789059130581260800,41.4562607421875,0.09709539264440536,-0.00868936162441969,0.01780802570283413
1789059130591270700,41.466270751953125,0.07846471667289734,0.013905695639550686,0.014903048984706402
1789059130601280800,41.47628076171875,0.054255515336990356,-0.007749265991151333,-0.02526381053030491
1789059130611290600,41.48629052734375,0.05366908758878708,-0.014732873067259789,-0.005922337528318167
1789059130621300700,41.49630078125,0.03564374893903732,-0.015176822431385517,-0.006482933182269335
1789059130631310600,41.506310546875,0.023504793643951416,0.007749265991151333,0.041196972131729126
1789059130641319700,41.516319580078125,-0.0038314899429678917,0.025130920112133026,-0.06443251669406891
1789059130651329800,41.52632983398438,-0.031390946358442307,0.05907663702964783,0.008697884157299995
1789059130661339600,41.53633959960938,0.04862639307975769,0.025525599718093872,0.08391407132148743
1789059130671349500,41.546349609375,0.07838694751262665,-0.009847571142017841,-0.032418392598629
1789059130681359600,41.55635961914062,0.10422787070274353,0.04134450852870941,0.018278872594237328
1789059130691369500,41.56636938476562,0.042381010949611664,0.01372433453798294,-0.11317475885152817
1789059130701379600,41.576379638671874,-0.04295172914862633,0.07823728024959564,-0.09560801833868027
1789059130711389400,41.586389404296874,-0.08057500422000885,0.07027549296617508,-0.052620332688093185
1789059130721400600,41.59640063476562,-0.03828240931034088,0.05014386028051376,0.0070738885551691055
1789059130731409700,41.60640966796875,-0.047393348067998886,0.07210028916597366,0.02412770688533783
1789059130741419500,41.61641943359375,-0.0341864675283432,0.052920207381248474,0.02947879582643509
1789059130751429600,41.6264296875,-0.08331353217363358,0.054004378616809845,-0.019240805879235268
1789059130761439500,41.636439453125,-0.14696334302425385,0.09464368224143982,-0.04148246347904205
1789059130771449600,41.64644970703125,-0.15881387889385223,0.06156003475189209,-0.05101125314831734
1789059130781459500,41.65645947265625,-0.16399691998958588,0.08805476129055023,-0.005477589555084705
1789059130791469600,41.666469482421874,-0.17894364893436432,0.05342567339539528,0.001392566948197782
1789059130801479700,41.676479736328126,-0.17341946065425873,0.04283348470926285,0.004970257636159658
1789059130811489500,41.686489501953126,-0.17080476880073547,0.046052444726228714,0.028851620852947235
1789059130821498600,41.69649853515625,-0.18948684632778168,0.03456303849816322,0.032111331820487976
1789059130831508700,41.7065087890625,-0.21346913278102875,0.04974065721035004,0.005913016386330128
1789059130841518300,41.716518310546874,-0.25247618556022644,0.041671279817819595,-0.03676414117217064
1789059130851528400,41.726528564453126,-0.26167768239974976,0.048221856355667114,-0.07833927869796753
1789059130861538300,41.736538330078126,-0.23941178619861603,0.04114264249801636,-0.05867955833673477
1789059130871548400,41.74654833984375,-0.21832089126110077,0.03278804197907448,-0.10085444152355194
1789059130881558500,41.75655859375,-0.1820978969335556,0.013452958315610886,-0.05510186776518822
1789059130891568400,41.766568359375,-0.14700542390346527,-0.004012584686279297,-0.06479524075984955
1789059130901578500,41.77657861328125,-0.11450580507516861,0.012968262657523155,-0.0007613977650180459
1789059130911587600,41.78658764648438,-0.0731506422162056,0.0025752766523510218,0.02292049489915371
1789059130921597400,41.79659741210938,-0.05798553675413132,0.01582263968884945,0.026451846584677696
1789059130931607600,41.80660766601562,-0.05233297869563103,0.011905395425856113,0.006628341507166624
1789059130941617400,41.81661743164062,-0.05524461343884468,0.029770145192742348,0.0018487664638087153
1789059130951627500,41.82662744140625,-0.051424574106931686,0.025659024715423584,0.012075038626790047
1789059130961637400,41.836637451171875,-0.047197338193655014,0.025952771306037903,0.007188670802861452
1789059130971647500,41.8466474609375,-0.02840314619243145,0.020737769082188606,0.03280907869338989
1789059130981657600,41.85665771484375,-0.01582636684179306,0.01528521254658699,0.06917880475521088
1789059130991667500,41.86666748046875,-0.011482219211757183,0.022345518693327904,0.07809320092201233
1789059131001676500,41.876676513671875,-0.006970025133341551,0.013055081479251385,0.0893770158290863
1789059131011686700,41.88668676757813,-0.004995291121304035,0.013314473442733288,0.08382805436849594
1789059131021696500,41.89669653320313,-0.04348382726311684,0.036496758460998535,0.08809470385313034
1789059131031706600,41.90670654296875,-0.05531411990523338,0.02755199931561947,0.026641197502613068
1789059131041716500,41.91671655273438,-0.06909304857254028,0.0309283547103405,0.008191883563995361
1789059131051726600,41.9267265625,-0.08229487389326096,0.014838334172964096,-0.02177533693611622
1789059131061736700,41.93673681640625,-0.10030210018157959,0.018040785565972328,0.010785535909235477
1789059131071746600,41.94674658203125,-0.1337287724018097,0.009063802659511566,0.012324044480919838
1789059131081756700,41.956756591796875,-0.153748020529747,-0.006272010505199432,-0.007241667713969946
1789059131091765500,41.966765625,-0.1790485829114914,0.0036658411845564842,-0.006345247384160757
1789059131101775400,41.976775390625,-0.19261978566646576,-0.019706327468156815,-0.0072962623089551926
1789059131111785500,41.98678540039062,-0.1995043158531189,-0.01974467560648918,-0.0021582257468253374
1789059131121795300,41.99679541015625,-0.22285118699073792,-0.011553325690329075,0.004807538352906704
1789059131131805400,42.006805419921875,-0.22211748361587524,-0.02606222778558731,-0.013802897185087204
1789059131141815300,42.016815185546875,-0.21327392756938934,-0.026068085804581642,-0.04513924941420555
1789059131151825400,42.02682543945313,-0.22968032956123352,-0.031374167650938034,-0.0810069665312767
1789059131161835500,42.03683544921875,-0.22408956289291382,-0.03898441791534424,-0.09742136299610138
1789059131171845400,42.04684545898437,-0.2642279267311096,-0.03015364147722721,-0.13673999905586243
1789059131181855500,42.05685546875,-0.2674673795700073,-0.049789126962423325,-0.14152038097381592
1789059131191864600,42.06686450195313,-0.2639469504356384,-0.061159759759902954,-0.17673322558403015
1789059131201874400,42.07687451171875,-0.2833819091320038,-0.051662661135196686,-0.14514094591140747
1789059131211884500,42.08688452148437,-0.26911962032318115,-0.05784172937273979,-0.10975152999162674
1789059131221894400,42.09689428710937,-0.2564091384410858,-0.05263924226164818,-0.10681406408548355
1789059131231904500,42.10690454101562,-0.23538775742053986,-0.04765939712524414,-0.06467700004577637
1789059131241914600,42.11691455078125,-0.1853078007698059,-0.05747207999229431,-0.026521354913711548
1789059131251924500,42.126924560546875,-0.20673108100891113,-0.05793680250644684,-0.003353186184540391
1789059131261934600,42.1369345703125,-0.18822290003299713,-0.05127597227692604,0.030537402257323265
1789059131271944400,42.1469443359375,-0.19177475571632385,-0.07004806399345398,0.07876937836408615
1789059131281953500,42.15695361328125,-0.11085567623376846,-0.05632292851805687,0.1829809993505478
1789059131291963600,42.166963623046875,-0.03068254515528679,-0.06908825784921646,0.20285910367965698
1789059131301973500,42.176973388671875,0.004711132030934095,-0.02875708043575287,0.20386338233947754
1789059131311983600,42.18698364257813,-0.018935874104499817,-0.025296568870544434,0.09341543167829514
1789059131321993500,42.19699340820313,-0.07646894454956055,-0.06033844128251076,-0.02413303218781948
1789059131332004600,42.207004638671876,-0.10143261402845383,-0.09231847524642944,-0.11285331100225449
1789059131342013700,42.217013671875,-0.1560194343328476,-0.10857947170734406,-0.18146486580371857
1789059131352023600,42.2270234375,-0.152667835354805,-0.08103306591510773,-0.1830691546201706
1789059131362033700,42.23703369140625,-0.1411467343568802,-0.10048665851354599,-0.2182159572839737
1789059131372043500,42.24704345703125,-0.060869742184877396,-0.07279351353645325,-0.16447389125823975
1789059131382053600,42.2570537109375,0.03729943558573723,-0.06412892043590546,-0.11519583314657211
1789059131392063700,42.26706372070313,0.17278748750686646,-0.052793439477682114,-0.07064807415008545
1789059131402073600,42.27707348632813,0.2830450236797333,-0.07844900339841843,-0.0896846130490303
1789059131412083700,42.28708374023437,0.3300098776817322,-0.048348888754844666,-0.08149246126413345
1789059131422093600,42.29709350585937,0.34829220175743103,-0.04283960908651352,-0.062010906636714935
1789059131432103700,42.307103759765624,0.3160359859466553,-0.016919860616326332,-0.04556348919868469
1789059131442112500,42.31711254882813,0.3166937828063965,0.036080773919820786,0.020802216604351997
1789059131452122400,42.32712231445313,0.3096761107444763,-0.0258084274828434,0.042832151055336
1789059131462132500,42.33713256835937,0.31088197231292725,-0.003284476464614272,0.12895238399505615
1789059131472142300,42.34714233398437,0.32797279953956604,-0.03577983379364014,0.1661868393421173
1789059131482152400,42.35715234375,0.2947719693183899,-0.09091819077730179,0.14155420660972595
1789059131492162600,42.36716259765625,0.2352980077266693,-0.04526069015264511,0.1333567202091217
1789059131502172400,42.37717236328125,0.15184386074543,-0.032409340143203735,0.11675910651683807
1789059131512182500,42.3871826171875,0.06684454530477524,-0.014540060423314571,0.11265011876821518
1789059131522192400,42.3971923828125,0.013942181132733822,-0.014995461329817772,0.11082052439451218
1789059131532201500,42.407201416015624,0.010935472324490547,-0.023547403514385223,0.06784562766551971
1789059131542211600,42.417211669921876,0.002587793627753854,-0.03727200627326965,0.04457758739590645
1789059131552221400,42.427221435546876,0.02623346820473671,-0.07058575004339218,-0.012285161763429642
1789059131562231600,42.4372314453125,0.04573100432753563,-0.0618780143558979,-0.023600401356816292
1789059131572241700,42.44724169921875,0.07694058865308762,-0.05992192402482033,-0.03443200886249542
1789059131582251500,42.45725146484375,0.09895694255828857,-0.027765052393078804,-0.016343286260962486
1789059131592261600,42.46726171875,0.11264905333518982,-0.0256345234811306,-0.06851620972156525
1789059131602271500,42.477271484375,0.12911218404769897,-0.01691426895558834,-0.13176122307777405
1789059131612280600,42.48728051757813,0.14772367477416992,-0.019121496006846428,-0.2159128487110138
1789059131622290700,42.49729077148437,0.1550401896238327,-0.048655420541763306,-0.22331351041793823
1789059131632300500,42.50730053710937,0.21921464800834656,-0.042932022362947464,-0.12663543224334717
1789059131642310700,42.517310546875,0.22015659511089325,-0.06100130081176758,-0.11927792429924011
1789059131652319500,42.52731958007813,0.23737819492816925,-0.029035113751888275,-0.04183400049805641
1789059131662329300,42.53732934570313,0.26058098673820496,-0.015578427352011204,-0.013845241628587246
1789059131672339500,42.54733935546875,0.23124760389328003,0.011992480605840683,0.03278591111302376
1789059131682349600,42.557349609375,0.21374957263469696,0.02611788734793663,0.053713828325271606
1789059131692359400,42.567359375,0.17711006104946136,0.05056650564074516,0.1182187870144844
1789059131702369500,42.57736962890625,0.1624983698129654,0.04246383532881737,0.13919250667095184
1789059131712378600,42.58737866210937,0.12066756188869476,0.05506032332777977,0.14106284081935883
1789059131722387700,42.5973876953125,0.08798898011445999,0.03723258897662163,0.06652576476335526
1789059131732397800,42.60739770507813,0.05890858918428421,0.05698632076382637,0.021382519975304604
1789059131742407700,42.61740771484375,0.05730616673827171,0.04259326681494713,-0.021216072142124176
1789059131752417800,42.62741772460937,0.061833806335926056,0.025794845074415207,-0.01998382806777954
1789059131762428000,42.637427978515625,0.08725021779537201,0.026735739782452583,-0.03602484613656998
1789059131772437800,42.647437744140625,0.08680014312267303,0.024142354726791382,-0.03189987689256668
1789059131782447900,42.65744775390625,0.09832897037267685,0.02520788460969925,-0.04069070518016815
1789059131792457700,42.66745776367188,0.08012093603610992,0.02160649187862873,-0.06713749468326569
1789059131802466800,42.677466796875,0.051953744143247604,0.0265439935028553,-0.07061877846717834
1789059131812477000,42.687476806640625,0.01435124222189188,0.024924257770180702,-0.08026314526796341
1789059131822486800,42.69748681640625,-0.01798059791326523,0.026098178699612617,-0.07530754059553146
1789059131832497000,42.70749682617188,-0.03568262979388237,0.022114889696240425,-0.050209108740091324
1789059131842507000,42.71750708007813,-0.03983849287033081,0.00962892547249794,-0.008915730752050877
1789059131852516600,42.7275166015625,-0.053469348698854446,0.022531142458319664,0.061468686908483505
1789059131862526700,42.73752661132813,-0.053113020956516266,0.020168384537100792,0.11133930832147598
1789059131872536600,42.74753662109375,-0.059189021587371826,0.0012604740913957357,0.09987439960241318
1789059131882546700,42.75754663085937,-0.07095939666032791,0.02598819136619568,0.09031151980161667
1789059131892555800,42.7675556640625,-0.09094828367233276,0.027118170633912086,0.03273291140794754
1789059131902565600,42.77756567382813,-0.07572086155414581,0.02394368313252926,0.036800358444452286
1789059131912575700,42.78757568359375,-0.04929431155323982,0.01757420040667057,0.0442899651825428
1789059131922585600,42.79758569335937,0.0083660539239645,-0.0037763623986393213,0.0642242580652237
1789059131932595700,42.807595703125,0.05679403990507126,-0.008202269673347473,0.06940863281488419
1789059131942605800,42.817605712890625,0.0686003640294075,0.028734175488352776,0.11920255422592163
1789059131952615700,42.82761572265625,0.08641957491636276,0.017140105366706848,0.1436450481414795
1789059131962625800,42.83762573242188,0.09478989243507385,0.04189684987068176,0.1852409690618515
1789059131972635000,42.847634765625,0.08074917644262314,0.0525825172662735,0.16575753688812256
1789059131982644700,42.857644775390625,0.09070780128240585,0.016266321763396263,0.1262817680835724
1789059131992654800,42.86765478515625,0.07759785652160645,0.007122890558093786,0.08627736568450928
1789059132002664700,42.87766479492188,0.03809066116809845,0.005835518706589937,0.00714765815064311
1789059132012674800,42.8876748046875,-0.007078149355947971,0.00010226538870483637,-0.05860898643732071
1789059132022685000,42.89768481445312,-0.07219536602497101,0.024773523211479187,-0.07258552312850952
1789059132032694800,42.90769482421875,-0.11049482226371765,0.0010868359822779894,-0.11224957555532455
1789059132042705000,42.917704833984374,-0.10988788306713104,-0.0013795174891129136,-0.04882213473320007
1789059132052714800,42.92771484375,-0.13401958346366882,0.020802216604351997,0.05746515840291977
1789059132062723800,42.93772387695312,-0.13435114920139313,0.05102430284023285,0.1916634440422058
1789059132072734000,42.94773388671875,-0.14009079337120056,0.012515258975327015,0.2795235216617584
1789059132082743800,42.957743896484374,-0.14791595935821533,-0.0023134879302233458,0.2515456974506378
1789059132092754000,42.96775390625,-0.1439896672964096,0.023811323568224907,0.19546963274478912
1789059132102763800,42.977763671875,-0.19131483137607574,-0.005574262235313654,0.035465314984321594
1789059132112773600,42.987773681640626,-0.26550838351249695,0.026488065719604492,-0.11122559010982513
1789059132122783700,42.99778369140625,-0.31107133626937866,0.043777842074632645,-0.25013020634651184
1789059132132793600,43.00779370117188,-0.31452038884162903,0.024037426337599754,-0.32116496562957764
1789059132142802700,43.017802734375,-0.2744366228580475,0.04247795045375824,-0.2686929702758789
1789059132152812800,43.027812744140626,-0.20097145438194275,0.04904184490442276,-0.126067116856575
1789059132162822700,43.03782275390625,-0.12123028934001923,0.02346164919435978,-0.026545856148004532
1789059132172832800,43.04783276367188,-0.03609728440642357,0.017650632187724113,-0.03588156774640083
1789059132182842600,43.05784252929688,-0.06828344613313675,0.009904296137392521,-0.050980094820261
1789059132192852700,43.06785278320312,-0.09951514005661011,0.03858441114425659,-0.03922516852617264
1789059132202862800,43.07786279296875,-0.17757399380207062,0.07508063316345215,-0.0034296188969165087
1789059132212872700,43.087872802734374,-0.23804186284542084,0.0716150626540184,0.06774735450744629
1789059132222882800,43.0978828125,-0.268049031496048,0.02737063728272915,-0.017482852563261986
1789059132232892000,43.10789184570312,-0.31494542956352234,0.007576959673315287,-0.004905276466161013
1789059132242901800,43.11790185546875,-0.3505476415157318,-0.027591414749622345,-0.01955825462937355
1789059132252911900,43.127911865234374,-0.391144335269928,-0.04453497752547264,-0.005617672111839056
1789059132262921700,43.137921630859374,-0.47630929946899414,-0.025619342923164368,-0.03484799340367317
1789059132272931800,43.147931884765626,-0.5204682350158691,-0.042455848306417465,-0.07874088734388351
1789059132282941700,43.157941650390626,-0.5332487225532532,-0.05106611177325249,-0.12921284139156342
1789059132292951800,43.16795190429688,-0.526015043258667,-0.0639699250459671,-0.1402399241924286
1789059132302962000,43.1779619140625,-0.4515954256057739,-0.10189680010080338,-0.12615181505680084
1789059132312970800,43.187970703125,-0.4044835567474365,-0.11662674695253372,-0.1172853484749794
1789059132322980900,43.19798095703125,-0.3549381196498871,-0.13247814774513245,-0.0990874320268631
1789059132332991000,43.20799096679688,-0.3007555603981018,-0.1543445587158203,-0.07353334128856659
1789059132343000600,43.21800048828125,-0.2639509439468384,-0.1412671059370041,-0.02020913176238537
1789059132353010700,43.2280107421875,-0.2143985778093338,-0.13799062371253967,0.03808347135782242
1789059132363020500,43.2380205078125,-0.15622608363628387,-0.14196112751960754,0.09149476140737534
1789059132373030700,43.24803076171875,-0.11623046547174454,-0.141459658741951,0.09245536476373672
1789059132383040800,43.258040771484374,-0.09335098415613174,-0.13027465343475342,0.06269001215696335
1789059132393050600,43.268050537109374,-0.06414303183555603,-0.15948952734470367,-0.06875642389059067
1789059132403059700,43.27805981445312,-0.0798381045460701,-0.1480776071548462,-0.17502880096435547
1789059132413069800,43.28806982421875,-0.053336724638938904,-0.1600988507270813,-0.16883109509944916
1789059132423079700,43.29807958984375,-0.009245696477591991,-0.1349671334028244,-0.08548667281866074
1789059132433089800,43.30808984375,0.06396540254354477,-0.1472965031862259,0.010275274515151978
1789059132443099600,43.318099609375,0.134921595454216,-0.12084412574768066,0.11089163273572922
1789059132453109800,43.32810986328125,0.20698833465576172,-0.10926630347967148,0.1524294912815094
1789059132463120000,43.33811987304688,0.2531947195529938,-0.0959041565656662,0.18006351590156555
1789059132473129700,43.34812963867188,0.30715328454971313,-0.07760504633188248,0.20864428579807281
1789059132483138800,43.358138916015626,0.3417104482650757,-0.09010592103004456,0.19511303305625916
1789059132493149000,43.36814892578125,0.4103473126888275,-0.08962948620319366,0.2149602472782135
1789059132503158800,43.37815869140625,0.40815767645835876,-0.10491842776536942,0.19781267642974854
1789059132513169000,43.3881689453125,0.395520955324173,-0.09301942586898804,0.17260798811912537
1789059132523178800,43.3981787109375,0.36530739068984985,-0.08033345639705658,0.12277013063430786
1789059132533188900,43.40818896484375,0.3393375873565674,-0.07215408980846405,0.08194892853498459
1789059132543198700,43.41819873046875,0.2908201217651367,-0.07099534571170807,0.050689809024333954
1789059132553208800,43.428208740234375,0.28326499462127686,-0.08869391679763794,0.020535901188850403
1789059132563218000,43.43821801757812,0.2379172295331955,-0.09542665630578995,-0.026280606165528297
1789059132573227800,43.44822778320312,0.19974108040332794,-0.08271032571792603,-0.0027326694689691067
1789059132583238000,43.45823779296875,0.15167607367038727,-0.08025382459163666,-0.0007329019135795534
1789059132593247700,43.468247802734375,0.0923328623175621,-0.07534828037023544,-0.03888161852955818
1789059132603257600,43.478257568359375,0.07875686138868332,-0.08739136159420013,-0.016831444576382637
1789059132613267700,43.48826782226563,0.05673518404364586,-0.09722694754600525,-0.02521773800253868
1789059132623277600,43.49827758789063,0.03363039717078209,-0.1087174266576767,0.016987772658467293
1789059132633286700,43.50828662109375,0.04379754886031151,-0.1126096323132515,0.019163575023412704
1789059132643296800,43.518296875,0.015842612832784653,-0.1123124286532402,0.013606356456875801
1789059132653306600,43.528306640625,-0.00615270109847188,-0.1074841171503067,-0.006821953225880861
1789059132663316700,43.53831665039063,-0.027700603008270264,-0.08439983427524567,0.004848551005125046
1789059132673326800,43.54832690429687,-0.0058656120672822,-0.07513576000928879,0.013825002126395702
1789059132683336700,43.55833666992187,0.025592444464564323,-0.06511508673429489,0.018338527530431747
1789059132693346800,43.56834692382812,0.04922080785036087,-0.0681295171380043,0.01930711790919304
1789059132703356700,43.57835668945312,0.09555847942829132,-0.05849233642220497,0.008972988463938236
1789059132713365800,43.58836572265625,0.16951818764209747,-0.0500091053545475,0.017725734040141106
1789059132723376400,43.59837646484375,0.21607130765914917,-0.07273838669061661,0.02526913769543171
1789059132733386200,43.60838623046875,0.2881164848804474,-0.0437040701508522,0.054186273366212845
1789059132743396400,43.618396240234375,0.30174893140792847,-0.03110305778682232,0.018334265798330307
1789059132753406200,43.62840625,0.30193030834198,-0.027463581413030624,0.004255465231835842
1789059132763416300,43.63841625976563,0.3155166804790497,0.02683054842054844,-0.027518443763256073
1789059132773426200,43.64842626953125,0.29001396894454956,0.05105093494057655,-0.03748692199587822
1789059132783436300,43.65843627929687,0.3325422704219818,0.030823426321148872,-0.02243633382022381
1789059132793445400,43.6684453125,0.34124866127967834,0.019401127472519875,-0.005789712071418762
1789059132803455200,43.67845532226563,0.3701429069042206,0.008626244962215424,0.024648355320096016
1789059132813465300,43.68846533203125,0.34861522912979126,0.013187174685299397,-0.008489890955388546
1789059132823475500,43.69847534179687,0.32101529836654663,0.010713630355894566,-0.0065532405860722065
1789059132833485300,43.7084853515625,0.25530341267585754,0.03687439486384392,-0.03827068954706192
1789059132843495400,43.718495361328124,0.20390865206718445,0.050287939608097076,-0.02461932599544525
1789059132853505300,43.72850537109375,0.15957528352737427,0.03676360845565796,-0.01912922039628029
1789059132863515400,43.738515380859376,0.15720240771770477,0.0029667613562196493,-0.0018016285030171275
1789059132873524200,43.74852416992187,0.12493661046028137,0.00119629199616611,0.013598632998764515
1789059132883534000,43.7585341796875,0.09937398880720139,0.01816914975643158,0.014792794361710548
1789059132893544200,43.768544189453124,0.060803428292274475,0.004286357667297125,0.008325840346515179
1789059132903554300,43.77855419921875,0.018811505287885666,0.005510612856596708,-0.008488825522363186
1789059132913564200,43.788564208984376,0.01050617080181837,0.005060538649559021,-0.0020367854740470648
1789059132923574300,43.79857421875,-0.0159510038793087,0.006284793838858604,0.0033574472181499004
1789059132933584100,43.80858422851563,-0.0348847471177578,0.0059899818152189255,0.027125094085931778
1789059132943593200,43.81859326171875,-0.030824758112430573,-0.015546469017863274,-0.001335575245320797
1789059132953603300,43.828603271484376,-0.045636728405952454,0.005387574899941683,0.01501010823994875
1789059132963613200,43.83861328125,-0.046238068491220474,-0.005372128449380398,-0.02563425712287426
1789059132973623300,43.84862329101563,-0.05035904422402382,-0.007044061087071896,-0.019297530874609947
1789059132983633200,43.85863305664063,-0.06875403225421906,-0.005672799423336983,-0.04126248508691788
1789059132993643300,43.86864331054687,-0.0771336629986763,-0.017006946727633476,-0.019054118543863297
1789059133003653400,43.8786533203125,-0.061295848339796066,-0.037515416741371155,-0.014108628034591675
1789059133013662500,43.88866235351563,-0.06443491578102112,-0.003950532991439104,0.03329324349761009
1789059133023672300,43.89867236328125,-0.05102616548538208,-0.029652699828147888,0.030958980321884155
1789059133033682400,43.90868237304687,-0.06169159337878227,-0.00851199496537447,0.049491919577121735
1789059133043692300,43.9186923828125,-0.05315403267741203,-0.03561152517795563,-0.004944690968841314
1789059133053702400,43.928702392578124,-0.043907005339860916,-0.024155404418706894,-0.004777444526553154
1789059133063712300,43.938712158203124,-0.05477003753185272,-0.042031873017549515,-0.043892089277505875
1789059133073722400,43.948722412109376,-0.04435095191001892,-0.04832518845796585,-0.02793016843497753
1789059133083732500,43.958732421875,-0.018991533666849136,-0.058581553399562836,-0.024698954075574875
1789059133093741000,43.96874096679687,0.010186058469116688,-0.04640105366706848,0.002442118711769581
1789059133103751200,43.978751220703124,0.07661914080381393,-0.04874064028263092,0.011415906250476837
1789059133113761300,43.98876123046875,0.15525536239147186,-0.05645901337265968,0.03470391780138016
1789059133123771100,43.998771240234376,0.2082916796207428,-0.044252946972846985,0.03821343183517456
1789059133133781200,44.00878125,0.2631075382232666,-0.03152437135577202,0.030363498255610466
1789059133143791000,44.018791015625,0.29703009128570557,-0.011533351615071297,0.012108327820897102
1789059133153801200,44.02880126953125,0.31490468978881836,0.004619519226253033,-0.028265459463000298
1789059133163810300,44.038810302734376,0.3548278510570526,0.003968109842389822,-0.02123897522687912
1789059133173820200,44.048820068359376,0.39350414276123047,0.012441489845514297,-0.021924473345279694
1789059133183830300,44.05883032226563,0.4025101661682129,0.02321530692279339,-0.05566858872771263
1789059133193840400,44.06884033203125,0.4507405459880829,0.029871080070734024,-0.024762338027358055
1789059133203850200,44.07885034179687,0.47966432571411133,0.02659299410879612,-0.031148863956332207
1789059133213860400,44.0888603515625,0.5223612189292908,0.03615773841738701,0.030191725119948387
1789059133223870200,44.0988701171875,0.5801935791969299,0.03447888046503067,0.05084054544568062
1789059133233879300,44.10887939453125,0.5904116034507751,0.03808586671948433,0.04676111415028572
1789059133243889400,44.11888940429687,0.5810905694961548,0.06156828999519348,0.022234732285141945
1789059133253899300,44.12889916992187,0.5282697081565857,0.08153773844242096,-0.005344697739928961
1789059133263909400,44.138909423828125,0.4733571708202362,0.10221292078495026,-0.01859339140355587
1789059133273919200,44.148919189453125,0.42882007360458374,0.10380628705024719,-0.0022650184109807014
1789059133283929300,44.158929443359376,0.3999047875404358,0.11098644137382507,0.019784357398748398
1789059133293939500,44.168939453125,0.39258694648742676,0.08583208173513412,0.03297765552997589
1789059133303948300,44.1789482421875,0.37759310007095337,0.09117119014263153,0.0687982365489006
1789059133313958100,44.188958251953125,0.3553099036216736,0.08177529275417328,0.06946642696857452
1789059133323968300,44.19896826171875,0.3101770281791687,0.09461971372365952,0.04676777124404907
1789059133333978000,44.20897802734375,0.2278161197900772,0.1358070969581604,0.015979232266545296
1789059133343988200,44.21898828125,0.16011430323123932,0.14180906116962433,-0.041668616235256195
1789059133353998000,44.228998046875,0.11380592733621597,0.14604829251766205,-0.06571509689092636
1789059133364008200,44.23900830078125,0.1079549640417099,0.15959924459457397,-0.02503477968275547
1789059133374018300,44.24901831054687,0.11025407165288925,0.12782959640026093,-0.022234998643398285
1789059133384027100,44.259027099609376,0.11216621845960617,0.13776053488254547,0.05035930871963501
1789059133394037200,44.26903735351563,0.08479451388120651,0.14114007353782654,0.007513842545449734
1789059133404047400,44.27904736328125,0.08420702069997787,0.13897253572940826,0.004907939583063126
1789059133414057200,44.28905712890625,0.04964292049407959,0.13471919298171997,-0.0010841728653758764
1789059133424067300,44.2990673828125,-0.02238280326128006,0.13603506982326508,-0.00012650014832615852
1789059133434077200,44.3090771484375,-0.12277199327945709,0.1344137340784073,0.0364629365503788
1789059133444086300,44.31908618164063,-0.2324151247739792,0.18455733358860016,-0.0012247877893969417
1789059133454096400,44.32909643554687,-0.34625008702278137,0.14640435576438904,0.0073356772772967815
1789059133464106200,44.33910620117187,-0.36591726541519165,0.12127689272165298,-0.023736221715807915
1789059133474116400,44.349116455078125,-0.3852507472038269,0.04572727531194687,0.011696070432662964
1789059133484126200,44.359126220703125,-0.3833804130554199,0.04230857640504837,0.0062973108142614365
1789059133494136300,44.36913623046875,-0.43196019530296326,0.06299228221178055,0.00395799009129405
1789059133504146400,44.379146484375,-0.4813474416732788,0.03849492967128754,0.014030598104000092
1789059133514156300,44.38915625,-0.5156529545783997,0.06837905943393707,0.049968358129262924
1789059133524165000,44.3991650390625,-0.5176988244056702,0.0529463067650795,0.06405781209468842
1789059133534175200,44.40917529296875,-0.4457010328769684,0.014423414133489132,0.03446103632450104
1789059133544185000,44.41918505859375,-0.4150315523147583,0.012078500352799892,-0.0027055053506046534
1789059133554195200,44.4291953125,-0.3765970766544342,-0.021043499931693077,-0.03412521257996559
1789059133564205000,44.439205078125,-0.3285991847515106,-0.004608600400388241,-0.0233513955026865
1789059133574215200,44.44921508789062,-0.3030269742012024,0.009064335376024246,-0.007505054119974375
1789059133584225300,44.45922534179687,-0.27336522936820984,0.0022069616243243217,0.02532426454126835
1789059133594234000,44.46923413085938,-0.23237891495227814,-0.02430187724530697,0.030115824192762375
1789059133604244200,44.479244140625,-0.2268880009651184,-0.02279825694859028,0.05062855780124664
1789059133614254300,44.48925439453125,-0.1599971204996109,-0.05253591388463974,0.02383023127913475
1789059133624264200,44.49926416015625,-0.11666509509086609,-0.052265070378780365,0.016288159415125847
1789059133634274300,44.5092744140625,-0.08191750198602676,-0.04465348646044731,-0.01215733028948307
1789059133644284200,44.5192841796875,-0.0205734521150589,-0.06286364793777466,-0.02646516263484955
1789059133654293200,44.52929321289062,0.008106395602226257,-0.044614341109991074,-0.0025334651581943035
1789059133664303400,44.53930346679687,0.043651338666677475,-0.05179475620388985,-0.0024647556710988283
1789059133674313200,44.54931323242187,0.06226523965597153,-0.06118426099419594,0.022046446800231934
1789059133684323300,44.5593232421875,0.06889384984970093,-0.04253733903169632,0.04406413063406944
1789059133694333400,44.56933349609375,0.09149449318647385,-0.06656011939048767,0.04978087171912193
1789059133704343300,44.57934326171875,0.1190720647573471,-0.051362257450819016,0.06779555976390839
1789059133714353400,44.589353515625,0.13014096021652222,-0.06817665696144104,0.05573516711592674
1789059133724362500,44.599362548828125,0.15239858627319336,-0.05345097556710243,0.04753822460770607
1789059133734372400,44.609372314453125,0.17235100269317627,-0.040847297757864,0.009702428244054317
1789059133744382500,44.61938256835938,0.22441233694553375,-0.0627286285161972,-0.012486230581998825
1789059133754392300,44.62939233398438,0.2708227038383484,-0.033659692853689194,-0.016353139653801918
1789059133764402400,44.63940234375,0.28811514377593994,-0.041197769343853,-0.05059313774108887
1789059133774412300,44.64941235351562,0.3177950084209442,-0.03009318746626377,-0.009061405435204506
1789059133784422400,44.65942236328125,0.34732866287231445,-0.03436250239610672,0.019641079008579254
1789059133794431500,44.66943139648438,0.3658408224582672,-0.014447382651269436,0.046186670660972595
1789059133804441300,44.67944140625,0.39056962728500366,-0.01607324182987213,0.04085582122206688
1789059133814451500,44.68945141601562,0.4026758074760437,-0.009105880744755268,0.016559801995754242
1789059133824461600,44.699461669921874,0.4014057517051697,0.014849785715341568,0.007948470301926136
1789059133834471400,44.709471435546874,0.40363696217536926,0.014101438224315643,-0.009557818993926048
1789059133844481500,44.7194814453125,0.40513259172439575,0.04426972568035126,-0.004071440547704697
1789059133854491400,44.729491455078126,0.38422757387161255,0.03279602900147438,0.006601177155971527
1789059133864500200,44.73950024414062,0.381730854511261,0.027649205178022385,0.00014407701382879168
1789059133874510300,44.74951025390625,0.34429800510406494,0.03862808644771576,0.03464426472783089
1789059133884520200,44.759520263671874,0.3229426443576813,0.04610837250947952,0.03527463227510452
1789059133894530300,44.7695302734375,0.28537848591804504,0.041426800191402435,0.027184216305613518
1789059133904540400,44.77954052734375,0.22599424421787262,0.05703265964984894,0.002526541007682681
1789059133914550300,44.78955029296875,0.16191940009593964,0.0760423019528389,0.00839961040765047
1789059133924560400,44.79956030273438,0.11763954907655716,0.0707830935716629,-0.03134540468454361
1789059133934569500,44.809569580078126,0.058876898139715195,0.06594199687242508,-0.005900233518332243
1789059133944579300,44.819579345703126,0.01900831237435341,0.054914914071559906,0.016223179176449776
1789059133954589400,44.82958935546875,-0.04398876428604126,0.054420895874500275,0.02690378576517105
1789059133964599300,44.83959936523438,-0.07250642776489258,0.057435594499111176,0.04964371770620346
1789059133974609400,44.849609375,-0.09296455979347229,0.05287200212478638,-0.015956329181790352
1789059133984619300,44.85961938476562,-0.12289982289075851,0.05296548083424568,-0.0264249499887228
1789059133994628400,44.86962841796875,-0.13279347121715546,0.0684211328625679,-0.04523325711488724
1789059134004638500,44.87963842773438,-0.14929893612861633,0.06290119886398315,-0.022651515901088715
1789059134014648300,44.8896484375,-0.1442383974790573,0.06720060855150223,0.0017446368001401424
1789059134024658400,44.89965844726562,-0.13443610072135925,0.06747491657733917,0.020616594702005386
1789059134034668500,44.90966845703125,-0.12315122783184052,0.07838588207960129,0.006323942448943853
1789059134044678400,44.919678466796874,-0.11142905801534653,0.06469457596540451,-0.02124962769448757
1789059134054688500,44.9296884765625,-0.0994163379073143,0.07154635339975357,-0.017188573256134987
1789059134064697600,44.93969750976562,-0.09070140868425369,0.06510656327009201,-0.016621321439743042
1789059134074707500,44.94970751953125,-0.07430938631296158,0.05028900131583214,0.015657523646950722
1789059134084717600,44.959717529296874,-0.07254797220230103,0.057981010526418686,0.04337703436613083
1789059134094727200,44.96972705078125,-0.06882593780755997,0.06369775533676147,0.03187031298875809
1789059134104737300,44.9797373046875,-0.06684640794992447,0.07084887474775314,0.011800733394920826
1789059134114747400,44.989747314453126,-0.050577156245708466,0.06371453404426575,-0.009270995855331421
1789059134124757200,44.99975732421875,-0.023876836523413658,0.04445508122444153,-0.041357025504112244
1789059134134766300,45.009766357421874,-0.01073946338146925,0.05255508795380592,-0.04428783431649208
1789059134144776400,45.0197763671875,-0.010453440248966217,0.04856061190366745,-0.035660259425640106
1789059134154786300,45.029786376953126,0.005046956706792116,0.055439822375774384,0.006494651082903147
1789059134164796400,45.03979638671875,0.011475294828414917,0.06209586188197136,-0.004113784991204739
1789059134174806300,45.04980615234375,0.0371289923787117,0.05938209965825081,0.027997812256217003
1789059134184816400,45.05981640625,0.06004709005355835,0.0502900667488575,0.022720225155353546
1789059134194826200,45.069826171875,0.05504593998193741,0.056652627885341644,0.024651283398270607
1789059134204835300,45.07983544921875,0.06614573299884796,0.06035095825791359,0.012012721039354801
1789059134214845400,45.08984545898438,0.06909597665071487,0.055445946753025055,-0.016703879460692406
1789059134224855300,45.09985522460938,0.05385630577802658,0.063202403485775,-0.023379357531666756
1789059134234865400,45.10986547851562,0.0631299689412117,0.0646013617515564,-0.02298467792570591
1789059134244875500,45.11987548828125,0.05264616757631302,0.06739635020494461,-0.01281379908323288
1789059134254885400,45.129885498046875,0.06552921235561371,0.06281890720129013,0.008205199614167213
1789059134264894500,45.13989453125,0.08861801773309708,0.053477607667446136,0.024032099172472954
1789059134274904600,45.14990454101562,0.09776890277862549,0.05444193631410599,0.03196991607546806
1789059134284914400,45.15991455078125,0.096749447286129,0.05883348733186722,0.01859126053750515
1789059134294924500,45.169924560546875,0.09794174134731293,0.05818793922662735,-0.018938804045319557
1789059134304934400,45.179934326171875,0.08872054517269135,0.06094670668244362,-0.03528155758976936
1789059134314944500,45.18994458007813,0.08508612960577011,0.05632292851805687,-0.016626114025712013
1789059134324953300,45.19995336914062,0.06945257633924484,0.07270509749650955,-0.036490365862846375
1789059134334963200,45.20996313476562,0.05547897145152092,0.08961430191993713,0.007404919248074293
1789059134344973300,45.219973388671875,0.06631830334663391,0.08212549239397049,-0.008793225511908531
1789059134354983400,45.2299833984375,0.07525613903999329,0.08158620446920395,0.01836356148123741
1789059134364993300,45.2399931640625,0.10370855033397675,0.07670409977436066,0.03220214322209358
1789059134375003400,45.25000341796875,0.10000968724489212,0.0683865174651146,0.010634268634021282
1789059134385013200,45.26001318359375,0.07350324839353561,0.06950264424085617,-0.024586569517850876
1789059134395022300,45.270022216796875,0.043663591146469116,0.09698113799095154,-0.01480637677013874
1789059134405032400,45.28003247070313,0.020373981446027756,0.08458705246448517,-0.03452868387103081
1789059134415042300,45.29004223632813,0.013113670982420444,0.09744692593812943,-0.019696472212672234
1789059134425052400,45.30005249023438,0.005679191090166569,0.12638430297374725,0.01398479100316763
1789059134435062500,45.3100625,0.027243072167038918,0.09975535422563553,0.017433052882552147
1789059134445072400,45.320072265625,0.04093518108129501,0.10722685605287552,0.02528032287955284
1789059134455082500,45.33008251953125,0.041553035378456116,0.10097375512123108,0.03242691606283188
1789059134465091600,45.34009155273438,0.021043499931693077,0.11428316682577133,0.027238812297582626
1789059134475101400,45.35010131835938,-0.04258394613862038,0.12602025270462036,-0.0024000408593565226
1789059134485111600,45.36011157226562,-0.09445299953222275,0.1224135309457779,-0.03125299513339996
1789059134495121400,45.37012133789062,-0.13306696712970734,0.14005564153194427,-0.028322717174887657
1789059134505131500,45.380131591796875,-0.15329287946224213,0.11674525588750839,-0.018675683066248894
1789059134515141400,45.390141357421875,-0.16537564992904663,0.12378372997045517,-0.006465089973062277
1789059134525150200,45.40015014648438,-0.1709594875574112,0.12258530408143997,0.02942793071269989
1789059134535160300,45.41016040039062,-0.17904645204544067,0.08757618814706802,-0.037522342056035995
1789059134545170400,45.42017041015625,-0.14682219922542572,0.09121459722518921,-0.006700779777020216
1789059134555180300,45.43018017578125,-0.18612007796764374,0.07994996011257172,-0.03879746422171593
1789059134565190400,45.4401904296875,-0.22232387959957123,0.0838719978928566,-0.025795111432671547
1789059134575200300,45.4502001953125,-0.2483253926038742,0.08581956475973129,-0.036792103201150894
1789059134585210400,45.46021044921875,-0.27007782459259033,0.08678682893514633,-0.008251005783677101
1789059134595219500,45.470219482421875,-0.26396507024765015,0.07422363013029099,-0.010308030992746353
1789059134605229300,45.480229248046875,-0.2750568687915802,0.06222981959581375,-0.010922422632575035
1789059134615239400,45.49023950195313,-0.28341013193130493,0.042747195810079575,0.006975085008889437
1789059134625249300,45.50024926757813,-0.28122687339782715,0.030523287132382393,-0.01350755337625742
1789059134635259400,45.51025927734375,-0.2925359904766083,0.022413961589336395,0.0008684568456374109
1789059134645269500,45.52026953125,-0.3041529655456543,0.015599998645484447,0.001558748190291226
1789059134655278300,45.5302783203125,-0.3360118269920349,0.014741661958396435,0.01835903339087963
1789059134665288400,45.54028833007813,-0.33934345841407776,-0.004859469830989838,0.017520936205983162
1789059134675298600,45.55029858398437,-0.32263582944869995,-0.011424162425100803,-0.002804841147735715
1789059134685308400,45.56030834960937,-0.32775309681892395,-0.028479311615228653,-0.021749237552285194
1789059134695318500,45.570318603515624,-0.3080526292324066,-0.03201732039451599,-0.02231862209737301
1789059134705328400,45.580328369140624,-0.31073257327079773,-0.028552282601594925,-0.001794171635992825
1789059134715337200,45.59033715820313,-0.27546459436416626,-0.03320695459842682,0.006301837973296642
1789059134725346800,45.60034692382813,-0.2424136996269226,-0.03670554980635643,0.018608305603265762
1789059134735357000,45.61035693359375,-0.20428761839866638,-0.05630694702267647,0.02882898412644863
1789059134745366800,45.62036669921875,-0.16805344820022583,-0.043242279440164566,0.03772980347275734
1789059134755377000,45.630376953125,-0.15684473514556885,-0.04439862444996834,0.016579242423176765
1789059134765386800,45.64038671875,-0.13349281251430511,-0.04682210087776184,-0.006365753710269928
1789059134775396900,45.65039697265625,-0.10295727103948593,-0.04147713631391525,-0.016937172040343285
1789059134785406000,45.66040600585937,-0.09456192702054977,-0.04725539684295654,-0.014428740367293358
1789059134795415800,45.67041577148437,-0.07143902778625488,-0.041318412870168686,0.008588960394263268
1789059134805426000,45.680426025390624,-0.034016821533441544,-0.043723512440919876,0.036506347358226776
1789059134815435800,45.690435791015624,-0.008876582607626915,-0.0615999810397625,0.036739371716976166
1789059134825445600,45.700445556640624,0.006910636555403471,-0.05717220902442932,0.04857499152421951
1789059134835455700,45.710455810546875,-0.009551160968840122,-0.053772684186697006,0.038236603140830994
1789059134845464800,45.72046484375,-0.017300959676504135,-0.03658517450094223,-0.002632800955325365
1789059134855474700,45.730474609375,-0.01907835341989994,-0.03551485016942024,-0.01817740499973297
1789059134865484800,45.74048486328125,0.005671733990311623,-0.04448198154568672,-0.006963100749999285
1789059134875494700,45.75049462890625,0.03879879415035248,-0.05059473216533661,0.028234301134943962
1789059134885504800,45.7605048828125,0.05067010223865509,-0.058455586433410645,-0.008317318744957447
1789059134895514600,45.7705146484375,0.04542820155620575,-0.046182408928871155,0.013309679925441742
1789059134905523700,45.780523681640624,0.05227705463767052,-0.05764598399400711,0.01733478158712387
1789059134915533800,45.790533935546875,0.043658796697854996,-0.03929467499256134,0.0552520714700222
1789059134925543700,45.800543701171875,0.046114496886730194,-0.0408204011619091,0.046241264790296555
1789059134935553800,45.8105537109375,0.03268497437238693,-0.03879399970173836,0.036249615252017975
1789059134945564000,45.82056396484375,0.035825639963150024,-0.030164027586579323,0.032948896288871765
1789059134955573800,45.83057373046875,0.052198488265275955,-0.027629230171442032,0.003063700394704938
1789059134965584000,45.840583984375,0.06547301262617111,-0.02526407688856125,-0.0002950782363768667
1789059134975593000,45.85059301757813,0.07034499943256378,-0.012986372224986553,-0.025598037987947464
1789059134985602800,45.86060278320313,0.08544193208217621,-0.006810501683503389,0.014447649009525776
1789059134995613000,45.87061303710937,0.1345578134059906,-0.025739451870322227,0.023128755390644073
1789059135005622800,45.88062280273437,0.1447412073612213,-0.011913117952644825,0.038303446024656296
1789059135015633000,45.8906328125,0.14511191844940186,-0.012338957749307156,0.042335473001003265
1789059135025642800,45.900642822265624,0.12985652685165405,-0.0024351945612579584,0.031088676303625107
1789059135035651600,45.91065161132813,0.12061270326375961,0.004798217210918665,-0.014377607963979244
1789059135045661700,45.92066162109375,0.10124725848436356,0.011572233401238918,-0.04392218217253685
1789059135055671800,45.930671875,0.076285719871521,0.02171967551112175,-0.006138586439192295
1789059135065681700,45.940681640625,0.053585994988679886,0.012583170086145401,0.01185346394777298
1789059135075691800,45.95069189453125,0.04063424468040466,0.018428009003400803,0.03952477127313614
1789059135085701600,45.96070166015625,0.04881947115063667,0.004769455175846815,0.006099704187363386
1789059135095710700,45.97071069335937,0.009636115282773972,0.003948402591049671,-0.019814716652035713
1789059135105720800,45.980720947265624,-0.009064601734280586,0.006487993057817221,-0.023059779778122902
1789059135115730700,45.990730712890624,-0.04482898861169815,-0.0004767058417201042,-0.017621604725718498
1789059135125740800,46.00074072265625,-0.06753537058830261,0.0049068741500377655,-0.006878412328660488
1789059135135750700,46.010750732421876,-0.1296250969171524,0.02738741599023342,0.005608084611594677
1789059135145760800,46.0207607421875,-0.1635119616985321,0.02353488653898239,0.0018804579740390182
1789059135155771000,46.03077099609375,-0.17837320268154144,0.030234068632125854,0.006054696626961231
1789059135165779700,46.04077978515625,-0.20144203305244446,0.0187063105404377,-0.0052320463582873344
1789059135175789800,46.050789794921876,-0.20692361891269684,0.010113886557519436,-0.00478410255163908
1789059135185800000,46.06080004882813,-0.2314518690109253,0.01344816479831934,-0.01636512391269207
1789059135195809800,46.07080981445313,-0.2537665069103241,0.010291253216564655,-0.0015267902053892612
1789059135205820000,46.08081982421875,-0.2695888578891754,-0.006905576679855585,0.009526393376290798
1789059135215829800,46.09082983398437,-0.2878672182559967,0.007201187312602997,0.025004951283335686
1789059135225838600,46.100838623046876,-0.295170396566391,-0.006893592420965433,0.011003648862242699
1789059135235848700,46.1108486328125,-0.2935016453266144,-0.011216968297958374,-0.020964404568076134
1789059135245858600,46.12085864257813,-0.3039233982563019,-0.025980466976761818,-0.024525849148631096
1789059135255868700,46.13086865234375,-0.3147488832473755,-0.0367010235786438,-0.044437240809202194
1789059135265878800,46.14087866210937,-0.33902040123939514,-0.033963561058044434,0.00427357479929924
1789059135275888600,46.150888671875,-0.3483196198940277,-0.03839079663157463,0.01998675800859928
1789059135285897700,46.16089770507813,-0.36990270018577576,-0.0374392494559288,0.05380011349916458
1789059135295907800,46.17090795898437,-0.3663545548915863,-0.04671690613031387,0.053890928626060486
1789059135305917700,46.18091772460937,-0.36852318048477173,-0.06060821935534477,0.026629479601979256
1789059135315927800,46.190927734375,-0.37172216176986694,-0.0727170780301094,0.004004062619060278
1789059135325937700,46.200937744140624,-0.3637923300266266,-0.08017659187316895,-0.046601325273513794
1789059135335947800,46.21094775390625,-0.3572295010089874,-0.08763637393712997,-0.02214258722960949
1789059135345956900,46.22095678710937,-0.356515496969223,-0.08115104585886002,0.006262955721467733
1789059135355966700,46.230966796875,-0.3346373736858368,-0.0739370733499527,0.02978585846722126
1789059135365976800,46.240976806640624,-0.2817339599132538,-0.098533496260643,0.026370620355010033
1789059135375986700,46.250986572265624,-0.24485954642295837,-0.08550744503736496,0.058475561439991
1789059135385996800,46.260996826171876,-0.20601867139339447,-0.1067163273692131,0.05391063541173935
1789059135396007000,46.2710068359375,-0.15880988538265228,-0.10271839052438736,0.06540670245885849
1789059135406016000,46.28101611328125,-0.12127342820167542,-0.10663323849439621,0.003853061469271779
1789059135416025900,46.29102587890625,-0.09458083659410477,-0.11342483013868332,-0.025313345715403557
1789059135426036000,46.301035888671876,-0.06371266394853592,-0.10153860598802567,-0.003922303672879934
1789059135436045800,46.3110458984375,-0.049797117710113525,-0.09243299812078476,-0.01077142171561718
1789059135446055700,46.3210556640625,-0.011149323545396328,-0.09057490527629852,0.01284735556691885
1789059135456065500,46.3310654296875,0.035587556660175323,-0.1103464812040329,0.027287812903523445
1789059135466074600,46.34107470703125,0.07125580310821533,-0.11731836944818497,0.048046354204416275
1789059135476084700,46.351084716796876,0.11646509170532227,-0.13876107335090637,0.043535757809877396
1789059135486094600,46.361094482421876,0.14264929294586182,-0.14862462878227234,0.022730879485607147
1789059135496104700,46.37110473632813,0.1265164017677307,-0.11098164319992065,0.025590848177671432
1789059135506114800,46.38111474609375,0.1302642673254013,-0.12030857056379318,0.011875834316015244
1789059135516124700,46.39112475585937,0.14190280437469482,-0.09532704949378967,0.01134053897112608
1789059135526133800,46.4011337890625,0.1498773843050003,-0.09659098833799362,0.011947739869356155
1789059135536144000,46.41114379882813,0.1937745362520218,-0.1043117567896843,-0.008597482927143574
1789059135546153700,46.42115380859375,0.2390674352645874,-0.10138494521379471,0.0330522246658802
1789059135556163800,46.43116381835937,0.2662982642650604,-0.10597703605890274,0.027027888223528862
1789059135566173700,46.44117358398437,0.29556241631507874,-0.09873376786708832,0.054551657289266586
1789059135576183800,46.451183837890625,0.300808310508728,-0.08708962798118591,0.02503477968275547
1789059135586194000,46.46119384765625,0.28748077154159546,-0.0662732943892479,-0.009257414378225803
1789059135596202800,46.47120263671875,0.26479464769363403,-0.06799023598432541,-0.04674060642719269
1789059135606212900,46.481212890625,0.2738078534603119,-0.05100725591182709,-0.031023962423205376
1789059135616223000,46.491222900390625,0.3042243421077728,-0.037094105035066605,0.028317658230662346
1789059135626232800,46.50123291015625,0.3227285146713257,-0.043377835303545,0.014162956736981869
1789059135636243000,46.51124291992188,0.3468588888645172,-0.03178615868091583,0.08532821387052536
1789059135646252800,46.52125268554688,0.32971638441085815,-0.045335255563259125,0.009296029806137085
1789059135656261600,46.53126171875,0.31960010528564453,-0.04206063598394394,-0.0011558119440451264
1789059135666271700,46.541271728515625,0.26997077465057373,-0.03315342590212822,-0.04700026661157608
1789059135676281600,46.551281494140625,0.23505672812461853,-0.027035346254706383,-0.012257198803126812
1789059135686291700,46.56129174804688,0.21155166625976562,-0.019233616068959236,-0.0038099181838333607
1789059135696301800,46.5713017578125,0.19732771813869476,-0.007419566623866558,0.03388819098472595
1789059135706311700,46.58131176757813,0.16582491993904114,-0.011150655336678028,0.010735735297203064
1789059135716320800,46.59132080078125,0.14485785365104675,0.005633384454995394,-0.0005446164286695421
1789059135726331400,46.60133129882813,0.1053173691034317,-0.004427771549671888,0.0001704423048067838
1789059135736341500,46.61134155273437,0.08105596899986267,-0.007200921420007944,0.011380219832062721
1789059135746351400,46.62135131835937,0.039557263255119324,-0.006837666034698486,0.020844828337430954
1789059135756361500,46.631361572265625,0.005553755909204483,-0.003323625074699521,0.011515242047607899
1789059135766371600,46.64137158203125,-0.03791143000125885,0.016028767451643944,0.013561614789068699
1789059135776380400,46.65138037109375,-0.058577559888362885,0.014239922165870667,0.009533051401376724
1789059135786390500,46.661390625,-0.07618984580039978,0.015186942182481289,0.003582484321668744
1789059135796400600,46.671400634765625,-0.0989777147769928,0.002377936616539955,-0.008978314697742462
1789059135806410500,46.681410400390625,-0.1353578269481659,0.02785453386604786,-0.0037609159480780363
1789059135816420400,46.69142041015625,-0.15373709797859192,0.030797326937317848,-0.014889201149344444
1789059135826430200,46.70143017578125,-0.1643468588590622,0.024705080315470695,0.026518160477280617
1789059135836439300,46.71143920898437,-0.15351472795009613,0.016220249235630035,0.01104732509702444
1789059135846449400,46.721449462890625,-0.1334046572446823,0.006743922829627991,0.04784075915813446
1789059135856459300,46.731459228515625,-0.12848207354545593,-0.014216220006346703,0.02014921046793461
1789059135866469400,46.74146948242188,-0.12885944545269012,-0.011300059035420418,0.029923809692263603
1789059135876479500,46.7514794921875,-0.14302080869674683,-0.014624482952058315,-0.0035446672700345516
1789059135886489300,46.7614892578125,-0.16333885490894318,0.01133680995553732,-0.008406001143157482
1789059135896498400,46.77149853515625,-0.1596650332212448,0.01423406321555376,-0.005723932292312384
1789059135906508500,46.78150854492188,-0.13655704259872437,-0.00017257283616345376,-0.00803022924810648
1789059135916518400,46.79151831054688,-0.106117382645607,0.00452817277982831,-0.009122392162680626
1789059135926528500,46.80152856445312,-0.07742980867624283,-0.010719489306211472,-0.004009122494608164
1789059135936538400,46.81153833007812,-0.049261290580034256,-0.01477308664470911,0.031918782740831375
1789059135946548500,46.821548583984374,-0.04640771076083183,-0.01432407833635807,0.03104713186621666
1789059135956557600,46.8315576171875,-0.05430158972740173,-0.011482485570013523,0.029169602319598198
1789059135966567400,46.8415673828125,-0.07358686625957489,-0.002862099092453718,-0.014038853347301483
1789059135976577500,46.85157763671875,-0.08016993850469589,-0.00022317290131468326,-0.02767157554626465
1789059135986587600,46.861587646484374,-0.06536595523357391,0.0005440838285721838,0.00287461606785655
1789059135996597500,46.871597412109374,-0.04369048774242401,-0.010906975716352463,-0.008667257614433765
1789059136006607600,46.881607666015626,-0.01630174182355404,-0.01068060752004385,-0.016039952635765076
1789059136016616400,46.89161645507812,0.017169931903481483,-0.018553178757429123,-0.02185043692588806
1789059136026626300,46.90162622070312,0.04556269198656082,-0.019463445991277695,0.001761148450896144
1789059136036636400,46.911636474609374,0.09369772672653198,-0.0199273694306612,0.024990571662783623
1789059136046646300,46.921646240234374,0.11214784532785416,-0.028561603277921677,0.013708088546991348
1789059136056656400,46.931656494140626,0.09850925952196121,-0.011057977564632893,-0.009456618689000607
1789059136066666200,46.941666259765626,0.11282561719417572,-0.012255334295332432,-0.012849485501646996
1789059136076675300,46.95167529296875,0.11330072581768036,-0.002014681464061141,-0.013681723736226559
1789059136086685400,46.961685546875,0.1075190007686615,-0.001306280493736267,0.0008878979133442044
1789059136096695300,46.9716953125,0.11512685567140579,-0.0036136433482170105,0.0020812603179365396
1789059136106705400,46.981705322265626,0.1299758404493332,-0.013015134260058403,0.02087358944118023
1789059136116715500,46.99171557617188,0.14227963984012604,-0.023570572957396507,0.025123728439211845
1789059136126725400,47.00172534179688,0.1243395283818245,-0.01830044388771057,0.031204791739583015
1789059136136734500,47.011734375,0.0974637046456337,-0.025474999099969864,0.0273237656801939
1789059136146744600,47.02174462890625,0.07178417593240738,-0.015874303877353668,0.020125774666666985
1789059136156754400,47.03175439453125,0.035467445850372314,-0.004493285436183214,-0.0070645674131810665
1789059136166764500,47.0417646484375,0.015725167468190193,-0.019995279610157013,-0.025950640439987183
1789059136176774400,47.0517744140625,0.006898119580000639,-0.016574183478951454,0.015968579798936844
1789059136186784500,47.06178442382812,-0.006533799227327108,-0.028053471818566322,-0.00768668157979846
1789059136196793300,47.07179345703125,-0.0037915424909442663,-0.04367078095674515,0.047811463475227356
1789059136206803200,47.08180322265625,-0.00407516909763217,-0.05708565562963486,0.0017936390358954668
1789059136216813300,47.09181323242188,-0.03820384293794632,-0.05053428187966347,-0.01287665031850338
1789059136226823400,47.10182348632812,-0.03374437987804413,-0.06587941199541092,-0.030408238992094994
1789059136236833300,47.11183325195312,-0.06823045015335083,-0.047265250235795975,-0.040641169995069504
1789059136246843400,47.121843505859374,-0.10272930562496185,0.009705091826617718,-0.008047273382544518
1789059136256852500,47.1318525390625,-0.09322235733270645,-0.007934622466564178,-0.010982610285282135
1789059136266862300,47.1418623046875,-0.04911961033940315,-0.008304535411298275,0.013572001829743385
1789059136276872400,47.15187255859375,0.008913866244256496,-0.050828561186790466,0.0020354539155960083
1789059136286882300,47.16188232421875,0.08126556128263474,-0.07190428674221039,-0.00839747954159975
1789059136296892400,47.171892333984374,0.06721711903810501,-0.04183400049805641,-0.009310411289334297
1789059136306902500,47.181902587890626,0.00666482700034976,-0.01649588532745838,-0.01531743723899126
1789059136316911400,47.19191137695312,-0.017799237743020058,0.00953970942646265,0.02719726599752903
1789059136326921500,47.20192138671875,-0.037281859666109085,0.020113257691264153,0.04596615955233574
1789059136336931600,47.211931640625,-0.0007214503129944205,0.003367567202076316,0.03247911483049393
1789059136346941400,47.22194140625,0.038304779678583145,-0.028063058853149414,0.0205761156976223
1789059136356951600,47.23195166015625,0.028120318427681923,-0.01366095058619976,-0.006937800906598568
1789059136366961400,47.24196142578125,0.011680890806019306,-0.01191285252571106,-0.021620873361825943
1789059136376970500,47.251970458984374,0.02184298075735569,-0.003941478207707405,-0.030232736840844154
1789059136386980600,47.261980712890626,0.003897536313161254,0.018626147881150246,0.005910619627684355
1789059136396990500,47.271990478515626,0.026084331795573235,0.004028031136840582,0.00854555144906044
1789059136407000600,47.28200048828125,0.01912602409720421,-0.0010684601729735732,0.014316621236503124
1789059136417010400,47.29201049804688,0.032286565750837326,-0.005541239399462938,0.030671359971165657
1789059136427020500,47.3020205078125,0.039081890136003494,-0.004584099166095257,0.018325744196772575
1789059136437029400,47.312029296875,0.01179167814552784,-0.001216531964018941,0.0068001155741512775
1789059136447039500,47.32203955078125,-0.00461712246760726,-0.0013137373607605696,-0.0008410262526012957
1789059136457049300,47.33204931640625,-0.003266633255407214,-0.013859356753528118,-0.02310638502240181
1789059136467059500,47.3420595703125,-0.018021877855062485,-0.006686664652079344,-0.01631585694849491
1789059136477069300,47.3520693359375,-0.023119967430830002,-0.015084677375853062,-0.021634988486766815
1789059136487078400,47.362078369140626,-0.01020017359405756,-0.008348477073013783,0.0080898841843009
1789059136497088500,47.37208862304688,-0.01757180318236351,-0.026974892243742943,-0.007129015866667032
1789059136507098400,47.38209838867188,-0.016445552930235863,-0.017590977251529694,0.0418209508061409
1789059136517108500,47.3921083984375,-0.02629898115992546,-0.013924337923526764,0.018038921058177948
1789059136527118300,47.40211840820312,-0.03532390296459198,-0.017043698579072952,0.005750563926994801
1789059136537128400,47.41212841796875,-0.04538638889789581,-0.013025520369410515,-0.04018816724419594
1789059136547137500,47.42213745117188,-0.05638045072555542,-0.021077588200569153,-0.02298680879175663
1789059136557147400,47.4321474609375,-0.044794633984565735,-0.0202149897813797,0.01074159424751997
1789059136567157500,47.44215747070312,-0.04198260232806206,-0.017411747947335243,-0.005097024142742157
1789059136577167600,47.452167724609374,-0.048166729509830475,-0.024956747889518738,-0.005681321490556002
1789059136587177500,47.462177490234374,-0.017414942383766174,-0.03295661881566048,0.014882010407745838
1789059136597187600,47.4721875,-0.007924501784145832,-0.03952956572175026,0.0234089195728302
1789059136607196400,47.48219653320312,-0.0012993563432246447,-0.039448607712984085,0.03464746102690697
1789059136617206300,47.49220629882812,-0.010093114338815212,-0.04569238796830177,0.003242664970457554
1789059136627216400,47.50221630859375,-0.023792413994669914,-0.03706321120262146,-0.006543386727571487
1789059136637226200,47.512226318359374,-0.03755855932831764,-0.02442917600274086,-0.011637747287750244
1789059136647236400,47.522236328125,-0.03840437904000282,-0.029353361576795578,-0.015614911913871765
1789059136657246500,47.53224658203125,-0.03197284787893295,-0.030905451625585556,-0.006448844447731972
1789059136667255300,47.54225537109375,-0.010606305673718452,-0.03363598883152008,-0.00968698225915432
1789059136677265400,47.552265380859374,0.008687231689691544,-0.04340579733252525,0.025722406804561615
1789059136687275500,47.562275634765626,0.013409015722572803,-0.03754178434610367,0.01359570398926735
1789059136697285400,47.572285400390626,0.01728098653256893,-0.041793785989284515,0.04213813319802284
1789059136707295500,47.58229541015625,0.006556968670338392,-0.02273993380367756,0.021927403286099434
1789059136717305300,47.59230541992188,-0.0010586065473034978,-0.006401173770427704,-0.006395847536623478
1789059136727314400,47.602314453125,0.01128221582621336,-0.014370949938893318,-0.0400046743452549
1789059136737324500,47.612324462890626,0.036789972335100174,-0.00746111199259758,-0.02178891934454441
1789059136747334400,47.62233447265625,0.04481647163629532,-0.008352472446858883,0.024048611521720886
1789059136757344500,47.63234448242188,0.05588670074939728,-0.002127333078533411,0.011846006847918034
1789059136767354400,47.64235424804688,0.07252319902181625,0.005614209920167923,0.06384023278951645
1789059136777364500,47.65236450195312,0.05209675803780556,-0.008769523352384567,-0.020667195320129395
1789059136787373600,47.66237353515625,0.045039381831884384,0.003655987558886409,0.001341700553894043
1789059136797383400,47.67238354492188,0.0016311861108988523,-0.014955779537558556,-0.04199778288602829
1789059136807393500,47.6823935546875,-0.017519338056445122,0.005957491230219603,-0.015397331677377224
1789059136817403400,47.6924033203125,-0.03798839449882507,-0.010952250100672245,-0.0011315771844238043
1789059136827413200,47.70241333007812,-0.051592353731393814,0.004849882796406746,0.03321947157382965
1789059136837422300,47.71242236328125,-0.09186707437038422,-0.004384894855320454,0.02135642059147358
1789059136847432400,47.72243237304688,-0.08660919219255447,-0.028615666553378105,0.012926717288792133
1789059136857442300,47.7324423828125,-0.10530804842710495,-0.027051856741309166,0.001978995045647025
1789059136867452400,47.74245239257812,-0.1226462870836258,-0.04280339181423187,-0.018933210521936417
1789059136877462300,47.75246215820312,-0.12854811549186707,-0.06023377925157547,-0.005768939387053251
1789059136887472400,47.762472412109375,-0.14748932421207428,-0.05109887197613716,0.0007877630414441228
1789059136897481500,47.7724814453125,-0.15289421379566193,-0.05920393392443657,0.001321194227784872
1789059136907491300,47.7824912109375,-0.13135004043579102,-0.07302121073007584,0.014799985103309155
1789059136917501400,47.79250146484375,-0.14200720191001892,-0.06508739292621613,0.004839229863137007
1789059136927511600,47.802511474609375,-0.14108388125896454,-0.07367874681949615,-0.013688648119568825
1789059136937521400,47.812521484375,-0.10120943933725357,-0.07184676080942154,0.012826848775148392
1789059136947531500,47.82253149414063,-0.08641105145215988,-0.07746043801307678,-0.011343201622366905
1789059136957540600,47.83254052734375,-0.03471750020980835,-0.0881812572479248,0.026125609874725342
1789059136967550500,47.842550537109375,-0.02383396029472351,-0.09393395483493805,-0.0007688545738346875
1789059136977560600,47.852560546875,0.008755674585700035,-0.07872943580150604,0.02123870886862278
1789059136987570400,47.8625703125,0.029954703524708748,-0.08005781471729279,0.019280754029750824
1789059136997580500,47.87258056640625,0.05654903128743172,-0.08900497108697891,0.025164475664496422
1789059137007589400,47.88258935546875,0.07308273017406464,-0.07534801959991455,0.020238958299160004
1789059137017599200,47.89259912109375,0.09120527654886246,-0.0875634029507637,-0.00310577847994864
1789059137027609300,47.902609375,0.11410500109195709,-0.07798987627029419,-0.0018407768802717328
1789059137037619500,47.91261938476563,0.13150689005851746,-0.08970192074775696,-0.022346850484609604
1789059137047629300,47.92262939453125,0.16665023565292358,-0.09218425303697586,-0.0000852211524033919
1789059137057639400,47.93263940429687,0.19306239485740662,-0.08384376764297485,0.013167999684810638
1789059137067648500,47.9426484375,0.2074171006679535,-0.08130071312189102,0.022637667134404182
1789059137077658400,47.95265844726563,0.2197275608778,-0.06488845497369766,0.03404824808239937
1789059137087668500,47.96266845703125,0.22767017781734467,-0.08198434859514236,0.01757127046585083
1789059137097678300,47.97267822265625,0.23188063502311707,-0.06395980715751648,0.008847021497786045
1789059137107688400,47.9826884765625,0.21683484315872192,-0.07514295727014542,-0.046061769127845764
1789059137117698300,47.9926982421875,0.2182934582233429,-0.06980811059474945,-0.004760933108627796
1789059137127707400,48.00270727539063,0.21523427963256836,-0.04574937745928764,0.0016194682102650404
1789059137137717500,48.01271752929687,0.2172585427761078,-0.044982653111219406,-0.021563082933425903
1789059137147727600,48.0227275390625,0.25555986166000366,-0.04523512348532677,0.0030415961518883705
1789059137157737500,48.03273754882812,0.27300649881362915,-0.04613234102725983,-0.01267025526612997
1789059137167747600,48.04274755859375,0.28681525588035583,-0.05158409848809242,0.01558428630232811
1789059137177757400,48.05275732421875,0.3027907609939575,-0.045631133019924164,0.019631758332252502
1789059137187766500,48.0627666015625,0.2763229310512543,-0.02365685999393463,0.015548067167401314
1789059137197776400,48.0727763671875,0.2782289683818817,-0.024353543296456337,0.01041429117321968
1789059137207786200,48.0827861328125,0.25492656230926514,-0.00823982059955597,0.01284815464168787
1789059137217796400,48.09279638671875,0.238050639629364,-0.01044545043259859,-0.001987783471122384
1789059137227806200,48.10280615234375,0.2610853910446167,0.002597114769741893,-0.006302104331552982
1789059137237815300,48.11281518554687,0.2796609401702881,0.001511343871243298,0.010993262752890587
1789059137247825400,48.12282543945312,0.29200121760368347,0.012447348795831203,0.02461586333811283
1789059137257835300,48.13283520507812,0.31888318061828613,-0.00006125270738266408,0.016225041821599007
1789059137267845400,48.142845458984375,0.3243162930011749,0.010233462788164616,0.01197863183915615
1789059137277855500,48.15285546875,0.3114124834537506,0.03545679524540901,0.014932343736290932
1789059137287865300,48.162865234375,0.2678426206111908,0.03435078263282776,-0.01901150867342949
1789059137297874400,48.17287451171875,0.2433258295059204,0.06066334620118141,-0.036199815571308136
1789059137307884500,48.182884521484375,0.22880467772483826,0.06199998781085014,-0.004884503781795502
1789059137317894400,48.192894287109375,0.24722950160503387,0.06360107660293579,0.022960709407925606
1789059137327904500,48.20290454101563,0.23152457177639008,0.06424396485090256,0.016827715560793877
1789059137337914400,48.21291430664063,0.25171399116516113,0.06789915263652802,0.04500076547265053
1789059137347924500,48.22292456054687,0.21057482063770294,0.05973497033119202,-0.03148601949214935
1789059137357933600,48.23293359375,0.20022150874137878,0.06478139013051987,-0.015843411907553673
1789059137367943400,48.242943359375,0.1393887847661972,0.06810741126537323,-0.03152303770184517
1789059137377953500,48.25295361328125,0.11809495091438293,0.06169319152832031,-0.026638269424438477
1789059137387963600,48.26296362304687,0.0761224627494812,0.07629210501909256,0.014362161047756672
1789059137397973500,48.27297338867187,0.06668341904878616,0.074287548661232,-0.00046312372433021665
1789059137407982300,48.282982421875,0.055745288729667664,0.07313679158687592,0.006584133021533489
1789059137417992400,48.29299243164063,0.05972937494516373,0.07236874103546143,-0.008241950534284115
1789059137428002300,48.30300219726563,0.052679188549518585,0.07169469445943832,0.021258417516946793
1789059137438012400,48.31301245117187,0.056118663400411606,0.0630897507071495,-0.0011073424248024821
1789059137448022300,48.32302221679687,0.06154991313815117,0.06860462576150894,0.023877102881669998
1789059137458032400,48.333032470703124,0.08593221753835678,0.06932155042886734,0.015148859471082687
1789059137468041500,48.34304150390625,0.10939732939004898,0.0738220289349556,0.03033047541975975
1789059137478051300,48.35305126953125,0.11237048357725143,0.0917205959558487,0.04345426708459854
1789059137488061400,48.3630615234375,0.13646410405635834,0.08126290142536163,0.017004549503326416
1789059137498071600,48.373071533203124,0.15258900821208954,0.0854930654168129,0.00002609897819638718
1789059137508081400,48.383081298828124,0.1496608704328537,0.10029517859220505,-0.0027276095934212208
1789059137518091500,48.393091552734376,0.1462661325931549,0.1023721769452095,-0.019592342898249626
1789059137528100600,48.4031005859375,0.15979579091072083,0.10927269607782364,0.02906787022948265
1789059137538110500,48.4131103515625,0.16494394838809967,0.0929456502199173,0.029278792440891266
1789059137548120600,48.42312060546875,0.16513410210609436,0.09915001690387726,0.04613820090889931
1789059137558130400,48.43313037109375,0.15485882759094238,0.08564645797014236,0.032520126551389694
1789059137568140500,48.443140625,0.133388951420784,0.10279349237680435,0.024536235257983208
1789059137578149400,48.4531494140625,0.09667114913463593,0.10716613382101059,0.0019520970527082682
1789059137588159200,48.4631591796875,0.08993468433618546,0.09911246597766876,0.00532499048858881
1789059137598169300,48.47316943359375,0.0831683874130249,0.09650763124227524,0.004790760576725006
1789059137608179500,48.483179443359376,0.06786533445119858,0.08998128771781921,0.005714877508580685
1789059137618189300,48.493189208984376,0.05782894417643547,0.09831032156944275,0.016110526397824287
1789059137628199400,48.50319946289063,0.045689456164836884,0.10225526243448257,0.026336265727877617
1789059137638208500,48.51320849609375,0.020566260442137718,0.10973608493804932,0.037457093596458435
1789059137648218400,48.52321826171875,0.02227175049483776,0.09191687405109406,0.05510586127638817
1789059137658228500,48.533228515625,-0.0018559569725766778,0.09496220201253891,0.0403684601187706
1789059137668238300,48.54323828125,-0.024715200066566467,0.08885210752487183,-0.006895190104842186
1789059137678248400,48.55324853515625,-0.05777621269226074,0.09003827720880508,-0.034862108528614044
1789059137688258300,48.56325830078125,-0.09092431515455246,0.09609723836183548,-0.030438866466283798
1789059137698267400,48.573267333984376,-0.1151186004281044,0.10396873950958252,-0.025235315784811974
1789059137708277500,48.58327758789063,-0.13982421159744263,0.10829797387123108,-0.02611229382455349
1789059137718287400,48.59328735351563,-0.1615542769432068,0.10239294916391373,-0.008712531067430973
1789059137728296700,48.603296630859376,-0.15688708424568176,0.09059195220470428,0.02154071256518364
1789059137738306800,48.61330688476563,-0.15440581738948822,0.08853838592767715,0.038974564522504807
1789059137748316000,48.62331591796875,-0.15964984893798828,0.08657803386449814,0.02533252164721489
1789059137758325800,48.63332568359375,-0.1832345426082611,0.08757458627223969,-0.002418416552245617
1789059137768336000,48.6433359375,-0.2079809010028839,0.10142675787210464,-0.015296664088964462
1789059137778345700,48.653345703125,-0.20123377442359924,0.10148108750581741,-0.028001008555293083
1789059137788355800,48.66335595703125,-0.18903996050357819,0.10981358587741852,-0.009607086889445782
1789059137798366000,48.67336596679687,-0.16714026033878326,0.10166697204113007,-0.024025708436965942
1789059137808374800,48.683374755859376,-0.13341504335403442,0.08998262137174606,-0.00012117382721044123
1789059137818385000,48.69338500976563,-0.1081634908914566,0.07961972802877426,0.0028876655269414186
1789059137828395000,48.70339501953125,-0.1051328107714653,0.07792729139328003,0.02129250578582287
1789059137838404900,48.71340478515625,-0.11257847398519516,0.07802875339984894,0.00797590147703886
1789059137848415000,48.7234150390625,-0.13770513236522675,0.08737378567457199,-0.0020178770646452904
1789059137858423800,48.733423828125,-0.1588013619184494,0.07831424474716187,-0.036232840269804
1789059137868433700,48.74343359375,-0.1568940132856369,0.07981839776039124,-0.027690749615430832
1789059137878443800,48.75344384765625,-0.14688211679458618,0.06174112856388092,0.0005936186062172055
1789059137888453600,48.76345361328125,-0.15545883774757385,0.055088020861148834,0.02063443884253502
1789059137898463700,48.77346362304687,-0.18928150832653046,0.048464205116033554,-0.0026341325137764215
1789059137908473900,48.783473876953124,-0.17609061300754547,0.04622901231050491,-0.002862365450710058
1789059137918482700,48.79348266601563,-0.198225736618042,0.0374741367995739,-0.07148270308971405
1789059137928492800,48.80349291992187,-0.22157180309295654,0.037891190499067307,-0.05047941952943802
1789059137938503000,48.8135029296875,-0.22756019234657288,0.027121631428599358,-0.0448918417096138
1789059137948512800,48.8235126953125,-0.21821941435337067,0.02737756259739399,0.010673150420188904
1789059137958523000,48.83352294921875,-0.20694465935230255,0.025785790756344795,0.010407899506390095
1789059137968532000,48.84353198242187,-0.18659411370754242,0.01474831998348236,0.01133734267205
1789059137978541800,48.85354174804687,-0.18233917653560638,0.00857457984238863,-0.0012024171883240342
1789059137988552000,48.863552001953124,-0.177285298705101,0.015078818425536156,0.003622697899118066
1789059137998561800,48.873561767578124,-0.15244705975055695,0.008768990635871887,0.006598247680813074
1789059138008572000,48.883572021484376,-0.12332672625780106,-0.003808586625382304,0.005578257143497467
1789059138018581800,48.893581787109376,-0.10477381944656372,-0.011120028793811798,0.004247209057211876
1789059138028590800,48.9035908203125,-0.08686991780996323,-0.01540319062769413,0.02069302834570408
1789059138038601000,48.91360107421875,-0.06890583038330078,-0.013517140410840511,0.017767811194062233
1789059138048610800,48.92361083984375,-0.052799299359321594,-0.02034255675971508,-0.007131412625312805
1789059138058620700,48.93362060546875,-0.03539793938398361,-0.013843909837305546,0.0015864450251683593
1789059138068630800,48.943630859375,-0.04310033097863197,-0.016275908797979355,-0.020359067246317863
1789059138078640600,48.953640625,-0.049551840871572495,-0.0015036207623779774,-0.007698932196944952
1789059138088649700,48.963649658203124,-0.044321659952402115,-0.007751130498945713,-0.010772219859063625
1789059138098659800,48.973659912109376,-0.03431056812405586,-0.005190767347812653,0.017354488372802734
1789059138108669700,48.983669677734376,-0.05086584389209747,-0.009395898319780827,0.014718492515385151
1789059138118679800,48.9936796875,-0.05565660446882248,-0.005843774415552616,0.036558277904987335
1789059138128689700,49.00368969726563,-0.06058371812105179,-0.015303055755794048,0.03178828954696655
1789059138138698800,49.01369873046875,-0.08210232853889465,0.0016279903938993812,0.04200071468949318
1789059138148708900,49.023708984375,-0.0887109637260437,-0.01128221582621336,0.026432672515511513
1789059138158718700,49.03371875,-0.08604326844215393,-0.004132160916924477,0.0012442287988960743
1789059138168728800,49.04372875976563,-0.09931593388319016,0.006447246763855219,0.0015009575290605426
1789059138178739000,49.05373901367187,-0.0977630466222763,-0.0026644926983863115,0.003236539661884308
1789059138188748800,49.06374877929687,-0.0798780545592308,-0.003094060579314828,0.003425091505050659
1789059138198758000,49.0737578125,-0.06704294681549072,-0.00768881244584918,0.01023000106215477
1789059138208768000,49.08376806640625,-0.07353334128856659,-0.0006303702248260379,0.018604576587677002
1789059138218777900,49.09377783203125,-0.0925123542547226,0.006814230233430862,0.027545075863599777
1789059138228788000,49.1037880859375,-0.10414424538612366,0.004985969979315996,0.03988802805542946
1789059138238797800,49.1137978515625,-0.0974234938621521,0.006156429648399353,0.03869173675775528
1789059138248806700,49.123806640625,-0.09468496590852737,0.0018788601737469435,0.005842442624270916
1789059138258816800,49.13381665039063,-0.08089911192655563,-0.019750002771615982,-0.01619734615087509
1789059138268826600,49.14382666015625,-0.07811424136161804,-0.016701215878129005,0.0103141563013196
1789059138278836700,49.15383666992187,-0.08068472892045975,-0.014022608287632465,-0.013670538552105427
1789059138288846800,49.163846923828125,-0.07180654257535934,-0.006468818057328463,0.009898703545331955
1789059138298856700,49.173856689453125,-0.06796041131019592,-0.007450992241501808,0.009297095239162445
1789059138308865800,49.18386572265625,-0.06172088906168938,-0.008917062543332577,0.020972659811377525
1789059138318876000,49.1938759765625,-0.05691388249397278,-0.023613983765244484,0.02918744646012783
1789059138328885800,49.2038857421875,-0.07579036802053452,-0.01408465951681137,-0.011780226603150368
1789059138338896000,49.213895751953125,-0.08416574448347092,-0.01739523559808731,-0.017498565837740898
1789059138348905700,49.22390576171875,-0.07861091941595078,-0.017253555357456207,-0.014536865055561066
1789059138358914800,49.23391479492187,-0.08113959431648254,-0.018852517008781433,-0.02009514905512333
1789059138368925000,49.243925048828125,-0.07425558567047119,-0.007080812472850084,-0.013730726204812527
1789059138378934800,49.253934814453125,-0.04965303838253021,-0.002547047333791852,0.0037766287568956614
1789059138388945000,49.26394482421875,-0.03618383780121803,-0.007651794236153364,0.014969095587730408
1789059138398954800,49.27395483398438,-0.005594236310571432,-0.01636991836130619,0.04440474882721901
1789059138408963800,49.2839638671875,0.008892028592526913,-0.026556510478258133,0.021578527987003326
1789059138418974000,49.293973876953125,0.012793559581041336,-0.022036327049136162,0.0335150845348835
1789059138428983800,49.30398388671875,-0.004032824654132128,-0.02095162123441696,-0.006625678390264511
1789059138438993700,49.31399365234375,-0.023335948586463928,-0.0156500656157732,-0.024959411472082138
1789059138449003800,49.32400366210938,-0.03007747419178486,-0.009808155708014965,-0.036562271416187286
1789059138459013600,49.334013671875,-0.01991325430572033,0.0025355955585837364,0.0006149238906800747
1789059138469022700,49.344022705078125,-0.004799815360456705,-0.0017270599491894245,0.023811856284737587
1789059138479032800,49.35403271484375,0.007574296556413174,-0.0031814121175557375,0.02983725816011429
1789059138489042700,49.36404272460938,0.035175830125808716,-0.014416489750146866,0.04918219521641731
1789059138499052800,49.374052734375,0.027906998991966248,-0.03140266239643097,-0.029701702296733856
1789059138509062700,49.38406274414063,0.0007206514128483832,-0.015306252054870129,-0.014220214448869228
1789059138519071700,49.39407177734375,-0.03169720992445946,-0.02184084989130497,-0.044742971658706665
1789059138529081900,49.40408178710938,-0.03026575967669487,-0.016383234411478043,-0.011492072604596615
1789059138539091700,49.414091796875,-0.04068990424275398,-0.009848635643720627,0.019533220678567886
1789059138549101800,49.42410180664063,-0.042813245207071304,-0.009250489994883537,0.022289326414465904
1789059138559112000,49.43411181640625,-0.04608387127518654,-0.008334096521139145,0.01823466457426548
1789059138569121800,49.44412182617187,-0.04324973747134209,-0.009894176386296749,0.01429132092744112
1789059138579131000,49.454130859375,-0.06333822757005692,-0.008160724304616451,0.017777131870388985
1789059138589141000,49.46414111328125,-0.07274024933576584,-0.010630539618432522,0.031136346980929375
1789059138599150800,49.47415087890625,-0.08523286879062653,-0.032036762684583664,0.030075078830122948
1789059138609161000,49.48416088867187,-0.09427750110626221,-0.021676000207662582,0.03317073732614517
1789059138619170800,49.4941708984375,-0.15511076152324677,-0.0046967510133981705,0.030411435291171074
1789059138629179600,49.5041796875,-0.18533124029636383,0.0018855180824175477,0.0037084517534822226
1789059138639189800,49.51418969726563,-0.21019424498081207,-0.005122590344399214,-0.005883455276489258
1789059138649199600,49.52419970703125,-0.1965886950492859,-0.026915237307548523,-0.021855764091014862
1789059138659209700,49.53420971679687,-0.15484310686588287,-0.04747723788022995,-0.010544253513216972
1789059138669219800,49.5442197265625,-0.1558644324541092,-0.05662919208407402,-0.013774135150015354
1789059138679228700,49.55422875976563,-0.1869158297777176,-0.05088821426033974,0.022765500470995903
1789059138689238800,49.56423876953125,-0.20239917933940887,-0.043415650725364685,0.028367459774017334
1789059138699249000,49.57424877929687,-0.22463443875312805,-0.02466779574751854,0.05307919532060623
1789059138709258800,49.5842587890625,-0.20731669664382935,-0.04742716997861862,0.029891319572925568
1789059138719268900,49.594268798828125,-0.19299502670764923,-0.05221579968929291,0.005289037711918354
1789059138729278200,49.6042783203125,-0.1893046796321869,-0.0722438395023346,-0.011138138361275196
1789059138739287300,49.61428735351563,-0.1677490472793579,-0.06445755064487457,-0.01697525568306446
1789059138749297400,49.62429736328125,-0.15305612981319427,-0.06751086562871933,-0.03744404390454292
1789059138759307300,49.63430737304687,-0.1178925484418869,-0.06408550590276718,-0.009579390287399292
1789059138769317400,49.6443173828125,-0.0928678885102272,-0.058767709881067276,-0.004012318328022957
1789059138779327500,49.654327392578125,-0.05522996559739113,-0.06488525867462158,0.008446215651929379
1789059138789336300,49.66433642578125,-0.018565693870186806,-0.07919282466173172,0.003061037277802825
1789059138799346400,49.67434643554687,-0.007495466619729996,-0.05961539223790169,0.033125996589660645
1789059138809356500,49.6843564453125,0.006077333353459835,-0.07869960367679596,0.01703597418963909
1789059138819366400,49.694366455078125,0.012836436741054058,-0.0526546873152256,0.03122849389910698
1789059138829376500,49.70437646484375,0.01883973367512226,-0.0575205497443676,0.018339859321713448
1789059138839386400,49.71438647460938,0.05413966625928879,-0.07009333372116089,0.008904279209673405
1789059138849395200,49.72439526367187,0.06644853204488754,-0.0728616863489151,0.015573632903397083
1789059138859405300,49.7344052734375,0.07703779637813568,-0.05697460100054741,0.04173839092254639
1789059138869415200,49.744415283203125,0.0812583714723587,-0.05228371173143387,0.002873817225918174
1789059138879425300,49.75442529296875,0.08340301364660263,-0.05029459670186043,0.036312732845544815
1789059138889435400,49.76443530273438,0.10388857871294022,-0.06972581893205643,0.03462082892656326
1789059138899444200,49.7744443359375,0.12946878373622894,-0.08438731729984283,0.05320915952324867
1789059138909454300,49.784454345703125,0.13408909738063812,-0.09101326018571854,0.035886626690626144
1789059138919464400,49.79446435546875,0.10689049959182739,-0.06452706456184387,0.017169399186968803
1789059138929474300,49.80447436523438,0.08588241785764694,-0.0709087923169136,-0.01386974286288023
1789059138939484400,49.814484375,0.08466135710477829,-0.0611531026661396,-0.03382747247815132
1789059138949493500,49.824493408203125,0.07850359380245209,-0.05537803843617439,-0.03976019471883774
1789059138959503400,49.83450341796875,0.09606927633285522,-0.07142385095357895,-0.03416862338781357
1789059138969513500,49.84451342773438,0.09820406138896942,-0.051600344479084015,0.0041060615330934525
1789059138979523300,49.8545234375,0.11520542204380035,-0.06564319133758545,0.06039862707257271
1789059138989533400,49.86453344726562,0.14628636837005615,-0.07164009660482407,0.1305857002735138
1789059138999543600,49.87454345703125,0.13655412197113037,-0.0643470287322998,0.18519355356693268
1789059139009552400,49.88455249023438,0.13022884726524353,-0.06169398874044418,0.21319083869457245
1789059139019562500,49.8945625,0.12708312273025513,-0.07300097495317459,0.1606818288564682
1789059139029572600,49.90457250976562,0.11249112337827682,-0.07924528419971466,0.07557811588048935
1789059139039582500,49.91458251953125,0.07712247967720032,-0.07650942355394363,0.01254881452769041
1789059139049592600,49.92459252929687,0.037519678473472595,-0.06036880239844322,-0.017462613061070442
1789059139059601400,49.93460131835938,0.009852897375822067,-0.06096268817782402,-0.05134228244423866
1789059139069611300,49.944611328125,0.011688614264130592,-0.05221207067370415,-0.028171183541417122
1789059139079621400,49.95462133789062,0.020505009219050407,-0.05625448375940323,-0.044201284646987915
1789059139089631200,49.96463134765625,0.036561738699674606,-0.06305326521396637,-0.04562687501311302
1789059139099641300,49.97464135742187,0.06258641928434372,-0.06302370876073837,-0.013815147802233696
1789059139109650400,49.984650390625,0.0900484025478363,-0.06997083127498627,0.03939800709486008
1789059139119660300,49.99466040039062,0.09837184101343155,-0.04598187282681465,0.10288030654191971
1789059139129670400,50.00467041015625,0.08782972395420074,-0.03309004381299019,0.10511230677366257
1789059139139680500,50.01468041992187,0.08575591444969177,-0.027588218450546265,0.06726239621639252
1789059139149690400,50.0246904296875,0.0566164068877697,-0.016561666503548622,-0.000824248360004276
1789059139159699500,50.03469946289062,0.037761759012937546,-0.015180816873908043,-0.07406730204820633
1789059139169709600,50.04470947265625,0.042876627296209335,-0.029986394569277763,-0.13802099227905273
1789059139179719400,50.05471948242187,0.02376232109963894,-0.015858592465519905,-0.1903875172138214
1789059139189729500,50.0647294921875,-0.0011821772204712033,-0.019221365451812744,-0.15687324106693268
1789059139199739400,50.074739501953125,0.0305738877505064,-0.014711301773786545,-0.11483070999383926
1789059139209749500,50.08474951171875,0.05801909416913986,-0.022413961589336395,-0.08747871220111847
1789059139219758600,50.09475854492187,0.09742429107427597,-0.02281183935701847,-0.07526892423629761
1789059139229768200,50.10476831054687,0.10248323529958725,-0.010655839927494526,-0.07363560795783997
1789059139239778300,50.1147783203125,0.10865457355976105,-0.009721336886286736,-0.09382209926843643
1789059139249788200,50.1247880859375,0.10839039087295532,0.007274158298969269,-0.030279874801635742
1789059139259798300,50.13479833984375,0.11593485623598099,0.0057260626927018166,-0.01782320626080036
1789059139269807400,50.14480737304687,0.09041165560483932,0.005904760677367449,0.0387045182287693
1789059139279817200,50.15481713867187,0.07370218634605408,-0.0017057546647265553,0.057129330933094025
1789059139289827300,50.164827392578125,0.03598569706082344,-0.007605455350130796,0.05564941465854645
1789059139299837400,50.17483740234375,0.02574983797967434,-0.008154066279530525,0.019448531791567802
1789059139309847300,50.18484741210938,-0.012368518859148026,-0.012941897846758366,-0.012712599709630013
1789059139319856400,50.1948564453125,-0.06918945908546448,-0.0008436894277110696,-0.0639353096485138
1789059139329866500,50.204866455078125,-0.10137535631656647,-0.002641589380800724,-0.1257600635290146
1789059139339876400,50.21487646484375,-0.11997140944004059,-0.015387744642794132,-0.1472001075744629
1789059139349886500,50.22488647460938,-0.14029985666275024,-0.030893201008439064,-0.1390250027179718
1789059139359896300,50.23489624023438,-0.14341308176517487,-0.03880438581109047,-0.09418854862451553
1789059139369905400,50.244905517578125,-0.13060088455677032,-0.05109407752752304,-0.06529724597930908
1789059139379915500,50.25491552734375,-0.14186392724514008,-0.055080294609069824,-0.03363918513059616
1789059139389925400,50.26492529296875,-0.15193040668964386,-0.05092150345444679,0.004511661361902952
1789059139399935500,50.274935546875,-0.17821846902370453,-0.036505814641714096,0.025016935542225838
1789059139409945600,50.28494555664062,-0.18398821353912354,-0.045459892600774765,0.039267245680093765
1789059139419955500,50.29495556640625,-0.1759611815214157,-0.07131998240947723,0.035474635660648346
1789059139429964300,50.30496435546875,-0.16923269629478455,-0.0882856547832489,0.004998753312975168
1789059139439974400,50.31497436523438,-0.1923300325870514,-0.11366397887468338,-0.018806444481015205
1789059139449984300,50.324984375,-0.20238293707370758,-0.10275167971849442,-0.04357810318470001
1789059139459994400,50.33499438476562,-0.23615340888500214,-0.09964536875486374,-0.09643146395683289
1789059139470004200,50.34500415039062,-0.23064865171909332,-0.11523178219795227,-0.07961440086364746
1789059139480013300,50.35501342773438,-0.21571284532546997,-0.11981135606765747,-0.05186719074845314
1789059139490023400,50.3650234375,-0.18170587718486786,-0.12171711027622223,0.004160656593739986
1789059139500033300,50.375033203125,-0.1249251589179039,-0.13371145725250244,0.057929877191782
1789059139510043400,50.38504345703125,-0.08867713809013367,-0.11764807254076004,0.06889864057302475
1789059139520053500,50.395053466796874,-0.059670787304639816,-0.10841062664985657,0.10012234002351761
1789059139530062300,50.40506225585938,-0.019718578085303307,-0.10507421940565109,0.10479885339736938
1789059139540072400,50.41507250976562,0.007553257513791323,-0.1032550185918808,0.11619984358549118
1789059139550082600,50.42508251953125,0.05655568838119507,-0.10977549850940704,0.11698760837316513
1789059139560092400,50.435092529296874,0.10284994542598724,-0.11741025000810623,0.10544440150260925
1789059139570102500,50.4451025390625,0.13866733014583588,-0.11668054014444351,0.09859634935855865
1789059139580111600,50.45511157226562,0.15926262736320496,-0.1147039458155632,0.057916563004255295
1789059139590121500,50.46512158203125,0.17065483331680298,-0.1004624217748642,0.03301973640918732
1789059139600131600,50.475131591796874,0.17722271382808685,-0.08891256153583527,-0.01149766519665718
1789059139610141200,50.48514111328125,0.19406747817993164,-0.07499275356531143,-0.013292103074491024
1789059139620151300,50.4951513671875,0.21066536009311676,-0.07770305126905441,-0.03050331398844719
1789059139630160400,50.50516040039062,0.226505309343338,-0.07422496378421783,0.0004791026876773685
1789059139640170200,50.51517016601562,0.23167717456817627,-0.0728696808218956,0.048947036266326904
1789059139650180400,50.525180419921874,0.2260909229516983,-0.0785432755947113,0.012353871949017048
1789059139660190500,50.5351904296875,0.2422776222229004,-0.07736589759588242,0.04944984242320061
1789059139670200300,50.545200439453126,0.22860202193260193,-0.08145411312580109,-0.012060390785336494
1789059139680209400,50.55520947265625,0.1942048966884613,-0.07490965723991394,-0.057139717042446136
1789059139690219500,50.565219482421874,0.1819349080324173,-0.07442549616098404,-0.052025917917490005
1789059139700229400,50.5752294921875,0.17172035574913025,-0.06843951344490051,-0.04565936326980591
1789059139710239500,50.585239501953126,0.17565810680389404,-0.05855518952012062,-0.0070528495125472546
1789059139720249300,50.595249267578126,0.1836118996143341,-0.05842309445142746,0.03133368864655495
1789059139730259000,50.605259033203126,0.17855723202228546,-0.050280746072530746,0.03646000847220421
1789059139740269000,50.61526904296875,0.17844989895820618,-0.05232818424701691,0.02894030511379242
1789059139750279000,50.62527880859375,0.18631447851657867,-0.06184898689389229,0.011460646986961365
1789059139760289000,50.6352890625,0.18240974843502045,-0.044074252247810364,0.04260232299566269
1789059139770299000,50.645298828125,0.19029776751995087,-0.04568492993712425,0.033295370638370514
1789059139780309000,50.65530908203125,0.20140688121318817,-0.0383729562163353,0.059595685452222824
1789059139790318000,50.66531811523438,0.21954460442066193,-0.04055355116724968,0.037275467067956924
1789059139800327700,50.67532763671875,0.25598278641700745,-0.02552054077386856,0.05542464181780815
1789059139810337800,50.685337890625,0.2774835526943207,-0.023031283169984818,0.033799510449171066
1789059139820348000,50.69534790039062,0.29970496892929077,-0.007751130498945713,0.012738964520394802
1789059139830357800,50.70535766601562,0.3307819068431854,-0.018492724746465683,-0.01702558808028698
1789059139840366800,50.71536694335938,0.36312147974967957,0.000040480048483004794,0.004920722916722298
1789059139850377000,50.725376953125,0.37871482968330383,0.0025811356026679277,-0.020954284816980362
1789059139860386800,50.73538671875,0.4076138436794281,-0.001614940818399191,0.028236964717507362
1789059139870397000,50.74539697265625,0.4059829115867615,0.0037004624027758837,0.010087521746754646
1789059139880406800,50.75540673828125,0.39446157217025757,0.021252024918794632,0.008400142192840576
1789059139890415900,50.76541577148438,0.3841761648654938,0.03624588996171951,0.0018282600212842226
1789059139900426000,50.77542602539062,0.3716105818748474,0.04228620231151581,0.0013667342718690634
1789059139910435800,50.78543579101562,0.3643116354942322,0.04972175136208534,0.001967543503269553
1789059139920446000,50.795446044921874,0.38888755440711975,0.004511661361902952,0.006353503558784723
1789059139930455800,50.805455810546874,0.38380783796310425,0.01818060129880905,0.00683100800961256
1789059139940465000,50.81546484375,0.3728177845478058,0.02538338676095009,0.016517192125320435
1789059139950475000,50.82547509765625,0.3413509428501129,0.04288861155509949,0.010276073589920998
1789059139960484900,50.83548486328125,0.3115304708480835,0.06216749921441078,0.011625496670603752
1789059139970495000,50.845494873046874,0.29522019624710083,0.05769525468349457,-0.0070709590800106525
1789059139980505000,50.855505126953126,0.31341278553009033,0.057260360568761826,0.013640444725751877
1789059139990514000,50.86551391601562,0.31513479351997375,0.03810717165470123,0.005241633392870426
1789059140000523800,50.87552368164062,0.29776909947395325,0.04839443042874336,0.016355004161596298
1789059140010534000,50.885533935546874,0.27340278029441833,0.0525236614048481,-0.024568725377321243
1789059140020543700,50.895543701171874,0.2485767900943756,0.06571563333272934,-0.022582806646823883
1789059140030553900,50.905553955078126,0.22961215674877167,0.07759013026952744,0.007773500867187977
1789059140040563000,50.91556298828125,0.22022317349910736,0.08856715261936188,0.004538558889180422
1789059140050572800,50.92557275390625,0.19930404424667358,0.08489518612623215,-0.00872105360031128
1789059140060583000,50.9355830078125,0.19367599487304688,0.08483659476041794,0.01028699241578579
1789059140070592800,50.9455927734375,0.1916637122631073,0.050924964249134064,-0.0006125270738266408
1789059140080603000,50.955602783203126,0.17307403683662415,0.07437809556722641,0.03447275608778
1789059140090612000,50.965612060546874,0.11855487525463104,0.07801064848899841,0.01332858856767416
1789059140100621800,50.975621826171874,0.05252126604318619,0.08834237605333328,-0.0010953581659123302
1789059140110632000,50.9856318359375,0.0003105245705228299,0.08289728313684464,-0.006432333029806614
1789059140120642000,50.99564208984375,-0.04863757640123367,0.10002566874027252,-0.010478473268449306
1789059140130652000,51.00565185546875,-0.042570628225803375,0.06995777785778046,-0.01630041003227234
1789059140140661000,51.015660888671874,-0.03358485922217369,0.056530918926000595,0.007016364019364119
1789059140150671000,51.025671142578126,-0.06030275672674179,0.0621214285492897,0.016147544607520103
1789059140160681000,51.035680908203126,-0.07899255305528641,0.0546395443379879,0.04062572494149208
1789059140170690800,51.04569091796875,-0.08452500402927399,0.06796333938837051,0.06138240173459053
1789059140180700700,51.05570068359375,-0.08312418311834335,0.06121781840920448,0.039197735488414764
1789059140190709800,51.065709716796874,-0.0721634104847908,0.05121098831295967,0.03753912076354027
1789059140200720000,51.075719970703126,-0.1509503722190857,0.06208201125264168,-0.004087686073035002
1789059140210729700,51.085729736328126,-0.14802728593349457,0.06763363629579544,0.005957491230219603
1789059140220739800,51.09573974609375,-0.17437952756881714,0.07153383642435074,0.011963718570768833
1789059140230750000,51.10575,-0.18628039956092834,0.06373956799507141,0.03851889818906784
1789059140240758800,51.1157587890625,-0.11207140982151031,0.05156758800148964,0.048643436282873154
1789059140250769000,51.125768798828126,-0.1286352127790451,0.05739591643214226,0.037821680307388306
1789059140260779000,51.13577905273438,-0.040174052119255066,0.051239751279354095,0.02544810250401497
1789059140270788900,51.14578881835938,-0.02051086723804474,0.042397525161504745,-0.0449347160756588
1789059140280799000,51.15579907226562,0.00022770027862861753,0.057435061782598495,-0.029705164954066277
1789059140290808000,51.16580810546875,0.043426837772130966,0.04913851618766785,-0.037462685257196426
1789059140300818000,51.17581787109375,0.06559312343597412,0.06665173172950745,-0.006620352156460285
1789059140310828000,51.185828125,0.07622978836297989,0.07097110897302628,0.004636829718947411
1789059140320838000,51.195837890625,0.12409611791372299,0.07452669739723206,0.01829005777835846
1789059140330848000,51.20584790039062,0.12981098890304565,0.06948799639940262,-0.0027659591287374496
1789059140340856800,51.21585693359375,0.1549413800239563,0.06650392711162567,-0.005504753906279802
1789059140350866700,51.22586669921875,0.17985472083091736,0.05399505794048309,-0.002088983543217182
1789059140360876800,51.23587670898438,0.18049921095371246,0.05736662074923515,0.007604656275361776
1789059140370887000,51.24588696289062,0.1877906769514084,0.0534517727792263,0.027054786682128906
1789059140380896800,51.25589672851562,0.17335127294063568,0.05890139937400818,0.023066703230142593
1789059140390905900,51.26590576171875,0.21946391463279724,0.039136748760938644,0.00637800432741642
1789059140400916000,51.275916015625,0.1974443644285202,0.056223589926958084,0.0189028512686491
1789059140410925800,51.28592578125,0.2118195742368698,0.046731818467378616,0.005337773822247982
1789059140420936000,51.29593603515625,0.20385539531707764,0.047860465943813324,-0.025108549743890762
1789059140430945800,51.30594580078125,0.1659412980079651,0.04807964339852333,-0.011351724155247211
1789059140440955000,51.31595483398438,0.1563885360956192,0.041495244950056076,-0.016219183802604675
1789059140450965000,51.32596508789062,0.14364825189113617,0.028962941840291023,-0.001973136095330119
1789059140460974800,51.33597485351562,0.1285955309867859,0.02803749404847622,0.01926211081445217
1789059140470985000,51.34598486328125,0.12066969275474548,0.01480424590408802,0.011769840493798256
1789059140480994800,51.355994873046875,0.10949986428022385,0.012704876251518726,0.009387376718223095
1789059140491005000,51.3660048828125,0.10798639059066772,0.008280034177005291,0.008037419989705086
1789059140501014000,51.37601391601562,0.10540685057640076,0.011505921371281147,0.0057436395436525345
1789059140511023900,51.38602392578125,0.1065346971154213,0.0024562333710491657,-0.004111920483410358
1789059140521034000,51.396033935546875,0.1182001456618309,0.0019236012594774365,-0.007639809977263212
1789059140531044000,51.40604418945313,0.12759311497211456,0.00004953479583491571,-0.012153868563473225
1789059140541054000,51.41605395507813,0.12888367474079132,0.0032296155113726854,-0.015574165619909763
1789059140551062800,51.42606274414062,0.13743242621421814,-0.0022415826097130775,-0.01835583709180355
1789059140561073000,51.436072998046875,0.14899320900440216,0.0017278589075431228,0.009822537191212177
1789059140571082800,51.446082763671875,0.1378830373287201,0.02732722833752632,0.007889348082244396
1789059140581092900,51.4560927734375,0.1420775055885315,0.034327082335948944,0.023186812177300453
1789059140591102700,51.46610278320313,0.17082341015338898,0.033543046563863754,0.018974224105477333
1789059140601111800,51.47611181640625,0.19103440642356873,0.032396022230386734,0.023503195494413376
1789059140611122000,51.486121826171875,0.2344505786895752,0.01122149545699358,-0.001603755634278059
1789059140621131800,51.4961318359375,0.24589258432388306,0.01321194227784872,-0.03140426054596901
1789059140631142000,51.50614184570313,0.21648544073104858,0.03112143464386463,-0.021741515025496483
1789059140641152000,51.51615209960938,0.2132643461227417,0.039388686418533325,0.01410729717463255
1789059140651160800,51.526160888671875,0.1997317522764206,0.04838750511407852,0.003584881080314517
1789059140661171000,51.5361708984375,0.1864452362060547,0.06165910139679909,0.03605493903160095
1789059140671181000,51.54618115234375,0.1654912233352661,0.053464289754629135,0.030221818014979362
1789059140681191000,51.55619091796875,0.13268373906612396,0.04916062206029892,0.018128670752048492
1789059140691201000,51.56620092773438,0.11953917890787125,0.03876710310578346,0.02243766374886036
1789059140701209900,51.5762099609375,0.09905494749546051,0.03651620075106621,0.007870972156524658
1789059140711219700,51.5862197265625,0.04845355078577995,0.05396895855665207,0.011932026594877243
1789059140721229800,51.59622973632813,0.0038573225028812885,0.06697983294725418,0.018857844173908234
1789059140731240400,51.60624047851562,-0.030341660603880882,0.06196296960115433,0.0009765811264514923
1789059140741250300,51.61625024414062,-0.02063843235373497,0.04001559317111969,0.004613127559423447
1789059140751259400,51.62625927734375,-0.021435517817735672,0.03687546029686928,-0.004367318004369736
1789059140761269200,51.63626928710938,-0.03850957378745079,0.04369474947452545,0.013317936100065708
1789059140771279400,51.646279296875,-0.04344361275434494,0.03929201140999794,0.020484501495957375
1789059140781289200,51.65628930664062,-0.04880615323781967,0.034339066594839096,0.009558884426951408
1789059140791299300,51.66629931640625,-0.058208711445331573,0.027722440659999847,0.007203584536910057
1789059140801308400,51.67630834960938,-0.05205361545085907,0.03604215756058693,0.02642601542174816
1789059140811318300,51.686318359375,-0.04981788992881775,0.03340083360671997,-0.0016298545524477959
1789059140821328400,51.69632836914062,-0.04724767431616783,0.04120655730366707,-0.009891779161989689
1789059140831338500,51.70633837890625,-0.04037192463874817,0.04412192106246948,-0.014082795940339565
1789059140841348400,51.716348388671875,-0.02058090828359127,0.035300467163324356,-0.01840084418654442
1789059140851357400,51.726357421875,0.023901870474219322,0.02094043605029583,0.014181599020957947
1789059140861367600,51.73636743164062,0.04459249973297119,0.021047228947281837,0.011930429376661777
1789059140871377400,51.74637744140625,0.055697351694107056,0.03419312462210655,0.05066237971186638
1789059140881387500,51.756387451171875,0.06063937768340111,0.04146302118897438,0.019587017595767975
1789059140891397400,51.7663974609375,0.07692833989858627,0.034806184470653534,-0.02509789541363716
1789059140901406200,51.77640625,0.09945201873779297,0.03717639669775963,-0.026852652430534363
1789059140911416300,51.78641625976562,0.11882998049259186,0.04180923104286194,-0.017417339608073235
1789059140921426200,51.79642626953125,0.13131222128868103,0.042924828827381134,-0.0016887104138731956
1789059140931436300,51.806436279296875,0.14337500929832458,0.04384947940707207,0.006183327175676823
1789059140941446400,51.8164462890625,0.1639162302017212,0.033729203045368195,0.014545653015375137
1789059140951455200,51.82645532226562,0.18435919284820557,0.03645521402359009,0.00043223105603829026
1789059140961465300,51.83646533203125,0.19626484811306,0.0458361990749836,-0.008012386038899422
1789059140971475500,51.846475341796875,0.20742057263851166,0.046545665711164474,-0.0060115535743534565
1789059140981485300,51.8564853515625,0.21388618648052216,0.044730186462402344,0.009643572382628918
1789059140991495400,51.86649536132813,0.21236498653888702,0.04789535328745842,0.02015054225921631
1789059141001504500,51.87650439453125,0.20756810903549194,0.059539757668972015,0.029202094301581383
1789059141011514400,51.886514404296875,0.20757423341274261,0.06037066504359245,0.04537227377295494
1789059141021524500,51.8965244140625,0.19194014370441437,0.05662013590335846,0.028055602684617043
1789059141031534300,51.90653442382813,0.18472537398338318,0.047501470893621445,0.01769297756254673
1789059141041544400,51.91654443359375,0.16498789191246033,0.04202468320727348,0.00580915343016386
1789059141051553500,51.926553466796875,0.13592295348644257,0.052852828055620193,0.002296976512297988
1789059141061563400,51.9365634765625,0.10890837758779526,0.05500759184360504,-0.007979895919561386
1789059141071573500,51.94657348632813,0.09083696454763412,0.05362993851304054,0.0038514635525643826
1789059141081583600,51.95658349609375,0.060554955154657364,0.049003761261701584,0.0059990365989506245
1789059141091592200,51.96659228515625,0.03311720862984657,0.054660581052303314,0.03038240596652031
1789059141101602300,51.976602294921875,0.008013451471924782,0.04993639886379242,0.039388686418533325
1789059141111612400,51.9866123046875,-0.027162911370396614,0.05065571889281273,0.026982082054018974
1789059141121622300,51.99662231445313,-0.05582784488797188,0.05043014883995056,0.02581588365137577
1789059141131632400,52.00663232421875,-0.07712621241807938,0.047767523676157,0.02491120807826519
1789059141141641500,52.016641357421875,-0.10027147829532623,0.046241264790296555,0.02388642355799675
1789059141151651300,52.0266513671875,-0.11610662937164307,0.0461491197347641,0.01546257920563221
1789059141161661400,52.03666137695313,-0.1088806763291359,0.03958389535546303,-0.0014705975772812963
1789059141171671300,52.04667138671875,-0.0949115976691246,0.034339066594839096,-0.029076125472784042
1789059141181681400,52.05668139648437,-0.08480037748813629,0.04548812285065651,-0.0340394601225853
1789059141191690500,52.0666904296875,-0.07388647645711899,0.04409315809607506,-0.023519441485404968
1789059141201700400,52.07670043945313,-0.06628821045160294,0.05469546839594841,-0.005067729391157627
1789059141211710500,52.08671044921875,-0.05251753702759743,0.055745821446180344,0.0377737432718277
1789059141221720600,52.09672045898437,-0.04296637699007988,0.05667393282055855,0.06727144867181778
1789059141231730400,52.10673046875,-0.040826790034770966,0.06308575719594955,0.07177112251520157
1789059141241739500,52.11673950195313,-0.02015000954270363,0.05169808119535446,0.05777381733059883
1789059141251749400,52.12674926757813,-0.004859469830989838,0.046719301491975784,0.017680194228887558
1789059141261759200,52.13675927734375,-0.01224388275295496,0.053290918469429016,-0.005840844940394163
1789059141271769300,52.14676928710937,-0.007831824012100697,0.04228061065077782,-0.04129178076982498
1789059141281779200,52.156779296875,-0.00022903185163158923,0.0329907052218914,-0.053099703043699265
1789059141291788300,52.16678833007813,-0.018872223794460297,0.049308426678180695,-0.039029158651828766
1789059141301798400,52.17679833984375,-0.009576461277902126,0.03988882526755333,-0.015356319025158882
1789059141311808300,52.18680834960937,0.008245945908129215,0.03820065036416054,-0.007774832658469677
1789059141321818400,52.196818359375,0.00851279404014349,0.04512007534503937,-0.019713250920176506
1789059141331828500,52.206828369140624,0.022968964651226997,0.03918921574950218,-0.003659183392301202
1789059141341837300,52.21683740234375,0.04908924922347069,0.026094717904925346,-0.007607852108776569
1789059141351847400,52.22684741210937,0.056716274470090866,0.022299712523818016,-0.020413395017385483
1789059141361857500,52.236857421875,0.056837450712919235,0.02202327735722065,0.01184866949915886
1789059141371867400,52.246867431640624,0.058396998792886734,0.018681809306144714,0.01197011023759842
1789059141381876500,52.25687646484375,0.04574378579854965,0.030585605651140213,0.01888767071068287
1789059141391886600,52.26688647460937,0.04176129400730133,0.030225014314055443,0.011518970131874084
1789059141401896400,52.276896484375,0.05007754638791084,0.025122396647930145,-0.004225637763738632
1789059141411906600,52.286906494140624,0.043597809970378876,0.035718049854040146,-0.023805730044841766
1789059141421916400,52.29691650390625,0.04482153430581093,0.036432310938835144,-0.02118890918791294
1789059141431925200,52.30692529296875,0.06880303472280502,0.025904301553964615,-0.01960565894842148
1789059141441935400,52.31693530273437,0.08428638428449631,0.0363638661801815,-0.016712667420506477
1789059141451945200,52.3269453125,0.10500790923833847,0.03736361861228943,-0.00905528012663126
1789059141461955300,52.336955322265624,0.13124164938926697,0.04761119559407234,0.00011291803093627095
1789059141471965400,52.34696533203125,0.15433578193187714,0.05115266516804695,-0.002612827345728874
1789059141481974300,52.35697436523437,0.18510647118091583,0.05073907598853111,0.007003847509622574
1789059141491984400,52.366984375,0.21052075922489166,0.06716092675924301,0.029796777293086052
1789059141501994500,52.376994384765624,0.2425287514925003,0.04153146594762802,0.006059756502509117
1789059141512004400,52.38700439453125,0.2685592770576477,0.02478177845478058,-0.010266219265758991
1789059141522014500,52.397014404296876,0.22987154126167297,0.0715831071138382,-0.007090932689607143
1789059141532023600,52.4070234375,0.17198534309864044,0.09057863801717758,-0.017004016786813736
1789059141542033400,52.417033447265624,0.1459936946630478,0.08561316877603531,-0.022707443684339523
1789059141552043500,52.42704345703125,0.1280495822429657,0.09126972407102585,0.015920642763376236
1789059141562053400,52.437053466796876,0.13827797770500183,0.0406680665910244,0.02726198174059391
1789059141572062500,52.4470625,0.13643001019954681,0.015429556369781494,-0.008490956388413906
1789059141582072600,52.457072509765624,0.08605685085058212,0.024294687435030937,0.035057853907346725
1789059141592082400,52.46708251953125,0.05055105686187744,0.025482723489403725,0.03416755795478821
1789059141602092500,52.477092529296876,0.0038543930277228355,0.041853174567222595,-0.013942980207502842
1789059141612102400,52.487102294921876,-0.036731649190187454,0.05789898708462715,0.013557087630033493
1789059141622111200,52.497111328125,-0.05852988734841347,0.0506216324865818,-0.0037894118577241898
1789059141632121300,52.507121337890624,-0.06663548946380615,0.04706338420510292,-0.004723116289824247
1789059141642131500,52.51713134765625,-0.0668642520904541,0.046835415065288544,-0.010374876670539379
1789059141652141300,52.527141357421876,-0.08165358006954193,0.032578714191913605,-0.015678029507398605
1789059141662151400,52.5371513671875,-0.0954117402434349,0.040218792855739594,0.009965814650058746
1789059141672160500,52.547160400390624,-0.12722906470298767,0.04156315699219704,0.0001978728687390685
1789059141682170400,52.55717041015625,-0.14464719593524933,0.046788543462753296,-0.0046783750876784325
1789059141692180500,52.567180419921876,-0.1733720451593399,0.04440448060631752,-0.013139237649738789
1789059141702190300,52.5771904296875,-0.17607596516609192,0.04686284810304642,-0.0021313277538865805
1789059141712199400,52.587199462890624,-0.16737382113933563,0.04344041645526886,0.034087661653757095
1789059141722209500,52.59720947265625,-0.14650927484035492,0.03611139953136444,0.030947795137763023
1789059141732219000,52.607218994140624,-0.14462696015834808,0.03768186643719673,0.03123941272497177
1789059141742229000,52.61722900390625,-0.1379126012325287,0.04237222298979759,0.01835743524134159
1789059141752239000,52.627239013671876,-0.14987871050834656,0.047454867511987686,0.03165939077734947
1789059141762248000,52.637248046875,-0.15175729990005493,0.049075134098529816,0.026148246601223946
1789059141772258000,52.647258056640624,-0.14687706530094147,0.038725025951862335,0.020679445937275887
1789059141782268200,52.65726806640625,-0.14978496730327606,0.035540152341127396,0.03831543028354645
1789059141792278000,52.667278076171876,-0.15046833455562592,0.02959677390754223,0.006118080113083124
1789059141802288000,52.6772880859375,-0.14408686757087708,0.018987273797392845,-0.023313578218221664
1789059141812297200,52.687297119140624,-0.12558747828006744,0.022110627964138985,-0.018665296956896782
1789059141822307000,52.69730712890625,-0.09020686149597168,0.010156763717532158,-0.01787620224058628
1789059141832317200,52.707317138671876,-0.04607881233096123,0.0073194317519664764,-0.014068680815398693
1789059141842327000,52.7173271484375,0.012498747557401657,0.0015765913994982839,0.0011635350529104471
1789059141852336000,52.727336181640624,0.052678391337394714,0.0004010720585938543,0.005065065808594227
1789059141862346200,52.73734619140625,0.08465949445962906,0.006430202629417181,0.027177825570106506
1789059141872356000,52.747356201171876,0.10525478422641754,0.021617677062749863,0.031928371638059616
1789059141882366000,52.757365966796876,0.12410623580217361,0.021513814106583595,0.036070119589567184
1789059141892376000,52.7673759765625,0.13836532831192017,0.021987058222293854,0.05325949192047119
1789059141902385000,52.777385009765624,0.164619579911232,0.013639912009239197,0.06073338910937309
1789059141912395000,52.78739501953125,0.1763920783996582,0.011385013349354267,0.04740213602781296
1789059141922405000,52.797405029296876,0.18104036152362823,0.015381352975964546,0.03681633621454239
1789059141932415000,52.8074150390625,0.18489715456962585,0.018978483974933624,0.021823273971676826
1789059141942425000,52.81742504882813,0.19786754250526428,0.014096910133957863,0.0057076867669820786
1789059141952434200,52.82743408203125,0.19398517906665802,0.015438877046108246,0.0034461303148418665
1789059141962444000,52.837444091796876,0.20647087693214417,0.011717642657458782,0.005315935704857111
1789059141972454100,52.8474541015625,0.21655787527561188,0.016879914328455925,0.008776713162660599
1789059141982464000,52.85746411132813,0.2177879810333252,0.03606452792882919,0.024025974795222282
1789059141992473000,52.86747314453125,0.22879110276699066,0.041370607912540436,0.019633889198303223
1789059142002483200,52.877483154296876,0.27052974700927734,0.05584675446152687,0.027169035747647285
1789059142012493000,52.8874931640625,0.3076654076576233,0.05253538116812706,0.01967783086001873
1789059142022503200,52.89750317382813,0.33043864369392395,0.06488685309886932,0.031093737110495567
1789059142032513000,52.90751293945313,0.33531513810157776,0.08788058906793594,0.03380057215690613
1789059142042521900,52.91752197265625,0.3560662269592285,0.08625712245702744,0.02201768383383751
1789059142052532000,52.927531982421876,0.36117789149284363,0.0917203351855278,0.040952760726213455
1789059142062542000,52.9375419921875,0.3618628680706024,0.08383018523454666,0.04385560378432274
1789059142072552000,52.94755200195313,0.3607315719127655,0.09037569910287857,0.0496293380856514
1789059142082561000,52.95756103515625,0.31565943360328674,0.10102861374616623,-0.0013262542197480798
1789059142092571100,52.967571044921876,0.28799688816070557,0.11053929477930069,-0.02913098782300949
1789059142102581000,52.9775810546875,0.2613237500190735,0.10942795872688293,-0.05253325030207634
1789059142112591000,52.98759106445313,0.22485734522342682,0.10086376219987869,-0.07492590695619583
1789059142122601000,52.99760107421875,0.2075454741716385,0.11044954508543015,-0.05758287012577057
1789059142132610000,53.007610107421876,0.17913860082626343,0.12252591550350189,-0.03467968478798866
1789059142142620200,53.0176201171875,0.14620700478553772,0.13298813998699188,-0.012062788009643555
1789059142152630000,53.02763012695313,0.12852095067501068,0.13624519109725952,-0.007376956287771463
1789059142162640100,53.03764013671875,0.10482574999332428,0.13543958961963654,0.00449807895347476
1789059142172650000,53.04764990234375,0.06438910961151123,0.12368758767843246,0.0161289032548666
1789059142182659000,53.0576591796875,-0.0031763522420078516,0.1328272819519043,0.022886939346790314
1789059142192669200,53.06766918945313,-0.07981174439191818,0.13066214323043823,0.036868803203105927
1789059142202679000,53.07767895507813,-0.15283162891864777,0.12737499177455902,0.03979375213384628
1789059142212689200,53.08768920898437,-0.24868464469909668,0.1305931657552719,0.03151105344295502
1789059142222698000,53.097697998046876,-0.3359907865524292,0.12993083894252777,0.030539000406861305
1789059142232708000,53.1077080078125,-0.40487825870513916,0.12476110458374023,0.01630333997309208
1789059142242718000,53.11771801757813,-0.471316397190094,0.11053849756717682,0.010573281906545162
1789059142252728000,53.12772802734375,-0.5221273899078369,0.10711073875427246,0.012832707725465298
1789059142262738000,53.13773803710937,-0.5762108564376831,0.09968052059412003,0.01140046026557684
1789059142272747000,53.1477470703125,-0.6216776967048645,0.09932205826044083,0.005803826730698347
1789059142282757000,53.15775708007813,-0.6500232815742493,0.08956556767225266,-0.006899984087795019
1789059142292767000,53.16776708984375,-0.6683221459388733,0.0792817696928978,-0.0160647202283144
1789059142302777000,53.17777709960937,-0.6990547180175781,0.07744259387254715,-0.009394301101565361
1789059142312786200,53.1877861328125,-0.7336348295211792,0.0738622397184372,0.00723394425585866
1789059142322796000,53.19779614257813,-0.743069052696228,0.06055016443133354,0.002189118415117264
1789059142332806100,53.20780615234375,-0.7363715171813965,0.038905587047338486,-0.037226997315883636
1789059142342816000,53.21781591796875,-0.7244096398353577,0.02563292533159256,-0.006187055725604296
1789059142352826000,53.227826171875,-0.7167903184890747,0.012048939242959023,-0.03160346671938896
1789059142362835200,53.23783520507813,-0.7015684843063354,-0.004562793765217066,-0.046002380549907684
1789059142372845000,53.24784497070313,-0.6814568638801575,0.011261442676186562,-0.011438276618719101
1789059142382855200,53.25785522460937,-0.6431331634521484,-0.022899189963936806,-0.03537556901574135
1789059142392865000,53.26786499023437,-0.5914899110794067,-0.028660673648118973,-0.05729870870709419
1789059142402874000,53.2778740234375,-0.5644998550415039,-0.02533971145749092,-0.020063722506165504
1789059142412884000,53.28788403320313,-0.48291632533073425,-0.03544720634818077,-0.01926184445619583
1789059142422894000,53.29789404296875,-0.4029354751110077,-0.03773779049515724,-0.020135095342993736
1789059142432904000,53.30790405273437,-0.3544488847255707,-0.0377175509929657,-0.04652808606624603
1789059142442914000,53.3179140625,-0.2854519784450531,-0.03724750503897667,-0.02436446212232113
1789059142452923100,53.32792309570313,-0.21167683601379395,-0.053704772144556046,-0.038148183375597
1789059142462933000,53.33793310546875,-0.14373452961444855,-0.05946359410881996,-0.009049421176314354
1789059142472943000,53.34794311523437,-0.09330065548419952,-0.058333080261945724,-0.03557583689689636
1789059142482953000,53.35795288085937,-0.07393760979175568,-0.05660974979400635,-0.052211273461580276
1789059142492962000,53.36796215820313,-0.04992974177002907,-0.048176851123571396,-0.03311401233077049
1789059142502972200,53.37797216796875,-0.01008299458771944,-0.05145972967147827,-0.011591674759984016
1789059142512982000,53.38798193359375,0.03361734747886658,-0.05930966138839722,0.013314739800989628
1789059142522992000,53.3979921875,0.07635282725095749,-0.0579378679394722,0.04120522737503052
1789059142533002200,53.408002197265624,0.08893493562936783,-0.05410291627049446,0.0634697824716568
1789059142543011000,53.41801098632813,0.10523560643196106,-0.05982178822159767,0.06740088015794754
1789059142553021000,53.42802099609375,0.12251552939414978,-0.04932147637009621,0.07792942225933075
1789059142563031000,53.43803100585937,0.14858335256576538,-0.0623810850083828,0.06012618914246559
1789059142573041000,53.448041015625,0.16358999907970428,-0.06853006035089493,0.05374019220471382
1789059142583050000,53.45805004882813,0.1363072395324707,-0.0621081106364727,0.039803337305784225
1789059142593060000,53.46806005859375,0.10720980912446976,-0.05207332223653793,0.03344397619366646
1789059142603070000,53.47807006835937,0.08617217093706131,-0.046653520315885544,0.020247481763362885
1789059142613080000,53.488080078125,0.0668373554944992,-0.048776861280202866,0.006554305553436279
1789059142623090000,53.49808984375,0.055147409439086914,-0.054731156677007675,-0.005692773032933474
1789059142633099000,53.50809912109375,0.030472422018647194,-0.04069416597485542,-0.00042104575550183654
1789059142643109000,53.51810913085937,0.00038269624928943813,-0.031985096633434296,0.01101430132985115
1789059142653119000,53.52811889648437,-0.009459814056754112,-0.02688674069941044,0.01305295154452324
1789059142663129000,53.538129150390624,-0.005175853613764048,-0.02815334126353264,0.008748217485845089
1789059142673139200,53.54813916015625,0.013335246592760086,-0.042323220521211624,0.006968427449464798
1789059142683148000,53.55814794921875,-0.00018482338055036962,-0.04466573894023895,-0.01076769270002842
1789059142693158100,53.568158203125,-0.035838425159454346,-0.03051929362118244,0.006943127140402794
1789059142703168300,53.578168212890624,-0.07028721272945404,-0.030941670760512352,0.006680539343506098
1789059142713178000,53.58817822265625,-0.09466525912284851,-0.0354410819709301,0.035537488758563995
1789059142723187000,53.59818701171875,-0.14691674709320068,-0.033795781433582306,0.03777534142136574
1789059142733197000,53.60819702148437,-0.21208855509757996,-0.04230138286948204,0.022470422089099884
1789059142743207000,53.61820703125,-0.2718839645385742,-0.03774258494377136,0.029775472357869148
1789059142753217000,53.628217041015624,-0.3258574604988098,-0.04548066481947899,0.01769137941300869
1789059142763227000,53.638226806640624,-0.3700403571128845,-0.0454348586499691,0.016329970210790634
1789059142773235700,53.64823559570313,-0.3984978497028351,-0.05507949739694595,0.005410477984696627
1789059142783245800,53.65824584960937,-0.4111923277378082,-0.06554785370826721,-0.005083175376057625
1789059142793255700,53.66825561523437,-0.418755441904068,-0.07277646660804749,-0.028871862217783928
1789059142803265800,53.678265869140624,-0.41817620396614075,-0.0723612830042839,-0.018798988312482834
1789059142813275000,53.68827490234375,-0.421072393655777,-0.06150543689727783,0.0018314558546990156
1789059142823285000,53.69828491210937,-0.4374527037143707,-0.04969272017478943,-0.002210423583164811
1789059142833294800,53.708294921875,-0.43698370456695557,-0.04602900892496109,0.008552742190659046
1789059142843305000,53.718304931640624,-0.40647533535957336,-0.06288176029920578,0.03039385750889778
1789059142853314800,53.728314697265624,-0.3762916028499603,-0.07468036562204361,0.030011428520083427
1789059142863324000,53.73832397460937,-0.33452337980270386,-0.09362395852804184,0.05318945273756981
1789059142873334000,53.748333984375,-0.3187526762485504,-0.08442513644695282,0.060091566294431686
1789059142883344000,53.75834375,-0.3202666938304901,-0.0689215436577797,0.04964478313922882
1789059142893354000,53.76835400390625,-0.2880541682243347,-0.07256288081407547,0.047324638813734055
1789059142903363000,53.77836303710937,-0.23674276471138,-0.08029057830572128,0.03328604996204376
1789059142913373000,53.788373046875,-0.20026224851608276,-0.08422726392745972,0.03542323783040047
1789059142923383000,53.798383056640624,-0.16089008748531342,-0.0931059718132019,0.03575852885842323
1789059142933393000,53.808392822265624,-0.11386372148990631,-0.10271439701318741,0.018935607746243477
1789059142943403000,53.818403076171876,-0.08479984104633331,-0.10328111797571182,-0.006791593506932259
1789059142953411800,53.82841186523437,-0.055633433163166046,-0.10478153824806213,-0.007808654569089413
1789059142963421700,53.83842163085937,-0.03296460956335068,-0.10361400991678238,-0.016832243651151657
1789059142973431800,53.848431884765624,-0.004346278961747885,-0.09615129977464676,-0.004985703621059656
1789059142983442000,53.85844189453125,0.014285461977124214,-0.09411291778087616,0.011812451295554638
1789059142993451000,53.86845092773437,0.03701234608888626,-0.10375755280256271,0.01272724661976099
1789059143003460900,53.8784609375,0.04153013229370117,-0.09197839349508286,-0.004089816473424435
1789059143013471000,53.888470947265624,0.04226010665297508,-0.08631198853254318,-0.01895345188677311
1789059143023480800,53.898480712890624,0.05826224014163017,-0.09593132138252258,-0.015798138454556465
1789059143033490000,53.90848999023437,0.07943890243768692,-0.07593338191509247,0.026545856148004532
1789059143043500000,53.9185,0.08407812565565109,-0.0841795951128006,0.03966325521469116
1789059143053510000,53.928510009765624,0.09026677906513214,-0.07604309916496277,0.060624998062849045
1789059143063520000,53.93852001953125,0.07392535358667374,-0.06804536283016205,0.028921663761138916
1789059143073529900,53.94852978515625,0.06776706129312515,-0.07103556394577026,0.03591299429535866
1789059143083539000,53.9585390625,0.06055522337555885,-0.07403747737407684,0.04302895814180374
1789059143093548800,53.968548828125,0.04170723259449005,-0.07351869344711304,0.003067695302888751
1789059143103558700,53.97855859375,0.04012345150113106,-0.07178710401058197,0.02630537375807762
1789059143113568800,53.98856884765625,0.03218749910593033,-0.0644112154841423,0.03590979799628258
1789059143123579000,53.998578857421876,0.01799391396343708,-0.0535508431494236,0.034152112901210785
1789059143133587700,54.00858764648437,0.007656588219106197,-0.04939071834087372,0.0443863719701767
1789059143143597800,54.018597900390624,0.014245248399674892,-0.050097256898880005,0.04216716066002846
1789059143153608000,54.02860791015625,0.01901630125939846,-0.06515663117170334,0.027895547449588776
1789059143163617800,54.03861767578125,0.013784787617623806,-0.06803178042173386,0.006941263098269701
1789059143173627000,54.048626953125,-0.002301770029589534,-0.0702376738190651,-0.02648274041712284
1789059143183637000,54.058636962890624,-0.019096195697784424,-0.06645651906728745,-0.065770223736763
1789059143193646800,54.068646728515624,-0.029390379786491394,-0.05964016169309616,-0.041728537529706955
1789059143203657000,54.078656982421876,-0.020600616931915283,-0.060995977371931076,-0.041309621185064316
1789059143213666000,54.088666015625,0.008115983568131924,-0.05409545823931694,-0.009215602651238441
1789059143223676000,54.098676025390624,0.03725922107696533,-0.05970407649874687,0.0402693934738636
1789059143233686000,54.10868603515625,0.054366834461688995,-0.0573895238339901,0.043837495148181915
1789059143243695900,54.11869580078125,0.04875209182500839,-0.051960933953523636,0.0413501039147377
1789059143253706000,54.1287060546875,0.032657280564308167,-0.0611477755010128,0.022818230092525482
1789059143263714800,54.13871484375,-0.002014148747548461,-0.06160237640142441,-0.03518515080213547
1789059143273724700,54.148724609375,-0.049981676042079926,-0.05751868709921837,-0.042507778853178024
1789059143283734800,54.15873486328125,-0.08303949236869812,-0.050748396664857864,-0.05042935162782669
1789059143293745000,54.168744873046876,-0.0934724286198616,-0.04015008360147476,-0.01731880195438862
1789059143303753700,54.17875366210937,-0.08435162901878357,-0.048539839684963226,-0.0022801985032856464
1789059143313763800,54.188763916015624,-0.05482782796025276,-0.060858022421598434,0.01973588764667511
1789059143323774000,54.19877392578125,-0.0464005209505558,-0.06743017584085464,0.045938730239868164
1789059143333783800,54.20878369140625,-0.052915412932634354,-0.06743496656417847,0.037764422595500946
1789059143343794000,54.2187939453125,-0.06967681646347046,-0.06378111243247986,0.043901942670345306
1789059143353803000,54.228802978515624,-0.09035732597112656,-0.06246630847454071,0.051424309611320496
1789059143363812900,54.238812744140624,-0.11707362532615662,-0.054609980434179306,0.0488053560256958
1789059143373823000,54.248822998046876,-0.129654660820961,-0.06308548897504807,0.04908605292439461
1789059143383832800,54.258832763671876,-0.11879216134548187,-0.06642935425043106,0.04983280226588249
1789059143393842000,54.268842041015624,-0.11144157499074936,-0.06687091290950775,0.06007026135921478
1789059143403852000,54.27885205078125,-0.09660323709249496,-0.079527847468853,0.06137627363204956
1789059143413862000,54.28886181640625,-0.09030619263648987,-0.07438448816537857,0.04953399673104286
1789059143423872000,54.2988720703125,-0.07424759864807129,-0.08032466471195221,0.05444939434528351
1789059143433882000,54.30888208007813,-0.05830405279994011,-0.08026634156703949,0.05360943078994751
1789059143443890700,54.318890625,-0.05495939031243324,-0.08557136356830597,0.055152200162410736
1789059143453900800,54.32890087890625,-0.04993187263607979,-0.0809534415602684,0.018639996647834778
1789059143463911000,54.338910888671876,-0.025251293554902077,-0.09024281054735184,-0.002409628126770258
1789059143473920800,54.348920654296876,-0.0004644552827812731,-0.09545301645994186,-0.02111274190247059
1789059143483929900,54.358929931640624,0.02455194853246212,-0.08617962896823883,-0.046904124319553375
1789059143493940000,54.36893994140625,0.05679803341627121,-0.09607566893100739,-0.07431471347808838
1789059143503949800,54.37894970703125,0.08902521431446075,-0.06467593461275101,-0.08170285075902939
1789059143513960000,54.3889599609375,0.11823929101228714,-0.0457853302359581,-0.07696029543876648
1789059143523969000,54.398968994140624,0.1894490271806717,-0.03455318510532379,-0.042150117456912994
1789059143533979000,54.408978759765624,0.2633517384529114,-0.022290125489234924,-0.013345899060368538
1789059143543989000,54.418989013671876,0.30394551157951355,-0.02695811353623867,-0.04680292680859566
1789059143553998800,54.428998779296876,0.3429986238479614,-0.016535833477973938,-0.027575435116887093
1789059143564009000,54.43900903320313,0.3531489968299866,-0.014298511669039726,0.003897003596648574
1789059143574018000,54.44901806640625,0.3387112021446228,-0.01846183091402054,-0.0131522873416543
1789059143584028000,54.45902783203125,0.3106449544429779,-0.0018522285390645266,0.029084648936986923
1789059143594038000,54.4690380859375,0.26595818996429443,0.014814365655183792,0.05447043105959892
1789059143604048000,54.4790478515625,0.23705781996250153,0.030520625412464142,0.04958432912826538
1789059143614056700,54.489056640625,0.21896883845329285,0.03791595622897148,0.048827461898326874
1789059143624066800,54.49906689453125,0.2062074989080429,0.029145369306206703,0.003999801818281412
1789059143634077000,54.509076904296876,0.18864208459854126,0.045688923448324203,-0.002272741636261344
1789059143644086800,54.519086669921876,0.19201231002807617,0.03062129206955433,0.025377528741955757
1789059143654097000,54.52909692382813,0.19143840670585632,0.03273450955748558,0.041844386607408524
1789059143664106000,54.53910595703125,0.18805991113185883,0.04472512751817703,0.06527780741453171
1789059143674115800,54.54911572265625,0.18847590684890747,0.021825404837727547,0.04496507719159126
1789059143684126000,54.5591259765625,0.1537429541349411,0.06330493837594986,0.07506918162107468
1789059143694135800,54.5691357421875,0.11744513362646103,0.060514744371175766,0.06930077821016312
1789059143704145000,54.579144775390624,0.0872238501906395,0.05333486199378967,0.08065090328454971
1789059143714155000,54.589155029296876,0.05245388671755791,0.05529707670211792,0.033618148416280746
1789059143724164900,54.599164794921876,0.01727885566651821,0.04183613136410713,0.04633793607354164
1789059143734175200,54.60917529296875,-0.018972625955939293,0.04742797091603279,0.007932757958769798
1789059143744185000,54.61918505859375,-0.08407865464687347,0.0620841421186924,-0.011621768586337566
1789059143754194200,54.629194091796876,-0.10170692205429077,0.04592141881585121,-0.003061836352571845
1789059143764204000,54.6392041015625,-0.1090356707572937,0.052988115698099136,0.001303351018577814
1789059143774214100,54.64921411132813,-0.1457100659608841,0.03599288687109947,-0.02881966345012188
1789059143784224000,54.65922412109375,-0.1441345363855362,0.053762830793857574,0.03641713038086891
1789059143794233000,54.669233154296876,-0.1703280657529831,0.04730013757944107,0.02931208163499832
1789059143804243200,54.6792431640625,-0.18374159932136536,0.03904673457145691,0.04899417236447334
1789059143814253000,54.68925317382813,-0.19877754151821136,0.0295480377972126,0.05554554983973503
1789059143824263200,54.69926318359375,-0.23439626395702362,0.015994412824511528,0.019940951839089394
1789059143834272300,54.709272216796876,-0.25113317370414734,0.00039840888348408043,0.000609863898716867
1789059170427947500,81.30294750976563,0.11835487186908722,-0.02262009121477604,0.002163019496947527
1789059170437957600,81.31295751953125,0.1129092425107956,-0.018686069175601006,0.002924417145550251
1789059170447966500,81.32296655273437,0.10679755359888077,-0.014753646217286587,0.0021582257468253374
1789059170457975600,81.3329755859375,0.09751776605844498,-0.01170352753251791,0.004006725735962391
1789059170467984400,81.342984375,0.09331689774990082,-0.01041295938193798,0.0032916669733822346
1789059170477994500,81.35299438476562,0.08013159036636353,-0.008761267177760601,0.0029374666046351194
1789059170488003600,81.36300366210938,0.06442426145076752,-0.006703975144773722,0.002929743379354477
1789059170498012400,81.37301245117187,0.04662502557039261,-0.0002479403046891093,0.0035441347863525152
1789059170508022500,81.3830224609375,0.027836158871650696,-0.000716922979336232,0.0032770195975899696
1789059170518031600,81.39303149414063,0.014768293127417564,-0.004025368019938469,0.0032655680552124977
1789059170528040400,81.40304052734375,-0.004025900736451149,-0.0073508573696017265,0.0033694314770400524
1789059170538050300,81.41305029296875,-0.014919028617441654,-0.008400941267609596,0.0031614385079592466
1789059170548059400,81.42305932617188,-0.025552231818437576,-0.008103466592729092,0.004336425103247166
1789059170558068500,81.433068359375,-0.036501284688711166,-0.003946005832403898,0.0025893915444612503
1789059170568077600,81.44307763671875,-0.043403930962085724,-0.002323075430467725,0.0043910201638937
1789059170578087700,81.45308764648438,-0.050708185881376266,0.0014223942998796701,0.0028751487843692303
1789059170588096500,81.46309643554687,-0.05518548935651779,0.0020993698853999376,0.004419249482452869
1789059170598105300,81.47310522460937,-0.05486670881509781,0.0015744607662782073,0.005042162723839283
1789059170608115500,81.48311547851563,-0.056943442672491074,0.0032751555554568768,0.004731638357043266
1789059170618124500,81.49312451171875,-0.053031258285045624,0.0037824877072125673,0.004610730800777674
1789059170628133600,81.50313354492188,-0.0475480780005455,0.006338589824736118,0.006045641843229532
1789059170638143500,81.5131435546875,-0.046002645045518875,0.008875517174601555,0.005332979839295149
1789059170648152600,81.52315258789062,-0.04068724066019058,0.011857458390295506,0.0051537491381168365
1789059170658161400,81.53316137695313,-0.03610553964972496,0.015565644018352032,0.0064863949082791805
1789059170668170500,81.54317041015625,-0.027100592851638794,0.020010193809866905,0.0062610916793346405
1789059170678180400,81.55318041992187,-0.0161222442984581,0.022588932886719704,0.006815827917307615
1789059170688189400,81.563189453125,-0.010391920804977417,0.025894980877637863,0.00814927276223898
1789059170698198500,81.57319848632812,-0.006820089183747768,0.027962125837802887,0.008018777705729008
1789059170708208600,81.58320874023437,-0.006933007389307022,0.030658043920993805,0.008764729835093021
1789059170718217700,81.5932177734375,-0.006363889668136835,0.03269509598612785,0.008833172731101513
1789059170728226300,81.60322631835938,-0.00510021997615695,0.035355858504772186,0.010146643966436386
1789059170738236400,81.613236328125,-0.003145459573715925,0.037339381873607635,0.009812416508793831
1789059170748245500,81.62324560546875,-0.0022855247370898724,0.039439283311367035,0.010420682840049267
1789059170758254600,81.63325463867187,0.0006796387024223804,0.0420670248568058,0.009400425478816032
1789059170768264400,81.64326440429687,0.0021734058391302824,0.04589931294322014,0.008867260999977589
1789059170778273500,81.6532734375,0.003909786697477102,0.047097738832235336,0.009974603541195393
1789059170788282600,81.66328271484375,0.0023228090722113848,0.050402719527482986,0.008597749285399914
1789059170798291000,81.673291015625,-0.001050084363669157,0.05447043105959892,0.008921323344111443
1789059170808301000,81.68330102539062,-0.0023931164760142565,0.05621027573943138,0.01206678245216608
1789059170818310100,81.69331005859375,-0.002385659608989954,0.058125089854002,0.011772769503295422
1789059170828319000,81.70331909179687,-0.004555603489279747,0.05841697007417679,0.01284469198435545
1789059170838329000,81.7133291015625,-0.005411543417721987,0.0606662780046463,0.011634285561740398
1789059170848338200,81.72333813476563,-0.008316786028444767,0.06223168224096298,0.013922207057476044
1789059170858347000,81.73334692382812,-0.010854777880012989,0.06427565962076187,0.013428989797830582
1789059170868356900,81.74335693359374,-0.012178901582956314,0.06795481592416763,0.012802347540855408
1789059170878366000,81.75336596679688,-0.011963185854256153,0.0723562240600586,0.015784822404384613
1789059170888375000,81.763375,-0.013624732382595539,0.07394293695688248,0.015689214691519737
1789059170898385200,81.77338525390626,-0.01413632556796074,0.07858242839574814,0.01593635603785515
1789059170908394000,81.78339404296875,-0.009216135367751122,0.08046235144138336,0.016763534396886826
1789059170918402800,81.79340283203125,-0.006461095064878464,0.08251005411148071,0.01558055728673935
1789059170928413000,81.80341284179687,-0.006072539836168289,0.08579586446285248,0.01828872598707676
1789059170938422000,81.81342211914063,-0.003953995183110237,0.08912374824285507,0.017255419865250587
1789059170948431000,81.82343115234374,-0.0018040252616629004,0.09293872863054276,0.01895478181540966
1789059170958441000,81.83344091796874,-0.001186970854178071,0.09635316580533981,0.017895642668008804
1789059170968450000,81.84344995117188,0.0020682108588516712,0.09839554876089096,0.018546786159276962
1789059170978459100,81.85345922851562,0.004206729121506214,0.10098307579755783,0.01950632408261299
1789059170988468000,81.86346801757813,0.003328951308503747,0.10219614207744598,0.020192885771393776
1789059170998477800,81.87347778320313,0.002130262553691864,0.10494852066040039,0.020893298089504242
1789059171008487000,81.88348681640625,-0.003931891173124313,0.10575731843709946,0.020481040701270103
1789059171018496000,81.89349609375,-0.010216685011982918,0.10819198191165924,0.02002590522170067
1789059171028506000,81.90350610351562,-0.016155799850821495,0.10776986926794052,0.019233616068959236
1789059171038515200,81.91351513671874,-0.025920813903212547,0.10661885142326355,0.020735638216137886
1789059171048523800,81.92352368164063,-0.03225594013929367,0.10569686442613602,0.01967543363571167
1789059171058534000,81.93353393554688,-0.03886191174387932,0.10537195950746536,0.01926477439701557
1789059171068543000,81.94354296875,-0.04097246751189232,0.10313064604997635,0.01894998922944069
1789059171078552000,81.95355200195313,-0.04460262134671211,0.1017300933599472,0.019059712067246437
1789059171088562000,81.96356201171875,-0.046129412949085236,0.10074339061975479,0.019765183329582214
1789059171098571000,81.97357104492187,-0.05217958241701126,0.0983436107635498,0.018735071644186974
1789059171108580000,81.983580078125,-0.058217767626047134,0.09609004855155945,0.01799684390425682
1789059171118590200,81.99359008789062,-0.06643255054950714,0.09467404335737228,0.019597670063376427
1789059171128599000,82.00359912109376,-0.07877896726131439,0.09162392467260361,0.01756993867456913
1789059171138607900,82.01360791015625,-0.08539239317178726,0.0902252346277237,0.0189617071300745
1789059171148618000,82.02361791992188,-0.09265723079442978,0.08524458855390549,0.016504941508173943
1789059171158627000,82.033626953125,-0.0948929563164711,0.07822582870721817,0.015658322721719742
1789059171168636200,82.04363623046875,-0.09693533182144165,0.07022915780544281,0.01245267502963543
1789059171178646000,82.05364599609375,-0.10516583174467087,0.06414809077978134,0.011995942331850529
1789059171188654800,82.06365478515625,-0.11131986975669861,0.05855811759829521,0.011269698850810528
1789059171198664000,82.07366381835938,-0.1261025369167328,0.061521418392658234,0.012308331206440926
1789059171208673000,82.08367309570312,-0.1403360664844513,0.0701812207698822,0.013320066034793854
1789059171218683000,82.09368286132812,-0.14972051978111267,0.0680253878235817,0.012389292009174824
1789059171228692000,82.10369189453125,-0.15244093537330627,0.06575983762741089,0.011414308100938797
1789059171238701000,82.113701171875,-0.14039359986782074,0.05964522063732147,0.01299329660832882
1789059171248711200,82.12371118164063,-0.12782853841781616,0.0518227182328701,0.011216169223189354
1789059171258720000,82.13371997070313,-0.12498268485069275,0.04908552020788193,0.010290986858308315
1789059171268729000,82.14372900390624,-0.12335895001888275,0.05184801667928696,0.009874468669295311
1789059171278739000,82.15373901367188,-0.12012454122304916,0.0499878004193306,0.009222260676324368
1789059171288748000,82.163748046875,-0.11348474770784378,0.051290083676576614,0.009456352330744267
1789059171298757000,82.17375708007812,-0.10993023216724396,0.049015745520591736,0.010788998566567898
